ISO-10303-21;
HEADER;
/* Generated by software containing ST-Developer
 * from STEP Tools, Inc. (www.steptools.com) 
 */
/* OPTION: strings as raw bytes, not using required /X/ escapes */

FILE_DESCRIPTION(
/* description */ ('Unknown'),
/* implementation_level */ '2;1');

FILE_NAME(
/* name */ 'KEYST_1049P',
/* time_stamp */ '2025-10-17T12:20:41+03:00',
/* author */ ('Unknown'),
/* organization */ ('Unknown'),
/* preprocessor_version */ 'ST-DEVELOPER v19.4',
/* originating_system */ 'Solid Edge',
/* authorisation */ 'Unknown');

FILE_SCHEMA (('AUTOMOTIVE_DESIGN {1 0 10303 214 3 1 1}'));
ENDSEC;

DATA;
#10=PROPERTY_DEFINITION_REPRESENTATION(#14,#12);
#11=PROPERTY_DEFINITION_REPRESENTATION(#15,#13);
#12=REPRESENTATION('',(#16),#10786);
#13=REPRESENTATION('',(#17),#10786);
#14=PROPERTY_DEFINITION('pmi validation property','',#10797);
#15=PROPERTY_DEFINITION('pmi validation property','',#10797);
#16=VALUE_REPRESENTATION_ITEM('number of annotations',COUNT_MEASURE(0.));
#17=VALUE_REPRESENTATION_ITEM('number of views',COUNT_MEASURE(0.));
#18=CONTEXT_DEPENDENT_SHAPE_REPRESENTATION(#28,#10799);
#19=CONTEXT_DEPENDENT_SHAPE_REPRESENTATION(#29,#10801);
#20=CONTEXT_DEPENDENT_SHAPE_REPRESENTATION(#30,#10803);
#21=CONTEXT_DEPENDENT_SHAPE_REPRESENTATION(#31,#10804);
#22=CONTEXT_DEPENDENT_SHAPE_REPRESENTATION(#32,#10805);
#23=NEXT_ASSEMBLY_USAGE_OCCURRENCE('1134_body','1134_body','1134_body',
#10806,#10807,'');
#24=NEXT_ASSEMBLY_USAGE_OCCURRENCE('1043P_pin_type1','1043P_pin_type1',
'1043P_pin_type1',#10806,#10808,'');
#25=NEXT_ASSEMBLY_USAGE_OCCURRENCE('1043P_pin_type2','1043P_pin_type2',
'1043P_pin_type2',#10806,#10809,'');
#26=NEXT_ASSEMBLY_USAGE_OCCURRENCE('1043P_pin_type2','1043P_pin_type2',
'1043P_pin_type2',#10806,#10809,'');
#27=NEXT_ASSEMBLY_USAGE_OCCURRENCE('1043P_pin_type1','1043P_pin_type1',
'1043P_pin_type1',#10806,#10808,'');
#28=(
REPRESENTATION_RELATIONSHIP(' ',' ',#7121,#7122)
REPRESENTATION_RELATIONSHIP_WITH_TRANSFORMATION(#33)
SHAPE_REPRESENTATION_RELATIONSHIP()
);
#29=(
REPRESENTATION_RELATIONSHIP(' ',' ',#7123,#7122)
REPRESENTATION_RELATIONSHIP_WITH_TRANSFORMATION(#34)
SHAPE_REPRESENTATION_RELATIONSHIP()
);
#30=(
REPRESENTATION_RELATIONSHIP(' ',' ',#7124,#7122)
REPRESENTATION_RELATIONSHIP_WITH_TRANSFORMATION(#35)
SHAPE_REPRESENTATION_RELATIONSHIP()
);
#31=(
REPRESENTATION_RELATIONSHIP(' ',' ',#7124,#7122)
REPRESENTATION_RELATIONSHIP_WITH_TRANSFORMATION(#36)
SHAPE_REPRESENTATION_RELATIONSHIP()
);
#32=(
REPRESENTATION_RELATIONSHIP(' ',' ',#7123,#7122)
REPRESENTATION_RELATIONSHIP_WITH_TRANSFORMATION(#37)
SHAPE_REPRESENTATION_RELATIONSHIP()
);
#33=ITEM_DEFINED_TRANSFORMATION(' ',' ',#7125,#7446);
#34=ITEM_DEFINED_TRANSFORMATION(' ',' ',#7125,#7497);
#35=ITEM_DEFINED_TRANSFORMATION(' ',' ',#7125,#7534);
#36=ITEM_DEFINED_TRANSFORMATION(' ',' ',#7125,#7535);
#37=ITEM_DEFINED_TRANSFORMATION(' ',' ',#7125,#7536);
#38=SHAPE_REPRESENTATION_RELATIONSHIP('','',#7121,#41);
#39=SHAPE_REPRESENTATION_RELATIONSHIP('','',#7123,#42);
#40=SHAPE_REPRESENTATION_RELATIONSHIP('','',#7124,#43);
#41=ADVANCED_BREP_SHAPE_REPRESENTATION('',(#7114),#10787);
#42=ADVANCED_BREP_SHAPE_REPRESENTATION('',(#7115),#10788);
#43=ADVANCED_BREP_SHAPE_REPRESENTATION('',(#7116),#10789);
#44=SPHERICAL_SURFACE('',#7323,0.7874);
#45=SPHERICAL_SURFACE('',#7478,1.5875);
#46=SPHERICAL_SURFACE('',#7482,1.8923);
#47=(
BOUNDED_CURVE()
B_SPLINE_CURVE(3,(#9602,#9603,#9604,#9605),.UNSPECIFIED.,.F.,.F.)
B_SPLINE_CURVE_WITH_KNOTS((4,4),(1.58824961931485,3.14159265358979),
 .UNSPECIFIED.)
CURVE()
GEOMETRIC_REPRESENTATION_ITEM()
RATIONAL_B_SPLINE_CURVE((1.,0.808833632769456,0.808833632769456,1.))
REPRESENTATION_ITEM('')
);
#48=(
BOUNDED_CURVE()
B_SPLINE_CURVE(3,(#9628,#9629,#9630,#9631),.UNSPECIFIED.,.F.,.F.)
B_SPLINE_CURVE_WITH_KNOTS((4,4),(0.,1.55334303427494),.UNSPECIFIED.)
CURVE()
GEOMETRIC_REPRESENTATION_ITEM()
RATIONAL_B_SPLINE_CURVE((1.,0.808833632769457,0.808833632769457,1.))
REPRESENTATION_ITEM('')
);
#49=(
BOUNDED_CURVE()
B_SPLINE_CURVE(3,(#9640,#9641,#9642,#9643),.UNSPECIFIED.,.F.,.F.)
B_SPLINE_CURVE_WITH_KNOTS((4,4),(0.,1.55334303427494),.UNSPECIFIED.)
CURVE()
GEOMETRIC_REPRESENTATION_ITEM()
RATIONAL_B_SPLINE_CURVE((1.,0.808833632769456,0.808833632769456,1.))
REPRESENTATION_ITEM('')
);
#50=(
BOUNDED_CURVE()
B_SPLINE_CURVE(3,(#9656,#9657,#9658,#9659),.UNSPECIFIED.,.F.,.F.)
B_SPLINE_CURVE_WITH_KNOTS((4,4),(1.58824961931485,3.14159265358979),
 .UNSPECIFIED.)
CURVE()
GEOMETRIC_REPRESENTATION_ITEM()
RATIONAL_B_SPLINE_CURVE((1.,0.808833632769456,0.808833632769456,1.))
REPRESENTATION_ITEM('')
);
#51=(
BOUNDED_CURVE()
B_SPLINE_CURVE(3,(#10137,#10138,#10139,#10140),.UNSPECIFIED.,.F.,.F.)
B_SPLINE_CURVE_WITH_KNOTS((4,4),(4.27965444611772,4.71238898038469),
 .UNSPECIFIED.)
CURVE()
GEOMETRIC_REPRESENTATION_ITEM()
RATIONAL_B_SPLINE_CURVE((1.,0.984455852121228,0.984455852121228,1.))
REPRESENTATION_ITEM('')
);
#52=(
BOUNDED_CURVE()
B_SPLINE_CURVE(3,(#10146,#10147,#10148,#10149),.UNSPECIFIED.,.F.,.F.)
B_SPLINE_CURVE_WITH_KNOTS((4,4),(4.71238898038469,5.14512351465166),
 .UNSPECIFIED.)
CURVE()
GEOMETRIC_REPRESENTATION_ITEM()
RATIONAL_B_SPLINE_CURVE((1.,0.984455852121228,0.984455852121228,1.))
REPRESENTATION_ITEM('')
);
#53=(
BOUNDED_CURVE()
B_SPLINE_CURVE(3,(#10189,#10190,#10191,#10192),.UNSPECIFIED.,.F.,.F.)
B_SPLINE_CURVE_WITH_KNOTS((4,4),(1.5707963267949,2.00353086106186),
 .UNSPECIFIED.)
CURVE()
GEOMETRIC_REPRESENTATION_ITEM()
RATIONAL_B_SPLINE_CURVE((1.,0.984455852121228,0.984455852121228,1.))
REPRESENTATION_ITEM('')
);
#54=(
BOUNDED_CURVE()
B_SPLINE_CURVE(3,(#10214,#10215,#10216,#10217),.UNSPECIFIED.,.F.,.F.)
B_SPLINE_CURVE_WITH_KNOTS((4,4),(1.13806179252793,1.5707963267949),
 .UNSPECIFIED.)
CURVE()
GEOMETRIC_REPRESENTATION_ITEM()
RATIONAL_B_SPLINE_CURVE((1.,0.984455852121228,0.984455852121228,1.))
REPRESENTATION_ITEM('')
);
#55=DEGENERATE_TOROIDAL_SURFACE('',#7158,0.526819947667876,1.3208,.T.);
#56=DEGENERATE_TOROIDAL_SURFACE('',#7168,0.526819947667873,1.3208,.T.);
#57=DEGENERATE_TOROIDAL_SURFACE('',#7428,0.526819947667873,1.3208,.T.);
#58=DEGENERATE_TOROIDAL_SURFACE('',#7435,0.526819947667876,1.3208,.T.);
#59=CYLINDRICAL_SURFACE('',#7151,1.4605);
#60=CYLINDRICAL_SURFACE('',#7156,1.8415);
#61=CYLINDRICAL_SURFACE('',#7161,1.4605);
#62=CYLINDRICAL_SURFACE('',#7166,1.8415);
#63=CYLINDRICAL_SURFACE('',#7178,10.3251);
#64=CYLINDRICAL_SURFACE('',#7186,10.3251);
#65=CYLINDRICAL_SURFACE('',#7194,10.3251);
#66=CYLINDRICAL_SURFACE('',#7201,10.3251);
#67=CYLINDRICAL_SURFACE('',#7219,1.5875);
#68=CYLINDRICAL_SURFACE('',#7222,1.5875);
#69=CYLINDRICAL_SURFACE('',#7269,1.016);
#70=CYLINDRICAL_SURFACE('',#7271,1.016);
#71=CYLINDRICAL_SURFACE('',#7274,1.016);
#72=CYLINDRICAL_SURFACE('',#7276,1.016);
#73=CYLINDRICAL_SURFACE('',#7278,1.016);
#74=CYLINDRICAL_SURFACE('',#7281,1.016);
#75=CYLINDRICAL_SURFACE('',#7325,0.787400000000001);
#76=CYLINDRICAL_SURFACE('',#7363,1.5748);
#77=CYLINDRICAL_SURFACE('',#7365,1.5748);
#78=CYLINDRICAL_SURFACE('',#7367,1.5748);
#79=CYLINDRICAL_SURFACE('',#7369,1.5748);
#80=CYLINDRICAL_SURFACE('',#7371,1.5748);
#81=CYLINDRICAL_SURFACE('',#7372,1.5748);
#82=CYLINDRICAL_SURFACE('',#7384,9.144);
#83=CYLINDRICAL_SURFACE('',#7388,9.144);
#84=CYLINDRICAL_SURFACE('',#7412,9.144);
#85=CYLINDRICAL_SURFACE('',#7413,9.144);
#86=CYLINDRICAL_SURFACE('',#7426,1.8415);
#87=CYLINDRICAL_SURFACE('',#7433,1.8415);
#88=CYLINDRICAL_SURFACE('',#7449,0.4826);
#89=CYLINDRICAL_SURFACE('',#7464,3.29138739951375);
#90=CYLINDRICAL_SURFACE('',#7466,0.30480000000007);
#91=CYLINDRICAL_SURFACE('',#7468,3.59618739951376);
#92=CYLINDRICAL_SURFACE('',#7470,0.304799999999925);
#93=CYLINDRICAL_SURFACE('',#7485,3.33727777777778);
#94=CYLINDRICAL_SURFACE('',#7487,0.30480000000011);
#95=CYLINDRICAL_SURFACE('',#7489,3.64207777777778);
#96=CYLINDRICAL_SURFACE('',#7491,0.30480000000011);
#97=CYLINDRICAL_SURFACE('',#7501,2.97187506064892);
#98=CYLINDRICAL_SURFACE('',#7502,2.9718750606488);
#99=CYLINDRICAL_SURFACE('',#7508,0.4826);
#100=CYLINDRICAL_SURFACE('',#7509,2.97187506064894);
#101=CYLINDRICAL_SURFACE('',#7510,2.97187506064886);
#102=CYLINDRICAL_SURFACE('',#7521,0.939799999999998);
#103=CYLINDRICAL_SURFACE('',#7523,0.939799999999998);
#104=CYLINDRICAL_SURFACE('',#7524,0.635000000000004);
#105=CYLINDRICAL_SURFACE('',#7526,0.634999999999997);
#106=B_SPLINE_CURVE_WITH_KNOTS('',3,(#9017,#9018,#9019,#9020,#9021),
 .UNSPECIFIED.,.F.,.F.,(4,1,4),(0.,0.5,1.),.UNSPECIFIED.);
#107=B_SPLINE_CURVE_WITH_KNOTS('',3,(#9030,#9031,#9032,#9033,#9034),
 .UNSPECIFIED.,.F.,.F.,(4,1,4),(0.,0.5,1.),.UNSPECIFIED.);
#108=B_SPLINE_CURVE_WITH_KNOTS('',3,(#9043,#9044,#9045,#9046,#9047),
 .UNSPECIFIED.,.F.,.F.,(4,1,4),(0.,0.5,1.),.UNSPECIFIED.);
#109=B_SPLINE_CURVE_WITH_KNOTS('',3,(#9056,#9057,#9058,#9059,#9060),
 .UNSPECIFIED.,.F.,.F.,(4,1,4),(0.,0.5,1.),.UNSPECIFIED.);
#110=B_SPLINE_CURVE_WITH_KNOTS('',3,(#9069,#9070,#9071,#9072,#9073),
 .UNSPECIFIED.,.F.,.F.,(4,1,4),(0.,0.5,1.),.UNSPECIFIED.);
#111=B_SPLINE_CURVE_WITH_KNOTS('',3,(#9082,#9083,#9084,#9085,#9086),
 .UNSPECIFIED.,.F.,.F.,(4,1,4),(0.,0.5,1.),.UNSPECIFIED.);
#112=B_SPLINE_CURVE_WITH_KNOTS('',3,(#9095,#9096,#9097,#9098,#9099),
 .UNSPECIFIED.,.F.,.F.,(4,1,4),(0.,0.5,1.),.UNSPECIFIED.);
#113=B_SPLINE_CURVE_WITH_KNOTS('',3,(#9108,#9109,#9110,#9111,#9112),
 .UNSPECIFIED.,.F.,.F.,(4,1,4),(0.,0.5,1.),.UNSPECIFIED.);
#114=B_SPLINE_CURVE_WITH_KNOTS('',3,(#9123,#9124,#9125,#9126,#9127),
 .UNSPECIFIED.,.F.,.F.,(4,1,4),(0.,0.5,1.),.UNSPECIFIED.);
#115=B_SPLINE_CURVE_WITH_KNOTS('',3,(#9135,#9136,#9137,#9138),
 .UNSPECIFIED.,.F.,.F.,(4,4),(0.,1.),.UNSPECIFIED.);
#116=B_SPLINE_CURVE_WITH_KNOTS('',3,(#9144,#9145,#9146,#9147),
 .UNSPECIFIED.,.F.,.F.,(4,4),(0.,1.),.UNSPECIFIED.);
#117=B_SPLINE_CURVE_WITH_KNOTS('',3,(#9151,#9152,#9153,#9154,#9155),
 .UNSPECIFIED.,.F.,.F.,(4,1,4),(0.,0.5,1.),.UNSPECIFIED.);
#118=B_SPLINE_CURVE_WITH_KNOTS('',3,(#9170,#9171,#9172,#9173,#9174),
 .UNSPECIFIED.,.F.,.F.,(4,1,4),(0.,0.5,1.),.UNSPECIFIED.);
#119=B_SPLINE_CURVE_WITH_KNOTS('',3,(#9182,#9183,#9184,#9185),
 .UNSPECIFIED.,.F.,.F.,(4,4),(0.,1.),.UNSPECIFIED.);
#120=B_SPLINE_CURVE_WITH_KNOTS('',3,(#9191,#9192,#9193,#9194),
 .UNSPECIFIED.,.F.,.F.,(4,4),(0.,1.),.UNSPECIFIED.);
#121=B_SPLINE_CURVE_WITH_KNOTS('',3,(#9198,#9199,#9200,#9201,#9202),
 .UNSPECIFIED.,.F.,.F.,(4,1,4),(0.,0.5,1.),.UNSPECIFIED.);
#122=B_SPLINE_CURVE_WITH_KNOTS('',3,(#10123,#10124,#10125,#10126,#10127,
#10128,#10129,#10130,#10131,#10132),.UNSPECIFIED.,.F.,.F.,(4,1,1,1,1,1,
1,4),(0.,0.125,0.25,0.375,0.5,0.625,0.75,1.),.UNSPECIFIED.);
#123=B_SPLINE_CURVE_WITH_KNOTS('',3,(#10154,#10155,#10156,#10157,#10158,
#10159,#10160,#10161,#10162,#10163,#10164,#10165),.UNSPECIFIED.,.F.,.F.,
(4,1,1,1,1,1,1,1,1,4),(0.,0.125,0.25,0.3125,0.375,0.5,0.625,0.75,0.875,
1.),.UNSPECIFIED.);
#124=B_SPLINE_CURVE_WITH_KNOTS('',3,(#10171,#10172,#10173,#10174,#10175,
#10176,#10177,#10178,#10179,#10180,#10181,#10182),.UNSPECIFIED.,.F.,.F.,
(4,1,1,1,1,1,1,1,1,4),(0.,0.125,0.25,0.3125,0.375,0.5,0.625,0.75,0.875,
1.),.UNSPECIFIED.);
#125=B_SPLINE_CURVE_WITH_KNOTS('',3,(#10201,#10202,#10203,#10204,#10205,
#10206,#10207,#10208,#10209,#10210),.UNSPECIFIED.,.F.,.F.,(4,1,1,1,1,1,
1,4),(0.,0.125,0.25,0.375,0.5,0.625,0.75,1.),.UNSPECIFIED.);
#126=B_SPLINE_CURVE_WITH_KNOTS('',3,(#10219,#10220,#10221,#10222,#10223,
#10224,#10225,#10226,#10227,#10228,#10229,#10230),.UNSPECIFIED.,.F.,.F.,
(4,1,1,1,1,1,1,1,1,4),(0.,0.125,0.25,0.3125,0.375,0.5,0.625,0.75,0.875,
1.),.UNSPECIFIED.);
#127=B_SPLINE_CURVE_WITH_KNOTS('',3,(#10235,#10236,#10237,#10238,#10239,
#10240,#10241,#10242,#10243,#10244),.UNSPECIFIED.,.F.,.F.,(4,1,1,1,1,1,
1,4),(0.,0.125,0.25,0.375,0.5,0.625,0.75,1.),.UNSPECIFIED.);
#128=B_SPLINE_CURVE_WITH_KNOTS('',3,(#10248,#10249,#10250,#10251,#10252,
#10253,#10254,#10255,#10256,#10257),.UNSPECIFIED.,.F.,.F.,(4,1,1,1,1,1,
1,4),(0.,0.125,0.25,0.375,0.5,0.625,0.75,1.),.UNSPECIFIED.);
#129=B_SPLINE_CURVE_WITH_KNOTS('',3,(#10262,#10263,#10264,#10265,#10266,
#10267,#10268,#10269,#10270,#10271,#10272,#10273),.UNSPECIFIED.,.F.,.F.,
(4,1,1,1,1,1,1,1,1,4),(0.,0.125,0.25,0.3125,0.375,0.5,0.625,0.75,0.875,
1.),.UNSPECIFIED.);
#130=B_SPLINE_CURVE_WITH_KNOTS('',3,(#10613,#10614,#10615,#10616),
 .UNSPECIFIED.,.F.,.F.,(4,4),(0.,1.),.UNSPECIFIED.);
#131=B_SPLINE_CURVE_WITH_KNOTS('',3,(#10618,#10619,#10620,#10621,#10622,
#10623,#10624),.UNSPECIFIED.,.F.,.F.,(4,1,1,1,4),(0.,0.25,0.5,0.75,1.),
 .UNSPECIFIED.);
#132=B_SPLINE_CURVE_WITH_KNOTS('',3,(#10626,#10627,#10628,#10629),
 .UNSPECIFIED.,.F.,.F.,(4,4),(0.,1.),.UNSPECIFIED.);
#133=B_SPLINE_CURVE_WITH_KNOTS('',3,(#10631,#10632,#10633,#10634),
 .UNSPECIFIED.,.F.,.F.,(4,4),(0.,1.),.UNSPECIFIED.);
#134=B_SPLINE_CURVE_WITH_KNOTS('',3,(#10636,#10637,#10638,#10639,#10640,
#10641,#10642),.UNSPECIFIED.,.F.,.F.,(4,1,1,1,4),(0.,0.25,0.5,0.75,1.),
 .UNSPECIFIED.);
#135=B_SPLINE_CURVE_WITH_KNOTS('',3,(#10644,#10645,#10646,#10647),
 .UNSPECIFIED.,.F.,.F.,(4,4),(0.788665823202287,1.),.UNSPECIFIED.);
#136=B_SPLINE_CURVE_WITH_KNOTS('',3,(#10649,#10650,#10651,#10652),
 .UNSPECIFIED.,.F.,.F.,(4,4),(0.211334176797714,0.788665823202316),
 .UNSPECIFIED.);
#137=B_SPLINE_CURVE_WITH_KNOTS('',3,(#10654,#10655,#10656,#10657),
 .UNSPECIFIED.,.F.,.F.,(4,4),(0.,0.211334176863107),.UNSPECIFIED.);
#138=B_SPLINE_CURVE_WITH_KNOTS('',3,(#10659,#10660,#10661,#10662),
 .UNSPECIFIED.,.F.,.F.,(4,4),(0.,0.211334176878511),.UNSPECIFIED.);
#139=B_SPLINE_CURVE_WITH_KNOTS('',3,(#10663,#10664,#10665,#10666),
 .UNSPECIFIED.,.F.,.F.,(4,4),(0.788665823121488,1.),.UNSPECIFIED.);
#140=B_SPLINE_CURVE_WITH_KNOTS('',3,(#10668,#10669,#10670,#10671,#10672,
#10673,#10674),.UNSPECIFIED.,.F.,.F.,(4,1,1,1,4),(0.,0.25,0.5,0.75,1.),
 .UNSPECIFIED.);
#141=B_SPLINE_CURVE_WITH_KNOTS('',3,(#10685,#10686,#10687,#10688,#10689,
#10690,#10691),.UNSPECIFIED.,.F.,.F.,(4,1,1,1,4),(0.,0.25,0.5,0.75,1.),
 .UNSPECIFIED.);
#142=B_SPLINE_CURVE_WITH_KNOTS('',3,(#10699,#10700,#10701,#10702),
 .UNSPECIFIED.,.F.,.F.,(4,4),(0.21133417687854,0.788665823121489),
 .UNSPECIFIED.);
#143=B_SPLINE_CURVE_WITH_KNOTS('',3,(#10705,#10706,#10707,#10708),
 .UNSPECIFIED.,.F.,.F.,(4,4),(0.,1.),.UNSPECIFIED.);
#144=B_SPLINE_CURVE_WITH_KNOTS('',3,(#10710,#10711,#10712,#10713),
 .UNSPECIFIED.,.F.,.F.,(4,4),(0.,1.),.UNSPECIFIED.);
#145=B_SPLINE_CURVE_WITH_KNOTS('',3,(#10714,#10715,#10716,#10717),
 .UNSPECIFIED.,.F.,.F.,(4,4),(0.,1.),.UNSPECIFIED.);
#146=CIRCLE('',#7128,1.4605);
#147=CIRCLE('',#7129,2.2225);
#148=CIRCLE('',#7131,1.4605);
#149=CIRCLE('',#7132,2.2225);
#150=CIRCLE('',#7142,1.4605);
#151=CIRCLE('',#7143,1.4605);
#152=CIRCLE('',#7147,1.4605);
#153=CIRCLE('',#7148,1.4605);
#154=CIRCLE('',#7152,1.4605);
#155=CIRCLE('',#7153,1.4605);
#156=CIRCLE('',#7155,1.8415);
#157=CIRCLE('',#7157,1.8415);
#158=CIRCLE('',#7159,0.526819947667873);
#159=CIRCLE('',#7162,1.4605);
#160=CIRCLE('',#7163,1.4605);
#161=CIRCLE('',#7165,1.8415);
#162=CIRCLE('',#7167,1.8415);
#163=CIRCLE('',#7169,0.526819947667873);
#164=CIRCLE('',#7172,10.3251);
#165=CIRCLE('',#7173,9.144);
#166=CIRCLE('',#7175,10.3251);
#167=CIRCLE('',#7176,9.144);
#168=CIRCLE('',#7180,9.144);
#169=CIRCLE('',#7181,10.3251);
#170=CIRCLE('',#7183,9.144);
#171=CIRCLE('',#7184,10.3251);
#172=CIRCLE('',#7188,10.3251);
#173=CIRCLE('',#7189,9.144);
#174=CIRCLE('',#7191,10.3251);
#175=CIRCLE('',#7192,9.144);
#176=CIRCLE('',#7196,9.144);
#177=CIRCLE('',#7197,10.3251);
#178=CIRCLE('',#7199,9.144);
#179=CIRCLE('',#7200,10.3251);
#180=CIRCLE('',#7220,1.5875);
#181=CIRCLE('',#7221,1.5875);
#182=CIRCLE('',#7223,1.5875);
#183=CIRCLE('',#7224,1.5875);
#184=CIRCLE('',#7227,9.144);
#185=CIRCLE('',#7228,9.144);
#186=CIRCLE('',#7230,9.144);
#187=CIRCLE('',#7231,9.144);
#188=CIRCLE('',#7236,9.144);
#189=CIRCLE('',#7237,9.144);
#190=CIRCLE('',#7239,9.144);
#191=CIRCLE('',#7240,9.144);
#192=CIRCLE('',#7246,9.144);
#193=CIRCLE('',#7249,9.144);
#194=CIRCLE('',#7252,9.144);
#195=CIRCLE('',#7255,9.144);
#196=CIRCLE('',#7258,9.144);
#197=CIRCLE('',#7261,9.144);
#198=CIRCLE('',#7264,9.144);
#199=CIRCLE('',#7267,9.144);
#200=CIRCLE('',#7270,1.016);
#201=CIRCLE('',#7272,1.016);
#202=CIRCLE('',#7273,1.016);
#203=CIRCLE('',#7275,1.016);
#204=CIRCLE('',#7277,1.016);
#205=CIRCLE('',#7279,1.016);
#206=CIRCLE('',#7280,1.016);
#207=CIRCLE('',#7282,1.016);
#208=CIRCLE('',#7292,9.144);
#209=CIRCLE('',#7295,9.144);
#210=CIRCLE('',#7298,9.144);
#211=CIRCLE('',#7301,9.144);
#212=CIRCLE('',#7304,9.144);
#213=CIRCLE('',#7307,9.144);
#214=CIRCLE('',#7310,9.144);
#215=CIRCLE('',#7313,9.144);
#216=CIRCLE('',#7324,0.787400000000001);
#217=CIRCLE('',#7326,0.787400000000001);
#218=CIRCLE('',#7364,1.5748);
#219=CIRCLE('',#7366,1.5748);
#220=CIRCLE('',#7368,1.5748);
#221=CIRCLE('',#7370,1.5748);
#222=CIRCLE('',#7377,9.144);
#223=CIRCLE('',#7378,9.144);
#224=CIRCLE('',#7379,9.144);
#225=CIRCLE('',#7380,9.144);
#226=CIRCLE('',#7385,9.144);
#227=CIRCLE('',#7389,9.144);
#228=CIRCLE('',#7398,9.144);
#229=CIRCLE('',#7399,9.144);
#230=CIRCLE('',#7425,1.8415);
#231=CIRCLE('',#7427,1.8415);
#232=CIRCLE('',#7429,0.526819947667873);
#233=CIRCLE('',#7432,1.8415);
#234=CIRCLE('',#7434,1.8415);
#235=CIRCLE('',#7436,0.526819947667873);
#236=CIRCLE('',#7450,0.4826);
#237=CIRCLE('',#7451,0.4826);
#238=CIRCLE('',#7453,3.59618739951376);
#239=CIRCLE('',#7454,0.30480000000007);
#240=CIRCLE('',#7455,3.29138739951375);
#241=CIRCLE('',#7456,0.304799999999925);
#242=CIRCLE('',#7458,3.64207777777778);
#243=CIRCLE('',#7459,0.30480000000011);
#244=CIRCLE('',#7460,3.33727777777778);
#245=CIRCLE('',#7461,0.30480000000011);
#246=CIRCLE('',#7465,3.29138739951375);
#247=CIRCLE('',#7467,0.30480000000007);
#248=CIRCLE('',#7469,3.59618739951376);
#249=CIRCLE('',#7471,0.304799999999925);
#250=CIRCLE('',#7474,1.72271181571382);
#251=CIRCLE('',#7479,1.38928372234985);
#252=CIRCLE('',#7481,1.72271181571382);
#253=CIRCLE('',#7483,1.65602619704103);
#254=CIRCLE('',#7486,3.33727777777778);
#255=CIRCLE('',#7488,0.30480000000011);
#256=CIRCLE('',#7490,3.64207777777778);
#257=CIRCLE('',#7492,0.30480000000011);
#258=CIRCLE('',#7505,0.4826);
#259=CIRCLE('',#7507,0.4826);
#260=CIRCLE('',#7512,0.635000000000004);
#261=CIRCLE('',#7513,0.634999999999997);
#262=CIRCLE('',#7514,0.939799999999998);
#263=CIRCLE('',#7515,0.939799999999998);
#264=CIRCLE('',#7517,0.634999999999997);
#265=CIRCLE('',#7518,0.635000000000004);
#266=CIRCLE('',#7519,0.939799999999998);
#267=CIRCLE('',#7520,0.939799999999998);
#268=TOROIDAL_SURFACE('',#7127,2.2225,0.762);
#269=TOROIDAL_SURFACE('',#7130,2.2225,0.762);
#270=TOROIDAL_SURFACE('',#7480,1.72271181571382,0.381);
#271=TOROIDAL_SURFACE('',#7484,1.72271181571382,0.0762);
#272=ORIENTED_EDGE('',*,*,#1836,.F.);
#273=ORIENTED_EDGE('',*,*,#1837,.F.);
#274=ORIENTED_EDGE('',*,*,#1838,.T.);
#275=ORIENTED_EDGE('',*,*,#1839,.F.);
#276=ORIENTED_EDGE('',*,*,#1840,.F.);
#277=ORIENTED_EDGE('',*,*,#1841,.F.);
#278=ORIENTED_EDGE('',*,*,#1842,.T.);
#279=ORIENTED_EDGE('',*,*,#1843,.F.);
#280=ORIENTED_EDGE('',*,*,#1844,.F.);
#281=ORIENTED_EDGE('',*,*,#1845,.F.);
#282=ORIENTED_EDGE('',*,*,#1846,.T.);
#283=ORIENTED_EDGE('',*,*,#1847,.T.);
#284=ORIENTED_EDGE('',*,*,#1848,.F.);
#285=ORIENTED_EDGE('',*,*,#1849,.F.);
#286=ORIENTED_EDGE('',*,*,#1850,.F.);
#287=ORIENTED_EDGE('',*,*,#1851,.F.);
#288=ORIENTED_EDGE('',*,*,#1852,.F.);
#289=ORIENTED_EDGE('',*,*,#1853,.F.);
#290=ORIENTED_EDGE('',*,*,#1854,.F.);
#291=ORIENTED_EDGE('',*,*,#1855,.F.);
#292=ORIENTED_EDGE('',*,*,#1856,.F.);
#293=ORIENTED_EDGE('',*,*,#1857,.F.);
#294=ORIENTED_EDGE('',*,*,#1858,.F.);
#295=ORIENTED_EDGE('',*,*,#1859,.F.);
#296=ORIENTED_EDGE('',*,*,#1860,.F.);
#297=ORIENTED_EDGE('',*,*,#1861,.F.);
#298=ORIENTED_EDGE('',*,*,#1862,.F.);
#299=ORIENTED_EDGE('',*,*,#1863,.F.);
#300=ORIENTED_EDGE('',*,*,#1864,.F.);
#301=ORIENTED_EDGE('',*,*,#1865,.F.);
#302=ORIENTED_EDGE('',*,*,#1866,.F.);
#303=ORIENTED_EDGE('',*,*,#1867,.F.);
#304=ORIENTED_EDGE('',*,*,#1868,.F.);
#305=ORIENTED_EDGE('',*,*,#1869,.F.);
#306=ORIENTED_EDGE('',*,*,#1870,.F.);
#307=ORIENTED_EDGE('',*,*,#1871,.F.);
#308=ORIENTED_EDGE('',*,*,#1872,.F.);
#309=ORIENTED_EDGE('',*,*,#1873,.F.);
#310=ORIENTED_EDGE('',*,*,#1874,.F.);
#311=ORIENTED_EDGE('',*,*,#1875,.F.);
#312=ORIENTED_EDGE('',*,*,#1876,.F.);
#313=ORIENTED_EDGE('',*,*,#1877,.F.);
#314=ORIENTED_EDGE('',*,*,#1878,.F.);
#315=ORIENTED_EDGE('',*,*,#1879,.F.);
#316=ORIENTED_EDGE('',*,*,#1880,.F.);
#317=ORIENTED_EDGE('',*,*,#1881,.F.);
#318=ORIENTED_EDGE('',*,*,#1882,.F.);
#319=ORIENTED_EDGE('',*,*,#1883,.F.);
#320=ORIENTED_EDGE('',*,*,#1884,.T.);
#321=ORIENTED_EDGE('',*,*,#1885,.T.);
#322=ORIENTED_EDGE('',*,*,#1886,.T.);
#323=ORIENTED_EDGE('',*,*,#1887,.T.);
#324=ORIENTED_EDGE('',*,*,#1888,.F.);
#325=ORIENTED_EDGE('',*,*,#1874,.T.);
#326=ORIENTED_EDGE('',*,*,#1889,.F.);
#327=ORIENTED_EDGE('',*,*,#1890,.F.);
#328=ORIENTED_EDGE('',*,*,#1885,.F.);
#329=ORIENTED_EDGE('',*,*,#1891,.F.);
#330=ORIENTED_EDGE('',*,*,#1892,.F.);
#331=ORIENTED_EDGE('',*,*,#1880,.T.);
#332=ORIENTED_EDGE('',*,*,#1893,.F.);
#333=ORIENTED_EDGE('',*,*,#1894,.T.);
#334=ORIENTED_EDGE('',*,*,#1895,.F.);
#335=ORIENTED_EDGE('',*,*,#1868,.T.);
#336=ORIENTED_EDGE('',*,*,#1896,.F.);
#337=ORIENTED_EDGE('',*,*,#1897,.T.);
#338=ORIENTED_EDGE('',*,*,#1898,.F.);
#339=ORIENTED_EDGE('',*,*,#1878,.T.);
#340=ORIENTED_EDGE('',*,*,#1899,.F.);
#341=ORIENTED_EDGE('',*,*,#1900,.F.);
#342=ORIENTED_EDGE('',*,*,#1887,.F.);
#343=ORIENTED_EDGE('',*,*,#1901,.F.);
#344=ORIENTED_EDGE('',*,*,#1902,.T.);
#345=ORIENTED_EDGE('',*,*,#1903,.F.);
#346=ORIENTED_EDGE('',*,*,#1904,.T.);
#347=ORIENTED_EDGE('',*,*,#1905,.F.);
#348=ORIENTED_EDGE('',*,*,#1906,.F.);
#349=ORIENTED_EDGE('',*,*,#1858,.T.);
#350=ORIENTED_EDGE('',*,*,#1907,.F.);
#351=ORIENTED_EDGE('',*,*,#1908,.F.);
#352=ORIENTED_EDGE('',*,*,#1902,.F.);
#353=ORIENTED_EDGE('',*,*,#1909,.F.);
#354=ORIENTED_EDGE('',*,*,#1910,.F.);
#355=ORIENTED_EDGE('',*,*,#1864,.T.);
#356=ORIENTED_EDGE('',*,*,#1911,.F.);
#357=ORIENTED_EDGE('',*,*,#1912,.T.);
#358=ORIENTED_EDGE('',*,*,#1913,.F.);
#359=ORIENTED_EDGE('',*,*,#1852,.T.);
#360=ORIENTED_EDGE('',*,*,#1914,.F.);
#361=ORIENTED_EDGE('',*,*,#1915,.T.);
#362=ORIENTED_EDGE('',*,*,#1916,.F.);
#363=ORIENTED_EDGE('',*,*,#1862,.T.);
#364=ORIENTED_EDGE('',*,*,#1917,.F.);
#365=ORIENTED_EDGE('',*,*,#1918,.F.);
#366=ORIENTED_EDGE('',*,*,#1904,.F.);
#367=ORIENTED_EDGE('',*,*,#1919,.F.);
#368=ORIENTED_EDGE('',*,*,#1884,.F.);
#369=ORIENTED_EDGE('',*,*,#1900,.T.);
#370=ORIENTED_EDGE('',*,*,#1920,.T.);
#371=ORIENTED_EDGE('',*,*,#1901,.T.);
#372=ORIENTED_EDGE('',*,*,#1886,.F.);
#373=ORIENTED_EDGE('',*,*,#1890,.T.);
#374=ORIENTED_EDGE('',*,*,#1921,.T.);
#375=ORIENTED_EDGE('',*,*,#1891,.T.);
#376=ORIENTED_EDGE('',*,*,#1848,.T.);
#377=ORIENTED_EDGE('',*,*,#1889,.T.);
#378=ORIENTED_EDGE('',*,*,#1873,.T.);
#379=ORIENTED_EDGE('',*,*,#1922,.T.);
#380=ORIENTED_EDGE('',*,*,#1881,.T.);
#381=ORIENTED_EDGE('',*,*,#1892,.T.);
#382=ORIENTED_EDGE('',*,*,#1921,.F.);
#383=ORIENTED_EDGE('',*,*,#1922,.F.);
#384=ORIENTED_EDGE('',*,*,#1872,.T.);
#385=ORIENTED_EDGE('',*,*,#1923,.T.);
#386=ORIENTED_EDGE('',*,*,#1882,.T.);
#387=ORIENTED_EDGE('',*,*,#1923,.F.);
#388=ORIENTED_EDGE('',*,*,#1875,.T.);
#389=ORIENTED_EDGE('',*,*,#1888,.T.);
#390=ORIENTED_EDGE('',*,*,#1924,.T.);
#391=ORIENTED_EDGE('',*,*,#1893,.T.);
#392=ORIENTED_EDGE('',*,*,#1883,.T.);
#393=ORIENTED_EDGE('',*,*,#1924,.F.);
#394=ORIENTED_EDGE('',*,*,#1894,.F.);
#395=ORIENTED_EDGE('',*,*,#1905,.T.);
#396=ORIENTED_EDGE('',*,*,#1918,.T.);
#397=ORIENTED_EDGE('',*,*,#1925,.T.);
#398=ORIENTED_EDGE('',*,*,#1919,.T.);
#399=ORIENTED_EDGE('',*,*,#1903,.T.);
#400=ORIENTED_EDGE('',*,*,#1908,.T.);
#401=ORIENTED_EDGE('',*,*,#1926,.T.);
#402=ORIENTED_EDGE('',*,*,#1909,.T.);
#403=ORIENTED_EDGE('',*,*,#1850,.T.);
#404=ORIENTED_EDGE('',*,*,#1907,.T.);
#405=ORIENTED_EDGE('',*,*,#1857,.T.);
#406=ORIENTED_EDGE('',*,*,#1927,.T.);
#407=ORIENTED_EDGE('',*,*,#1865,.T.);
#408=ORIENTED_EDGE('',*,*,#1910,.T.);
#409=ORIENTED_EDGE('',*,*,#1926,.F.);
#410=ORIENTED_EDGE('',*,*,#1927,.F.);
#411=ORIENTED_EDGE('',*,*,#1856,.T.);
#412=ORIENTED_EDGE('',*,*,#1928,.T.);
#413=ORIENTED_EDGE('',*,*,#1866,.T.);
#414=ORIENTED_EDGE('',*,*,#1928,.F.);
#415=ORIENTED_EDGE('',*,*,#1859,.T.);
#416=ORIENTED_EDGE('',*,*,#1906,.T.);
#417=ORIENTED_EDGE('',*,*,#1929,.T.);
#418=ORIENTED_EDGE('',*,*,#1911,.T.);
#419=ORIENTED_EDGE('',*,*,#1867,.T.);
#420=ORIENTED_EDGE('',*,*,#1929,.F.);
#421=ORIENTED_EDGE('',*,*,#1912,.F.);
#422=ORIENTED_EDGE('',*,*,#1930,.T.);
#423=ORIENTED_EDGE('',*,*,#1931,.T.);
#424=ORIENTED_EDGE('',*,*,#1932,.T.);
#425=ORIENTED_EDGE('',*,*,#1933,.T.);
#426=ORIENTED_EDGE('',*,*,#1934,.F.);
#427=ORIENTED_EDGE('',*,*,#1935,.F.);
#428=ORIENTED_EDGE('',*,*,#1936,.F.);
#429=ORIENTED_EDGE('',*,*,#1937,.F.);
#430=ORIENTED_EDGE('',*,*,#1933,.F.);
#431=ORIENTED_EDGE('',*,*,#1938,.F.);
#432=ORIENTED_EDGE('',*,*,#1935,.T.);
#433=ORIENTED_EDGE('',*,*,#1939,.T.);
#434=ORIENTED_EDGE('',*,*,#1930,.F.);
#435=ORIENTED_EDGE('',*,*,#1939,.F.);
#436=ORIENTED_EDGE('',*,*,#1934,.T.);
#437=ORIENTED_EDGE('',*,*,#1940,.T.);
#438=ORIENTED_EDGE('',*,*,#1941,.F.);
#439=ORIENTED_EDGE('',*,*,#1942,.F.);
#440=ORIENTED_EDGE('',*,*,#1943,.F.);
#441=ORIENTED_EDGE('',*,*,#1944,.F.);
#442=ORIENTED_EDGE('',*,*,#1945,.T.);
#443=ORIENTED_EDGE('',*,*,#1946,.T.);
#444=ORIENTED_EDGE('',*,*,#1947,.T.);
#445=ORIENTED_EDGE('',*,*,#1948,.T.);
#446=ORIENTED_EDGE('',*,*,#1942,.T.);
#447=ORIENTED_EDGE('',*,*,#1949,.F.);
#448=ORIENTED_EDGE('',*,*,#1948,.F.);
#449=ORIENTED_EDGE('',*,*,#1950,.T.);
#450=ORIENTED_EDGE('',*,*,#1943,.T.);
#451=ORIENTED_EDGE('',*,*,#1950,.F.);
#452=ORIENTED_EDGE('',*,*,#1947,.F.);
#453=ORIENTED_EDGE('',*,*,#1951,.T.);
#454=ORIENTED_EDGE('',*,*,#1952,.F.);
#455=ORIENTED_EDGE('',*,*,#1953,.F.);
#456=ORIENTED_EDGE('',*,*,#1954,.F.);
#457=ORIENTED_EDGE('',*,*,#1955,.F.);
#458=ORIENTED_EDGE('',*,*,#1956,.T.);
#459=ORIENTED_EDGE('',*,*,#1957,.T.);
#460=ORIENTED_EDGE('',*,*,#1958,.T.);
#461=ORIENTED_EDGE('',*,*,#1959,.T.);
#462=ORIENTED_EDGE('',*,*,#1953,.T.);
#463=ORIENTED_EDGE('',*,*,#1960,.F.);
#464=ORIENTED_EDGE('',*,*,#1959,.F.);
#465=ORIENTED_EDGE('',*,*,#1961,.T.);
#466=ORIENTED_EDGE('',*,*,#1952,.T.);
#467=ORIENTED_EDGE('',*,*,#1962,.F.);
#468=ORIENTED_EDGE('',*,*,#1956,.F.);
#469=ORIENTED_EDGE('',*,*,#1960,.T.);
#470=ORIENTED_EDGE('',*,*,#1963,.T.);
#471=ORIENTED_EDGE('',*,*,#1964,.T.);
#472=ORIENTED_EDGE('',*,*,#1965,.T.);
#473=ORIENTED_EDGE('',*,*,#1966,.T.);
#474=ORIENTED_EDGE('',*,*,#1967,.F.);
#475=ORIENTED_EDGE('',*,*,#1968,.F.);
#476=ORIENTED_EDGE('',*,*,#1969,.F.);
#477=ORIENTED_EDGE('',*,*,#1970,.F.);
#478=ORIENTED_EDGE('',*,*,#1965,.F.);
#479=ORIENTED_EDGE('',*,*,#1971,.F.);
#480=ORIENTED_EDGE('',*,*,#1969,.T.);
#481=ORIENTED_EDGE('',*,*,#1972,.T.);
#482=ORIENTED_EDGE('',*,*,#1966,.F.);
#483=ORIENTED_EDGE('',*,*,#1972,.F.);
#484=ORIENTED_EDGE('',*,*,#1968,.T.);
#485=ORIENTED_EDGE('',*,*,#1973,.T.);
#486=ORIENTED_EDGE('',*,*,#1974,.F.);
#487=ORIENTED_EDGE('',*,*,#1975,.F.);
#488=ORIENTED_EDGE('',*,*,#1976,.F.);
#489=ORIENTED_EDGE('',*,*,#1977,.F.);
#490=ORIENTED_EDGE('',*,*,#1978,.F.);
#491=ORIENTED_EDGE('',*,*,#1979,.F.);
#492=ORIENTED_EDGE('',*,*,#1980,.F.);
#493=ORIENTED_EDGE('',*,*,#1974,.T.);
#494=ORIENTED_EDGE('',*,*,#1981,.T.);
#495=ORIENTED_EDGE('',*,*,#1982,.F.);
#496=ORIENTED_EDGE('',*,*,#1983,.T.);
#497=ORIENTED_EDGE('',*,*,#1981,.F.);
#498=ORIENTED_EDGE('',*,*,#1977,.T.);
#499=ORIENTED_EDGE('',*,*,#1984,.T.);
#500=ORIENTED_EDGE('',*,*,#1985,.F.);
#501=ORIENTED_EDGE('',*,*,#1986,.F.);
#502=ORIENTED_EDGE('',*,*,#1975,.T.);
#503=ORIENTED_EDGE('',*,*,#1980,.T.);
#504=ORIENTED_EDGE('',*,*,#1987,.F.);
#505=ORIENTED_EDGE('',*,*,#1988,.F.);
#506=ORIENTED_EDGE('',*,*,#1989,.F.);
#507=ORIENTED_EDGE('',*,*,#1990,.F.);
#508=ORIENTED_EDGE('',*,*,#1991,.F.);
#509=ORIENTED_EDGE('',*,*,#1992,.F.);
#510=ORIENTED_EDGE('',*,*,#1993,.F.);
#511=ORIENTED_EDGE('',*,*,#1990,.T.);
#512=ORIENTED_EDGE('',*,*,#1994,.T.);
#513=ORIENTED_EDGE('',*,*,#1995,.F.);
#514=ORIENTED_EDGE('',*,*,#1996,.F.);
#515=ORIENTED_EDGE('',*,*,#1997,.F.);
#516=ORIENTED_EDGE('',*,*,#1987,.T.);
#517=ORIENTED_EDGE('',*,*,#1993,.T.);
#518=ORIENTED_EDGE('',*,*,#1998,.T.);
#519=ORIENTED_EDGE('',*,*,#1994,.F.);
#520=ORIENTED_EDGE('',*,*,#1989,.T.);
#521=ORIENTED_EDGE('',*,*,#1999,.T.);
#522=ORIENTED_EDGE('',*,*,#2000,.F.);
#523=ORIENTED_EDGE('',*,*,#2001,.F.);
#524=ORIENTED_EDGE('',*,*,#2002,.F.);
#525=ORIENTED_EDGE('',*,*,#2003,.F.);
#526=ORIENTED_EDGE('',*,*,#2004,.F.);
#527=ORIENTED_EDGE('',*,*,#2005,.F.);
#528=ORIENTED_EDGE('',*,*,#2006,.F.);
#529=ORIENTED_EDGE('',*,*,#2000,.T.);
#530=ORIENTED_EDGE('',*,*,#2007,.T.);
#531=ORIENTED_EDGE('',*,*,#2008,.T.);
#532=ORIENTED_EDGE('',*,*,#2009,.F.);
#533=ORIENTED_EDGE('',*,*,#2007,.F.);
#534=ORIENTED_EDGE('',*,*,#2003,.T.);
#535=ORIENTED_EDGE('',*,*,#2010,.T.);
#536=ORIENTED_EDGE('',*,*,#2011,.F.);
#537=ORIENTED_EDGE('',*,*,#2012,.F.);
#538=ORIENTED_EDGE('',*,*,#2001,.T.);
#539=ORIENTED_EDGE('',*,*,#2006,.T.);
#540=ORIENTED_EDGE('',*,*,#2013,.F.);
#541=ORIENTED_EDGE('',*,*,#2014,.F.);
#542=ORIENTED_EDGE('',*,*,#2015,.F.);
#543=ORIENTED_EDGE('',*,*,#2016,.F.);
#544=ORIENTED_EDGE('',*,*,#2017,.F.);
#545=ORIENTED_EDGE('',*,*,#2018,.F.);
#546=ORIENTED_EDGE('',*,*,#2019,.F.);
#547=ORIENTED_EDGE('',*,*,#2016,.T.);
#548=ORIENTED_EDGE('',*,*,#2020,.T.);
#549=ORIENTED_EDGE('',*,*,#2021,.T.);
#550=ORIENTED_EDGE('',*,*,#2022,.F.);
#551=ORIENTED_EDGE('',*,*,#2020,.F.);
#552=ORIENTED_EDGE('',*,*,#2015,.T.);
#553=ORIENTED_EDGE('',*,*,#2023,.T.);
#554=ORIENTED_EDGE('',*,*,#2024,.F.);
#555=ORIENTED_EDGE('',*,*,#2025,.F.);
#556=ORIENTED_EDGE('',*,*,#2013,.T.);
#557=ORIENTED_EDGE('',*,*,#2019,.T.);
#558=ORIENTED_EDGE('',*,*,#2026,.F.);
#559=ORIENTED_EDGE('',*,*,#2027,.T.);
#560=ORIENTED_EDGE('',*,*,#2028,.F.);
#561=ORIENTED_EDGE('',*,*,#2029,.T.);
#562=ORIENTED_EDGE('',*,*,#2030,.T.);
#563=ORIENTED_EDGE('',*,*,#2031,.T.);
#564=ORIENTED_EDGE('',*,*,#2032,.T.);
#565=ORIENTED_EDGE('',*,*,#2033,.T.);
#566=ORIENTED_EDGE('',*,*,#2027,.F.);
#567=ORIENTED_EDGE('',*,*,#2034,.F.);
#568=ORIENTED_EDGE('',*,*,#2035,.F.);
#569=ORIENTED_EDGE('',*,*,#2036,.F.);
#570=ORIENTED_EDGE('',*,*,#2031,.F.);
#571=ORIENTED_EDGE('',*,*,#2037,.T.);
#572=ORIENTED_EDGE('',*,*,#2038,.F.);
#573=ORIENTED_EDGE('',*,*,#2039,.F.);
#574=ORIENTED_EDGE('',*,*,#2033,.F.);
#575=ORIENTED_EDGE('',*,*,#2040,.T.);
#576=ORIENTED_EDGE('',*,*,#2041,.F.);
#577=ORIENTED_EDGE('',*,*,#2042,.F.);
#578=ORIENTED_EDGE('',*,*,#2043,.F.);
#579=ORIENTED_EDGE('',*,*,#2040,.F.);
#580=ORIENTED_EDGE('',*,*,#2032,.F.);
#581=ORIENTED_EDGE('',*,*,#2036,.T.);
#582=ORIENTED_EDGE('',*,*,#2044,.F.);
#583=ORIENTED_EDGE('',*,*,#2037,.F.);
#584=ORIENTED_EDGE('',*,*,#2030,.F.);
#585=ORIENTED_EDGE('',*,*,#2039,.T.);
#586=ORIENTED_EDGE('',*,*,#2045,.F.);
#587=ORIENTED_EDGE('',*,*,#2046,.T.);
#588=ORIENTED_EDGE('',*,*,#2047,.T.);
#589=ORIENTED_EDGE('',*,*,#2048,.T.);
#590=ORIENTED_EDGE('',*,*,#2049,.T.);
#591=ORIENTED_EDGE('',*,*,#2029,.F.);
#592=ORIENTED_EDGE('',*,*,#2050,.F.);
#593=ORIENTED_EDGE('',*,*,#2051,.F.);
#594=ORIENTED_EDGE('',*,*,#2052,.F.);
#595=ORIENTED_EDGE('',*,*,#2047,.F.);
#596=ORIENTED_EDGE('',*,*,#2053,.T.);
#597=ORIENTED_EDGE('',*,*,#2054,.F.);
#598=ORIENTED_EDGE('',*,*,#2055,.F.);
#599=ORIENTED_EDGE('',*,*,#2049,.F.);
#600=ORIENTED_EDGE('',*,*,#2056,.T.);
#601=ORIENTED_EDGE('',*,*,#2057,.F.);
#602=ORIENTED_EDGE('',*,*,#2058,.F.);
#603=ORIENTED_EDGE('',*,*,#2059,.F.);
#604=ORIENTED_EDGE('',*,*,#2056,.F.);
#605=ORIENTED_EDGE('',*,*,#2048,.F.);
#606=ORIENTED_EDGE('',*,*,#2052,.T.);
#607=ORIENTED_EDGE('',*,*,#2060,.F.);
#608=ORIENTED_EDGE('',*,*,#2053,.F.);
#609=ORIENTED_EDGE('',*,*,#2046,.F.);
#610=ORIENTED_EDGE('',*,*,#2055,.T.);
#611=ORIENTED_EDGE('',*,*,#2061,.F.);
#612=ORIENTED_EDGE('',*,*,#2062,.T.);
#613=ORIENTED_EDGE('',*,*,#2063,.T.);
#614=ORIENTED_EDGE('',*,*,#2064,.T.);
#615=ORIENTED_EDGE('',*,*,#2065,.T.);
#616=ORIENTED_EDGE('',*,*,#2066,.T.);
#617=ORIENTED_EDGE('',*,*,#2067,.T.);
#618=ORIENTED_EDGE('',*,*,#2065,.F.);
#619=ORIENTED_EDGE('',*,*,#2068,.F.);
#620=ORIENTED_EDGE('',*,*,#2069,.T.);
#621=ORIENTED_EDGE('',*,*,#2068,.T.);
#622=ORIENTED_EDGE('',*,*,#2064,.F.);
#623=ORIENTED_EDGE('',*,*,#2070,.F.);
#624=ORIENTED_EDGE('',*,*,#2071,.T.);
#625=ORIENTED_EDGE('',*,*,#2070,.T.);
#626=ORIENTED_EDGE('',*,*,#2063,.F.);
#627=ORIENTED_EDGE('',*,*,#2072,.F.);
#628=ORIENTED_EDGE('',*,*,#2073,.T.);
#629=ORIENTED_EDGE('',*,*,#2072,.T.);
#630=ORIENTED_EDGE('',*,*,#2062,.F.);
#631=ORIENTED_EDGE('',*,*,#2067,.F.);
#632=ORIENTED_EDGE('',*,*,#2074,.T.);
#633=ORIENTED_EDGE('',*,*,#2075,.T.);
#634=ORIENTED_EDGE('',*,*,#2076,.T.);
#635=ORIENTED_EDGE('',*,*,#2077,.T.);
#636=ORIENTED_EDGE('',*,*,#2078,.T.);
#637=ORIENTED_EDGE('',*,*,#2079,.T.);
#638=ORIENTED_EDGE('',*,*,#2080,.T.);
#639=ORIENTED_EDGE('',*,*,#2081,.T.);
#640=ORIENTED_EDGE('',*,*,#2082,.T.);
#641=ORIENTED_EDGE('',*,*,#2083,.T.);
#642=ORIENTED_EDGE('',*,*,#2084,.T.);
#643=ORIENTED_EDGE('',*,*,#2085,.T.);
#644=ORIENTED_EDGE('',*,*,#2086,.T.);
#645=ORIENTED_EDGE('',*,*,#2087,.T.);
#646=ORIENTED_EDGE('',*,*,#2085,.F.);
#647=ORIENTED_EDGE('',*,*,#2088,.F.);
#648=ORIENTED_EDGE('',*,*,#2089,.T.);
#649=ORIENTED_EDGE('',*,*,#2088,.T.);
#650=ORIENTED_EDGE('',*,*,#2084,.F.);
#651=ORIENTED_EDGE('',*,*,#2090,.F.);
#652=ORIENTED_EDGE('',*,*,#2091,.T.);
#653=ORIENTED_EDGE('',*,*,#2090,.T.);
#654=ORIENTED_EDGE('',*,*,#2083,.F.);
#655=ORIENTED_EDGE('',*,*,#2092,.F.);
#656=ORIENTED_EDGE('',*,*,#2093,.T.);
#657=ORIENTED_EDGE('',*,*,#2092,.T.);
#658=ORIENTED_EDGE('',*,*,#2082,.F.);
#659=ORIENTED_EDGE('',*,*,#2094,.F.);
#660=ORIENTED_EDGE('',*,*,#2095,.T.);
#661=ORIENTED_EDGE('',*,*,#2094,.T.);
#662=ORIENTED_EDGE('',*,*,#2081,.F.);
#663=ORIENTED_EDGE('',*,*,#2096,.F.);
#664=ORIENTED_EDGE('',*,*,#2097,.T.);
#665=ORIENTED_EDGE('',*,*,#2096,.T.);
#666=ORIENTED_EDGE('',*,*,#2080,.F.);
#667=ORIENTED_EDGE('',*,*,#2098,.F.);
#668=ORIENTED_EDGE('',*,*,#2099,.T.);
#669=ORIENTED_EDGE('',*,*,#2098,.T.);
#670=ORIENTED_EDGE('',*,*,#2079,.F.);
#671=ORIENTED_EDGE('',*,*,#2100,.F.);
#672=ORIENTED_EDGE('',*,*,#2101,.T.);
#673=ORIENTED_EDGE('',*,*,#2100,.T.);
#674=ORIENTED_EDGE('',*,*,#2078,.F.);
#675=ORIENTED_EDGE('',*,*,#2102,.F.);
#676=ORIENTED_EDGE('',*,*,#2103,.T.);
#677=ORIENTED_EDGE('',*,*,#2102,.T.);
#678=ORIENTED_EDGE('',*,*,#2077,.F.);
#679=ORIENTED_EDGE('',*,*,#2104,.F.);
#680=ORIENTED_EDGE('',*,*,#2105,.T.);
#681=ORIENTED_EDGE('',*,*,#2104,.T.);
#682=ORIENTED_EDGE('',*,*,#2076,.F.);
#683=ORIENTED_EDGE('',*,*,#2106,.F.);
#684=ORIENTED_EDGE('',*,*,#2107,.T.);
#685=ORIENTED_EDGE('',*,*,#2106,.T.);
#686=ORIENTED_EDGE('',*,*,#2075,.F.);
#687=ORIENTED_EDGE('',*,*,#2108,.F.);
#688=ORIENTED_EDGE('',*,*,#2109,.T.);
#689=ORIENTED_EDGE('',*,*,#2108,.T.);
#690=ORIENTED_EDGE('',*,*,#2074,.F.);
#691=ORIENTED_EDGE('',*,*,#2087,.F.);
#692=ORIENTED_EDGE('',*,*,#2110,.F.);
#693=ORIENTED_EDGE('',*,*,#2111,.F.);
#694=ORIENTED_EDGE('',*,*,#2112,.F.);
#695=ORIENTED_EDGE('',*,*,#2113,.F.);
#696=ORIENTED_EDGE('',*,*,#2114,.F.);
#697=ORIENTED_EDGE('',*,*,#2115,.F.);
#698=ORIENTED_EDGE('',*,*,#2116,.F.);
#699=ORIENTED_EDGE('',*,*,#2117,.F.);
#700=ORIENTED_EDGE('',*,*,#2118,.F.);
#701=ORIENTED_EDGE('',*,*,#2119,.F.);
#702=ORIENTED_EDGE('',*,*,#2120,.F.);
#703=ORIENTED_EDGE('',*,*,#2121,.F.);
#704=ORIENTED_EDGE('',*,*,#2122,.F.);
#705=ORIENTED_EDGE('',*,*,#2123,.F.);
#706=ORIENTED_EDGE('',*,*,#2124,.F.);
#707=ORIENTED_EDGE('',*,*,#2125,.F.);
#708=ORIENTED_EDGE('',*,*,#2126,.F.);
#709=ORIENTED_EDGE('',*,*,#2127,.F.);
#710=ORIENTED_EDGE('',*,*,#2128,.F.);
#711=ORIENTED_EDGE('',*,*,#2129,.F.);
#712=ORIENTED_EDGE('',*,*,#2130,.F.);
#713=ORIENTED_EDGE('',*,*,#2131,.F.);
#714=ORIENTED_EDGE('',*,*,#2132,.F.);
#715=ORIENTED_EDGE('',*,*,#2133,.F.);
#716=ORIENTED_EDGE('',*,*,#2134,.F.);
#717=ORIENTED_EDGE('',*,*,#2111,.T.);
#718=ORIENTED_EDGE('',*,*,#2135,.F.);
#719=ORIENTED_EDGE('',*,*,#2136,.F.);
#720=ORIENTED_EDGE('',*,*,#2137,.F.);
#721=ORIENTED_EDGE('',*,*,#2138,.F.);
#722=ORIENTED_EDGE('',*,*,#2115,.T.);
#723=ORIENTED_EDGE('',*,*,#2139,.F.);
#724=ORIENTED_EDGE('',*,*,#2140,.F.);
#725=ORIENTED_EDGE('',*,*,#2141,.F.);
#726=ORIENTED_EDGE('',*,*,#2119,.T.);
#727=ORIENTED_EDGE('',*,*,#2142,.F.);
#728=ORIENTED_EDGE('',*,*,#2143,.F.);
#729=ORIENTED_EDGE('',*,*,#2144,.F.);
#730=ORIENTED_EDGE('',*,*,#2145,.F.);
#731=ORIENTED_EDGE('',*,*,#2123,.T.);
#732=ORIENTED_EDGE('',*,*,#2146,.F.);
#733=ORIENTED_EDGE('',*,*,#2147,.F.);
#734=ORIENTED_EDGE('',*,*,#2148,.F.);
#735=ORIENTED_EDGE('',*,*,#2149,.F.);
#736=ORIENTED_EDGE('',*,*,#2127,.T.);
#737=ORIENTED_EDGE('',*,*,#2150,.F.);
#738=ORIENTED_EDGE('',*,*,#2151,.F.);
#739=ORIENTED_EDGE('',*,*,#2152,.F.);
#740=ORIENTED_EDGE('',*,*,#2131,.T.);
#741=ORIENTED_EDGE('',*,*,#2153,.F.);
#742=ORIENTED_EDGE('',*,*,#2154,.F.);
#743=ORIENTED_EDGE('',*,*,#2155,.F.);
#744=ORIENTED_EDGE('',*,*,#2156,.F.);
#745=ORIENTED_EDGE('',*,*,#2157,.F.);
#746=ORIENTED_EDGE('',*,*,#2158,.F.);
#747=ORIENTED_EDGE('',*,*,#2159,.F.);
#748=ORIENTED_EDGE('',*,*,#2160,.T.);
#749=ORIENTED_EDGE('',*,*,#2161,.F.);
#750=ORIENTED_EDGE('',*,*,#2157,.T.);
#751=ORIENTED_EDGE('',*,*,#2162,.T.);
#752=ORIENTED_EDGE('',*,*,#2163,.T.);
#753=ORIENTED_EDGE('',*,*,#2164,.F.);
#754=ORIENTED_EDGE('',*,*,#2158,.T.);
#755=ORIENTED_EDGE('',*,*,#2161,.T.);
#756=ORIENTED_EDGE('',*,*,#2165,.T.);
#757=ORIENTED_EDGE('',*,*,#2166,.F.);
#758=ORIENTED_EDGE('',*,*,#2159,.T.);
#759=ORIENTED_EDGE('',*,*,#2164,.T.);
#760=ORIENTED_EDGE('',*,*,#2167,.T.);
#761=ORIENTED_EDGE('',*,*,#2162,.F.);
#762=ORIENTED_EDGE('',*,*,#2156,.T.);
#763=ORIENTED_EDGE('',*,*,#2166,.T.);
#764=ORIENTED_EDGE('',*,*,#2168,.F.);
#765=ORIENTED_EDGE('',*,*,#2169,.F.);
#766=ORIENTED_EDGE('',*,*,#2170,.F.);
#767=ORIENTED_EDGE('',*,*,#2171,.F.);
#768=ORIENTED_EDGE('',*,*,#2172,.F.);
#769=ORIENTED_EDGE('',*,*,#2173,.F.);
#770=ORIENTED_EDGE('',*,*,#2174,.F.);
#771=ORIENTED_EDGE('',*,*,#2175,.F.);
#772=ORIENTED_EDGE('',*,*,#2176,.F.);
#773=ORIENTED_EDGE('',*,*,#2177,.F.);
#774=ORIENTED_EDGE('',*,*,#2178,.F.);
#775=ORIENTED_EDGE('',*,*,#2179,.F.);
#776=ORIENTED_EDGE('',*,*,#2180,.T.);
#777=ORIENTED_EDGE('',*,*,#2181,.F.);
#778=ORIENTED_EDGE('',*,*,#2169,.T.);
#779=ORIENTED_EDGE('',*,*,#2182,.T.);
#780=ORIENTED_EDGE('',*,*,#2183,.T.);
#781=ORIENTED_EDGE('',*,*,#2184,.F.);
#782=ORIENTED_EDGE('',*,*,#2170,.T.);
#783=ORIENTED_EDGE('',*,*,#2181,.T.);
#784=ORIENTED_EDGE('',*,*,#2185,.T.);
#785=ORIENTED_EDGE('',*,*,#2186,.F.);
#786=ORIENTED_EDGE('',*,*,#2171,.T.);
#787=ORIENTED_EDGE('',*,*,#2184,.T.);
#788=ORIENTED_EDGE('',*,*,#2187,.T.);
#789=ORIENTED_EDGE('',*,*,#2188,.F.);
#790=ORIENTED_EDGE('',*,*,#2172,.T.);
#791=ORIENTED_EDGE('',*,*,#2186,.T.);
#792=ORIENTED_EDGE('',*,*,#2189,.T.);
#793=ORIENTED_EDGE('',*,*,#2190,.F.);
#794=ORIENTED_EDGE('',*,*,#2173,.T.);
#795=ORIENTED_EDGE('',*,*,#2188,.T.);
#796=ORIENTED_EDGE('',*,*,#2191,.T.);
#797=ORIENTED_EDGE('',*,*,#2192,.F.);
#798=ORIENTED_EDGE('',*,*,#2174,.T.);
#799=ORIENTED_EDGE('',*,*,#2190,.T.);
#800=ORIENTED_EDGE('',*,*,#2193,.T.);
#801=ORIENTED_EDGE('',*,*,#2194,.F.);
#802=ORIENTED_EDGE('',*,*,#2175,.T.);
#803=ORIENTED_EDGE('',*,*,#2192,.T.);
#804=ORIENTED_EDGE('',*,*,#2195,.T.);
#805=ORIENTED_EDGE('',*,*,#2196,.F.);
#806=ORIENTED_EDGE('',*,*,#2176,.T.);
#807=ORIENTED_EDGE('',*,*,#2194,.T.);
#808=ORIENTED_EDGE('',*,*,#2197,.T.);
#809=ORIENTED_EDGE('',*,*,#2198,.F.);
#810=ORIENTED_EDGE('',*,*,#2177,.T.);
#811=ORIENTED_EDGE('',*,*,#2196,.T.);
#812=ORIENTED_EDGE('',*,*,#2199,.T.);
#813=ORIENTED_EDGE('',*,*,#2200,.F.);
#814=ORIENTED_EDGE('',*,*,#2178,.T.);
#815=ORIENTED_EDGE('',*,*,#2198,.T.);
#816=ORIENTED_EDGE('',*,*,#2201,.T.);
#817=ORIENTED_EDGE('',*,*,#2202,.F.);
#818=ORIENTED_EDGE('',*,*,#2179,.T.);
#819=ORIENTED_EDGE('',*,*,#2200,.T.);
#820=ORIENTED_EDGE('',*,*,#2203,.T.);
#821=ORIENTED_EDGE('',*,*,#2182,.F.);
#822=ORIENTED_EDGE('',*,*,#2168,.T.);
#823=ORIENTED_EDGE('',*,*,#2202,.T.);
#824=ORIENTED_EDGE('',*,*,#2204,.T.);
#825=ORIENTED_EDGE('',*,*,#2205,.T.);
#826=ORIENTED_EDGE('',*,*,#1843,.T.);
#827=ORIENTED_EDGE('',*,*,#2206,.F.);
#828=ORIENTED_EDGE('',*,*,#2207,.F.);
#829=ORIENTED_EDGE('',*,*,#1839,.T.);
#830=ORIENTED_EDGE('',*,*,#2208,.T.);
#831=ORIENTED_EDGE('',*,*,#2209,.T.);
#832=ORIENTED_EDGE('',*,*,#2210,.T.);
#833=ORIENTED_EDGE('',*,*,#2211,.T.);
#834=ORIENTED_EDGE('',*,*,#2212,.T.);
#835=ORIENTED_EDGE('',*,*,#2213,.T.);
#836=ORIENTED_EDGE('',*,*,#2214,.T.);
#837=ORIENTED_EDGE('',*,*,#2215,.T.);
#838=ORIENTED_EDGE('',*,*,#2216,.T.);
#839=ORIENTED_EDGE('',*,*,#2217,.T.);
#840=ORIENTED_EDGE('',*,*,#2218,.T.);
#841=ORIENTED_EDGE('',*,*,#2219,.T.);
#842=ORIENTED_EDGE('',*,*,#2220,.T.);
#843=ORIENTED_EDGE('',*,*,#2221,.T.);
#844=ORIENTED_EDGE('',*,*,#2222,.T.);
#845=ORIENTED_EDGE('',*,*,#2223,.T.);
#846=ORIENTED_EDGE('',*,*,#2224,.T.);
#847=ORIENTED_EDGE('',*,*,#2225,.T.);
#848=ORIENTED_EDGE('',*,*,#2226,.T.);
#849=ORIENTED_EDGE('',*,*,#2227,.T.);
#850=ORIENTED_EDGE('',*,*,#2228,.T.);
#851=ORIENTED_EDGE('',*,*,#2229,.F.);
#852=ORIENTED_EDGE('',*,*,#2230,.T.);
#853=ORIENTED_EDGE('',*,*,#2231,.T.);
#854=ORIENTED_EDGE('',*,*,#2232,.T.);
#855=ORIENTED_EDGE('',*,*,#2233,.F.);
#856=ORIENTED_EDGE('',*,*,#2234,.F.);
#857=ORIENTED_EDGE('',*,*,#2235,.T.);
#858=ORIENTED_EDGE('',*,*,#2234,.T.);
#859=ORIENTED_EDGE('',*,*,#2236,.T.);
#860=ORIENTED_EDGE('',*,*,#2237,.F.);
#861=ORIENTED_EDGE('',*,*,#2238,.F.);
#862=ORIENTED_EDGE('',*,*,#2239,.T.);
#863=ORIENTED_EDGE('',*,*,#2240,.T.);
#864=ORIENTED_EDGE('',*,*,#2241,.F.);
#865=ORIENTED_EDGE('',*,*,#2242,.F.);
#866=ORIENTED_EDGE('',*,*,#2243,.T.);
#867=ORIENTED_EDGE('',*,*,#2244,.F.);
#868=ORIENTED_EDGE('',*,*,#2245,.F.);
#869=ORIENTED_EDGE('',*,*,#2246,.T.);
#870=ORIENTED_EDGE('',*,*,#2247,.T.);
#871=ORIENTED_EDGE('',*,*,#2248,.F.);
#872=ORIENTED_EDGE('',*,*,#2249,.F.);
#873=ORIENTED_EDGE('',*,*,#1841,.T.);
#874=ORIENTED_EDGE('',*,*,#2250,.T.);
#875=ORIENTED_EDGE('',*,*,#2251,.T.);
#876=ORIENTED_EDGE('',*,*,#2252,.F.);
#877=ORIENTED_EDGE('',*,*,#2253,.F.);
#878=ORIENTED_EDGE('',*,*,#2254,.T.);
#879=ORIENTED_EDGE('',*,*,#2255,.T.);
#880=ORIENTED_EDGE('',*,*,#2256,.F.);
#881=ORIENTED_EDGE('',*,*,#2208,.F.);
#882=ORIENTED_EDGE('',*,*,#1838,.F.);
#883=ORIENTED_EDGE('',*,*,#2257,.F.);
#884=ORIENTED_EDGE('',*,*,#2252,.T.);
#885=ORIENTED_EDGE('',*,*,#1840,.T.);
#886=ORIENTED_EDGE('',*,*,#2207,.T.);
#887=ORIENTED_EDGE('',*,*,#2258,.F.);
#888=ORIENTED_EDGE('',*,*,#2250,.F.);
#889=ORIENTED_EDGE('',*,*,#2259,.T.);
#890=ORIENTED_EDGE('',*,*,#2206,.T.);
#891=ORIENTED_EDGE('',*,*,#1842,.F.);
#892=ORIENTED_EDGE('',*,*,#2249,.T.);
#893=ORIENTED_EDGE('',*,*,#2260,.T.);
#894=ORIENTED_EDGE('',*,*,#2261,.F.);
#895=ORIENTED_EDGE('',*,*,#2262,.F.);
#896=ORIENTED_EDGE('',*,*,#1844,.T.);
#897=ORIENTED_EDGE('',*,*,#2205,.F.);
#898=ORIENTED_EDGE('',*,*,#2263,.T.);
#899=ORIENTED_EDGE('',*,*,#2264,.T.);
#900=ORIENTED_EDGE('',*,*,#2265,.F.);
#901=ORIENTED_EDGE('',*,*,#2266,.F.);
#902=ORIENTED_EDGE('',*,*,#2261,.T.);
#903=ORIENTED_EDGE('',*,*,#2267,.F.);
#904=ORIENTED_EDGE('',*,*,#2268,.T.);
#905=ORIENTED_EDGE('',*,*,#2269,.T.);
#906=ORIENTED_EDGE('',*,*,#2270,.T.);
#907=ORIENTED_EDGE('',*,*,#2271,.T.);
#908=ORIENTED_EDGE('',*,*,#2272,.F.);
#909=ORIENTED_EDGE('',*,*,#2269,.F.);
#910=ORIENTED_EDGE('',*,*,#2273,.T.);
#911=ORIENTED_EDGE('',*,*,#2216,.F.);
#912=ORIENTED_EDGE('',*,*,#2274,.T.);
#913=ORIENTED_EDGE('',*,*,#2275,.T.);
#914=ORIENTED_EDGE('',*,*,#2276,.F.);
#915=ORIENTED_EDGE('',*,*,#2270,.F.);
#916=ORIENTED_EDGE('',*,*,#2272,.T.);
#917=ORIENTED_EDGE('',*,*,#2277,.T.);
#918=ORIENTED_EDGE('',*,*,#2278,.F.);
#919=ORIENTED_EDGE('',*,*,#2279,.F.);
#920=ORIENTED_EDGE('',*,*,#2280,.T.);
#921=ORIENTED_EDGE('',*,*,#2281,.T.);
#922=ORIENTED_EDGE('',*,*,#2282,.F.);
#923=ORIENTED_EDGE('',*,*,#2212,.F.);
#924=ORIENTED_EDGE('',*,*,#2283,.F.);
#925=ORIENTED_EDGE('',*,*,#2284,.F.);
#926=ORIENTED_EDGE('',*,*,#2278,.T.);
#927=ORIENTED_EDGE('',*,*,#2285,.T.);
#928=ORIENTED_EDGE('',*,*,#2286,.F.);
#929=ORIENTED_EDGE('',*,*,#2287,.F.);
#930=ORIENTED_EDGE('',*,*,#2288,.T.);
#931=ORIENTED_EDGE('',*,*,#2224,.F.);
#932=ORIENTED_EDGE('',*,*,#2289,.T.);
#933=ORIENTED_EDGE('',*,*,#2290,.T.);
#934=ORIENTED_EDGE('',*,*,#2291,.F.);
#935=ORIENTED_EDGE('',*,*,#2292,.F.);
#936=ORIENTED_EDGE('',*,*,#2286,.T.);
#937=ORIENTED_EDGE('',*,*,#2293,.T.);
#938=ORIENTED_EDGE('',*,*,#2291,.T.);
#939=ORIENTED_EDGE('',*,*,#2294,.T.);
#940=ORIENTED_EDGE('',*,*,#2112,.T.);
#941=ORIENTED_EDGE('',*,*,#2134,.T.);
#942=ORIENTED_EDGE('',*,*,#2295,.T.);
#943=ORIENTED_EDGE('',*,*,#2296,.F.);
#944=ORIENTED_EDGE('',*,*,#2297,.F.);
#945=ORIENTED_EDGE('',*,*,#2298,.T.);
#946=ORIENTED_EDGE('',*,*,#2299,.T.);
#947=ORIENTED_EDGE('',*,*,#2139,.T.);
#948=ORIENTED_EDGE('',*,*,#2114,.T.);
#949=ORIENTED_EDGE('',*,*,#2300,.T.);
#950=ORIENTED_EDGE('',*,*,#2301,.F.);
#951=ORIENTED_EDGE('',*,*,#2302,.T.);
#952=ORIENTED_EDGE('',*,*,#2303,.F.);
#953=ORIENTED_EDGE('',*,*,#2304,.F.);
#954=ORIENTED_EDGE('',*,*,#2301,.T.);
#955=ORIENTED_EDGE('',*,*,#2305,.T.);
#956=ORIENTED_EDGE('',*,*,#2306,.F.);
#957=ORIENTED_EDGE('',*,*,#2220,.F.);
#958=ORIENTED_EDGE('',*,*,#2307,.F.);
#959=ORIENTED_EDGE('',*,*,#2308,.F.);
#960=ORIENTED_EDGE('',*,*,#2303,.T.);
#961=ORIENTED_EDGE('',*,*,#2309,.T.);
#962=ORIENTED_EDGE('',*,*,#2310,.F.);
#963=ORIENTED_EDGE('',*,*,#2311,.T.);
#964=ORIENTED_EDGE('',*,*,#2312,.T.);
#965=ORIENTED_EDGE('',*,*,#2313,.T.);
#966=ORIENTED_EDGE('',*,*,#2314,.F.);
#967=ORIENTED_EDGE('',*,*,#2315,.F.);
#968=ORIENTED_EDGE('',*,*,#2316,.T.);
#969=ORIENTED_EDGE('',*,*,#2317,.T.);
#970=ORIENTED_EDGE('',*,*,#2318,.F.);
#971=ORIENTED_EDGE('',*,*,#2231,.F.);
#972=ORIENTED_EDGE('',*,*,#2319,.F.);
#973=ORIENTED_EDGE('',*,*,#2320,.F.);
#974=ORIENTED_EDGE('',*,*,#2314,.T.);
#975=ORIENTED_EDGE('',*,*,#2321,.T.);
#976=ORIENTED_EDGE('',*,*,#2322,.F.);
#977=ORIENTED_EDGE('',*,*,#2312,.F.);
#978=ORIENTED_EDGE('',*,*,#2323,.T.);
#979=ORIENTED_EDGE('',*,*,#2227,.F.);
#980=ORIENTED_EDGE('',*,*,#2324,.T.);
#981=ORIENTED_EDGE('',*,*,#2325,.T.);
#982=ORIENTED_EDGE('',*,*,#2326,.F.);
#983=ORIENTED_EDGE('',*,*,#2309,.F.);
#984=ORIENTED_EDGE('',*,*,#2322,.T.);
#985=ORIENTED_EDGE('',*,*,#2310,.T.);
#986=ORIENTED_EDGE('',*,*,#2326,.T.);
#987=ORIENTED_EDGE('',*,*,#2327,.T.);
#988=ORIENTED_EDGE('',*,*,#2116,.T.);
#989=ORIENTED_EDGE('',*,*,#2138,.T.);
#990=ORIENTED_EDGE('',*,*,#2328,.T.);
#991=ORIENTED_EDGE('',*,*,#2329,.F.);
#992=ORIENTED_EDGE('',*,*,#2330,.F.);
#993=ORIENTED_EDGE('',*,*,#2331,.T.);
#994=ORIENTED_EDGE('',*,*,#2332,.T.);
#995=ORIENTED_EDGE('',*,*,#2142,.T.);
#996=ORIENTED_EDGE('',*,*,#2118,.T.);
#997=ORIENTED_EDGE('',*,*,#2333,.T.);
#998=ORIENTED_EDGE('',*,*,#2316,.F.);
#999=ORIENTED_EDGE('',*,*,#2334,.T.);
#1000=ORIENTED_EDGE('',*,*,#2335,.T.);
#1001=ORIENTED_EDGE('',*,*,#2336,.T.);
#1002=ORIENTED_EDGE('',*,*,#2337,.T.);
#1003=ORIENTED_EDGE('',*,*,#2338,.T.);
#1004=ORIENTED_EDGE('',*,*,#2339,.F.);
#1005=ORIENTED_EDGE('',*,*,#2335,.F.);
#1006=ORIENTED_EDGE('',*,*,#2340,.T.);
#1007=ORIENTED_EDGE('',*,*,#2341,.T.);
#1008=ORIENTED_EDGE('',*,*,#2342,.F.);
#1009=ORIENTED_EDGE('',*,*,#2336,.F.);
#1010=ORIENTED_EDGE('',*,*,#2339,.T.);
#1011=ORIENTED_EDGE('',*,*,#2343,.T.);
#1012=ORIENTED_EDGE('',*,*,#2344,.F.);
#1013=ORIENTED_EDGE('',*,*,#2337,.F.);
#1014=ORIENTED_EDGE('',*,*,#2342,.T.);
#1015=ORIENTED_EDGE('',*,*,#2345,.T.);
#1016=ORIENTED_EDGE('',*,*,#2346,.T.);
#1017=ORIENTED_EDGE('',*,*,#2347,.T.);
#1018=ORIENTED_EDGE('',*,*,#2348,.T.);
#1019=ORIENTED_EDGE('',*,*,#2349,.T.);
#1020=ORIENTED_EDGE('',*,*,#2350,.F.);
#1021=ORIENTED_EDGE('',*,*,#2347,.F.);
#1022=ORIENTED_EDGE('',*,*,#2351,.T.);
#1023=ORIENTED_EDGE('',*,*,#2352,.T.);
#1024=ORIENTED_EDGE('',*,*,#2353,.F.);
#1025=ORIENTED_EDGE('',*,*,#2348,.F.);
#1026=ORIENTED_EDGE('',*,*,#2350,.T.);
#1027=ORIENTED_EDGE('',*,*,#2354,.T.);
#1028=ORIENTED_EDGE('',*,*,#2355,.F.);
#1029=ORIENTED_EDGE('',*,*,#2345,.F.);
#1030=ORIENTED_EDGE('',*,*,#2353,.T.);
#1031=ORIENTED_EDGE('',*,*,#2356,.F.);
#1032=ORIENTED_EDGE('',*,*,#2357,.F.);
#1033=ORIENTED_EDGE('',*,*,#2358,.F.);
#1034=ORIENTED_EDGE('',*,*,#2359,.F.);
#1035=ORIENTED_EDGE('',*,*,#2360,.F.);
#1036=ORIENTED_EDGE('',*,*,#2361,.F.);
#1037=ORIENTED_EDGE('',*,*,#2362,.F.);
#1038=ORIENTED_EDGE('',*,*,#2363,.F.);
#1039=ORIENTED_EDGE('',*,*,#2364,.F.);
#1040=ORIENTED_EDGE('',*,*,#2365,.F.);
#1041=ORIENTED_EDGE('',*,*,#2366,.F.);
#1042=ORIENTED_EDGE('',*,*,#2367,.F.);
#1043=ORIENTED_EDGE('',*,*,#2368,.F.);
#1044=ORIENTED_EDGE('',*,*,#2369,.F.);
#1045=ORIENTED_EDGE('',*,*,#2370,.F.);
#1046=ORIENTED_EDGE('',*,*,#2371,.F.);
#1047=ORIENTED_EDGE('',*,*,#2372,.F.);
#1048=ORIENTED_EDGE('',*,*,#2373,.F.);
#1049=ORIENTED_EDGE('',*,*,#2374,.F.);
#1050=ORIENTED_EDGE('',*,*,#2375,.F.);
#1051=ORIENTED_EDGE('',*,*,#2376,.F.);
#1052=ORIENTED_EDGE('',*,*,#2377,.F.);
#1053=ORIENTED_EDGE('',*,*,#2378,.F.);
#1054=ORIENTED_EDGE('',*,*,#2379,.F.);
#1055=ORIENTED_EDGE('',*,*,#2380,.F.);
#1056=ORIENTED_EDGE('',*,*,#2381,.F.);
#1057=ORIENTED_EDGE('',*,*,#2382,.F.);
#1058=ORIENTED_EDGE('',*,*,#2383,.F.);
#1059=ORIENTED_EDGE('',*,*,#2153,.T.);
#1060=ORIENTED_EDGE('',*,*,#2130,.T.);
#1061=ORIENTED_EDGE('',*,*,#2384,.T.);
#1062=ORIENTED_EDGE('',*,*,#2385,.F.);
#1063=ORIENTED_EDGE('',*,*,#2361,.T.);
#1064=ORIENTED_EDGE('',*,*,#2386,.F.);
#1065=ORIENTED_EDGE('',*,*,#2384,.F.);
#1066=ORIENTED_EDGE('',*,*,#2133,.T.);
#1067=ORIENTED_EDGE('',*,*,#2387,.F.);
#1068=ORIENTED_EDGE('',*,*,#2275,.F.);
#1069=ORIENTED_EDGE('',*,*,#2271,.F.);
#1070=ORIENTED_EDGE('',*,*,#2388,.F.);
#1071=ORIENTED_EDGE('',*,*,#2389,.F.);
#1072=ORIENTED_EDGE('',*,*,#2124,.T.);
#1073=ORIENTED_EDGE('',*,*,#2145,.T.);
#1074=ORIENTED_EDGE('',*,*,#2390,.T.);
#1075=ORIENTED_EDGE('',*,*,#2358,.T.);
#1076=ORIENTED_EDGE('',*,*,#2391,.F.);
#1077=ORIENTED_EDGE('',*,*,#2002,.T.);
#1078=ORIENTED_EDGE('',*,*,#2012,.T.);
#1079=ORIENTED_EDGE('',*,*,#2392,.F.);
#1080=ORIENTED_EDGE('',*,*,#2362,.T.);
#1081=ORIENTED_EDGE('',*,*,#2385,.T.);
#1082=ORIENTED_EDGE('',*,*,#2388,.T.);
#1083=ORIENTED_EDGE('',*,*,#2274,.F.);
#1084=ORIENTED_EDGE('',*,*,#2215,.F.);
#1085=ORIENTED_EDGE('',*,*,#2393,.F.);
#1086=ORIENTED_EDGE('',*,*,#2244,.T.);
#1087=ORIENTED_EDGE('',*,*,#2394,.T.);
#1088=ORIENTED_EDGE('',*,*,#2213,.F.);
#1089=ORIENTED_EDGE('',*,*,#2282,.T.);
#1090=ORIENTED_EDGE('',*,*,#2395,.T.);
#1091=ORIENTED_EDGE('',*,*,#2263,.F.);
#1092=ORIENTED_EDGE('',*,*,#2204,.F.);
#1093=ORIENTED_EDGE('',*,*,#2259,.F.);
#1094=ORIENTED_EDGE('',*,*,#2248,.T.);
#1095=ORIENTED_EDGE('',*,*,#2258,.T.);
#1096=ORIENTED_EDGE('',*,*,#2209,.F.);
#1097=ORIENTED_EDGE('',*,*,#2256,.T.);
#1098=ORIENTED_EDGE('',*,*,#2396,.T.);
#1099=ORIENTED_EDGE('',*,*,#2391,.T.);
#1100=ORIENTED_EDGE('',*,*,#2357,.T.);
#1101=ORIENTED_EDGE('',*,*,#2397,.F.);
#1102=ORIENTED_EDGE('',*,*,#2023,.F.);
#1103=ORIENTED_EDGE('',*,*,#2014,.T.);
#1104=ORIENTED_EDGE('',*,*,#2025,.T.);
#1105=ORIENTED_EDGE('',*,*,#2398,.F.);
#1106=ORIENTED_EDGE('',*,*,#2381,.T.);
#1107=ORIENTED_EDGE('',*,*,#2399,.F.);
#1108=ORIENTED_EDGE('',*,*,#2010,.F.);
#1109=ORIENTED_EDGE('',*,*,#2400,.T.);
#1110=ORIENTED_EDGE('',*,*,#1964,.F.);
#1111=ORIENTED_EDGE('',*,*,#2401,.F.);
#1112=ORIENTED_EDGE('',*,*,#2372,.T.);
#1113=ORIENTED_EDGE('',*,*,#2402,.F.);
#1114=ORIENTED_EDGE('',*,*,#1995,.T.);
#1115=ORIENTED_EDGE('',*,*,#2403,.T.);
#1116=ORIENTED_EDGE('',*,*,#2005,.T.);
#1117=ORIENTED_EDGE('',*,*,#2404,.T.);
#1118=ORIENTED_EDGE('',*,*,#2034,.T.);
#1119=ORIENTED_EDGE('',*,*,#2405,.F.);
#1120=ORIENTED_EDGE('',*,*,#2377,.T.);
#1121=ORIENTED_EDGE('',*,*,#2406,.F.);
#1122=ORIENTED_EDGE('',*,*,#2041,.T.);
#1123=ORIENTED_EDGE('',*,*,#2044,.T.);
#1124=ORIENTED_EDGE('',*,*,#2035,.T.);
#1125=ORIENTED_EDGE('',*,*,#2404,.F.);
#1126=ORIENTED_EDGE('',*,*,#2376,.T.);
#1127=ORIENTED_EDGE('',*,*,#2407,.F.);
#1128=ORIENTED_EDGE('',*,*,#1996,.T.);
#1129=ORIENTED_EDGE('',*,*,#2408,.T.);
#1130=ORIENTED_EDGE('',*,*,#2009,.T.);
#1131=ORIENTED_EDGE('',*,*,#2399,.T.);
#1132=ORIENTED_EDGE('',*,*,#2380,.T.);
#1133=ORIENTED_EDGE('',*,*,#2409,.F.);
#1134=ORIENTED_EDGE('',*,*,#2057,.T.);
#1135=ORIENTED_EDGE('',*,*,#2060,.T.);
#1136=ORIENTED_EDGE('',*,*,#2051,.T.);
#1137=ORIENTED_EDGE('',*,*,#2408,.F.);
#1138=ORIENTED_EDGE('',*,*,#1992,.T.);
#1139=ORIENTED_EDGE('',*,*,#2410,.T.);
#1140=ORIENTED_EDGE('',*,*,#2008,.F.);
#1141=ORIENTED_EDGE('',*,*,#2411,.F.);
#1142=ORIENTED_EDGE('',*,*,#1982,.T.);
#1143=ORIENTED_EDGE('',*,*,#2412,.T.);
#1144=ORIENTED_EDGE('',*,*,#2018,.T.);
#1145=ORIENTED_EDGE('',*,*,#2045,.T.);
#1146=ORIENTED_EDGE('',*,*,#2043,.T.);
#1147=ORIENTED_EDGE('',*,*,#2413,.T.);
#1148=ORIENTED_EDGE('',*,*,#2054,.T.);
#1149=ORIENTED_EDGE('',*,*,#2061,.T.);
#1150=ORIENTED_EDGE('',*,*,#2059,.T.);
#1151=ORIENTED_EDGE('',*,*,#2414,.T.);
#1152=ORIENTED_EDGE('',*,*,#2382,.T.);
#1153=ORIENTED_EDGE('',*,*,#2398,.T.);
#1154=ORIENTED_EDGE('',*,*,#2024,.T.);
#1155=ORIENTED_EDGE('',*,*,#2412,.F.);
#1156=ORIENTED_EDGE('',*,*,#1983,.F.);
#1157=ORIENTED_EDGE('',*,*,#2415,.F.);
#1158=ORIENTED_EDGE('',*,*,#2378,.T.);
#1159=ORIENTED_EDGE('',*,*,#2405,.T.);
#1160=ORIENTED_EDGE('',*,*,#2038,.T.);
#1161=ORIENTED_EDGE('',*,*,#2333,.F.);
#1162=ORIENTED_EDGE('',*,*,#2121,.T.);
#1163=ORIENTED_EDGE('',*,*,#2416,.T.);
#1164=ORIENTED_EDGE('',*,*,#2417,.T.);
#1165=ORIENTED_EDGE('',*,*,#2317,.F.);
#1166=ORIENTED_EDGE('',*,*,#2313,.F.);
#1167=ORIENTED_EDGE('',*,*,#2416,.F.);
#1168=ORIENTED_EDGE('',*,*,#2120,.T.);
#1169=ORIENTED_EDGE('',*,*,#2141,.T.);
#1170=ORIENTED_EDGE('',*,*,#2418,.T.);
#1171=ORIENTED_EDGE('',*,*,#2375,.T.);
#1172=ORIENTED_EDGE('',*,*,#2419,.T.);
#1173=ORIENTED_EDGE('',*,*,#2420,.T.);
#1174=ORIENTED_EDGE('',*,*,#2154,.T.);
#1175=ORIENTED_EDGE('',*,*,#2386,.T.);
#1176=ORIENTED_EDGE('',*,*,#2365,.T.);
#1177=ORIENTED_EDGE('',*,*,#2421,.F.);
#1178=ORIENTED_EDGE('',*,*,#1940,.F.);
#1179=ORIENTED_EDGE('',*,*,#2422,.F.);
#1180=ORIENTED_EDGE('',*,*,#1971,.T.);
#1181=ORIENTED_EDGE('',*,*,#2400,.F.);
#1182=ORIENTED_EDGE('',*,*,#2371,.T.);
#1183=ORIENTED_EDGE('',*,*,#2418,.F.);
#1184=ORIENTED_EDGE('',*,*,#2144,.T.);
#1185=ORIENTED_EDGE('',*,*,#2423,.T.);
#1186=ORIENTED_EDGE('',*,*,#2351,.F.);
#1187=ORIENTED_EDGE('',*,*,#2346,.F.);
#1188=ORIENTED_EDGE('',*,*,#2355,.T.);
#1189=ORIENTED_EDGE('',*,*,#2135,.T.);
#1190=ORIENTED_EDGE('',*,*,#2110,.T.);
#1191=ORIENTED_EDGE('',*,*,#2424,.T.);
#1192=ORIENTED_EDGE('',*,*,#2425,.T.);
#1193=ORIENTED_EDGE('',*,*,#2369,.T.);
#1194=ORIENTED_EDGE('',*,*,#2426,.F.);
#1195=ORIENTED_EDGE('',*,*,#2390,.F.);
#1196=ORIENTED_EDGE('',*,*,#2148,.T.);
#1197=ORIENTED_EDGE('',*,*,#2427,.F.);
#1198=ORIENTED_EDGE('',*,*,#2340,.F.);
#1199=ORIENTED_EDGE('',*,*,#2334,.F.);
#1200=ORIENTED_EDGE('',*,*,#2344,.T.);
#1201=ORIENTED_EDGE('',*,*,#2428,.F.);
#1202=ORIENTED_EDGE('',*,*,#2136,.T.);
#1203=ORIENTED_EDGE('',*,*,#2426,.T.);
#1204=ORIENTED_EDGE('',*,*,#2368,.T.);
#1205=ORIENTED_EDGE('',*,*,#2429,.T.);
#1206=ORIENTED_EDGE('',*,*,#1951,.F.);
#1207=ORIENTED_EDGE('',*,*,#2430,.T.);
#1208=ORIENTED_EDGE('',*,*,#1962,.T.);
#1209=ORIENTED_EDGE('',*,*,#2431,.T.);
#1210=ORIENTED_EDGE('',*,*,#2359,.T.);
#1211=ORIENTED_EDGE('',*,*,#2431,.F.);
#1212=ORIENTED_EDGE('',*,*,#1955,.T.);
#1213=ORIENTED_EDGE('',*,*,#2432,.T.);
#1214=ORIENTED_EDGE('',*,*,#2360,.T.);
#1215=ORIENTED_EDGE('',*,*,#2433,.F.);
#1216=ORIENTED_EDGE('',*,*,#1979,.T.);
#1217=ORIENTED_EDGE('',*,*,#2434,.T.);
#1218=ORIENTED_EDGE('',*,*,#2021,.F.);
#1219=ORIENTED_EDGE('',*,*,#1976,.T.);
#1220=ORIENTED_EDGE('',*,*,#1986,.T.);
#1221=ORIENTED_EDGE('',*,*,#2435,.T.);
#1222=ORIENTED_EDGE('',*,*,#2370,.T.);
#1223=ORIENTED_EDGE('',*,*,#2425,.F.);
#1224=ORIENTED_EDGE('',*,*,#2436,.F.);
#1225=ORIENTED_EDGE('',*,*,#2289,.F.);
#1226=ORIENTED_EDGE('',*,*,#2223,.F.);
#1227=ORIENTED_EDGE('',*,*,#2437,.F.);
#1228=ORIENTED_EDGE('',*,*,#2240,.F.);
#1229=ORIENTED_EDGE('',*,*,#2438,.T.);
#1230=ORIENTED_EDGE('',*,*,#2221,.F.);
#1231=ORIENTED_EDGE('',*,*,#2306,.T.);
#1232=ORIENTED_EDGE('',*,*,#2439,.F.);
#1233=ORIENTED_EDGE('',*,*,#2324,.F.);
#1234=ORIENTED_EDGE('',*,*,#2226,.F.);
#1235=ORIENTED_EDGE('',*,*,#2440,.F.);
#1236=ORIENTED_EDGE('',*,*,#2236,.F.);
#1237=ORIENTED_EDGE('',*,*,#2441,.T.);
#1238=ORIENTED_EDGE('',*,*,#2232,.F.);
#1239=ORIENTED_EDGE('',*,*,#2318,.T.);
#1240=ORIENTED_EDGE('',*,*,#2417,.F.);
#1241=ORIENTED_EDGE('',*,*,#2419,.F.);
#1242=ORIENTED_EDGE('',*,*,#2374,.T.);
#1243=ORIENTED_EDGE('',*,*,#2442,.T.);
#1244=ORIENTED_EDGE('',*,*,#1999,.F.);
#1245=ORIENTED_EDGE('',*,*,#1988,.T.);
#1246=ORIENTED_EDGE('',*,*,#1997,.T.);
#1247=ORIENTED_EDGE('',*,*,#2407,.T.);
#1248=ORIENTED_EDGE('',*,*,#2379,.T.);
#1249=ORIENTED_EDGE('',*,*,#2415,.T.);
#1250=ORIENTED_EDGE('',*,*,#1984,.F.);
#1251=ORIENTED_EDGE('',*,*,#2424,.F.);
#1252=ORIENTED_EDGE('',*,*,#2113,.T.);
#1253=ORIENTED_EDGE('',*,*,#2294,.F.);
#1254=ORIENTED_EDGE('',*,*,#2290,.F.);
#1255=ORIENTED_EDGE('',*,*,#2285,.F.);
#1256=ORIENTED_EDGE('',*,*,#2436,.T.);
#1257=ORIENTED_EDGE('',*,*,#2300,.F.);
#1258=ORIENTED_EDGE('',*,*,#2117,.T.);
#1259=ORIENTED_EDGE('',*,*,#2327,.F.);
#1260=ORIENTED_EDGE('',*,*,#2325,.F.);
#1261=ORIENTED_EDGE('',*,*,#2321,.F.);
#1262=ORIENTED_EDGE('',*,*,#2439,.T.);
#1263=ORIENTED_EDGE('',*,*,#2305,.F.);
#1264=ORIENTED_EDGE('',*,*,#2302,.F.);
#1265=ORIENTED_EDGE('',*,*,#2443,.F.);
#1266=ORIENTED_EDGE('',*,*,#2125,.T.);
#1267=ORIENTED_EDGE('',*,*,#2389,.T.);
#1268=ORIENTED_EDGE('',*,*,#2396,.F.);
#1269=ORIENTED_EDGE('',*,*,#2255,.F.);
#1270=ORIENTED_EDGE('',*,*,#2251,.F.);
#1271=ORIENTED_EDGE('',*,*,#2444,.F.);
#1272=ORIENTED_EDGE('',*,*,#2129,.T.);
#1273=ORIENTED_EDGE('',*,*,#2445,.F.);
#1274=ORIENTED_EDGE('',*,*,#2264,.F.);
#1275=ORIENTED_EDGE('',*,*,#2260,.F.);
#1276=ORIENTED_EDGE('',*,*,#2395,.F.);
#1277=ORIENTED_EDGE('',*,*,#2281,.F.);
#1278=ORIENTED_EDGE('',*,*,#2277,.F.);
#1279=ORIENTED_EDGE('',*,*,#2266,.T.);
#1280=ORIENTED_EDGE('',*,*,#2446,.F.);
#1281=ORIENTED_EDGE('',*,*,#1845,.T.);
#1282=ORIENTED_EDGE('',*,*,#2262,.T.);
#1283=ORIENTED_EDGE('',*,*,#2293,.F.);
#1284=ORIENTED_EDGE('',*,*,#2447,.T.);
#1285=ORIENTED_EDGE('',*,*,#2287,.T.);
#1286=ORIENTED_EDGE('',*,*,#2292,.T.);
#1287=ORIENTED_EDGE('',*,*,#2448,.T.);
#1288=ORIENTED_EDGE('',*,*,#2233,.T.);
#1289=ORIENTED_EDGE('',*,*,#2441,.F.);
#1290=ORIENTED_EDGE('',*,*,#2239,.F.);
#1291=ORIENTED_EDGE('',*,*,#2440,.T.);
#1292=ORIENTED_EDGE('',*,*,#2229,.T.);
#1293=ORIENTED_EDGE('',*,*,#2449,.F.);
#1294=ORIENTED_EDGE('',*,*,#2237,.T.);
#1295=ORIENTED_EDGE('',*,*,#2218,.F.);
#1296=ORIENTED_EDGE('',*,*,#2438,.F.);
#1297=ORIENTED_EDGE('',*,*,#2243,.F.);
#1298=ORIENTED_EDGE('',*,*,#2450,.T.);
#1299=ORIENTED_EDGE('',*,*,#2222,.F.);
#1300=ORIENTED_EDGE('',*,*,#2451,.F.);
#1301=ORIENTED_EDGE('',*,*,#2241,.T.);
#1302=ORIENTED_EDGE('',*,*,#2437,.T.);
#1303=ORIENTED_EDGE('',*,*,#2210,.F.);
#1304=ORIENTED_EDGE('',*,*,#2394,.F.);
#1305=ORIENTED_EDGE('',*,*,#2247,.F.);
#1306=ORIENTED_EDGE('',*,*,#2452,.T.);
#1307=ORIENTED_EDGE('',*,*,#2214,.F.);
#1308=ORIENTED_EDGE('',*,*,#2453,.F.);
#1309=ORIENTED_EDGE('',*,*,#2245,.T.);
#1310=ORIENTED_EDGE('',*,*,#2393,.T.);
#1311=ORIENTED_EDGE('',*,*,#2167,.F.);
#1312=ORIENTED_EDGE('',*,*,#2165,.F.);
#1313=ORIENTED_EDGE('',*,*,#2163,.F.);
#1314=ORIENTED_EDGE('',*,*,#2160,.F.);
#1315=ORIENTED_EDGE('',*,*,#2397,.T.);
#1316=ORIENTED_EDGE('',*,*,#2356,.T.);
#1317=ORIENTED_EDGE('',*,*,#2432,.F.);
#1318=ORIENTED_EDGE('',*,*,#1954,.T.);
#1319=ORIENTED_EDGE('',*,*,#1961,.F.);
#1320=ORIENTED_EDGE('',*,*,#1958,.F.);
#1321=ORIENTED_EDGE('',*,*,#2454,.F.);
#1322=ORIENTED_EDGE('',*,*,#1945,.F.);
#1323=ORIENTED_EDGE('',*,*,#1949,.T.);
#1324=ORIENTED_EDGE('',*,*,#1941,.T.);
#1325=ORIENTED_EDGE('',*,*,#2455,.F.);
#1326=ORIENTED_EDGE('',*,*,#2366,.T.);
#1327=ORIENTED_EDGE('',*,*,#2435,.F.);
#1328=ORIENTED_EDGE('',*,*,#1985,.T.);
#1329=ORIENTED_EDGE('',*,*,#2433,.T.);
#1330=ORIENTED_EDGE('',*,*,#2022,.T.);
#1331=ORIENTED_EDGE('',*,*,#2203,.F.);
#1332=ORIENTED_EDGE('',*,*,#2201,.F.);
#1333=ORIENTED_EDGE('',*,*,#2199,.F.);
#1334=ORIENTED_EDGE('',*,*,#2197,.F.);
#1335=ORIENTED_EDGE('',*,*,#2195,.F.);
#1336=ORIENTED_EDGE('',*,*,#2193,.F.);
#1337=ORIENTED_EDGE('',*,*,#2191,.F.);
#1338=ORIENTED_EDGE('',*,*,#2189,.F.);
#1339=ORIENTED_EDGE('',*,*,#2187,.F.);
#1340=ORIENTED_EDGE('',*,*,#2185,.F.);
#1341=ORIENTED_EDGE('',*,*,#2183,.F.);
#1342=ORIENTED_EDGE('',*,*,#2180,.F.);
#1343=ORIENTED_EDGE('',*,*,#2073,.F.);
#1344=ORIENTED_EDGE('',*,*,#2066,.F.);
#1345=ORIENTED_EDGE('',*,*,#2069,.F.);
#1346=ORIENTED_EDGE('',*,*,#2071,.F.);
#1347=ORIENTED_EDGE('',*,*,#2392,.T.);
#1348=ORIENTED_EDGE('',*,*,#2011,.T.);
#1349=ORIENTED_EDGE('',*,*,#2403,.F.);
#1350=ORIENTED_EDGE('',*,*,#1998,.F.);
#1351=ORIENTED_EDGE('',*,*,#2442,.F.);
#1352=ORIENTED_EDGE('',*,*,#2373,.T.);
#1353=ORIENTED_EDGE('',*,*,#2401,.T.);
#1354=ORIENTED_EDGE('',*,*,#1963,.F.);
#1355=ORIENTED_EDGE('',*,*,#1973,.F.);
#1356=ORIENTED_EDGE('',*,*,#1967,.T.);
#1357=ORIENTED_EDGE('',*,*,#2456,.T.);
#1358=ORIENTED_EDGE('',*,*,#1936,.T.);
#1359=ORIENTED_EDGE('',*,*,#1938,.T.);
#1360=ORIENTED_EDGE('',*,*,#1932,.F.);
#1361=ORIENTED_EDGE('',*,*,#2457,.T.);
#1362=ORIENTED_EDGE('',*,*,#2363,.T.);
#1363=ORIENTED_EDGE('',*,*,#2109,.F.);
#1364=ORIENTED_EDGE('',*,*,#2086,.F.);
#1365=ORIENTED_EDGE('',*,*,#2089,.F.);
#1366=ORIENTED_EDGE('',*,*,#2091,.F.);
#1367=ORIENTED_EDGE('',*,*,#2093,.F.);
#1368=ORIENTED_EDGE('',*,*,#2095,.F.);
#1369=ORIENTED_EDGE('',*,*,#2097,.F.);
#1370=ORIENTED_EDGE('',*,*,#2099,.F.);
#1371=ORIENTED_EDGE('',*,*,#2101,.F.);
#1372=ORIENTED_EDGE('',*,*,#2103,.F.);
#1373=ORIENTED_EDGE('',*,*,#2105,.F.);
#1374=ORIENTED_EDGE('',*,*,#2107,.F.);
#1375=ORIENTED_EDGE('',*,*,#2414,.F.);
#1376=ORIENTED_EDGE('',*,*,#2058,.T.);
#1377=ORIENTED_EDGE('',*,*,#2409,.T.);
#1378=ORIENTED_EDGE('',*,*,#2383,.T.);
#1379=ORIENTED_EDGE('',*,*,#2413,.F.);
#1380=ORIENTED_EDGE('',*,*,#2042,.T.);
#1381=ORIENTED_EDGE('',*,*,#2406,.T.);
#1382=ORIENTED_EDGE('',*,*,#2050,.T.);
#1383=ORIENTED_EDGE('',*,*,#2297,.T.);
#1384=ORIENTED_EDGE('',*,*,#2304,.T.);
#1385=ORIENTED_EDGE('',*,*,#2308,.T.);
#1386=ORIENTED_EDGE('',*,*,#2458,.T.);
#1387=ORIENTED_EDGE('',*,*,#2459,.T.);
#1388=ORIENTED_EDGE('',*,*,#2330,.T.);
#1389=ORIENTED_EDGE('',*,*,#2315,.T.);
#1390=ORIENTED_EDGE('',*,*,#2320,.T.);
#1391=ORIENTED_EDGE('',*,*,#1837,.T.);
#1392=ORIENTED_EDGE('',*,*,#2460,.T.);
#1393=ORIENTED_EDGE('',*,*,#2253,.T.);
#1394=ORIENTED_EDGE('',*,*,#2257,.T.);
#1395=ORIENTED_EDGE('',*,*,#2461,.T.);
#1396=ORIENTED_EDGE('',*,*,#2279,.T.);
#1397=ORIENTED_EDGE('',*,*,#2284,.T.);
#1398=ORIENTED_EDGE('',*,*,#2462,.T.);
#1399=ORIENTED_EDGE('',*,*,#2457,.F.);
#1400=ORIENTED_EDGE('',*,*,#1931,.F.);
#1401=ORIENTED_EDGE('',*,*,#2421,.T.);
#1402=ORIENTED_EDGE('',*,*,#2364,.T.);
#1403=ORIENTED_EDGE('',*,*,#2455,.T.);
#1404=ORIENTED_EDGE('',*,*,#1944,.T.);
#1405=ORIENTED_EDGE('',*,*,#2429,.F.);
#1406=ORIENTED_EDGE('',*,*,#2367,.T.);
#1407=ORIENTED_EDGE('',*,*,#1946,.F.);
#1408=ORIENTED_EDGE('',*,*,#2454,.T.);
#1409=ORIENTED_EDGE('',*,*,#1957,.F.);
#1410=ORIENTED_EDGE('',*,*,#2430,.F.);
#1411=ORIENTED_EDGE('',*,*,#1937,.T.);
#1412=ORIENTED_EDGE('',*,*,#2456,.F.);
#1413=ORIENTED_EDGE('',*,*,#1970,.T.);
#1414=ORIENTED_EDGE('',*,*,#2422,.T.);
#1415=ORIENTED_EDGE('',*,*,#2463,.T.);
#1416=ORIENTED_EDGE('',*,*,#1853,.T.);
#1417=ORIENTED_EDGE('',*,*,#1913,.T.);
#1418=ORIENTED_EDGE('',*,*,#1925,.F.);
#1419=ORIENTED_EDGE('',*,*,#1917,.T.);
#1420=ORIENTED_EDGE('',*,*,#1861,.T.);
#1421=ORIENTED_EDGE('',*,*,#2464,.T.);
#1422=ORIENTED_EDGE('',*,*,#1854,.T.);
#1423=ORIENTED_EDGE('',*,*,#2463,.F.);
#1424=ORIENTED_EDGE('',*,*,#1860,.T.);
#1425=ORIENTED_EDGE('',*,*,#1914,.T.);
#1426=ORIENTED_EDGE('',*,*,#1855,.T.);
#1427=ORIENTED_EDGE('',*,*,#2464,.F.);
#1428=ORIENTED_EDGE('',*,*,#1863,.T.);
#1429=ORIENTED_EDGE('',*,*,#1916,.T.);
#1430=ORIENTED_EDGE('',*,*,#2465,.T.);
#1431=ORIENTED_EDGE('',*,*,#2465,.F.);
#1432=ORIENTED_EDGE('',*,*,#1915,.F.);
#1433=ORIENTED_EDGE('',*,*,#2466,.T.);
#1434=ORIENTED_EDGE('',*,*,#1869,.T.);
#1435=ORIENTED_EDGE('',*,*,#1895,.T.);
#1436=ORIENTED_EDGE('',*,*,#1920,.F.);
#1437=ORIENTED_EDGE('',*,*,#1899,.T.);
#1438=ORIENTED_EDGE('',*,*,#1877,.T.);
#1439=ORIENTED_EDGE('',*,*,#2467,.T.);
#1440=ORIENTED_EDGE('',*,*,#1870,.T.);
#1441=ORIENTED_EDGE('',*,*,#2466,.F.);
#1442=ORIENTED_EDGE('',*,*,#1876,.T.);
#1443=ORIENTED_EDGE('',*,*,#1896,.T.);
#1444=ORIENTED_EDGE('',*,*,#1871,.T.);
#1445=ORIENTED_EDGE('',*,*,#2467,.F.);
#1446=ORIENTED_EDGE('',*,*,#1879,.T.);
#1447=ORIENTED_EDGE('',*,*,#1898,.T.);
#1448=ORIENTED_EDGE('',*,*,#2468,.T.);
#1449=ORIENTED_EDGE('',*,*,#2468,.F.);
#1450=ORIENTED_EDGE('',*,*,#1897,.F.);
#1451=ORIENTED_EDGE('',*,*,#2267,.T.);
#1452=ORIENTED_EDGE('',*,*,#2276,.T.);
#1453=ORIENTED_EDGE('',*,*,#2387,.T.);
#1454=ORIENTED_EDGE('',*,*,#2132,.T.);
#1455=ORIENTED_EDGE('',*,*,#2152,.T.);
#1456=ORIENTED_EDGE('',*,*,#2469,.T.);
#1457=ORIENTED_EDGE('',*,*,#2470,.F.);
#1458=ORIENTED_EDGE('',*,*,#2461,.F.);
#1459=ORIENTED_EDGE('',*,*,#2471,.T.);
#1460=ORIENTED_EDGE('',*,*,#2472,.T.);
#1461=ORIENTED_EDGE('',*,*,#2150,.T.);
#1462=ORIENTED_EDGE('',*,*,#2126,.T.);
#1463=ORIENTED_EDGE('',*,*,#2444,.T.);
#1464=ORIENTED_EDGE('',*,*,#2280,.F.);
#1465=ORIENTED_EDGE('',*,*,#2471,.F.);
#1466=ORIENTED_EDGE('',*,*,#2462,.F.);
#1467=ORIENTED_EDGE('',*,*,#2283,.T.);
#1468=ORIENTED_EDGE('',*,*,#2211,.F.);
#1469=ORIENTED_EDGE('',*,*,#2452,.F.);
#1470=ORIENTED_EDGE('',*,*,#2246,.F.);
#1471=ORIENTED_EDGE('',*,*,#2453,.T.);
#1472=ORIENTED_EDGE('',*,*,#2217,.F.);
#1473=ORIENTED_EDGE('',*,*,#2273,.F.);
#1474=ORIENTED_EDGE('',*,*,#2268,.F.);
#1475=ORIENTED_EDGE('',*,*,#2470,.T.);
#1476=ORIENTED_EDGE('',*,*,#2473,.T.);
#1477=ORIENTED_EDGE('',*,*,#2446,.T.);
#1478=ORIENTED_EDGE('',*,*,#2265,.T.);
#1479=ORIENTED_EDGE('',*,*,#2445,.T.);
#1480=ORIENTED_EDGE('',*,*,#2128,.T.);
#1481=ORIENTED_EDGE('',*,*,#2149,.T.);
#1482=ORIENTED_EDGE('',*,*,#2474,.T.);
#1483=ORIENTED_EDGE('',*,*,#1846,.F.);
#1484=ORIENTED_EDGE('',*,*,#2460,.F.);
#1485=ORIENTED_EDGE('',*,*,#1836,.T.);
#1486=ORIENTED_EDGE('',*,*,#2475,.T.);
#1487=ORIENTED_EDGE('',*,*,#2146,.T.);
#1488=ORIENTED_EDGE('',*,*,#2122,.T.);
#1489=ORIENTED_EDGE('',*,*,#2443,.T.);
#1490=ORIENTED_EDGE('',*,*,#2254,.F.);
#1491=ORIENTED_EDGE('',*,*,#2311,.F.);
#1492=ORIENTED_EDGE('',*,*,#2329,.T.);
#1493=ORIENTED_EDGE('',*,*,#2476,.F.);
#1494=ORIENTED_EDGE('',*,*,#2331,.F.);
#1495=ORIENTED_EDGE('',*,*,#2459,.F.);
#1496=ORIENTED_EDGE('',*,*,#2319,.T.);
#1497=ORIENTED_EDGE('',*,*,#2230,.F.);
#1498=ORIENTED_EDGE('',*,*,#2448,.F.);
#1499=ORIENTED_EDGE('',*,*,#2238,.T.);
#1500=ORIENTED_EDGE('',*,*,#2449,.T.);
#1501=ORIENTED_EDGE('',*,*,#2228,.F.);
#1502=ORIENTED_EDGE('',*,*,#2323,.F.);
#1503=ORIENTED_EDGE('',*,*,#2447,.F.);
#1504=ORIENTED_EDGE('',*,*,#2296,.T.);
#1505=ORIENTED_EDGE('',*,*,#2477,.F.);
#1506=ORIENTED_EDGE('',*,*,#2298,.F.);
#1507=ORIENTED_EDGE('',*,*,#2458,.F.);
#1508=ORIENTED_EDGE('',*,*,#2307,.T.);
#1509=ORIENTED_EDGE('',*,*,#2219,.F.);
#1510=ORIENTED_EDGE('',*,*,#2450,.F.);
#1511=ORIENTED_EDGE('',*,*,#2242,.T.);
#1512=ORIENTED_EDGE('',*,*,#2451,.T.);
#1513=ORIENTED_EDGE('',*,*,#2225,.F.);
#1514=ORIENTED_EDGE('',*,*,#2288,.F.);
#1515=ORIENTED_EDGE('',*,*,#2299,.F.);
#1516=ORIENTED_EDGE('',*,*,#2477,.T.);
#1517=ORIENTED_EDGE('',*,*,#2295,.F.);
#1518=ORIENTED_EDGE('',*,*,#2137,.T.);
#1519=ORIENTED_EDGE('',*,*,#2428,.T.);
#1520=ORIENTED_EDGE('',*,*,#2343,.F.);
#1521=ORIENTED_EDGE('',*,*,#2341,.F.);
#1522=ORIENTED_EDGE('',*,*,#2338,.F.);
#1523=ORIENTED_EDGE('',*,*,#2427,.T.);
#1524=ORIENTED_EDGE('',*,*,#2147,.T.);
#1525=ORIENTED_EDGE('',*,*,#2475,.F.);
#1526=ORIENTED_EDGE('',*,*,#1847,.F.);
#1527=ORIENTED_EDGE('',*,*,#2474,.F.);
#1528=ORIENTED_EDGE('',*,*,#2151,.T.);
#1529=ORIENTED_EDGE('',*,*,#2472,.F.);
#1530=ORIENTED_EDGE('',*,*,#2473,.F.);
#1531=ORIENTED_EDGE('',*,*,#2469,.F.);
#1532=ORIENTED_EDGE('',*,*,#2155,.T.);
#1533=ORIENTED_EDGE('',*,*,#2420,.F.);
#1534=ORIENTED_EDGE('',*,*,#2354,.F.);
#1535=ORIENTED_EDGE('',*,*,#2352,.F.);
#1536=ORIENTED_EDGE('',*,*,#2349,.F.);
#1537=ORIENTED_EDGE('',*,*,#2423,.F.);
#1538=ORIENTED_EDGE('',*,*,#2143,.T.);
#1539=ORIENTED_EDGE('',*,*,#2332,.F.);
#1540=ORIENTED_EDGE('',*,*,#2476,.T.);
#1541=ORIENTED_EDGE('',*,*,#2328,.F.);
#1542=ORIENTED_EDGE('',*,*,#2140,.T.);
#1543=ORIENTED_EDGE('',*,*,#2235,.F.);
#1544=ORIENTED_EDGE('',*,*,#2028,.T.);
#1545=ORIENTED_EDGE('',*,*,#2026,.T.);
#1546=ORIENTED_EDGE('',*,*,#2410,.F.);
#1547=ORIENTED_EDGE('',*,*,#1991,.T.);
#1548=ORIENTED_EDGE('',*,*,#2402,.T.);
#1549=ORIENTED_EDGE('',*,*,#2004,.T.);
#1550=ORIENTED_EDGE('',*,*,#2434,.F.);
#1551=ORIENTED_EDGE('',*,*,#1978,.T.);
#1552=ORIENTED_EDGE('',*,*,#2411,.T.);
#1553=ORIENTED_EDGE('',*,*,#2017,.T.);
#1554=ORIENTED_EDGE('',*,*,#1849,.T.);
#1555=ORIENTED_EDGE('',*,*,#1851,.T.);
#1556=ORIENTED_EDGE('',*,*,#2478,.F.);
#1557=ORIENTED_EDGE('',*,*,#2479,.T.);
#1558=ORIENTED_EDGE('',*,*,#2480,.T.);
#1559=ORIENTED_EDGE('',*,*,#2481,.F.);
#1560=ORIENTED_EDGE('',*,*,#2482,.T.);
#1561=ORIENTED_EDGE('',*,*,#2483,.F.);
#1562=ORIENTED_EDGE('',*,*,#2484,.F.);
#1563=ORIENTED_EDGE('',*,*,#2485,.F.);
#1564=ORIENTED_EDGE('',*,*,#2486,.F.);
#1565=ORIENTED_EDGE('',*,*,#2487,.F.);
#1566=ORIENTED_EDGE('',*,*,#2488,.T.);
#1567=ORIENTED_EDGE('',*,*,#2489,.T.);
#1568=ORIENTED_EDGE('',*,*,#2490,.F.);
#1569=ORIENTED_EDGE('',*,*,#2491,.F.);
#1570=ORIENTED_EDGE('',*,*,#2492,.F.);
#1571=ORIENTED_EDGE('',*,*,#2493,.F.);
#1572=ORIENTED_EDGE('',*,*,#2494,.T.);
#1573=ORIENTED_EDGE('',*,*,#2495,.F.);
#1574=ORIENTED_EDGE('',*,*,#2496,.T.);
#1575=ORIENTED_EDGE('',*,*,#2497,.T.);
#1576=ORIENTED_EDGE('',*,*,#2498,.T.);
#1577=ORIENTED_EDGE('',*,*,#2487,.T.);
#1578=ORIENTED_EDGE('',*,*,#2499,.F.);
#1579=ORIENTED_EDGE('',*,*,#2489,.F.);
#1580=ORIENTED_EDGE('',*,*,#2500,.T.);
#1581=ORIENTED_EDGE('',*,*,#2501,.F.);
#1582=ORIENTED_EDGE('',*,*,#2502,.T.);
#1583=ORIENTED_EDGE('',*,*,#2503,.T.);
#1584=ORIENTED_EDGE('',*,*,#2504,.F.);
#1585=ORIENTED_EDGE('',*,*,#2505,.F.);
#1586=ORIENTED_EDGE('',*,*,#2506,.T.);
#1587=ORIENTED_EDGE('',*,*,#2507,.T.);
#1588=ORIENTED_EDGE('',*,*,#2488,.F.);
#1589=ORIENTED_EDGE('',*,*,#2498,.F.);
#1590=ORIENTED_EDGE('',*,*,#2508,.F.);
#1591=ORIENTED_EDGE('',*,*,#2480,.F.);
#1592=ORIENTED_EDGE('',*,*,#2509,.F.);
#1593=ORIENTED_EDGE('',*,*,#2500,.F.);
#1594=ORIENTED_EDGE('',*,*,#2486,.T.);
#1595=ORIENTED_EDGE('',*,*,#2499,.T.);
#1596=ORIENTED_EDGE('',*,*,#2510,.T.);
#1597=ORIENTED_EDGE('',*,*,#2478,.T.);
#1598=ORIENTED_EDGE('',*,*,#2511,.T.);
#1599=ORIENTED_EDGE('',*,*,#2490,.T.);
#1600=ORIENTED_EDGE('',*,*,#2496,.F.);
#1601=ORIENTED_EDGE('',*,*,#2512,.F.);
#1602=ORIENTED_EDGE('',*,*,#2513,.T.);
#1603=ORIENTED_EDGE('',*,*,#2514,.T.);
#1604=ORIENTED_EDGE('',*,*,#2495,.T.);
#1605=ORIENTED_EDGE('',*,*,#2515,.F.);
#1606=ORIENTED_EDGE('',*,*,#2516,.F.);
#1607=ORIENTED_EDGE('',*,*,#2512,.T.);
#1608=ORIENTED_EDGE('',*,*,#2491,.T.);
#1609=ORIENTED_EDGE('',*,*,#2511,.F.);
#1610=ORIENTED_EDGE('',*,*,#2517,.F.);
#1611=ORIENTED_EDGE('',*,*,#2518,.T.);
#1612=ORIENTED_EDGE('',*,*,#2497,.F.);
#1613=ORIENTED_EDGE('',*,*,#2514,.F.);
#1614=ORIENTED_EDGE('',*,*,#2519,.T.);
#1615=ORIENTED_EDGE('',*,*,#2508,.T.);
#1616=ORIENTED_EDGE('',*,*,#2513,.F.);
#1617=ORIENTED_EDGE('',*,*,#2516,.T.);
#1618=ORIENTED_EDGE('',*,*,#2485,.T.);
#1619=ORIENTED_EDGE('',*,*,#2517,.T.);
#1620=ORIENTED_EDGE('',*,*,#2481,.T.);
#1621=ORIENTED_EDGE('',*,*,#2519,.F.);
#1622=ORIENTED_EDGE('',*,*,#2520,.F.);
#1623=ORIENTED_EDGE('',*,*,#2521,.F.);
#1624=ORIENTED_EDGE('',*,*,#2522,.F.);
#1625=ORIENTED_EDGE('',*,*,#2502,.F.);
#1626=ORIENTED_EDGE('',*,*,#2523,.F.);
#1627=ORIENTED_EDGE('',*,*,#2482,.F.);
#1628=ORIENTED_EDGE('',*,*,#2515,.T.);
#1629=ORIENTED_EDGE('',*,*,#2494,.F.);
#1630=ORIENTED_EDGE('',*,*,#2524,.F.);
#1631=ORIENTED_EDGE('',*,*,#2525,.T.);
#1632=ORIENTED_EDGE('',*,*,#2526,.T.);
#1633=ORIENTED_EDGE('',*,*,#2527,.F.);
#1634=ORIENTED_EDGE('',*,*,#2526,.F.);
#1635=ORIENTED_EDGE('',*,*,#2528,.T.);
#1636=ORIENTED_EDGE('',*,*,#2529,.T.);
#1637=ORIENTED_EDGE('',*,*,#2530,.T.);
#1638=ORIENTED_EDGE('',*,*,#2528,.F.);
#1639=ORIENTED_EDGE('',*,*,#2525,.F.);
#1640=ORIENTED_EDGE('',*,*,#2531,.F.);
#1641=ORIENTED_EDGE('',*,*,#2532,.F.);
#1642=ORIENTED_EDGE('',*,*,#2533,.F.);
#1643=ORIENTED_EDGE('',*,*,#2521,.T.);
#1644=ORIENTED_EDGE('',*,*,#2527,.T.);
#1645=ORIENTED_EDGE('',*,*,#2534,.F.);
#1646=ORIENTED_EDGE('',*,*,#2534,.T.);
#1647=ORIENTED_EDGE('',*,*,#2535,.F.);
#1648=ORIENTED_EDGE('',*,*,#2536,.T.);
#1649=ORIENTED_EDGE('',*,*,#2536,.F.);
#1650=ORIENTED_EDGE('',*,*,#2520,.T.);
#1651=ORIENTED_EDGE('',*,*,#2506,.F.);
#1652=ORIENTED_EDGE('',*,*,#2537,.F.);
#1653=ORIENTED_EDGE('',*,*,#2538,.T.);
#1654=ORIENTED_EDGE('',*,*,#2539,.T.);
#1655=ORIENTED_EDGE('',*,*,#2505,.T.);
#1656=ORIENTED_EDGE('',*,*,#2540,.F.);
#1657=ORIENTED_EDGE('',*,*,#2541,.F.);
#1658=ORIENTED_EDGE('',*,*,#2537,.T.);
#1659=ORIENTED_EDGE('',*,*,#2501,.T.);
#1660=ORIENTED_EDGE('',*,*,#2509,.T.);
#1661=ORIENTED_EDGE('',*,*,#2542,.F.);
#1662=ORIENTED_EDGE('',*,*,#2523,.T.);
#1663=ORIENTED_EDGE('',*,*,#2507,.F.);
#1664=ORIENTED_EDGE('',*,*,#2539,.F.);
#1665=ORIENTED_EDGE('',*,*,#2543,.T.);
#1666=ORIENTED_EDGE('',*,*,#2510,.F.);
#1667=ORIENTED_EDGE('',*,*,#2538,.F.);
#1668=ORIENTED_EDGE('',*,*,#2541,.T.);
#1669=ORIENTED_EDGE('',*,*,#2483,.T.);
#1670=ORIENTED_EDGE('',*,*,#2542,.T.);
#1671=ORIENTED_EDGE('',*,*,#2479,.F.);
#1672=ORIENTED_EDGE('',*,*,#2543,.F.);
#1673=ORIENTED_EDGE('',*,*,#2522,.T.);
#1674=ORIENTED_EDGE('',*,*,#2533,.T.);
#1675=ORIENTED_EDGE('',*,*,#2544,.F.);
#1676=ORIENTED_EDGE('',*,*,#2503,.F.);
#1677=ORIENTED_EDGE('',*,*,#2535,.T.);
#1678=ORIENTED_EDGE('',*,*,#2544,.T.);
#1679=ORIENTED_EDGE('',*,*,#2532,.T.);
#1680=ORIENTED_EDGE('',*,*,#2529,.F.);
#1681=ORIENTED_EDGE('',*,*,#2530,.F.);
#1682=ORIENTED_EDGE('',*,*,#2545,.T.);
#1683=ORIENTED_EDGE('',*,*,#2492,.T.);
#1684=ORIENTED_EDGE('',*,*,#2518,.F.);
#1685=ORIENTED_EDGE('',*,*,#2484,.T.);
#1686=ORIENTED_EDGE('',*,*,#2540,.T.);
#1687=ORIENTED_EDGE('',*,*,#2504,.T.);
#1688=ORIENTED_EDGE('',*,*,#2545,.F.);
#1689=ORIENTED_EDGE('',*,*,#2531,.T.);
#1690=ORIENTED_EDGE('',*,*,#2524,.T.);
#1691=ORIENTED_EDGE('',*,*,#2493,.T.);
#1692=ORIENTED_EDGE('',*,*,#2546,.T.);
#1693=ORIENTED_EDGE('',*,*,#2547,.F.);
#1694=ORIENTED_EDGE('',*,*,#2548,.F.);
#1695=ORIENTED_EDGE('',*,*,#2549,.T.);
#1696=ORIENTED_EDGE('',*,*,#2550,.T.);
#1697=ORIENTED_EDGE('',*,*,#2551,.T.);
#1698=ORIENTED_EDGE('',*,*,#2552,.F.);
#1699=ORIENTED_EDGE('',*,*,#2553,.F.);
#1700=ORIENTED_EDGE('',*,*,#2554,.T.);
#1701=ORIENTED_EDGE('',*,*,#2555,.F.);
#1702=ORIENTED_EDGE('',*,*,#2556,.F.);
#1703=ORIENTED_EDGE('',*,*,#2546,.F.);
#1704=ORIENTED_EDGE('',*,*,#2557,.F.);
#1705=ORIENTED_EDGE('',*,*,#2558,.F.);
#1706=ORIENTED_EDGE('',*,*,#2559,.F.);
#1707=ORIENTED_EDGE('',*,*,#2560,.F.);
#1708=ORIENTED_EDGE('',*,*,#2551,.F.);
#1709=ORIENTED_EDGE('',*,*,#2561,.T.);
#1710=ORIENTED_EDGE('',*,*,#2562,.T.);
#1711=ORIENTED_EDGE('',*,*,#2563,.T.);
#1712=ORIENTED_EDGE('',*,*,#2564,.F.);
#1713=ORIENTED_EDGE('',*,*,#2558,.T.);
#1714=ORIENTED_EDGE('',*,*,#2565,.T.);
#1715=ORIENTED_EDGE('',*,*,#2566,.T.);
#1716=ORIENTED_EDGE('',*,*,#2567,.F.);
#1717=ORIENTED_EDGE('',*,*,#2568,.F.);
#1718=ORIENTED_EDGE('',*,*,#2569,.F.);
#1719=ORIENTED_EDGE('',*,*,#2570,.F.);
#1720=ORIENTED_EDGE('',*,*,#2562,.F.);
#1721=ORIENTED_EDGE('',*,*,#2571,.F.);
#1722=ORIENTED_EDGE('',*,*,#2568,.T.);
#1723=ORIENTED_EDGE('',*,*,#2572,.F.);
#1724=ORIENTED_EDGE('',*,*,#2573,.T.);
#1725=ORIENTED_EDGE('',*,*,#2574,.T.);
#1726=ORIENTED_EDGE('',*,*,#2575,.T.);
#1727=ORIENTED_EDGE('',*,*,#2563,.F.);
#1728=ORIENTED_EDGE('',*,*,#2576,.F.);
#1729=ORIENTED_EDGE('',*,*,#2577,.F.);
#1730=ORIENTED_EDGE('',*,*,#2566,.F.);
#1731=ORIENTED_EDGE('',*,*,#2578,.F.);
#1732=ORIENTED_EDGE('',*,*,#2579,.F.);
#1733=ORIENTED_EDGE('',*,*,#2579,.T.);
#1734=ORIENTED_EDGE('',*,*,#2580,.F.);
#1735=ORIENTED_EDGE('',*,*,#2574,.F.);
#1736=ORIENTED_EDGE('',*,*,#2581,.T.);
#1737=ORIENTED_EDGE('',*,*,#2572,.T.);
#1738=ORIENTED_EDGE('',*,*,#2570,.T.);
#1739=ORIENTED_EDGE('',*,*,#2582,.T.);
#1740=ORIENTED_EDGE('',*,*,#2571,.T.);
#1741=ORIENTED_EDGE('',*,*,#2583,.T.);
#1742=ORIENTED_EDGE('',*,*,#2584,.F.);
#1743=ORIENTED_EDGE('',*,*,#2577,.T.);
#1744=ORIENTED_EDGE('',*,*,#2585,.T.);
#1745=ORIENTED_EDGE('',*,*,#2559,.T.);
#1746=ORIENTED_EDGE('',*,*,#2586,.F.);
#1747=ORIENTED_EDGE('',*,*,#2554,.F.);
#1748=ORIENTED_EDGE('',*,*,#2550,.F.);
#1749=ORIENTED_EDGE('',*,*,#2587,.T.);
#1750=ORIENTED_EDGE('',*,*,#2588,.T.);
#1751=ORIENTED_EDGE('',*,*,#2589,.T.);
#1752=ORIENTED_EDGE('',*,*,#2590,.T.);
#1753=ORIENTED_EDGE('',*,*,#2591,.T.);
#1754=ORIENTED_EDGE('',*,*,#2592,.T.);
#1755=ORIENTED_EDGE('',*,*,#2593,.F.);
#1756=ORIENTED_EDGE('',*,*,#2594,.F.);
#1757=ORIENTED_EDGE('',*,*,#2595,.F.);
#1758=ORIENTED_EDGE('',*,*,#2596,.F.);
#1759=ORIENTED_EDGE('',*,*,#2597,.T.);
#1760=ORIENTED_EDGE('',*,*,#2598,.F.);
#1761=ORIENTED_EDGE('',*,*,#2599,.F.);
#1762=ORIENTED_EDGE('',*,*,#2600,.F.);
#1763=ORIENTED_EDGE('',*,*,#2601,.F.);
#1764=ORIENTED_EDGE('',*,*,#2602,.F.);
#1765=ORIENTED_EDGE('',*,*,#2603,.F.);
#1766=ORIENTED_EDGE('',*,*,#2547,.T.);
#1767=ORIENTED_EDGE('',*,*,#2556,.T.);
#1768=ORIENTED_EDGE('',*,*,#2604,.T.);
#1769=ORIENTED_EDGE('',*,*,#2605,.T.);
#1770=ORIENTED_EDGE('',*,*,#2606,.T.);
#1771=ORIENTED_EDGE('',*,*,#2594,.T.);
#1772=ORIENTED_EDGE('',*,*,#2607,.F.);
#1773=ORIENTED_EDGE('',*,*,#2606,.F.);
#1774=ORIENTED_EDGE('',*,*,#2608,.T.);
#1775=ORIENTED_EDGE('',*,*,#2595,.T.);
#1776=ORIENTED_EDGE('',*,*,#2608,.F.);
#1777=ORIENTED_EDGE('',*,*,#2605,.F.);
#1778=ORIENTED_EDGE('',*,*,#2609,.T.);
#1779=ORIENTED_EDGE('',*,*,#2596,.T.);
#1780=ORIENTED_EDGE('',*,*,#2609,.F.);
#1781=ORIENTED_EDGE('',*,*,#2604,.F.);
#1782=ORIENTED_EDGE('',*,*,#2555,.T.);
#1783=ORIENTED_EDGE('',*,*,#2588,.F.);
#1784=ORIENTED_EDGE('',*,*,#2610,.F.);
#1785=ORIENTED_EDGE('',*,*,#2602,.T.);
#1786=ORIENTED_EDGE('',*,*,#2611,.T.);
#1787=ORIENTED_EDGE('',*,*,#2589,.F.);
#1788=ORIENTED_EDGE('',*,*,#2611,.F.);
#1789=ORIENTED_EDGE('',*,*,#2601,.T.);
#1790=ORIENTED_EDGE('',*,*,#2612,.T.);
#1791=ORIENTED_EDGE('',*,*,#2590,.F.);
#1792=ORIENTED_EDGE('',*,*,#2612,.F.);
#1793=ORIENTED_EDGE('',*,*,#2600,.T.);
#1794=ORIENTED_EDGE('',*,*,#2613,.T.);
#1795=ORIENTED_EDGE('',*,*,#2591,.F.);
#1796=ORIENTED_EDGE('',*,*,#2613,.F.);
#1797=ORIENTED_EDGE('',*,*,#2599,.T.);
#1798=ORIENTED_EDGE('',*,*,#2614,.T.);
#1799=ORIENTED_EDGE('',*,*,#2592,.F.);
#1800=ORIENTED_EDGE('',*,*,#2614,.F.);
#1801=ORIENTED_EDGE('',*,*,#2598,.T.);
#1802=ORIENTED_EDGE('',*,*,#2615,.T.);
#1803=ORIENTED_EDGE('',*,*,#2593,.T.);
#1804=ORIENTED_EDGE('',*,*,#2615,.F.);
#1805=ORIENTED_EDGE('',*,*,#2597,.F.);
#1806=ORIENTED_EDGE('',*,*,#2607,.T.);
#1807=ORIENTED_EDGE('',*,*,#2616,.F.);
#1808=ORIENTED_EDGE('',*,*,#2564,.T.);
#1809=ORIENTED_EDGE('',*,*,#2575,.F.);
#1810=ORIENTED_EDGE('',*,*,#2580,.T.);
#1811=ORIENTED_EDGE('',*,*,#2578,.T.);
#1812=ORIENTED_EDGE('',*,*,#2565,.F.);
#1813=ORIENTED_EDGE('',*,*,#2557,.T.);
#1814=ORIENTED_EDGE('',*,*,#2549,.F.);
#1815=ORIENTED_EDGE('',*,*,#2560,.T.);
#1816=ORIENTED_EDGE('',*,*,#2585,.F.);
#1817=ORIENTED_EDGE('',*,*,#2576,.T.);
#1818=ORIENTED_EDGE('',*,*,#2581,.F.);
#1819=ORIENTED_EDGE('',*,*,#2573,.F.);
#1820=ORIENTED_EDGE('',*,*,#2584,.T.);
#1821=ORIENTED_EDGE('',*,*,#2617,.F.);
#1822=ORIENTED_EDGE('',*,*,#2552,.T.);
#1823=ORIENTED_EDGE('',*,*,#2561,.F.);
#1824=ORIENTED_EDGE('',*,*,#2616,.T.);
#1825=ORIENTED_EDGE('',*,*,#2548,.T.);
#1826=ORIENTED_EDGE('',*,*,#2603,.T.);
#1827=ORIENTED_EDGE('',*,*,#2610,.T.);
#1828=ORIENTED_EDGE('',*,*,#2587,.F.);
#1829=ORIENTED_EDGE('',*,*,#2553,.T.);
#1830=ORIENTED_EDGE('',*,*,#2617,.T.);
#1831=ORIENTED_EDGE('',*,*,#2583,.F.);
#1832=ORIENTED_EDGE('',*,*,#2586,.T.);
#1833=ORIENTED_EDGE('',*,*,#2569,.T.);
#1834=ORIENTED_EDGE('',*,*,#2582,.F.);
#1835=ORIENTED_EDGE('',*,*,#2567,.T.);
#1836=EDGE_CURVE('',#2618,#2619,#3134,.T.);
#1837=EDGE_CURVE('',#2620,#2618,#3135,.T.);
#1838=EDGE_CURVE('',#2620,#2621,#3136,.T.);
#1839=EDGE_CURVE('',#2622,#2621,#3137,.T.);
#1840=EDGE_CURVE('',#2623,#2622,#3138,.T.);
#1841=EDGE_CURVE('',#2624,#2623,#3139,.T.);
#1842=EDGE_CURVE('',#2624,#2625,#3140,.T.);
#1843=EDGE_CURVE('',#2626,#2625,#3141,.T.);
#1844=EDGE_CURVE('',#2627,#2626,#3142,.T.);
#1845=EDGE_CURVE('',#2628,#2627,#3143,.T.);
#1846=EDGE_CURVE('',#2628,#2629,#3144,.T.);
#1847=EDGE_CURVE('',#2629,#2619,#3145,.T.);
#1848=EDGE_CURVE('',#2630,#2630,#146,.T.);
#1849=EDGE_CURVE('',#2631,#2631,#147,.T.);
#1850=EDGE_CURVE('',#2632,#2632,#148,.T.);
#1851=EDGE_CURVE('',#2633,#2633,#149,.T.);
#1852=EDGE_CURVE('',#2634,#2635,#3146,.T.);
#1853=EDGE_CURVE('',#2636,#2634,#3147,.T.);
#1854=EDGE_CURVE('',#2637,#2636,#3148,.T.);
#1855=EDGE_CURVE('',#2635,#2637,#106,.F.);
#1856=EDGE_CURVE('',#2638,#2639,#3149,.T.);
#1857=EDGE_CURVE('',#2640,#2638,#3150,.T.);
#1858=EDGE_CURVE('',#2641,#2640,#3151,.T.);
#1859=EDGE_CURVE('',#2639,#2641,#107,.F.);
#1860=EDGE_CURVE('',#2642,#2643,#3152,.T.);
#1861=EDGE_CURVE('',#2644,#2642,#3153,.T.);
#1862=EDGE_CURVE('',#2645,#2644,#3154,.T.);
#1863=EDGE_CURVE('',#2643,#2645,#108,.F.);
#1864=EDGE_CURVE('',#2646,#2647,#3155,.T.);
#1865=EDGE_CURVE('',#2648,#2646,#3156,.T.);
#1866=EDGE_CURVE('',#2649,#2648,#3157,.T.);
#1867=EDGE_CURVE('',#2647,#2649,#109,.F.);
#1868=EDGE_CURVE('',#2650,#2651,#3158,.T.);
#1869=EDGE_CURVE('',#2652,#2650,#3159,.T.);
#1870=EDGE_CURVE('',#2653,#2652,#3160,.T.);
#1871=EDGE_CURVE('',#2651,#2653,#110,.F.);
#1872=EDGE_CURVE('',#2654,#2655,#3161,.T.);
#1873=EDGE_CURVE('',#2656,#2654,#3162,.T.);
#1874=EDGE_CURVE('',#2657,#2656,#3163,.T.);
#1875=EDGE_CURVE('',#2655,#2657,#111,.F.);
#1876=EDGE_CURVE('',#2658,#2659,#3164,.T.);
#1877=EDGE_CURVE('',#2660,#2658,#3165,.T.);
#1878=EDGE_CURVE('',#2661,#2660,#3166,.T.);
#1879=EDGE_CURVE('',#2659,#2661,#112,.F.);
#1880=EDGE_CURVE('',#2662,#2663,#3167,.T.);
#1881=EDGE_CURVE('',#2664,#2662,#3168,.T.);
#1882=EDGE_CURVE('',#2665,#2664,#3169,.T.);
#1883=EDGE_CURVE('',#2663,#2665,#113,.F.);
#1884=EDGE_CURVE('',#2666,#2667,#150,.T.);
#1885=EDGE_CURVE('',#2667,#2668,#3170,.T.);
#1886=EDGE_CURVE('',#2668,#2669,#151,.T.);
#1887=EDGE_CURVE('',#2669,#2666,#3171,.T.);
#1888=EDGE_CURVE('',#2657,#2670,#114,.F.);
#1889=EDGE_CURVE('',#2671,#2656,#3172,.T.);
#1890=EDGE_CURVE('',#2668,#2671,#3173,.T.);
#1891=EDGE_CURVE('',#2672,#2667,#3174,.T.);
#1892=EDGE_CURVE('',#2662,#2672,#3175,.T.);
#1893=EDGE_CURVE('',#2673,#2663,#115,.F.);
#1894=EDGE_CURVE('',#2673,#2670,#3176,.T.);
#1895=EDGE_CURVE('',#2650,#2674,#3177,.T.);
#1896=EDGE_CURVE('',#2675,#2651,#116,.F.);
#1897=EDGE_CURVE('',#2675,#2676,#3178,.T.);
#1898=EDGE_CURVE('',#2661,#2676,#117,.F.);
#1899=EDGE_CURVE('',#2677,#2660,#3179,.T.);
#1900=EDGE_CURVE('',#2666,#2677,#3180,.T.);
#1901=EDGE_CURVE('',#2674,#2669,#3181,.T.);
#1902=EDGE_CURVE('',#2678,#2679,#3182,.T.);
#1903=EDGE_CURVE('',#2680,#2679,#152,.T.);
#1904=EDGE_CURVE('',#2680,#2681,#3183,.T.);
#1905=EDGE_CURVE('',#2678,#2681,#153,.T.);
#1906=EDGE_CURVE('',#2641,#2682,#118,.F.);
#1907=EDGE_CURVE('',#2683,#2640,#3184,.T.);
#1908=EDGE_CURVE('',#2679,#2683,#3185,.T.);
#1909=EDGE_CURVE('',#2684,#2678,#3186,.T.);
#1910=EDGE_CURVE('',#2646,#2684,#3187,.T.);
#1911=EDGE_CURVE('',#2685,#2647,#119,.F.);
#1912=EDGE_CURVE('',#2685,#2682,#3188,.T.);
#1913=EDGE_CURVE('',#2634,#2686,#3189,.T.);
#1914=EDGE_CURVE('',#2687,#2635,#120,.F.);
#1915=EDGE_CURVE('',#2687,#2688,#3190,.T.);
#1916=EDGE_CURVE('',#2645,#2688,#121,.F.);
#1917=EDGE_CURVE('',#2689,#2644,#3191,.T.);
#1918=EDGE_CURVE('',#2681,#2689,#3192,.T.);
#1919=EDGE_CURVE('',#2686,#2680,#3193,.T.);
#1920=EDGE_CURVE('',#2677,#2674,#154,.T.);
#1921=EDGE_CURVE('',#2671,#2672,#155,.T.);
#1922=EDGE_CURVE('',#2654,#2664,#156,.T.);
#1923=EDGE_CURVE('',#2655,#2665,#157,.T.);
#1924=EDGE_CURVE('',#2670,#2673,#158,.T.);
#1925=EDGE_CURVE('',#2689,#2686,#159,.T.);
#1926=EDGE_CURVE('',#2683,#2684,#160,.T.);
#1927=EDGE_CURVE('',#2638,#2648,#161,.T.);
#1928=EDGE_CURVE('',#2639,#2649,#162,.T.);
#1929=EDGE_CURVE('',#2682,#2685,#163,.T.);
#1930=EDGE_CURVE('',#2690,#2691,#164,.T.);
#1931=EDGE_CURVE('',#2691,#2692,#3194,.T.);
#1932=EDGE_CURVE('',#2692,#2693,#165,.T.);
#1933=EDGE_CURVE('',#2693,#2690,#3195,.T.);
#1934=EDGE_CURVE('',#2694,#2695,#166,.T.);
#1935=EDGE_CURVE('',#2696,#2694,#3196,.T.);
#1936=EDGE_CURVE('',#2697,#2696,#167,.T.);
#1937=EDGE_CURVE('',#2695,#2697,#3197,.T.);
#1938=EDGE_CURVE('',#2696,#2693,#3198,.T.);
#1939=EDGE_CURVE('',#2694,#2690,#3199,.T.);
#1940=EDGE_CURVE('',#2695,#2691,#3200,.T.);
#1941=EDGE_CURVE('',#2698,#2699,#168,.T.);
#1942=EDGE_CURVE('',#2700,#2698,#3201,.T.);
#1943=EDGE_CURVE('',#2701,#2700,#169,.T.);
#1944=EDGE_CURVE('',#2699,#2701,#3202,.T.);
#1945=EDGE_CURVE('',#2702,#2703,#170,.T.);
#1946=EDGE_CURVE('',#2703,#2704,#3203,.T.);
#1947=EDGE_CURVE('',#2704,#2705,#171,.T.);
#1948=EDGE_CURVE('',#2705,#2702,#3204,.T.);
#1949=EDGE_CURVE('',#2702,#2698,#3205,.T.);
#1950=EDGE_CURVE('',#2705,#2700,#3206,.T.);
#1951=EDGE_CURVE('',#2704,#2701,#3207,.T.);
#1952=EDGE_CURVE('',#2706,#2707,#172,.T.);
#1953=EDGE_CURVE('',#2708,#2706,#3208,.T.);
#1954=EDGE_CURVE('',#2709,#2708,#173,.T.);
#1955=EDGE_CURVE('',#2707,#2709,#3209,.T.);
#1956=EDGE_CURVE('',#2710,#2711,#174,.T.);
#1957=EDGE_CURVE('',#2711,#2712,#3210,.T.);
#1958=EDGE_CURVE('',#2712,#2713,#175,.T.);
#1959=EDGE_CURVE('',#2713,#2710,#3211,.T.);
#1960=EDGE_CURVE('',#2710,#2706,#3212,.T.);
#1961=EDGE_CURVE('',#2713,#2708,#3213,.T.);
#1962=EDGE_CURVE('',#2711,#2707,#3214,.T.);
#1963=EDGE_CURVE('',#2714,#2715,#176,.T.);
#1964=EDGE_CURVE('',#2715,#2716,#3215,.T.);
#1965=EDGE_CURVE('',#2716,#2717,#177,.T.);
#1966=EDGE_CURVE('',#2717,#2714,#3216,.T.);
#1967=EDGE_CURVE('',#2718,#2719,#178,.T.);
#1968=EDGE_CURVE('',#2720,#2718,#3217,.T.);
#1969=EDGE_CURVE('',#2721,#2720,#179,.T.);
#1970=EDGE_CURVE('',#2719,#2721,#3218,.T.);
#1971=EDGE_CURVE('',#2721,#2716,#3219,.T.);
#1972=EDGE_CURVE('',#2720,#2717,#3220,.T.);
#1973=EDGE_CURVE('',#2718,#2714,#3221,.T.);
#1974=EDGE_CURVE('',#2722,#2723,#3222,.T.);
#1975=EDGE_CURVE('',#2724,#2722,#3223,.T.);
#1976=EDGE_CURVE('',#2725,#2724,#3224,.T.);
#1977=EDGE_CURVE('',#2723,#2725,#3225,.T.);
#1978=EDGE_CURVE('',#2726,#2727,#3226,.T.);
#1979=EDGE_CURVE('',#2728,#2726,#3227,.T.);
#1980=EDGE_CURVE('',#2722,#2728,#3228,.T.);
#1981=EDGE_CURVE('',#2723,#2729,#3229,.T.);
#1982=EDGE_CURVE('',#2727,#2729,#3230,.T.);
#1983=EDGE_CURVE('',#2730,#2729,#3231,.T.);
#1984=EDGE_CURVE('',#2725,#2730,#3232,.T.);
#1985=EDGE_CURVE('',#2731,#2728,#3233,.T.);
#1986=EDGE_CURVE('',#2724,#2731,#3234,.T.);
#1987=EDGE_CURVE('',#2732,#2733,#3235,.T.);
#1988=EDGE_CURVE('',#2734,#2732,#3236,.T.);
#1989=EDGE_CURVE('',#2735,#2734,#3237,.T.);
#1990=EDGE_CURVE('',#2733,#2735,#3238,.T.);
#1991=EDGE_CURVE('',#2736,#2737,#3239,.T.);
#1992=EDGE_CURVE('',#2738,#2736,#3240,.T.);
#1993=EDGE_CURVE('',#2733,#2738,#3241,.T.);
#1994=EDGE_CURVE('',#2735,#2739,#3242,.T.);
#1995=EDGE_CURVE('',#2737,#2739,#3243,.T.);
#1996=EDGE_CURVE('',#2740,#2738,#3244,.T.);
#1997=EDGE_CURVE('',#2732,#2740,#3245,.T.);
#1998=EDGE_CURVE('',#2741,#2739,#3246,.T.);
#1999=EDGE_CURVE('',#2734,#2741,#3247,.T.);
#2000=EDGE_CURVE('',#2742,#2743,#3248,.T.);
#2001=EDGE_CURVE('',#2744,#2742,#3249,.T.);
#2002=EDGE_CURVE('',#2745,#2744,#3250,.T.);
#2003=EDGE_CURVE('',#2743,#2745,#3251,.T.);
#2004=EDGE_CURVE('',#2746,#2747,#3252,.T.);
#2005=EDGE_CURVE('',#2748,#2746,#3253,.T.);
#2006=EDGE_CURVE('',#2742,#2748,#3254,.T.);
#2007=EDGE_CURVE('',#2743,#2749,#3255,.T.);
#2008=EDGE_CURVE('',#2749,#2747,#3256,.T.);
#2009=EDGE_CURVE('',#2749,#2750,#3257,.T.);
#2010=EDGE_CURVE('',#2745,#2750,#3258,.T.);
#2011=EDGE_CURVE('',#2751,#2748,#3259,.T.);
#2012=EDGE_CURVE('',#2744,#2751,#3260,.T.);
#2013=EDGE_CURVE('',#2752,#2753,#3261,.T.);
#2014=EDGE_CURVE('',#2754,#2752,#3262,.T.);
#2015=EDGE_CURVE('',#2755,#2754,#3263,.T.);
#2016=EDGE_CURVE('',#2753,#2755,#3264,.T.);
#2017=EDGE_CURVE('',#2756,#2757,#3265,.T.);
#2018=EDGE_CURVE('',#2758,#2756,#3266,.T.);
#2019=EDGE_CURVE('',#2753,#2758,#3267,.T.);
#2020=EDGE_CURVE('',#2755,#2759,#3268,.T.);
#2021=EDGE_CURVE('',#2759,#2757,#3269,.T.);
#2022=EDGE_CURVE('',#2759,#2760,#3270,.T.);
#2023=EDGE_CURVE('',#2754,#2760,#3271,.T.);
#2024=EDGE_CURVE('',#2761,#2758,#3272,.T.);
#2025=EDGE_CURVE('',#2752,#2761,#3273,.T.);
#2026=EDGE_CURVE('',#2762,#2762,#180,.T.);
#2027=EDGE_CURVE('',#2763,#2763,#181,.T.);
#2028=EDGE_CURVE('',#2764,#2764,#182,.T.);
#2029=EDGE_CURVE('',#2765,#2765,#183,.T.);
#2030=EDGE_CURVE('',#2766,#2767,#3274,.T.);
#2031=EDGE_CURVE('',#2767,#2768,#3275,.T.);
#2032=EDGE_CURVE('',#2768,#2769,#3276,.T.);
#2033=EDGE_CURVE('',#2769,#2766,#3277,.T.);
#2034=EDGE_CURVE('',#2770,#2771,#3278,.T.);
#2035=EDGE_CURVE('',#2772,#2770,#184,.T.);
#2036=EDGE_CURVE('',#2768,#2772,#3279,.T.);
#2037=EDGE_CURVE('',#2767,#2773,#3280,.T.);
#2038=EDGE_CURVE('',#2771,#2773,#185,.T.);
#2039=EDGE_CURVE('',#2766,#2774,#3281,.T.);
#2040=EDGE_CURVE('',#2769,#2775,#3282,.T.);
#2041=EDGE_CURVE('',#2776,#2775,#186,.T.);
#2042=EDGE_CURVE('',#2777,#2776,#3283,.T.);
#2043=EDGE_CURVE('',#2774,#2777,#187,.T.);
#2044=EDGE_CURVE('',#2775,#2772,#3284,.T.);
#2045=EDGE_CURVE('',#2773,#2774,#3285,.T.);
#2046=EDGE_CURVE('',#2778,#2779,#3286,.T.);
#2047=EDGE_CURVE('',#2779,#2780,#3287,.T.);
#2048=EDGE_CURVE('',#2780,#2781,#3288,.T.);
#2049=EDGE_CURVE('',#2781,#2778,#3289,.T.);
#2050=EDGE_CURVE('',#2782,#2783,#3290,.T.);
#2051=EDGE_CURVE('',#2784,#2782,#188,.T.);
#2052=EDGE_CURVE('',#2780,#2784,#3291,.T.);
#2053=EDGE_CURVE('',#2779,#2785,#3292,.T.);
#2054=EDGE_CURVE('',#2783,#2785,#189,.T.);
#2055=EDGE_CURVE('',#2778,#2786,#3293,.T.);
#2056=EDGE_CURVE('',#2781,#2787,#3294,.T.);
#2057=EDGE_CURVE('',#2788,#2787,#190,.T.);
#2058=EDGE_CURVE('',#2789,#2788,#3295,.T.);
#2059=EDGE_CURVE('',#2786,#2789,#191,.T.);
#2060=EDGE_CURVE('',#2787,#2784,#3296,.T.);
#2061=EDGE_CURVE('',#2785,#2786,#3297,.T.);
#2062=EDGE_CURVE('',#2790,#2791,#3298,.T.);
#2063=EDGE_CURVE('',#2791,#2792,#3299,.T.);
#2064=EDGE_CURVE('',#2792,#2793,#3300,.T.);
#2065=EDGE_CURVE('',#2793,#2790,#3301,.T.);
#2066=EDGE_CURVE('',#2794,#2795,#3302,.T.);
#2067=EDGE_CURVE('',#2795,#2790,#3303,.T.);
#2068=EDGE_CURVE('',#2794,#2793,#3304,.T.);
#2069=EDGE_CURVE('',#2796,#2794,#192,.T.);
#2070=EDGE_CURVE('',#2796,#2792,#3305,.T.);
#2071=EDGE_CURVE('',#2797,#2796,#3306,.T.);
#2072=EDGE_CURVE('',#2797,#2791,#3307,.T.);
#2073=EDGE_CURVE('',#2795,#2797,#193,.T.);
#2074=EDGE_CURVE('',#2798,#2799,#3308,.T.);
#2075=EDGE_CURVE('',#2799,#2800,#3309,.T.);
#2076=EDGE_CURVE('',#2800,#2801,#3310,.T.);
#2077=EDGE_CURVE('',#2801,#2802,#3311,.T.);
#2078=EDGE_CURVE('',#2802,#2803,#3312,.T.);
#2079=EDGE_CURVE('',#2803,#2804,#3313,.T.);
#2080=EDGE_CURVE('',#2804,#2805,#3314,.T.);
#2081=EDGE_CURVE('',#2805,#2806,#3315,.T.);
#2082=EDGE_CURVE('',#2806,#2807,#3316,.T.);
#2083=EDGE_CURVE('',#2807,#2808,#3317,.T.);
#2084=EDGE_CURVE('',#2808,#2809,#3318,.T.);
#2085=EDGE_CURVE('',#2809,#2798,#3319,.T.);
#2086=EDGE_CURVE('',#2810,#2811,#194,.T.);
#2087=EDGE_CURVE('',#2811,#2798,#3320,.T.);
#2088=EDGE_CURVE('',#2810,#2809,#3321,.T.);
#2089=EDGE_CURVE('',#2812,#2810,#3322,.T.);
#2090=EDGE_CURVE('',#2812,#2808,#3323,.T.);
#2091=EDGE_CURVE('',#2813,#2812,#195,.T.);
#2092=EDGE_CURVE('',#2813,#2807,#3324,.T.);
#2093=EDGE_CURVE('',#2814,#2813,#3325,.T.);
#2094=EDGE_CURVE('',#2814,#2806,#3326,.T.);
#2095=EDGE_CURVE('',#2815,#2814,#196,.T.);
#2096=EDGE_CURVE('',#2815,#2805,#3327,.T.);
#2097=EDGE_CURVE('',#2816,#2815,#3328,.T.);
#2098=EDGE_CURVE('',#2816,#2804,#3329,.T.);
#2099=EDGE_CURVE('',#2817,#2816,#197,.T.);
#2100=EDGE_CURVE('',#2817,#2803,#3330,.T.);
#2101=EDGE_CURVE('',#2818,#2817,#3331,.T.);
#2102=EDGE_CURVE('',#2818,#2802,#3332,.T.);
#2103=EDGE_CURVE('',#2819,#2818,#198,.T.);
#2104=EDGE_CURVE('',#2819,#2801,#3333,.T.);
#2105=EDGE_CURVE('',#2820,#2819,#3334,.T.);
#2106=EDGE_CURVE('',#2820,#2800,#3335,.T.);
#2107=EDGE_CURVE('',#2821,#2820,#199,.T.);
#2108=EDGE_CURVE('',#2821,#2799,#3336,.T.);
#2109=EDGE_CURVE('',#2811,#2821,#3337,.T.);
#2110=EDGE_CURVE('',#2822,#2823,#47,.T.);
#2111=EDGE_CURVE('',#2824,#2822,#3338,.T.);
#2112=EDGE_CURVE('',#2825,#2824,#200,.T.);
#2113=EDGE_CURVE('',#2823,#2825,#3339,.T.);
#2114=EDGE_CURVE('',#2826,#2827,#201,.T.);
#2115=EDGE_CURVE('',#2828,#2826,#3340,.T.);
#2116=EDGE_CURVE('',#2829,#2828,#202,.T.);
#2117=EDGE_CURVE('',#2827,#2829,#3341,.T.);
#2118=EDGE_CURVE('',#2830,#2831,#203,.T.);
#2119=EDGE_CURVE('',#2832,#2830,#3342,.T.);
#2120=EDGE_CURVE('',#2833,#2832,#48,.T.);
#2121=EDGE_CURVE('',#2831,#2833,#3343,.T.);
#2122=EDGE_CURVE('',#2834,#2835,#204,.T.);
#2123=EDGE_CURVE('',#2836,#2834,#3344,.T.);
#2124=EDGE_CURVE('',#2837,#2836,#49,.T.);
#2125=EDGE_CURVE('',#2835,#2837,#3345,.T.);
#2126=EDGE_CURVE('',#2838,#2839,#205,.T.);
#2127=EDGE_CURVE('',#2840,#2838,#3346,.T.);
#2128=EDGE_CURVE('',#2841,#2840,#206,.T.);
#2129=EDGE_CURVE('',#2839,#2841,#3347,.T.);
#2130=EDGE_CURVE('',#2842,#2843,#50,.T.);
#2131=EDGE_CURVE('',#2844,#2842,#3348,.T.);
#2132=EDGE_CURVE('',#2845,#2844,#207,.T.);
#2133=EDGE_CURVE('',#2843,#2845,#3349,.T.);
#2134=EDGE_CURVE('',#2824,#2846,#3350,.T.);
#2135=EDGE_CURVE('',#2847,#2822,#3351,.T.);
#2136=EDGE_CURVE('',#2848,#2847,#3352,.T.);
#2137=EDGE_CURVE('',#2846,#2848,#3353,.T.);
#2138=EDGE_CURVE('',#2828,#2849,#3354,.T.);
#2139=EDGE_CURVE('',#2850,#2826,#3355,.T.);
#2140=EDGE_CURVE('',#2849,#2850,#3356,.T.);
#2141=EDGE_CURVE('',#2832,#2851,#3357,.T.);
#2142=EDGE_CURVE('',#2852,#2830,#3358,.T.);
#2143=EDGE_CURVE('',#2853,#2852,#3359,.T.);
#2144=EDGE_CURVE('',#2851,#2853,#3360,.T.);
#2145=EDGE_CURVE('',#2836,#2854,#3361,.T.);
#2146=EDGE_CURVE('',#2855,#2834,#3362,.T.);
#2147=EDGE_CURVE('',#2856,#2855,#3363,.T.);
#2148=EDGE_CURVE('',#2854,#2856,#3364,.T.);
#2149=EDGE_CURVE('',#2840,#2857,#3365,.T.);
#2150=EDGE_CURVE('',#2858,#2838,#3366,.T.);
#2151=EDGE_CURVE('',#2857,#2858,#3367,.T.);
#2152=EDGE_CURVE('',#2844,#2859,#3368,.T.);
#2153=EDGE_CURVE('',#2860,#2842,#3369,.T.);
#2154=EDGE_CURVE('',#2861,#2860,#3370,.T.);
#2155=EDGE_CURVE('',#2859,#2861,#3371,.T.);
#2156=EDGE_CURVE('',#2862,#2863,#3372,.T.);
#2157=EDGE_CURVE('',#2864,#2862,#3373,.T.);
#2158=EDGE_CURVE('',#2865,#2864,#3374,.T.);
#2159=EDGE_CURVE('',#2863,#2865,#3375,.T.);
#2160=EDGE_CURVE('',#2866,#2867,#3376,.T.);
#2161=EDGE_CURVE('',#2864,#2867,#3377,.T.);
#2162=EDGE_CURVE('',#2862,#2866,#3378,.T.);
#2163=EDGE_CURVE('',#2867,#2868,#208,.T.);
#2164=EDGE_CURVE('',#2865,#2868,#3379,.T.);
#2165=EDGE_CURVE('',#2868,#2869,#3380,.T.);
#2166=EDGE_CURVE('',#2863,#2869,#3381,.T.);
#2167=EDGE_CURVE('',#2869,#2866,#209,.T.);
#2168=EDGE_CURVE('',#2870,#2871,#3382,.T.);
#2169=EDGE_CURVE('',#2872,#2870,#3383,.T.);
#2170=EDGE_CURVE('',#2873,#2872,#3384,.T.);
#2171=EDGE_CURVE('',#2874,#2873,#3385,.T.);
#2172=EDGE_CURVE('',#2875,#2874,#3386,.T.);
#2173=EDGE_CURVE('',#2876,#2875,#3387,.T.);
#2174=EDGE_CURVE('',#2877,#2876,#3388,.T.);
#2175=EDGE_CURVE('',#2878,#2877,#3389,.T.);
#2176=EDGE_CURVE('',#2879,#2878,#3390,.T.);
#2177=EDGE_CURVE('',#2880,#2879,#3391,.T.);
#2178=EDGE_CURVE('',#2881,#2880,#3392,.T.);
#2179=EDGE_CURVE('',#2871,#2881,#3393,.T.);
#2180=EDGE_CURVE('',#2882,#2883,#210,.T.);
#2181=EDGE_CURVE('',#2872,#2883,#3394,.T.);
#2182=EDGE_CURVE('',#2870,#2882,#3395,.T.);
#2183=EDGE_CURVE('',#2883,#2884,#3396,.T.);
#2184=EDGE_CURVE('',#2873,#2884,#3397,.T.);
#2185=EDGE_CURVE('',#2884,#2885,#211,.T.);
#2186=EDGE_CURVE('',#2874,#2885,#3398,.T.);
#2187=EDGE_CURVE('',#2885,#2886,#3399,.T.);
#2188=EDGE_CURVE('',#2875,#2886,#3400,.T.);
#2189=EDGE_CURVE('',#2886,#2887,#212,.T.);
#2190=EDGE_CURVE('',#2876,#2887,#3401,.T.);
#2191=EDGE_CURVE('',#2887,#2888,#3402,.T.);
#2192=EDGE_CURVE('',#2877,#2888,#3403,.T.);
#2193=EDGE_CURVE('',#2888,#2889,#213,.T.);
#2194=EDGE_CURVE('',#2878,#2889,#3404,.T.);
#2195=EDGE_CURVE('',#2889,#2890,#3405,.T.);
#2196=EDGE_CURVE('',#2879,#2890,#3406,.T.);
#2197=EDGE_CURVE('',#2890,#2891,#214,.T.);
#2198=EDGE_CURVE('',#2880,#2891,#3407,.T.);
#2199=EDGE_CURVE('',#2891,#2892,#3408,.T.);
#2200=EDGE_CURVE('',#2881,#2892,#3409,.T.);
#2201=EDGE_CURVE('',#2892,#2893,#215,.T.);
#2202=EDGE_CURVE('',#2871,#2893,#3410,.T.);
#2203=EDGE_CURVE('',#2893,#2882,#3411,.T.);
#2204=EDGE_CURVE('',#2894,#2895,#3412,.T.);
#2205=EDGE_CURVE('',#2895,#2626,#3413,.T.);
#2206=EDGE_CURVE('',#2894,#2625,#3414,.T.);
#2207=EDGE_CURVE('',#2622,#2896,#3415,.T.);
#2208=EDGE_CURVE('',#2621,#2897,#3416,.T.);
#2209=EDGE_CURVE('',#2897,#2896,#3417,.T.);
#2210=EDGE_CURVE('',#2898,#2899,#3418,.T.);
#2211=EDGE_CURVE('',#2899,#2900,#3419,.T.);
#2212=EDGE_CURVE('',#2900,#2901,#3420,.T.);
#2213=EDGE_CURVE('',#2901,#2898,#3421,.T.);
#2214=EDGE_CURVE('',#2902,#2903,#3422,.T.);
#2215=EDGE_CURVE('',#2903,#2904,#3423,.T.);
#2216=EDGE_CURVE('',#2904,#2905,#3424,.T.);
#2217=EDGE_CURVE('',#2905,#2902,#3425,.T.);
#2218=EDGE_CURVE('',#2906,#2907,#3426,.T.);
#2219=EDGE_CURVE('',#2907,#2908,#3427,.T.);
#2220=EDGE_CURVE('',#2908,#2909,#3428,.T.);
#2221=EDGE_CURVE('',#2909,#2906,#3429,.T.);
#2222=EDGE_CURVE('',#2910,#2911,#3430,.T.);
#2223=EDGE_CURVE('',#2911,#2912,#3431,.T.);
#2224=EDGE_CURVE('',#2912,#2913,#3432,.T.);
#2225=EDGE_CURVE('',#2913,#2910,#3433,.T.);
#2226=EDGE_CURVE('',#2914,#2915,#3434,.T.);
#2227=EDGE_CURVE('',#2915,#2916,#3435,.T.);
#2228=EDGE_CURVE('',#2916,#2917,#3436,.T.);
#2229=EDGE_CURVE('',#2914,#2917,#3437,.T.);
#2230=EDGE_CURVE('',#2918,#2919,#3438,.T.);
#2231=EDGE_CURVE('',#2919,#2920,#3439,.T.);
#2232=EDGE_CURVE('',#2920,#2921,#3440,.T.);
#2233=EDGE_CURVE('',#2918,#2921,#3441,.T.);
#2234=EDGE_CURVE('',#2922,#2922,#216,.T.);
#2235=EDGE_CURVE('',#2923,#2923,#217,.T.);
#2236=EDGE_CURVE('',#2924,#2925,#3442,.T.);
#2237=EDGE_CURVE('',#2926,#2925,#3443,.T.);
#2238=EDGE_CURVE('',#2927,#2926,#3444,.T.);
#2239=EDGE_CURVE('',#2927,#2924,#3445,.T.);
#2240=EDGE_CURVE('',#2928,#2929,#3446,.T.);
#2241=EDGE_CURVE('',#2930,#2929,#3447,.T.);
#2242=EDGE_CURVE('',#2931,#2930,#3448,.T.);
#2243=EDGE_CURVE('',#2931,#2928,#3449,.T.);
#2244=EDGE_CURVE('',#2932,#2933,#3450,.T.);
#2245=EDGE_CURVE('',#2934,#2932,#3451,.T.);
#2246=EDGE_CURVE('',#2934,#2935,#3452,.T.);
#2247=EDGE_CURVE('',#2935,#2933,#3453,.T.);
#2248=EDGE_CURVE('',#2936,#2937,#3454,.T.);
#2249=EDGE_CURVE('',#2624,#2936,#3455,.T.);
#2250=EDGE_CURVE('',#2623,#2937,#3456,.T.);
#2251=EDGE_CURVE('',#2938,#2939,#3457,.T.);
#2252=EDGE_CURVE('',#2940,#2939,#3458,.T.);
#2253=EDGE_CURVE('',#2941,#2940,#3459,.T.);
#2254=EDGE_CURVE('',#2941,#2938,#3460,.T.);
#2255=EDGE_CURVE('',#2939,#2942,#3461,.T.);
#2256=EDGE_CURVE('',#2897,#2942,#3462,.T.);
#2257=EDGE_CURVE('',#2940,#2620,#3463,.T.);
#2258=EDGE_CURVE('',#2937,#2896,#3464,.T.);
#2259=EDGE_CURVE('',#2936,#2894,#3465,.T.);
#2260=EDGE_CURVE('',#2943,#2944,#3466,.T.);
#2261=EDGE_CURVE('',#2945,#2944,#3467,.T.);
#2262=EDGE_CURVE('',#2627,#2945,#3468,.T.);
#2263=EDGE_CURVE('',#2895,#2943,#3469,.T.);
#2264=EDGE_CURVE('',#2944,#2946,#3470,.T.);
#2265=EDGE_CURVE('',#2947,#2946,#3471,.T.);
#2266=EDGE_CURVE('',#2945,#2947,#3472,.T.);
#2267=EDGE_CURVE('',#2948,#2949,#3473,.T.);
#2268=EDGE_CURVE('',#2948,#2950,#3474,.T.);
#2269=EDGE_CURVE('',#2950,#2951,#3475,.T.);
#2270=EDGE_CURVE('',#2951,#2949,#3476,.T.);
#2271=EDGE_CURVE('',#2952,#2953,#3477,.T.);
#2272=EDGE_CURVE('',#2951,#2953,#3478,.T.);
#2273=EDGE_CURVE('',#2950,#2905,#3479,.T.);
#2274=EDGE_CURVE('',#2904,#2952,#3480,.T.);
#2275=EDGE_CURVE('',#2953,#2954,#3481,.T.);
#2276=EDGE_CURVE('',#2949,#2954,#3482,.T.);
#2277=EDGE_CURVE('',#2955,#2956,#3483,.T.);
#2278=EDGE_CURVE('',#2957,#2956,#3484,.T.);
#2279=EDGE_CURVE('',#2958,#2957,#3485,.T.);
#2280=EDGE_CURVE('',#2958,#2955,#3486,.T.);
#2281=EDGE_CURVE('',#2956,#2959,#3487,.T.);
#2282=EDGE_CURVE('',#2901,#2959,#3488,.T.);
#2283=EDGE_CURVE('',#2960,#2900,#3489,.T.);
#2284=EDGE_CURVE('',#2957,#2960,#3490,.T.);
#2285=EDGE_CURVE('',#2961,#2962,#3491,.T.);
#2286=EDGE_CURVE('',#2963,#2962,#3492,.T.);
#2287=EDGE_CURVE('',#2964,#2963,#3493,.T.);
#2288=EDGE_CURVE('',#2964,#2913,#3494,.T.);
#2289=EDGE_CURVE('',#2912,#2961,#3495,.T.);
#2290=EDGE_CURVE('',#2962,#2965,#3496,.T.);
#2291=EDGE_CURVE('',#2966,#2965,#3497,.T.);
#2292=EDGE_CURVE('',#2963,#2966,#3498,.T.);
#2293=EDGE_CURVE('',#2967,#2966,#3499,.T.);
#2294=EDGE_CURVE('',#2965,#2825,#3500,.T.);
#2295=EDGE_CURVE('',#2846,#2968,#3501,.T.);
#2296=EDGE_CURVE('',#2967,#2968,#3502,.T.);
#2297=EDGE_CURVE('',#2969,#2970,#3503,.T.);
#2298=EDGE_CURVE('',#2969,#2971,#3504,.T.);
#2299=EDGE_CURVE('',#2971,#2850,#3505,.T.);
#2300=EDGE_CURVE('',#2827,#2972,#3506,.T.);
#2301=EDGE_CURVE('',#2970,#2972,#3507,.T.);
#2302=EDGE_CURVE('',#2972,#2973,#3508,.T.);
#2303=EDGE_CURVE('',#2974,#2973,#3509,.T.);
#2304=EDGE_CURVE('',#2970,#2974,#3510,.T.);
#2305=EDGE_CURVE('',#2973,#2975,#3511,.T.);
#2306=EDGE_CURVE('',#2909,#2975,#3512,.T.);
#2307=EDGE_CURVE('',#2976,#2908,#3513,.T.);
#2308=EDGE_CURVE('',#2974,#2976,#3514,.T.);
#2309=EDGE_CURVE('',#2977,#2978,#3515,.T.);
#2310=EDGE_CURVE('',#2979,#2978,#3516,.T.);
#2311=EDGE_CURVE('',#2979,#2980,#3517,.T.);
#2312=EDGE_CURVE('',#2980,#2977,#3518,.T.);
#2313=EDGE_CURVE('',#2981,#2982,#3519,.T.);
#2314=EDGE_CURVE('',#2983,#2982,#3520,.T.);
#2315=EDGE_CURVE('',#2984,#2983,#3521,.T.);
#2316=EDGE_CURVE('',#2984,#2981,#3522,.T.);
#2317=EDGE_CURVE('',#2982,#2985,#3523,.T.);
#2318=EDGE_CURVE('',#2920,#2985,#3524,.T.);
#2319=EDGE_CURVE('',#2986,#2919,#3525,.T.);
#2320=EDGE_CURVE('',#2983,#2986,#3526,.T.);
#2321=EDGE_CURVE('',#2987,#2988,#3527,.T.);
#2322=EDGE_CURVE('',#2977,#2988,#3528,.T.);
#2323=EDGE_CURVE('',#2980,#2916,#3529,.T.);
#2324=EDGE_CURVE('',#2915,#2987,#3530,.T.);
#2325=EDGE_CURVE('',#2988,#2989,#3531,.T.);
#2326=EDGE_CURVE('',#2978,#2989,#3532,.T.);
#2327=EDGE_CURVE('',#2989,#2829,#3533,.T.);
#2328=EDGE_CURVE('',#2849,#2990,#3534,.T.);
#2329=EDGE_CURVE('',#2979,#2990,#3535,.T.);
#2330=EDGE_CURVE('',#2991,#2984,#3536,.T.);
#2331=EDGE_CURVE('',#2991,#2992,#3537,.T.);
#2332=EDGE_CURVE('',#2992,#2852,#3538,.T.);
#2333=EDGE_CURVE('',#2831,#2981,#3539,.T.);
#2334=EDGE_CURVE('',#2993,#2994,#3540,.T.);
#2335=EDGE_CURVE('',#2994,#2995,#3541,.T.);
#2336=EDGE_CURVE('',#2995,#2996,#3542,.T.);
#2337=EDGE_CURVE('',#2996,#2993,#3543,.T.);
#2338=EDGE_CURVE('',#2997,#2998,#3544,.T.);
#2339=EDGE_CURVE('',#2995,#2998,#3545,.T.);
#2340=EDGE_CURVE('',#2994,#2997,#3546,.T.);
#2341=EDGE_CURVE('',#2998,#2999,#3547,.T.);
#2342=EDGE_CURVE('',#2996,#2999,#3548,.T.);
#2343=EDGE_CURVE('',#2999,#3000,#3549,.T.);
#2344=EDGE_CURVE('',#2993,#3000,#3550,.T.);
#2345=EDGE_CURVE('',#3001,#3002,#3551,.T.);
#2346=EDGE_CURVE('',#3002,#3003,#3552,.T.);
#2347=EDGE_CURVE('',#3003,#3004,#3553,.T.);
#2348=EDGE_CURVE('',#3004,#3001,#3554,.T.);
#2349=EDGE_CURVE('',#3005,#3006,#3555,.T.);
#2350=EDGE_CURVE('',#3004,#3006,#3556,.T.);
#2351=EDGE_CURVE('',#3003,#3005,#3557,.T.);
#2352=EDGE_CURVE('',#3006,#3007,#3558,.T.);
#2353=EDGE_CURVE('',#3001,#3007,#3559,.T.);
#2354=EDGE_CURVE('',#3007,#3008,#3560,.T.);
#2355=EDGE_CURVE('',#3002,#3008,#3561,.T.);
#2356=EDGE_CURVE('',#3009,#3010,#122,.F.);
#2357=EDGE_CURVE('',#3011,#3009,#3562,.T.);
#2358=EDGE_CURVE('',#3012,#3011,#51,.T.);
#2359=EDGE_CURVE('',#3013,#3012,#218,.T.);
#2360=EDGE_CURVE('',#3010,#3013,#3563,.T.);
#2361=EDGE_CURVE('',#3014,#3015,#52,.T.);
#2362=EDGE_CURVE('',#3016,#3014,#3564,.T.);
#2363=EDGE_CURVE('',#3017,#3016,#123,.F.);
#2364=EDGE_CURVE('',#3018,#3017,#3565,.T.);
#2365=EDGE_CURVE('',#3015,#3018,#219,.T.);
#2366=EDGE_CURVE('',#3019,#3020,#124,.F.);
#2367=EDGE_CURVE('',#3021,#3019,#3566,.T.);
#2368=EDGE_CURVE('',#3022,#3021,#220,.T.);
#2369=EDGE_CURVE('',#3023,#3022,#53,.T.);
#2370=EDGE_CURVE('',#3020,#3023,#3567,.T.);
#2371=EDGE_CURVE('',#3024,#3025,#221,.T.);
#2372=EDGE_CURVE('',#3026,#3024,#3568,.T.);
#2373=EDGE_CURVE('',#3027,#3026,#125,.F.);
#2374=EDGE_CURVE('',#3028,#3027,#3569,.T.);
#2375=EDGE_CURVE('',#3025,#3028,#54,.T.);
#2376=EDGE_CURVE('',#3029,#3030,#126,.F.);
#2377=EDGE_CURVE('',#3031,#3029,#3570,.T.);
#2378=EDGE_CURVE('',#3032,#3031,#127,.F.);
#2379=EDGE_CURVE('',#3030,#3032,#3571,.T.);
#2380=EDGE_CURVE('',#3033,#3034,#128,.F.);
#2381=EDGE_CURVE('',#3035,#3033,#3572,.T.);
#2382=EDGE_CURVE('',#3036,#3035,#129,.F.);
#2383=EDGE_CURVE('',#3034,#3036,#3573,.T.);
#2384=EDGE_CURVE('',#2843,#3037,#3574,.T.);
#2385=EDGE_CURVE('',#3014,#3037,#3575,.T.);
#2386=EDGE_CURVE('',#2860,#3015,#3576,.T.);
#2387=EDGE_CURVE('',#2954,#2845,#3577,.T.);
#2388=EDGE_CURVE('',#3037,#2952,#3578,.T.);
#2389=EDGE_CURVE('',#2837,#3038,#3579,.T.);
#2390=EDGE_CURVE('',#2854,#3012,#3580,.T.);
#2391=EDGE_CURVE('',#3038,#3011,#3581,.T.);
#2392=EDGE_CURVE('',#3016,#2751,#222,.T.);
#2393=EDGE_CURVE('',#2932,#2903,#3582,.T.);
#2394=EDGE_CURVE('',#2933,#2898,#3583,.T.);
#2395=EDGE_CURVE('',#2959,#2943,#3584,.T.);
#2396=EDGE_CURVE('',#2942,#3038,#3585,.T.);
#2397=EDGE_CURVE('',#2760,#3009,#223,.T.);
#2398=EDGE_CURVE('',#3035,#2761,#224,.T.);
#2399=EDGE_CURVE('',#2750,#3033,#225,.T.);
#2400=EDGE_CURVE('',#3024,#2716,#3586,.T.);
#2401=EDGE_CURVE('',#3026,#2715,#3587,.T.);
#2402=EDGE_CURVE('',#2737,#2746,#3588,.T.);
#2403=EDGE_CURVE('',#2739,#2748,#3589,.T.);
#2404=EDGE_CURVE('',#3029,#2770,#3590,.T.);
#2405=EDGE_CURVE('',#3031,#2771,#3591,.T.);
#2406=EDGE_CURVE('',#2776,#2782,#3592,.T.);
#2407=EDGE_CURVE('',#2740,#3030,#226,.T.);
#2408=EDGE_CURVE('',#2738,#2749,#3593,.T.);
#2409=EDGE_CURVE('',#2788,#3034,#3594,.T.);
#2410=EDGE_CURVE('',#2736,#2747,#3595,.T.);
#2411=EDGE_CURVE('',#2727,#2756,#3596,.T.);
#2412=EDGE_CURVE('',#2729,#2758,#3597,.T.);
#2413=EDGE_CURVE('',#2777,#2783,#3598,.T.);
#2414=EDGE_CURVE('',#2789,#3036,#3599,.T.);
#2415=EDGE_CURVE('',#3032,#2730,#227,.T.);
#2416=EDGE_CURVE('',#2833,#3039,#3600,.T.);
#2417=EDGE_CURVE('',#3039,#2985,#3601,.T.);
#2418=EDGE_CURVE('',#2851,#3025,#3602,.T.);
#2419=EDGE_CURVE('',#3028,#3039,#3603,.T.);
#2420=EDGE_CURVE('',#3008,#2861,#3604,.T.);
#2421=EDGE_CURVE('',#2691,#3018,#3605,.T.);
#2422=EDGE_CURVE('',#2721,#2695,#3606,.T.);
#2423=EDGE_CURVE('',#2853,#3005,#3607,.T.);
#2424=EDGE_CURVE('',#2823,#3040,#3608,.T.);
#2425=EDGE_CURVE('',#3040,#3023,#3609,.T.);
#2426=EDGE_CURVE('',#2847,#3022,#3610,.T.);
#2427=EDGE_CURVE('',#2997,#2856,#3611,.T.);
#2428=EDGE_CURVE('',#2848,#3000,#3612,.T.);
#2429=EDGE_CURVE('',#3021,#2701,#3613,.T.);
#2430=EDGE_CURVE('',#2704,#2711,#3614,.T.);
#2431=EDGE_CURVE('',#2707,#3013,#3615,.T.);
#2432=EDGE_CURVE('',#2709,#3010,#3616,.T.);
#2433=EDGE_CURVE('',#2728,#2759,#3617,.T.);
#2434=EDGE_CURVE('',#2726,#2757,#3618,.T.);
#2435=EDGE_CURVE('',#2731,#3020,#228,.T.);
#2436=EDGE_CURVE('',#2961,#3040,#3619,.T.);
#2437=EDGE_CURVE('',#2929,#2911,#3620,.T.);
#2438=EDGE_CURVE('',#2928,#2906,#3621,.T.);
#2439=EDGE_CURVE('',#2987,#2975,#3622,.T.);
#2440=EDGE_CURVE('',#2925,#2914,#3623,.T.);
#2441=EDGE_CURVE('',#2924,#2921,#3624,.T.);
#2442=EDGE_CURVE('',#3027,#2741,#229,.T.);
#2443=EDGE_CURVE('',#2835,#2938,#3625,.T.);
#2444=EDGE_CURVE('',#2839,#2955,#3626,.T.);
#2445=EDGE_CURVE('',#2946,#2841,#3627,.T.);
#2446=EDGE_CURVE('',#2628,#2947,#3628,.T.);
#2447=EDGE_CURVE('',#2967,#2964,#3629,.T.);
#2448=EDGE_CURVE('',#2927,#2918,#3630,.T.);
#2449=EDGE_CURVE('',#2926,#2917,#3631,.T.);
#2450=EDGE_CURVE('',#2931,#2907,#3632,.T.);
#2451=EDGE_CURVE('',#2930,#2910,#3633,.T.);
#2452=EDGE_CURVE('',#2935,#2899,#3634,.T.);
#2453=EDGE_CURVE('',#2934,#2902,#3635,.T.);
#2454=EDGE_CURVE('',#2703,#2712,#3636,.T.);
#2455=EDGE_CURVE('',#3019,#2699,#3637,.T.);
#2456=EDGE_CURVE('',#2719,#2697,#3638,.T.);
#2457=EDGE_CURVE('',#2692,#3017,#3639,.T.);
#2458=EDGE_CURVE('',#2976,#2969,#3640,.T.);
#2459=EDGE_CURVE('',#2986,#2991,#3641,.T.);
#2460=EDGE_CURVE('',#2618,#2941,#3642,.T.);
#2461=EDGE_CURVE('',#3041,#2958,#3643,.T.);
#2462=EDGE_CURVE('',#2960,#3041,#3644,.T.);
#2463=EDGE_CURVE('',#2642,#2636,#230,.T.);
#2464=EDGE_CURVE('',#2643,#2637,#231,.T.);
#2465=EDGE_CURVE('',#2688,#2687,#232,.T.);
#2466=EDGE_CURVE('',#2658,#2652,#233,.T.);
#2467=EDGE_CURVE('',#2659,#2653,#234,.T.);
#2468=EDGE_CURVE('',#2676,#2675,#235,.T.);
#2469=EDGE_CURVE('',#2859,#3042,#3645,.T.);
#2470=EDGE_CURVE('',#2948,#3042,#3646,.T.);
#2471=EDGE_CURVE('',#3041,#3043,#3647,.T.);
#2472=EDGE_CURVE('',#3043,#2858,#3648,.T.);
#2473=EDGE_CURVE('',#3042,#3043,#3649,.T.);
#2474=EDGE_CURVE('',#2857,#2629,#3650,.T.);
#2475=EDGE_CURVE('',#2619,#2855,#3651,.T.);
#2476=EDGE_CURVE('',#2992,#2990,#3652,.T.);
#2477=EDGE_CURVE('',#2971,#2968,#3653,.T.);
#2478=EDGE_CURVE('',#3044,#3045,#3654,.T.);
#2479=EDGE_CURVE('',#3044,#3046,#3655,.T.);
#2480=EDGE_CURVE('',#3046,#3047,#3656,.T.);
#2481=EDGE_CURVE('',#3045,#3047,#3657,.T.);
#2482=EDGE_CURVE('',#3048,#3049,#3658,.T.);
#2483=EDGE_CURVE('',#3050,#3049,#3659,.T.);
#2484=EDGE_CURVE('',#3051,#3050,#3660,.T.);
#2485=EDGE_CURVE('',#3048,#3051,#3661,.T.);
#2486=EDGE_CURVE('',#3052,#3053,#236,.T.);
#2487=EDGE_CURVE('',#3054,#3052,#3662,.T.);
#2488=EDGE_CURVE('',#3054,#3055,#237,.T.);
#2489=EDGE_CURVE('',#3055,#3053,#3663,.T.);
#2490=EDGE_CURVE('',#3056,#3052,#3664,.T.);
#2491=EDGE_CURVE('',#3057,#3056,#238,.T.);
#2492=EDGE_CURVE('',#3058,#3057,#3665,.T.);
#2493=EDGE_CURVE('',#3059,#3058,#3666,.T.);
#2494=EDGE_CURVE('',#3059,#3060,#3667,.T.);
#2495=EDGE_CURVE('',#3061,#3060,#239,.T.);
#2496=EDGE_CURVE('',#3061,#3062,#240,.T.);
#2497=EDGE_CURVE('',#3062,#3063,#241,.T.);
#2498=EDGE_CURVE('',#3063,#3054,#3668,.T.);
#2499=EDGE_CURVE('',#3053,#3064,#3669,.T.);
#2500=EDGE_CURVE('',#3055,#3065,#3670,.T.);
#2501=EDGE_CURVE('',#3066,#3065,#242,.T.);
#2502=EDGE_CURVE('',#3066,#3067,#3671,.T.);
#2503=EDGE_CURVE('',#3067,#3068,#3672,.T.);
#2504=EDGE_CURVE('',#3069,#3068,#3673,.T.);
#2505=EDGE_CURVE('',#3070,#3069,#243,.T.);
#2506=EDGE_CURVE('',#3070,#3071,#244,.T.);
#2507=EDGE_CURVE('',#3071,#3064,#245,.T.);
#2508=EDGE_CURVE('',#3047,#3063,#3674,.T.);
#2509=EDGE_CURVE('',#3065,#3046,#3675,.T.);
#2510=EDGE_CURVE('',#3064,#3044,#3676,.T.);
#2511=EDGE_CURVE('',#3045,#3056,#3677,.T.);
#2512=EDGE_CURVE('',#3072,#3061,#3678,.T.);
#2513=EDGE_CURVE('',#3072,#3073,#246,.T.);
#2514=EDGE_CURVE('',#3073,#3062,#3679,.T.);
#2515=EDGE_CURVE('',#3048,#3060,#3680,.T.);
#2516=EDGE_CURVE('',#3072,#3048,#247,.T.);
#2517=EDGE_CURVE('',#3051,#3045,#248,.T.);
#2518=EDGE_CURVE('',#3051,#3057,#3681,.T.);
#2519=EDGE_CURVE('',#3073,#3047,#249,.T.);
#2520=EDGE_CURVE('',#3074,#3074,#250,.T.);
#2521=EDGE_CURVE('',#3075,#3076,#3682,.T.);
#2522=EDGE_CURVE('',#3067,#3075,#3683,.T.);
#2523=EDGE_CURVE('',#3049,#3066,#3684,.T.);
#2524=EDGE_CURVE('',#3077,#3059,#3685,.T.);
#2525=EDGE_CURVE('',#3077,#3078,#3686,.T.);
#2526=EDGE_CURVE('',#3078,#3076,#3687,.T.);
#2527=EDGE_CURVE('',#3076,#3079,#3688,.T.);
#2528=EDGE_CURVE('',#3078,#3080,#3689,.T.);
#2529=EDGE_CURVE('',#3080,#3079,#3690,.T.);
#2530=EDGE_CURVE('',#3081,#3080,#3691,.T.);
#2531=EDGE_CURVE('',#3081,#3077,#3692,.T.);
#2532=EDGE_CURVE('',#3082,#3079,#3693,.T.);
#2533=EDGE_CURVE('',#3075,#3082,#3694,.T.);
#2534=EDGE_CURVE('',#3083,#3083,#251,.T.);
#2535=EDGE_CURVE('',#3084,#3084,#252,.T.);
#2536=EDGE_CURVE('',#3085,#3085,#253,.T.);
#2537=EDGE_CURVE('',#3086,#3070,#3695,.T.);
#2538=EDGE_CURVE('',#3086,#3087,#254,.T.);
#2539=EDGE_CURVE('',#3087,#3071,#3696,.T.);
#2540=EDGE_CURVE('',#3050,#3069,#3697,.T.);
#2541=EDGE_CURVE('',#3086,#3050,#255,.T.);
#2542=EDGE_CURVE('',#3049,#3046,#256,.T.);
#2543=EDGE_CURVE('',#3087,#3044,#257,.T.);
#2544=EDGE_CURVE('',#3068,#3082,#3698,.T.);
#2545=EDGE_CURVE('',#3081,#3058,#3699,.T.);
#2546=EDGE_CURVE('',#3088,#3089,#3700,.T.);
#2547=EDGE_CURVE('',#3090,#3089,#3701,.T.);
#2548=EDGE_CURVE('',#3091,#3090,#3702,.T.);
#2549=EDGE_CURVE('',#3091,#3088,#3703,.T.);
#2550=EDGE_CURVE('',#3092,#3093,#3704,.T.);
#2551=EDGE_CURVE('',#3093,#3094,#3705,.T.);
#2552=EDGE_CURVE('',#3095,#3094,#3706,.T.);
#2553=EDGE_CURVE('',#3092,#3095,#3707,.T.);
#2554=EDGE_CURVE('',#3093,#3096,#3708,.T.);
#2555=EDGE_CURVE('',#3097,#3096,#3709,.T.);
#2556=EDGE_CURVE('',#3089,#3097,#3710,.T.);
#2557=EDGE_CURVE('',#3098,#3088,#3711,.T.);
#2558=EDGE_CURVE('',#3099,#3098,#3712,.T.);
#2559=EDGE_CURVE('',#3100,#3099,#3713,.T.);
#2560=EDGE_CURVE('',#3094,#3100,#3714,.T.);
#2561=EDGE_CURVE('',#3101,#3102,#3715,.T.);
#2562=EDGE_CURVE('',#3102,#3103,#130,.T.);
#2563=EDGE_CURVE('',#3103,#3104,#131,.T.);
#2564=EDGE_CURVE('',#3101,#3104,#132,.T.);
#2565=EDGE_CURVE('',#3098,#3105,#133,.T.);
#2566=EDGE_CURVE('',#3105,#3106,#134,.T.);
#2567=EDGE_CURVE('',#3107,#3106,#135,.T.);
#2568=EDGE_CURVE('',#3108,#3107,#136,.T.);
#2569=EDGE_CURVE('',#3099,#3108,#137,.T.);
#2570=EDGE_CURVE('',#3103,#3107,#138,.T.);
#2571=EDGE_CURVE('',#3108,#3102,#139,.T.);
#2572=EDGE_CURVE('',#3109,#3103,#140,.T.);
#2573=EDGE_CURVE('',#3109,#3110,#3716,.T.);
#2574=EDGE_CURVE('',#3110,#3111,#258,.T.);
#2575=EDGE_CURVE('',#3111,#3104,#3717,.T.);
#2576=EDGE_CURVE('',#3112,#3113,#3718,.T.);
#2577=EDGE_CURVE('',#3106,#3112,#141,.T.);
#2578=EDGE_CURVE('',#3114,#3105,#3719,.T.);
#2579=EDGE_CURVE('',#3113,#3114,#259,.T.);
#2580=EDGE_CURVE('',#3111,#3114,#3720,.T.);
#2581=EDGE_CURVE('',#3110,#3113,#3721,.T.);
#2582=EDGE_CURVE('',#3107,#3108,#142,.T.);
#2583=EDGE_CURVE('',#3102,#3115,#3722,.T.);
#2584=EDGE_CURVE('',#3109,#3115,#143,.T.);
#2585=EDGE_CURVE('',#3112,#3100,#144,.T.);
#2586=EDGE_CURVE('',#3106,#3099,#145,.T.);
#2587=EDGE_CURVE('',#3092,#3116,#3723,.T.);
#2588=EDGE_CURVE('',#3116,#3117,#260,.T.);
#2589=EDGE_CURVE('',#3117,#3118,#3724,.T.);
#2590=EDGE_CURVE('',#3118,#3119,#261,.T.);
#2591=EDGE_CURVE('',#3119,#3120,#3725,.T.);
#2592=EDGE_CURVE('',#3120,#3121,#3726,.T.);
#2593=EDGE_CURVE('',#3122,#3121,#3727,.T.);
#2594=EDGE_CURVE('',#3123,#3122,#262,.T.);
#2595=EDGE_CURVE('',#3124,#3123,#3728,.T.);
#2596=EDGE_CURVE('',#3096,#3124,#263,.T.);
#2597=EDGE_CURVE('',#3125,#3126,#3729,.T.);
#2598=EDGE_CURVE('',#3127,#3126,#3730,.T.);
#2599=EDGE_CURVE('',#3128,#3127,#3731,.T.);
#2600=EDGE_CURVE('',#3129,#3128,#264,.T.);
#2601=EDGE_CURVE('',#3130,#3129,#3732,.T.);
#2602=EDGE_CURVE('',#3131,#3130,#265,.T.);
#2603=EDGE_CURVE('',#3090,#3131,#3733,.T.);
#2604=EDGE_CURVE('',#3097,#3132,#266,.T.);
#2605=EDGE_CURVE('',#3132,#3133,#3734,.T.);
#2606=EDGE_CURVE('',#3133,#3125,#267,.T.);
#2607=EDGE_CURVE('',#3125,#3122,#3735,.T.);
#2608=EDGE_CURVE('',#3133,#3123,#3736,.T.);
#2609=EDGE_CURVE('',#3132,#3124,#3737,.T.);
#2610=EDGE_CURVE('',#3131,#3116,#3738,.T.);
#2611=EDGE_CURVE('',#3130,#3117,#3739,.T.);
#2612=EDGE_CURVE('',#3129,#3118,#3740,.T.);
#2613=EDGE_CURVE('',#3128,#3119,#3741,.T.);
#2614=EDGE_CURVE('',#3127,#3120,#3742,.T.);
#2615=EDGE_CURVE('',#3126,#3121,#3743,.T.);
#2616=EDGE_CURVE('',#3101,#3091,#3744,.T.);
#2617=EDGE_CURVE('',#3095,#3115,#3745,.T.);
#2618=VERTEX_POINT('',#8976);
#2619=VERTEX_POINT('',#8977);
#2620=VERTEX_POINT('',#8979);
#2621=VERTEX_POINT('',#8981);
#2622=VERTEX_POINT('',#8983);
#2623=VERTEX_POINT('',#8985);
#2624=VERTEX_POINT('',#8987);
#2625=VERTEX_POINT('',#8989);
#2626=VERTEX_POINT('',#8991);
#2627=VERTEX_POINT('',#8993);
#2628=VERTEX_POINT('',#8995);
#2629=VERTEX_POINT('',#8997);
#2630=VERTEX_POINT('',#9001);
#2631=VERTEX_POINT('',#9003);
#2632=VERTEX_POINT('',#9006);
#2633=VERTEX_POINT('',#9008);
#2634=VERTEX_POINT('',#9011);
#2635=VERTEX_POINT('',#9012);
#2636=VERTEX_POINT('',#9014);
#2637=VERTEX_POINT('',#9016);
#2638=VERTEX_POINT('',#9024);
#2639=VERTEX_POINT('',#9025);
#2640=VERTEX_POINT('',#9027);
#2641=VERTEX_POINT('',#9029);
#2642=VERTEX_POINT('',#9037);
#2643=VERTEX_POINT('',#9038);
#2644=VERTEX_POINT('',#9040);
#2645=VERTEX_POINT('',#9042);
#2646=VERTEX_POINT('',#9050);
#2647=VERTEX_POINT('',#9051);
#2648=VERTEX_POINT('',#9053);
#2649=VERTEX_POINT('',#9055);
#2650=VERTEX_POINT('',#9063);
#2651=VERTEX_POINT('',#9064);
#2652=VERTEX_POINT('',#9066);
#2653=VERTEX_POINT('',#9068);
#2654=VERTEX_POINT('',#9076);
#2655=VERTEX_POINT('',#9077);
#2656=VERTEX_POINT('',#9079);
#2657=VERTEX_POINT('',#9081);
#2658=VERTEX_POINT('',#9089);
#2659=VERTEX_POINT('',#9090);
#2660=VERTEX_POINT('',#9092);
#2661=VERTEX_POINT('',#9094);
#2662=VERTEX_POINT('',#9102);
#2663=VERTEX_POINT('',#9103);
#2664=VERTEX_POINT('',#9105);
#2665=VERTEX_POINT('',#9107);
#2666=VERTEX_POINT('',#9115);
#2667=VERTEX_POINT('',#9116);
#2668=VERTEX_POINT('',#9118);
#2669=VERTEX_POINT('',#9120);
#2670=VERTEX_POINT('',#9128);
#2671=VERTEX_POINT('',#9130);
#2672=VERTEX_POINT('',#9133);
#2673=VERTEX_POINT('',#9139);
#2674=VERTEX_POINT('',#9143);
#2675=VERTEX_POINT('',#9148);
#2676=VERTEX_POINT('',#9150);
#2677=VERTEX_POINT('',#9157);
#2678=VERTEX_POINT('',#9162);
#2679=VERTEX_POINT('',#9163);
#2680=VERTEX_POINT('',#9165);
#2681=VERTEX_POINT('',#9167);
#2682=VERTEX_POINT('',#9175);
#2683=VERTEX_POINT('',#9177);
#2684=VERTEX_POINT('',#9180);
#2685=VERTEX_POINT('',#9186);
#2686=VERTEX_POINT('',#9190);
#2687=VERTEX_POINT('',#9195);
#2688=VERTEX_POINT('',#9197);
#2689=VERTEX_POINT('',#9204);
#2690=VERTEX_POINT('',#9229);
#2691=VERTEX_POINT('',#9230);
#2692=VERTEX_POINT('',#9232);
#2693=VERTEX_POINT('',#9234);
#2694=VERTEX_POINT('',#9238);
#2695=VERTEX_POINT('',#9239);
#2696=VERTEX_POINT('',#9241);
#2697=VERTEX_POINT('',#9243);
#2698=VERTEX_POINT('',#9252);
#2699=VERTEX_POINT('',#9253);
#2700=VERTEX_POINT('',#9255);
#2701=VERTEX_POINT('',#9257);
#2702=VERTEX_POINT('',#9261);
#2703=VERTEX_POINT('',#9262);
#2704=VERTEX_POINT('',#9264);
#2705=VERTEX_POINT('',#9266);
#2706=VERTEX_POINT('',#9275);
#2707=VERTEX_POINT('',#9276);
#2708=VERTEX_POINT('',#9278);
#2709=VERTEX_POINT('',#9280);
#2710=VERTEX_POINT('',#9284);
#2711=VERTEX_POINT('',#9285);
#2712=VERTEX_POINT('',#9287);
#2713=VERTEX_POINT('',#9289);
#2714=VERTEX_POINT('',#9298);
#2715=VERTEX_POINT('',#9299);
#2716=VERTEX_POINT('',#9301);
#2717=VERTEX_POINT('',#9303);
#2718=VERTEX_POINT('',#9307);
#2719=VERTEX_POINT('',#9308);
#2720=VERTEX_POINT('',#9310);
#2721=VERTEX_POINT('',#9312);
#2722=VERTEX_POINT('',#9321);
#2723=VERTEX_POINT('',#9322);
#2724=VERTEX_POINT('',#9324);
#2725=VERTEX_POINT('',#9326);
#2726=VERTEX_POINT('',#9330);
#2727=VERTEX_POINT('',#9331);
#2728=VERTEX_POINT('',#9333);
#2729=VERTEX_POINT('',#9336);
#2730=VERTEX_POINT('',#9340);
#2731=VERTEX_POINT('',#9344);
#2732=VERTEX_POINT('',#9348);
#2733=VERTEX_POINT('',#9349);
#2734=VERTEX_POINT('',#9351);
#2735=VERTEX_POINT('',#9353);
#2736=VERTEX_POINT('',#9357);
#2737=VERTEX_POINT('',#9358);
#2738=VERTEX_POINT('',#9360);
#2739=VERTEX_POINT('',#9363);
#2740=VERTEX_POINT('',#9367);
#2741=VERTEX_POINT('',#9371);
#2742=VERTEX_POINT('',#9375);
#2743=VERTEX_POINT('',#9376);
#2744=VERTEX_POINT('',#9378);
#2745=VERTEX_POINT('',#9380);
#2746=VERTEX_POINT('',#9384);
#2747=VERTEX_POINT('',#9385);
#2748=VERTEX_POINT('',#9387);
#2749=VERTEX_POINT('',#9390);
#2750=VERTEX_POINT('',#9394);
#2751=VERTEX_POINT('',#9398);
#2752=VERTEX_POINT('',#9402);
#2753=VERTEX_POINT('',#9403);
#2754=VERTEX_POINT('',#9405);
#2755=VERTEX_POINT('',#9407);
#2756=VERTEX_POINT('',#9411);
#2757=VERTEX_POINT('',#9412);
#2758=VERTEX_POINT('',#9414);
#2759=VERTEX_POINT('',#9417);
#2760=VERTEX_POINT('',#9421);
#2761=VERTEX_POINT('',#9425);
#2762=VERTEX_POINT('',#9429);
#2763=VERTEX_POINT('',#9431);
#2764=VERTEX_POINT('',#9434);
#2765=VERTEX_POINT('',#9436);
#2766=VERTEX_POINT('',#9439);
#2767=VERTEX_POINT('',#9440);
#2768=VERTEX_POINT('',#9442);
#2769=VERTEX_POINT('',#9444);
#2770=VERTEX_POINT('',#9448);
#2771=VERTEX_POINT('',#9449);
#2772=VERTEX_POINT('',#9451);
#2773=VERTEX_POINT('',#9454);
#2774=VERTEX_POINT('',#9458);
#2775=VERTEX_POINT('',#9460);
#2776=VERTEX_POINT('',#9462);
#2777=VERTEX_POINT('',#9464);
#2778=VERTEX_POINT('',#9472);
#2779=VERTEX_POINT('',#9473);
#2780=VERTEX_POINT('',#9475);
#2781=VERTEX_POINT('',#9477);
#2782=VERTEX_POINT('',#9481);
#2783=VERTEX_POINT('',#9482);
#2784=VERTEX_POINT('',#9484);
#2785=VERTEX_POINT('',#9487);
#2786=VERTEX_POINT('',#9491);
#2787=VERTEX_POINT('',#9493);
#2788=VERTEX_POINT('',#9495);
#2789=VERTEX_POINT('',#9497);
#2790=VERTEX_POINT('',#9505);
#2791=VERTEX_POINT('',#9506);
#2792=VERTEX_POINT('',#9508);
#2793=VERTEX_POINT('',#9510);
#2794=VERTEX_POINT('',#9514);
#2795=VERTEX_POINT('',#9515);
#2796=VERTEX_POINT('',#9520);
#2797=VERTEX_POINT('',#9524);
#2798=VERTEX_POINT('',#9530);
#2799=VERTEX_POINT('',#9531);
#2800=VERTEX_POINT('',#9533);
#2801=VERTEX_POINT('',#9535);
#2802=VERTEX_POINT('',#9537);
#2803=VERTEX_POINT('',#9539);
#2804=VERTEX_POINT('',#9541);
#2805=VERTEX_POINT('',#9543);
#2806=VERTEX_POINT('',#9545);
#2807=VERTEX_POINT('',#9547);
#2808=VERTEX_POINT('',#9549);
#2809=VERTEX_POINT('',#9551);
#2810=VERTEX_POINT('',#9555);
#2811=VERTEX_POINT('',#9556);
#2812=VERTEX_POINT('',#9561);
#2813=VERTEX_POINT('',#9565);
#2814=VERTEX_POINT('',#9569);
#2815=VERTEX_POINT('',#9573);
#2816=VERTEX_POINT('',#9577);
#2817=VERTEX_POINT('',#9581);
#2818=VERTEX_POINT('',#9585);
#2819=VERTEX_POINT('',#9589);
#2820=VERTEX_POINT('',#9593);
#2821=VERTEX_POINT('',#9597);
#2822=VERTEX_POINT('',#9606);
#2823=VERTEX_POINT('',#9607);
#2824=VERTEX_POINT('',#9609);
#2825=VERTEX_POINT('',#9611);
#2826=VERTEX_POINT('',#9615);
#2827=VERTEX_POINT('',#9616);
#2828=VERTEX_POINT('',#9618);
#2829=VERTEX_POINT('',#9620);
#2830=VERTEX_POINT('',#9624);
#2831=VERTEX_POINT('',#9625);
#2832=VERTEX_POINT('',#9627);
#2833=VERTEX_POINT('',#9632);
#2834=VERTEX_POINT('',#9636);
#2835=VERTEX_POINT('',#9637);
#2836=VERTEX_POINT('',#9639);
#2837=VERTEX_POINT('',#9644);
#2838=VERTEX_POINT('',#9648);
#2839=VERTEX_POINT('',#9649);
#2840=VERTEX_POINT('',#9651);
#2841=VERTEX_POINT('',#9653);
#2842=VERTEX_POINT('',#9660);
#2843=VERTEX_POINT('',#9661);
#2844=VERTEX_POINT('',#9663);
#2845=VERTEX_POINT('',#9665);
#2846=VERTEX_POINT('',#9669);
#2847=VERTEX_POINT('',#9671);
#2848=VERTEX_POINT('',#9673);
#2849=VERTEX_POINT('',#9677);
#2850=VERTEX_POINT('',#9679);
#2851=VERTEX_POINT('',#9683);
#2852=VERTEX_POINT('',#9685);
#2853=VERTEX_POINT('',#9687);
#2854=VERTEX_POINT('',#9691);
#2855=VERTEX_POINT('',#9693);
#2856=VERTEX_POINT('',#9695);
#2857=VERTEX_POINT('',#9699);
#2858=VERTEX_POINT('',#9701);
#2859=VERTEX_POINT('',#9705);
#2860=VERTEX_POINT('',#9707);
#2861=VERTEX_POINT('',#9709);
#2862=VERTEX_POINT('',#9713);
#2863=VERTEX_POINT('',#9714);
#2864=VERTEX_POINT('',#9716);
#2865=VERTEX_POINT('',#9718);
#2866=VERTEX_POINT('',#9722);
#2867=VERTEX_POINT('',#9723);
#2868=VERTEX_POINT('',#9728);
#2869=VERTEX_POINT('',#9732);
#2870=VERTEX_POINT('',#9738);
#2871=VERTEX_POINT('',#9739);
#2872=VERTEX_POINT('',#9741);
#2873=VERTEX_POINT('',#9743);
#2874=VERTEX_POINT('',#9745);
#2875=VERTEX_POINT('',#9747);
#2876=VERTEX_POINT('',#9749);
#2877=VERTEX_POINT('',#9751);
#2878=VERTEX_POINT('',#9753);
#2879=VERTEX_POINT('',#9755);
#2880=VERTEX_POINT('',#9757);
#2881=VERTEX_POINT('',#9759);
#2882=VERTEX_POINT('',#9763);
#2883=VERTEX_POINT('',#9764);
#2884=VERTEX_POINT('',#9769);
#2885=VERTEX_POINT('',#9773);
#2886=VERTEX_POINT('',#9777);
#2887=VERTEX_POINT('',#9781);
#2888=VERTEX_POINT('',#9785);
#2889=VERTEX_POINT('',#9789);
#2890=VERTEX_POINT('',#9793);
#2891=VERTEX_POINT('',#9797);
#2892=VERTEX_POINT('',#9801);
#2893=VERTEX_POINT('',#9805);
#2894=VERTEX_POINT('',#9811);
#2895=VERTEX_POINT('',#9812);
#2896=VERTEX_POINT('',#9817);
#2897=VERTEX_POINT('',#9819);
#2898=VERTEX_POINT('',#9823);
#2899=VERTEX_POINT('',#9824);
#2900=VERTEX_POINT('',#9826);
#2901=VERTEX_POINT('',#9828);
#2902=VERTEX_POINT('',#9832);
#2903=VERTEX_POINT('',#9833);
#2904=VERTEX_POINT('',#9835);
#2905=VERTEX_POINT('',#9837);
#2906=VERTEX_POINT('',#9841);
#2907=VERTEX_POINT('',#9842);
#2908=VERTEX_POINT('',#9844);
#2909=VERTEX_POINT('',#9846);
#2910=VERTEX_POINT('',#9850);
#2911=VERTEX_POINT('',#9851);
#2912=VERTEX_POINT('',#9853);
#2913=VERTEX_POINT('',#9855);
#2914=VERTEX_POINT('',#9859);
#2915=VERTEX_POINT('',#9860);
#2916=VERTEX_POINT('',#9862);
#2917=VERTEX_POINT('',#9864);
#2918=VERTEX_POINT('',#9868);
#2919=VERTEX_POINT('',#9869);
#2920=VERTEX_POINT('',#9871);
#2921=VERTEX_POINT('',#9873);
#2922=VERTEX_POINT('',#9877);
#2923=VERTEX_POINT('',#9880);
#2924=VERTEX_POINT('',#9883);
#2925=VERTEX_POINT('',#9884);
#2926=VERTEX_POINT('',#9886);
#2927=VERTEX_POINT('',#9888);
#2928=VERTEX_POINT('',#9892);
#2929=VERTEX_POINT('',#9893);
#2930=VERTEX_POINT('',#9895);
#2931=VERTEX_POINT('',#9897);
#2932=VERTEX_POINT('',#9901);
#2933=VERTEX_POINT('',#9902);
#2934=VERTEX_POINT('',#9904);
#2935=VERTEX_POINT('',#9906);
#2936=VERTEX_POINT('',#9910);
#2937=VERTEX_POINT('',#9911);
#2938=VERTEX_POINT('',#9916);
#2939=VERTEX_POINT('',#9917);
#2940=VERTEX_POINT('',#9919);
#2941=VERTEX_POINT('',#9921);
#2942=VERTEX_POINT('',#9925);
#2943=VERTEX_POINT('',#9934);
#2944=VERTEX_POINT('',#9935);
#2945=VERTEX_POINT('',#9937);
#2946=VERTEX_POINT('',#9942);
#2947=VERTEX_POINT('',#9944);
#2948=VERTEX_POINT('',#9948);
#2949=VERTEX_POINT('',#9949);
#2950=VERTEX_POINT('',#9951);
#2951=VERTEX_POINT('',#9953);
#2952=VERTEX_POINT('',#9957);
#2953=VERTEX_POINT('',#9958);
#2954=VERTEX_POINT('',#9964);
#2955=VERTEX_POINT('',#9968);
#2956=VERTEX_POINT('',#9969);
#2957=VERTEX_POINT('',#9971);
#2958=VERTEX_POINT('',#9973);
#2959=VERTEX_POINT('',#9977);
#2960=VERTEX_POINT('',#9980);
#2961=VERTEX_POINT('',#9984);
#2962=VERTEX_POINT('',#9985);
#2963=VERTEX_POINT('',#9987);
#2964=VERTEX_POINT('',#9989);
#2965=VERTEX_POINT('',#9994);
#2966=VERTEX_POINT('',#9996);
#2967=VERTEX_POINT('',#10000);
#2968=VERTEX_POINT('',#10003);
#2969=VERTEX_POINT('',#10007);
#2970=VERTEX_POINT('',#10008);
#2971=VERTEX_POINT('',#10010);
#2972=VERTEX_POINT('',#10013);
#2973=VERTEX_POINT('',#10017);
#2974=VERTEX_POINT('',#10019);
#2975=VERTEX_POINT('',#10023);
#2976=VERTEX_POINT('',#10026);
#2977=VERTEX_POINT('',#10030);
#2978=VERTEX_POINT('',#10031);
#2979=VERTEX_POINT('',#10033);
#2980=VERTEX_POINT('',#10035);
#2981=VERTEX_POINT('',#10039);
#2982=VERTEX_POINT('',#10040);
#2983=VERTEX_POINT('',#10042);
#2984=VERTEX_POINT('',#10044);
#2985=VERTEX_POINT('',#10048);
#2986=VERTEX_POINT('',#10051);
#2987=VERTEX_POINT('',#10055);
#2988=VERTEX_POINT('',#10056);
#2989=VERTEX_POINT('',#10062);
#2990=VERTEX_POINT('',#10067);
#2991=VERTEX_POINT('',#10071);
#2992=VERTEX_POINT('',#10073);
#2993=VERTEX_POINT('',#10078);
#2994=VERTEX_POINT('',#10079);
#2995=VERTEX_POINT('',#10081);
#2996=VERTEX_POINT('',#10083);
#2997=VERTEX_POINT('',#10087);
#2998=VERTEX_POINT('',#10088);
#2999=VERTEX_POINT('',#10093);
#3000=VERTEX_POINT('',#10097);
#3001=VERTEX_POINT('',#10101);
#3002=VERTEX_POINT('',#10102);
#3003=VERTEX_POINT('',#10104);
#3004=VERTEX_POINT('',#10106);
#3005=VERTEX_POINT('',#10110);
#3006=VERTEX_POINT('',#10111);
#3007=VERTEX_POINT('',#10116);
#3008=VERTEX_POINT('',#10120);
#3009=VERTEX_POINT('',#10133);
#3010=VERTEX_POINT('',#10134);
#3011=VERTEX_POINT('',#10136);
#3012=VERTEX_POINT('',#10141);
#3013=VERTEX_POINT('',#10143);
#3014=VERTEX_POINT('',#10150);
#3015=VERTEX_POINT('',#10151);
#3016=VERTEX_POINT('',#10153);
#3017=VERTEX_POINT('',#10166);
#3018=VERTEX_POINT('',#10168);
#3019=VERTEX_POINT('',#10183);
#3020=VERTEX_POINT('',#10184);
#3021=VERTEX_POINT('',#10186);
#3022=VERTEX_POINT('',#10188);
#3023=VERTEX_POINT('',#10193);
#3024=VERTEX_POINT('',#10197);
#3025=VERTEX_POINT('',#10198);
#3026=VERTEX_POINT('',#10200);
#3027=VERTEX_POINT('',#10211);
#3028=VERTEX_POINT('',#10213);
#3029=VERTEX_POINT('',#10231);
#3030=VERTEX_POINT('',#10232);
#3031=VERTEX_POINT('',#10234);
#3032=VERTEX_POINT('',#10245);
#3033=VERTEX_POINT('',#10258);
#3034=VERTEX_POINT('',#10259);
#3035=VERTEX_POINT('',#10261);
#3036=VERTEX_POINT('',#10274);
#3037=VERTEX_POINT('',#10278);
#3038=VERTEX_POINT('',#10286);
#3039=VERTEX_POINT('',#10323);
#3040=VERTEX_POINT('',#10335);
#3041=VERTEX_POINT('',#10397);
#3042=VERTEX_POINT('',#10419);
#3043=VERTEX_POINT('',#10423);
#3044=VERTEX_POINT('',#10439);
#3045=VERTEX_POINT('',#10440);
#3046=VERTEX_POINT('',#10442);
#3047=VERTEX_POINT('',#10444);
#3048=VERTEX_POINT('',#10448);
#3049=VERTEX_POINT('',#10449);
#3050=VERTEX_POINT('',#10451);
#3051=VERTEX_POINT('',#10453);
#3052=VERTEX_POINT('',#10457);
#3053=VERTEX_POINT('',#10458);
#3054=VERTEX_POINT('',#10460);
#3055=VERTEX_POINT('',#10462);
#3056=VERTEX_POINT('',#10466);
#3057=VERTEX_POINT('',#10468);
#3058=VERTEX_POINT('',#10470);
#3059=VERTEX_POINT('',#10472);
#3060=VERTEX_POINT('',#10474);
#3061=VERTEX_POINT('',#10476);
#3062=VERTEX_POINT('',#10478);
#3063=VERTEX_POINT('',#10480);
#3064=VERTEX_POINT('',#10484);
#3065=VERTEX_POINT('',#10486);
#3066=VERTEX_POINT('',#10488);
#3067=VERTEX_POINT('',#10490);
#3068=VERTEX_POINT('',#10492);
#3069=VERTEX_POINT('',#10494);
#3070=VERTEX_POINT('',#10496);
#3071=VERTEX_POINT('',#10498);
#3072=VERTEX_POINT('',#10508);
#3073=VERTEX_POINT('',#10510);
#3074=VERTEX_POINT('',#10523);
#3075=VERTEX_POINT('',#10525);
#3076=VERTEX_POINT('',#10526);
#3077=VERTEX_POINT('',#10530);
#3078=VERTEX_POINT('',#10532);
#3079=VERTEX_POINT('',#10536);
#3080=VERTEX_POINT('',#10538);
#3081=VERTEX_POINT('',#10542);
#3082=VERTEX_POINT('',#10546);
#3083=VERTEX_POINT('',#10550);
#3084=VERTEX_POINT('',#10553);
#3085=VERTEX_POINT('',#10556);
#3086=VERTEX_POINT('',#10560);
#3087=VERTEX_POINT('',#10562);
#3088=VERTEX_POINT('',#10580);
#3089=VERTEX_POINT('',#10581);
#3090=VERTEX_POINT('',#10583);
#3091=VERTEX_POINT('',#10585);
#3092=VERTEX_POINT('',#10589);
#3093=VERTEX_POINT('',#10590);
#3094=VERTEX_POINT('',#10592);
#3095=VERTEX_POINT('',#10594);
#3096=VERTEX_POINT('',#10598);
#3097=VERTEX_POINT('',#10600);
#3098=VERTEX_POINT('',#10603);
#3099=VERTEX_POINT('',#10605);
#3100=VERTEX_POINT('',#10607);
#3101=VERTEX_POINT('',#10611);
#3102=VERTEX_POINT('',#10612);
#3103=VERTEX_POINT('',#10617);
#3104=VERTEX_POINT('',#10625);
#3105=VERTEX_POINT('',#10635);
#3106=VERTEX_POINT('',#10643);
#3107=VERTEX_POINT('',#10648);
#3108=VERTEX_POINT('',#10653);
#3109=VERTEX_POINT('',#10675);
#3110=VERTEX_POINT('',#10677);
#3111=VERTEX_POINT('',#10679);
#3112=VERTEX_POINT('',#10683);
#3113=VERTEX_POINT('',#10684);
#3114=VERTEX_POINT('',#10693);
#3115=VERTEX_POINT('',#10704);
#3116=VERTEX_POINT('',#10720);
#3117=VERTEX_POINT('',#10722);
#3118=VERTEX_POINT('',#10724);
#3119=VERTEX_POINT('',#10726);
#3120=VERTEX_POINT('',#10728);
#3121=VERTEX_POINT('',#10730);
#3122=VERTEX_POINT('',#10732);
#3123=VERTEX_POINT('',#10734);
#3124=VERTEX_POINT('',#10736);
#3125=VERTEX_POINT('',#10740);
#3126=VERTEX_POINT('',#10741);
#3127=VERTEX_POINT('',#10743);
#3128=VERTEX_POINT('',#10745);
#3129=VERTEX_POINT('',#10747);
#3130=VERTEX_POINT('',#10749);
#3131=VERTEX_POINT('',#10751);
#3132=VERTEX_POINT('',#10754);
#3133=VERTEX_POINT('',#10756);
#3134=LINE('',#8975,#3746);
#3135=LINE('',#8978,#3747);
#3136=LINE('',#8980,#3748);
#3137=LINE('',#8982,#3749);
#3138=LINE('',#8984,#3750);
#3139=LINE('',#8986,#3751);
#3140=LINE('',#8988,#3752);
#3141=LINE('',#8990,#3753);
#3142=LINE('',#8992,#3754);
#3143=LINE('',#8994,#3755);
#3144=LINE('',#8996,#3756);
#3145=LINE('',#8998,#3757);
#3146=LINE('',#9010,#3758);
#3147=LINE('',#9013,#3759);
#3148=LINE('',#9015,#3760);
#3149=LINE('',#9023,#3761);
#3150=LINE('',#9026,#3762);
#3151=LINE('',#9028,#3763);
#3152=LINE('',#9036,#3764);
#3153=LINE('',#9039,#3765);
#3154=LINE('',#9041,#3766);
#3155=LINE('',#9049,#3767);
#3156=LINE('',#9052,#3768);
#3157=LINE('',#9054,#3769);
#3158=LINE('',#9062,#3770);
#3159=LINE('',#9065,#3771);
#3160=LINE('',#9067,#3772);
#3161=LINE('',#9075,#3773);
#3162=LINE('',#9078,#3774);
#3163=LINE('',#9080,#3775);
#3164=LINE('',#9088,#3776);
#3165=LINE('',#9091,#3777);
#3166=LINE('',#9093,#3778);
#3167=LINE('',#9101,#3779);
#3168=LINE('',#9104,#3780);
#3169=LINE('',#9106,#3781);
#3170=LINE('',#9117,#3782);
#3171=LINE('',#9121,#3783);
#3172=LINE('',#9129,#3784);
#3173=LINE('',#9131,#3785);
#3174=LINE('',#9132,#3786);
#3175=LINE('',#9134,#3787);
#3176=LINE('',#9140,#3788);
#3177=LINE('',#9142,#3789);
#3178=LINE('',#9149,#3790);
#3179=LINE('',#9156,#3791);
#3180=LINE('',#9158,#3792);
#3181=LINE('',#9159,#3793);
#3182=LINE('',#9161,#3794);
#3183=LINE('',#9166,#3795);
#3184=LINE('',#9176,#3796);
#3185=LINE('',#9178,#3797);
#3186=LINE('',#9179,#3798);
#3187=LINE('',#9181,#3799);
#3188=LINE('',#9187,#3800);
#3189=LINE('',#9189,#3801);
#3190=LINE('',#9196,#3802);
#3191=LINE('',#9203,#3803);
#3192=LINE('',#9205,#3804);
#3193=LINE('',#9206,#3805);
#3194=LINE('',#9231,#3806);
#3195=LINE('',#9235,#3807);
#3196=LINE('',#9240,#3808);
#3197=LINE('',#9244,#3809);
#3198=LINE('',#9246,#3810);
#3199=LINE('',#9247,#3811);
#3200=LINE('',#9249,#3812);
#3201=LINE('',#9254,#3813);
#3202=LINE('',#9258,#3814);
#3203=LINE('',#9263,#3815);
#3204=LINE('',#9267,#3816);
#3205=LINE('',#9269,#3817);
#3206=LINE('',#9270,#3818);
#3207=LINE('',#9272,#3819);
#3208=LINE('',#9277,#3820);
#3209=LINE('',#9281,#3821);
#3210=LINE('',#9286,#3822);
#3211=LINE('',#9290,#3823);
#3212=LINE('',#9292,#3824);
#3213=LINE('',#9293,#3825);
#3214=LINE('',#9295,#3826);
#3215=LINE('',#9300,#3827);
#3216=LINE('',#9304,#3828);
#3217=LINE('',#9309,#3829);
#3218=LINE('',#9313,#3830);
#3219=LINE('',#9315,#3831);
#3220=LINE('',#9316,#3832);
#3221=LINE('',#9318,#3833);
#3222=LINE('',#9320,#3834);
#3223=LINE('',#9323,#3835);
#3224=LINE('',#9325,#3836);
#3225=LINE('',#9327,#3837);
#3226=LINE('',#9329,#3838);
#3227=LINE('',#9332,#3839);
#3228=LINE('',#9334,#3840);
#3229=LINE('',#9335,#3841);
#3230=LINE('',#9337,#3842);
#3231=LINE('',#9339,#3843);
#3232=LINE('',#9341,#3844);
#3233=LINE('',#9343,#3845);
#3234=LINE('',#9345,#3846);
#3235=LINE('',#9347,#3847);
#3236=LINE('',#9350,#3848);
#3237=LINE('',#9352,#3849);
#3238=LINE('',#9354,#3850);
#3239=LINE('',#9356,#3851);
#3240=LINE('',#9359,#3852);
#3241=LINE('',#9361,#3853);
#3242=LINE('',#9362,#3854);
#3243=LINE('',#9364,#3855);
#3244=LINE('',#9366,#3856);
#3245=LINE('',#9368,#3857);
#3246=LINE('',#9370,#3858);
#3247=LINE('',#9372,#3859);
#3248=LINE('',#9374,#3860);
#3249=LINE('',#9377,#3861);
#3250=LINE('',#9379,#3862);
#3251=LINE('',#9381,#3863);
#3252=LINE('',#9383,#3864);
#3253=LINE('',#9386,#3865);
#3254=LINE('',#9388,#3866);
#3255=LINE('',#9389,#3867);
#3256=LINE('',#9391,#3868);
#3257=LINE('',#9393,#3869);
#3258=LINE('',#9395,#3870);
#3259=LINE('',#9397,#3871);
#3260=LINE('',#9399,#3872);
#3261=LINE('',#9401,#3873);
#3262=LINE('',#9404,#3874);
#3263=LINE('',#9406,#3875);
#3264=LINE('',#9408,#3876);
#3265=LINE('',#9410,#3877);
#3266=LINE('',#9413,#3878);
#3267=LINE('',#9415,#3879);
#3268=LINE('',#9416,#3880);
#3269=LINE('',#9418,#3881);
#3270=LINE('',#9420,#3882);
#3271=LINE('',#9422,#3883);
#3272=LINE('',#9424,#3884);
#3273=LINE('',#9426,#3885);
#3274=LINE('',#9438,#3886);
#3275=LINE('',#9441,#3887);
#3276=LINE('',#9443,#3888);
#3277=LINE('',#9445,#3889);
#3278=LINE('',#9447,#3890);
#3279=LINE('',#9452,#3891);
#3280=LINE('',#9453,#3892);
#3281=LINE('',#9457,#3893);
#3282=LINE('',#9459,#3894);
#3283=LINE('',#9463,#3895);
#3284=LINE('',#9467,#3896);
#3285=LINE('',#9469,#3897);
#3286=LINE('',#9471,#3898);
#3287=LINE('',#9474,#3899);
#3288=LINE('',#9476,#3900);
#3289=LINE('',#9478,#3901);
#3290=LINE('',#9480,#3902);
#3291=LINE('',#9485,#3903);
#3292=LINE('',#9486,#3904);
#3293=LINE('',#9490,#3905);
#3294=LINE('',#9492,#3906);
#3295=LINE('',#9496,#3907);
#3296=LINE('',#9500,#3908);
#3297=LINE('',#9502,#3909);
#3298=LINE('',#9504,#3910);
#3299=LINE('',#9507,#3911);
#3300=LINE('',#9509,#3912);
#3301=LINE('',#9511,#3913);
#3302=LINE('',#9513,#3914);
#3303=LINE('',#9516,#3915);
#3304=LINE('',#9517,#3916);
#3305=LINE('',#9521,#3917);
#3306=LINE('',#9523,#3918);
#3307=LINE('',#9525,#3919);
#3308=LINE('',#9529,#3920);
#3309=LINE('',#9532,#3921);
#3310=LINE('',#9534,#3922);
#3311=LINE('',#9536,#3923);
#3312=LINE('',#9538,#3924);
#3313=LINE('',#9540,#3925);
#3314=LINE('',#9542,#3926);
#3315=LINE('',#9544,#3927);
#3316=LINE('',#9546,#3928);
#3317=LINE('',#9548,#3929);
#3318=LINE('',#9550,#3930);
#3319=LINE('',#9552,#3931);
#3320=LINE('',#9557,#3932);
#3321=LINE('',#9558,#3933);
#3322=LINE('',#9560,#3934);
#3323=LINE('',#9562,#3935);
#3324=LINE('',#9566,#3936);
#3325=LINE('',#9568,#3937);
#3326=LINE('',#9570,#3938);
#3327=LINE('',#9574,#3939);
#3328=LINE('',#9576,#3940);
#3329=LINE('',#9578,#3941);
#3330=LINE('',#9582,#3942);
#3331=LINE('',#9584,#3943);
#3332=LINE('',#9586,#3944);
#3333=LINE('',#9590,#3945);
#3334=LINE('',#9592,#3946);
#3335=LINE('',#9594,#3947);
#3336=LINE('',#9598,#3948);
#3337=LINE('',#9600,#3949);
#3338=LINE('',#9608,#3950);
#3339=LINE('',#9612,#3951);
#3340=LINE('',#9617,#3952);
#3341=LINE('',#9621,#3953);
#3342=LINE('',#9626,#3954);
#3343=LINE('',#9633,#3955);
#3344=LINE('',#9638,#3956);
#3345=LINE('',#9645,#3957);
#3346=LINE('',#9650,#3958);
#3347=LINE('',#9654,#3959);
#3348=LINE('',#9662,#3960);
#3349=LINE('',#9666,#3961);
#3350=LINE('',#9668,#3962);
#3351=LINE('',#9670,#3963);
#3352=LINE('',#9672,#3964);
#3353=LINE('',#9674,#3965);
#3354=LINE('',#9676,#3966);
#3355=LINE('',#9678,#3967);
#3356=LINE('',#9680,#3968);
#3357=LINE('',#9682,#3969);
#3358=LINE('',#9684,#3970);
#3359=LINE('',#9686,#3971);
#3360=LINE('',#9688,#3972);
#3361=LINE('',#9690,#3973);
#3362=LINE('',#9692,#3974);
#3363=LINE('',#9694,#3975);
#3364=LINE('',#9696,#3976);
#3365=LINE('',#9698,#3977);
#3366=LINE('',#9700,#3978);
#3367=LINE('',#9702,#3979);
#3368=LINE('',#9704,#3980);
#3369=LINE('',#9706,#3981);
#3370=LINE('',#9708,#3982);
#3371=LINE('',#9710,#3983);
#3372=LINE('',#9712,#3984);
#3373=LINE('',#9715,#3985);
#3374=LINE('',#9717,#3986);
#3375=LINE('',#9719,#3987);
#3376=LINE('',#9721,#3988);
#3377=LINE('',#9724,#3989);
#3378=LINE('',#9725,#3990);
#3379=LINE('',#9729,#3991);
#3380=LINE('',#9731,#3992);
#3381=LINE('',#9733,#3993);
#3382=LINE('',#9737,#3994);
#3383=LINE('',#9740,#3995);
#3384=LINE('',#9742,#3996);
#3385=LINE('',#9744,#3997);
#3386=LINE('',#9746,#3998);
#3387=LINE('',#9748,#3999);
#3388=LINE('',#9750,#4000);
#3389=LINE('',#9752,#4001);
#3390=LINE('',#9754,#4002);
#3391=LINE('',#9756,#4003);
#3392=LINE('',#9758,#4004);
#3393=LINE('',#9760,#4005);
#3394=LINE('',#9765,#4006);
#3395=LINE('',#9766,#4007);
#3396=LINE('',#9768,#4008);
#3397=LINE('',#9770,#4009);
#3398=LINE('',#9774,#4010);
#3399=LINE('',#9776,#4011);
#3400=LINE('',#9778,#4012);
#3401=LINE('',#9782,#4013);
#3402=LINE('',#9784,#4014);
#3403=LINE('',#9786,#4015);
#3404=LINE('',#9790,#4016);
#3405=LINE('',#9792,#4017);
#3406=LINE('',#9794,#4018);
#3407=LINE('',#9798,#4019);
#3408=LINE('',#9800,#4020);
#3409=LINE('',#9802,#4021);
#3410=LINE('',#9806,#4022);
#3411=LINE('',#9808,#4023);
#3412=LINE('',#9810,#4024);
#3413=LINE('',#9813,#4025);
#3414=LINE('',#9814,#4026);
#3415=LINE('',#9816,#4027);
#3416=LINE('',#9818,#4028);
#3417=LINE('',#9820,#4029);
#3418=LINE('',#9822,#4030);
#3419=LINE('',#9825,#4031);
#3420=LINE('',#9827,#4032);
#3421=LINE('',#9829,#4033);
#3422=LINE('',#9831,#4034);
#3423=LINE('',#9834,#4035);
#3424=LINE('',#9836,#4036);
#3425=LINE('',#9838,#4037);
#3426=LINE('',#9840,#4038);
#3427=LINE('',#9843,#4039);
#3428=LINE('',#9845,#4040);
#3429=LINE('',#9847,#4041);
#3430=LINE('',#9849,#4042);
#3431=LINE('',#9852,#4043);
#3432=LINE('',#9854,#4044);
#3433=LINE('',#9856,#4045);
#3434=LINE('',#9858,#4046);
#3435=LINE('',#9861,#4047);
#3436=LINE('',#9863,#4048);
#3437=LINE('',#9865,#4049);
#3438=LINE('',#9867,#4050);
#3439=LINE('',#9870,#4051);
#3440=LINE('',#9872,#4052);
#3441=LINE('',#9874,#4053);
#3442=LINE('',#9882,#4054);
#3443=LINE('',#9885,#4055);
#3444=LINE('',#9887,#4056);
#3445=LINE('',#9889,#4057);
#3446=LINE('',#9891,#4058);
#3447=LINE('',#9894,#4059);
#3448=LINE('',#9896,#4060);
#3449=LINE('',#9898,#4061);
#3450=LINE('',#9900,#4062);
#3451=LINE('',#9903,#4063);
#3452=LINE('',#9905,#4064);
#3453=LINE('',#9907,#4065);
#3454=LINE('',#9909,#4066);
#3455=LINE('',#9912,#4067);
#3456=LINE('',#9913,#4068);
#3457=LINE('',#9915,#4069);
#3458=LINE('',#9918,#4070);
#3459=LINE('',#9920,#4071);
#3460=LINE('',#9922,#4072);
#3461=LINE('',#9924,#4073);
#3462=LINE('',#9926,#4074);
#3463=LINE('',#9927,#4075);
#3464=LINE('',#9929,#4076);
#3465=LINE('',#9931,#4077);
#3466=LINE('',#9933,#4078);
#3467=LINE('',#9936,#4079);
#3468=LINE('',#9938,#4080);
#3469=LINE('',#9939,#4081);
#3470=LINE('',#9941,#4082);
#3471=LINE('',#9943,#4083);
#3472=LINE('',#9945,#4084);
#3473=LINE('',#9947,#4085);
#3474=LINE('',#9950,#4086);
#3475=LINE('',#9952,#4087);
#3476=LINE('',#9954,#4088);
#3477=LINE('',#9956,#4089);
#3478=LINE('',#9959,#4090);
#3479=LINE('',#9960,#4091);
#3480=LINE('',#9961,#4092);
#3481=LINE('',#9963,#4093);
#3482=LINE('',#9965,#4094);
#3483=LINE('',#9967,#4095);
#3484=LINE('',#9970,#4096);
#3485=LINE('',#9972,#4097);
#3486=LINE('',#9974,#4098);
#3487=LINE('',#9976,#4099);
#3488=LINE('',#9978,#4100);
#3489=LINE('',#9979,#4101);
#3490=LINE('',#9981,#4102);
#3491=LINE('',#9983,#4103);
#3492=LINE('',#9986,#4104);
#3493=LINE('',#9988,#4105);
#3494=LINE('',#9990,#4106);
#3495=LINE('',#9991,#4107);
#3496=LINE('',#9993,#4108);
#3497=LINE('',#9995,#4109);
#3498=LINE('',#9997,#4110);
#3499=LINE('',#9999,#4111);
#3500=LINE('',#10001,#4112);
#3501=LINE('',#10002,#4113);
#3502=LINE('',#10004,#4114);
#3503=LINE('',#10006,#4115);
#3504=LINE('',#10009,#4116);
#3505=LINE('',#10011,#4117);
#3506=LINE('',#10012,#4118);
#3507=LINE('',#10014,#4119);
#3508=LINE('',#10016,#4120);
#3509=LINE('',#10018,#4121);
#3510=LINE('',#10020,#4122);
#3511=LINE('',#10022,#4123);
#3512=LINE('',#10024,#4124);
#3513=LINE('',#10025,#4125);
#3514=LINE('',#10027,#4126);
#3515=LINE('',#10029,#4127);
#3516=LINE('',#10032,#4128);
#3517=LINE('',#10034,#4129);
#3518=LINE('',#10036,#4130);
#3519=LINE('',#10038,#4131);
#3520=LINE('',#10041,#4132);
#3521=LINE('',#10043,#4133);
#3522=LINE('',#10045,#4134);
#3523=LINE('',#10047,#4135);
#3524=LINE('',#10049,#4136);
#3525=LINE('',#10050,#4137);
#3526=LINE('',#10052,#4138);
#3527=LINE('',#10054,#4139);
#3528=LINE('',#10057,#4140);
#3529=LINE('',#10058,#4141);
#3530=LINE('',#10059,#4142);
#3531=LINE('',#10061,#4143);
#3532=LINE('',#10063,#4144);
#3533=LINE('',#10065,#4145);
#3534=LINE('',#10066,#4146);
#3535=LINE('',#10068,#4147);
#3536=LINE('',#10070,#4148);
#3537=LINE('',#10072,#4149);
#3538=LINE('',#10074,#4150);
#3539=LINE('',#10075,#4151);
#3540=LINE('',#10077,#4152);
#3541=LINE('',#10080,#4153);
#3542=LINE('',#10082,#4154);
#3543=LINE('',#10084,#4155);
#3544=LINE('',#10086,#4156);
#3545=LINE('',#10089,#4157);
#3546=LINE('',#10090,#4158);
#3547=LINE('',#10092,#4159);
#3548=LINE('',#10094,#4160);
#3549=LINE('',#10096,#4161);
#3550=LINE('',#10098,#4162);
#3551=LINE('',#10100,#4163);
#3552=LINE('',#10103,#4164);
#3553=LINE('',#10105,#4165);
#3554=LINE('',#10107,#4166);
#3555=LINE('',#10109,#4167);
#3556=LINE('',#10112,#4168);
#3557=LINE('',#10113,#4169);
#3558=LINE('',#10115,#4170);
#3559=LINE('',#10117,#4171);
#3560=LINE('',#10119,#4172);
#3561=LINE('',#10121,#4173);
#3562=LINE('',#10135,#4174);
#3563=LINE('',#10144,#4175);
#3564=LINE('',#10152,#4176);
#3565=LINE('',#10167,#4177);
#3566=LINE('',#10185,#4178);
#3567=LINE('',#10194,#4179);
#3568=LINE('',#10199,#4180);
#3569=LINE('',#10212,#4181);
#3570=LINE('',#10233,#4182);
#3571=LINE('',#10246,#4183);
#3572=LINE('',#10260,#4184);
#3573=LINE('',#10275,#4185);
#3574=LINE('',#10277,#4186);
#3575=LINE('',#10279,#4187);
#3576=LINE('',#10280,#4188);
#3577=LINE('',#10282,#4189);
#3578=LINE('',#10283,#4190);
#3579=LINE('',#10285,#4191);
#3580=LINE('',#10287,#4192);
#3581=LINE('',#10288,#4193);
#3582=LINE('',#10291,#4194);
#3583=LINE('',#10292,#4195);
#3584=LINE('',#10293,#4196);
#3585=LINE('',#10294,#4197);
#3586=LINE('',#10299,#4198);
#3587=LINE('',#10300,#4199);
#3588=LINE('',#10302,#4200);
#3589=LINE('',#10303,#4201);
#3590=LINE('',#10305,#4202);
#3591=LINE('',#10306,#4203);
#3592=LINE('',#10308,#4204);
#3593=LINE('',#10310,#4205);
#3594=LINE('',#10311,#4206);
#3595=LINE('',#10313,#4207);
#3596=LINE('',#10315,#4208);
#3597=LINE('',#10316,#4209);
#3598=LINE('',#10318,#4210);
#3599=LINE('',#10319,#4211);
#3600=LINE('',#10322,#4212);
#3601=LINE('',#10324,#4213);
#3602=LINE('',#10326,#4214);
#3603=LINE('',#10327,#4215);
#3604=LINE('',#10329,#4216);
#3605=LINE('',#10330,#4217);
#3606=LINE('',#10331,#4218);
#3607=LINE('',#10332,#4219);
#3608=LINE('',#10334,#4220);
#3609=LINE('',#10336,#4221);
#3610=LINE('',#10337,#4222);
#3611=LINE('',#10339,#4223);
#3612=LINE('',#10340,#4224);
#3613=LINE('',#10341,#4225);
#3614=LINE('',#10342,#4226);
#3615=LINE('',#10343,#4227);
#3616=LINE('',#10345,#4228);
#3617=LINE('',#10347,#4229);
#3618=LINE('',#10348,#4230);
#3619=LINE('',#10351,#4231);
#3620=LINE('',#10352,#4232);
#3621=LINE('',#10353,#4233);
#3622=LINE('',#10354,#4234);
#3623=LINE('',#10355,#4235);
#3624=LINE('',#10356,#4236);
#3625=LINE('',#10361,#4237);
#3626=LINE('',#10363,#4238);
#3627=LINE('',#10364,#4239);
#3628=LINE('',#10366,#4240);
#3629=LINE('',#10368,#4241);
#3630=LINE('',#10370,#4242);
#3631=LINE('',#10372,#4243);
#3632=LINE('',#10374,#4244);
#3633=LINE('',#10376,#4245);
#3634=LINE('',#10378,#4246);
#3635=LINE('',#10380,#4247);
#3636=LINE('',#10382,#4248);
#3637=LINE('',#10383,#4249);
#3638=LINE('',#10385,#4250);
#3639=LINE('',#10386,#4251);
#3640=LINE('',#10390,#4252);
#3641=LINE('',#10392,#4253);
#3642=LINE('',#10394,#4254);
#3643=LINE('',#10396,#4255);
#3644=LINE('',#10398,#4256);
#3645=LINE('',#10418,#4257);
#3646=LINE('',#10420,#4258);
#3647=LINE('',#10422,#4259);
#3648=LINE('',#10424,#4260);
#3649=LINE('',#10426,#4261);
#3650=LINE('',#10428,#4262);
#3651=LINE('',#10430,#4263);
#3652=LINE('',#10432,#4264);
#3653=LINE('',#10434,#4265);
#3654=LINE('',#10438,#4266);
#3655=LINE('',#10441,#4267);
#3656=LINE('',#10443,#4268);
#3657=LINE('',#10445,#4269);
#3658=LINE('',#10447,#4270);
#3659=LINE('',#10450,#4271);
#3660=LINE('',#10452,#4272);
#3661=LINE('',#10454,#4273);
#3662=LINE('',#10459,#4274);
#3663=LINE('',#10463,#4275);
#3664=LINE('',#10465,#4276);
#3665=LINE('',#10469,#4277);
#3666=LINE('',#10471,#4278);
#3667=LINE('',#10473,#4279);
#3668=LINE('',#10481,#4280);
#3669=LINE('',#10483,#4281);
#3670=LINE('',#10485,#4282);
#3671=LINE('',#10489,#4283);
#3672=LINE('',#10491,#4284);
#3673=LINE('',#10493,#4285);
#3674=LINE('',#10501,#4286);
#3675=LINE('',#10502,#4287);
#3676=LINE('',#10504,#4288);
#3677=LINE('',#10505,#4289);
#3678=LINE('',#10507,#4290);
#3679=LINE('',#10511,#4291);
#3680=LINE('',#10513,#4292);
#3681=LINE('',#10517,#4293);
#3682=LINE('',#10524,#4294);
#3683=LINE('',#10527,#4295);
#3684=LINE('',#10528,#4296);
#3685=LINE('',#10529,#4297);
#3686=LINE('',#10531,#4298);
#3687=LINE('',#10533,#4299);
#3688=LINE('',#10535,#4300);
#3689=LINE('',#10537,#4301);
#3690=LINE('',#10539,#4302);
#3691=LINE('',#10541,#4303);
#3692=LINE('',#10543,#4304);
#3693=LINE('',#10545,#4305);
#3694=LINE('',#10547,#4306);
#3695=LINE('',#10559,#4307);
#3696=LINE('',#10563,#4308);
#3697=LINE('',#10565,#4309);
#3698=LINE('',#10573,#4310);
#3699=LINE('',#10575,#4311);
#3700=LINE('',#10579,#4312);
#3701=LINE('',#10582,#4313);
#3702=LINE('',#10584,#4314);
#3703=LINE('',#10586,#4315);
#3704=LINE('',#10588,#4316);
#3705=LINE('',#10591,#4317);
#3706=LINE('',#10593,#4318);
#3707=LINE('',#10595,#4319);
#3708=LINE('',#10597,#4320);
#3709=LINE('',#10599,#4321);
#3710=LINE('',#10601,#4322);
#3711=LINE('',#10602,#4323);
#3712=LINE('',#10604,#4324);
#3713=LINE('',#10606,#4325);
#3714=LINE('',#10608,#4326);
#3715=LINE('',#10610,#4327);
#3716=LINE('',#10676,#4328);
#3717=LINE('',#10680,#4329);
#3718=LINE('',#10682,#4330);
#3719=LINE('',#10692,#4331);
#3720=LINE('',#10696,#4332);
#3721=LINE('',#10697,#4333);
#3722=LINE('',#10703,#4334);
#3723=LINE('',#10719,#4335);
#3724=LINE('',#10723,#4336);
#3725=LINE('',#10727,#4337);
#3726=LINE('',#10729,#4338);
#3727=LINE('',#10731,#4339);
#3728=LINE('',#10735,#4340);
#3729=LINE('',#10739,#4341);
#3730=LINE('',#10742,#4342);
#3731=LINE('',#10744,#4343);
#3732=LINE('',#10748,#4344);
#3733=LINE('',#10752,#4345);
#3734=LINE('',#10755,#4346);
#3735=LINE('',#10759,#4347);
#3736=LINE('',#10760,#4348);
#3737=LINE('',#10762,#4349);
#3738=LINE('',#10765,#4350);
#3739=LINE('',#10766,#4351);
#3740=LINE('',#10768,#4352);
#3741=LINE('',#10770,#4353);
#3742=LINE('',#10772,#4354);
#3743=LINE('',#10774,#4355);
#3744=LINE('',#10777,#4356);
#3745=LINE('',#10779,#4357);
#3746=VECTOR('',#7541,1000.);
#3747=VECTOR('',#7542,1000.);
#3748=VECTOR('',#7543,1000.);
#3749=VECTOR('',#7544,1000.);
#3750=VECTOR('',#7545,1000.);
#3751=VECTOR('',#7546,1000.);
#3752=VECTOR('',#7547,1000.);
#3753=VECTOR('',#7548,1000.);
#3754=VECTOR('',#7549,1000.);
#3755=VECTOR('',#7550,1000.);
#3756=VECTOR('',#7551,1000.);
#3757=VECTOR('',#7552,1000.);
#3758=VECTOR('',#7567,1000.);
#3759=VECTOR('',#7568,1000.);
#3760=VECTOR('',#7569,1000.);
#3761=VECTOR('',#7572,1000.);
#3762=VECTOR('',#7573,1000.);
#3763=VECTOR('',#7574,1000.);
#3764=VECTOR('',#7577,1000.);
#3765=VECTOR('',#7578,1000.);
#3766=VECTOR('',#7579,1000.);
#3767=VECTOR('',#7582,1000.);
#3768=VECTOR('',#7583,1000.);
#3769=VECTOR('',#7584,1000.);
#3770=VECTOR('',#7587,1000.);
#3771=VECTOR('',#7588,1000.);
#3772=VECTOR('',#7589,1000.);
#3773=VECTOR('',#7592,1000.);
#3774=VECTOR('',#7593,1000.);
#3775=VECTOR('',#7594,1000.);
#3776=VECTOR('',#7597,1000.);
#3777=VECTOR('',#7598,1000.);
#3778=VECTOR('',#7599,1000.);
#3779=VECTOR('',#7602,1000.);
#3780=VECTOR('',#7603,1000.);
#3781=VECTOR('',#7604,1000.);
#3782=VECTOR('',#7609,1000.);
#3783=VECTOR('',#7612,1000.);
#3784=VECTOR('',#7615,1000.);
#3785=VECTOR('',#7616,1000.);
#3786=VECTOR('',#7617,1000.);
#3787=VECTOR('',#7618,1000.);
#3788=VECTOR('',#7619,1000.);
#3789=VECTOR('',#7622,1000.);
#3790=VECTOR('',#7623,1000.);
#3791=VECTOR('',#7624,1000.);
#3792=VECTOR('',#7625,1000.);
#3793=VECTOR('',#7626,1000.);
#3794=VECTOR('',#7629,1000.);
#3795=VECTOR('',#7632,1000.);
#3796=VECTOR('',#7637,1000.);
#3797=VECTOR('',#7638,1000.);
#3798=VECTOR('',#7639,1000.);
#3799=VECTOR('',#7640,1000.);
#3800=VECTOR('',#7641,1000.);
#3801=VECTOR('',#7644,1000.);
#3802=VECTOR('',#7645,1000.);
#3803=VECTOR('',#7646,1000.);
#3804=VECTOR('',#7647,1000.);
#3805=VECTOR('',#7648,1000.);
#3806=VECTOR('',#7693,1000.);
#3807=VECTOR('',#7696,1000.);
#3808=VECTOR('',#7701,1000.);
#3809=VECTOR('',#7704,1000.);
#3810=VECTOR('',#7707,1000.);
#3811=VECTOR('',#7708,1000.);
#3812=VECTOR('',#7711,1000.);
#3813=VECTOR('',#7716,1000.);
#3814=VECTOR('',#7719,1000.);
#3815=VECTOR('',#7724,1000.);
#3816=VECTOR('',#7727,1000.);
#3817=VECTOR('',#7730,1000.);
#3818=VECTOR('',#7731,1000.);
#3819=VECTOR('',#7734,1000.);
#3820=VECTOR('',#7739,1000.);
#3821=VECTOR('',#7742,1000.);
#3822=VECTOR('',#7747,1000.);
#3823=VECTOR('',#7750,1000.);
#3824=VECTOR('',#7753,1000.);
#3825=VECTOR('',#7754,1000.);
#3826=VECTOR('',#7757,1000.);
#3827=VECTOR('',#7762,1000.);
#3828=VECTOR('',#7765,1000.);
#3829=VECTOR('',#7770,1000.);
#3830=VECTOR('',#7773,1000.);
#3831=VECTOR('',#7776,1000.);
#3832=VECTOR('',#7777,1000.);
#3833=VECTOR('',#7780,1000.);
#3834=VECTOR('',#7783,1000.);
#3835=VECTOR('',#7784,1000.);
#3836=VECTOR('',#7785,1000.);
#3837=VECTOR('',#7786,1000.);
#3838=VECTOR('',#7789,1000.);
#3839=VECTOR('',#7790,1000.);
#3840=VECTOR('',#7791,1000.);
#3841=VECTOR('',#7792,1000.);
#3842=VECTOR('',#7793,1000.);
#3843=VECTOR('',#7796,1000.);
#3844=VECTOR('',#7797,1000.);
#3845=VECTOR('',#7800,1000.);
#3846=VECTOR('',#7801,1000.);
#3847=VECTOR('',#7804,1000.);
#3848=VECTOR('',#7805,1000.);
#3849=VECTOR('',#7806,1000.);
#3850=VECTOR('',#7807,1000.);
#3851=VECTOR('',#7810,1000.);
#3852=VECTOR('',#7811,1000.);
#3853=VECTOR('',#7812,1000.);
#3854=VECTOR('',#7813,1000.);
#3855=VECTOR('',#7814,1000.);
#3856=VECTOR('',#7817,1000.);
#3857=VECTOR('',#7818,1000.);
#3858=VECTOR('',#7821,1000.);
#3859=VECTOR('',#7822,1000.);
#3860=VECTOR('',#7825,1000.);
#3861=VECTOR('',#7826,1000.);
#3862=VECTOR('',#7827,1000.);
#3863=VECTOR('',#7828,1000.);
#3864=VECTOR('',#7831,1000.);
#3865=VECTOR('',#7832,1000.);
#3866=VECTOR('',#7833,1000.);
#3867=VECTOR('',#7834,1000.);
#3868=VECTOR('',#7835,1000.);
#3869=VECTOR('',#7838,1000.);
#3870=VECTOR('',#7839,1000.);
#3871=VECTOR('',#7842,1000.);
#3872=VECTOR('',#7843,1000.);
#3873=VECTOR('',#7846,1000.);
#3874=VECTOR('',#7847,1000.);
#3875=VECTOR('',#7848,1000.);
#3876=VECTOR('',#7849,1000.);
#3877=VECTOR('',#7852,1000.);
#3878=VECTOR('',#7853,1000.);
#3879=VECTOR('',#7854,1000.);
#3880=VECTOR('',#7855,1000.);
#3881=VECTOR('',#7856,1000.);
#3882=VECTOR('',#7859,1000.);
#3883=VECTOR('',#7860,1000.);
#3884=VECTOR('',#7863,1000.);
#3885=VECTOR('',#7864,1000.);
#3886=VECTOR('',#7879,1000.);
#3887=VECTOR('',#7880,1000.);
#3888=VECTOR('',#7881,1000.);
#3889=VECTOR('',#7882,1000.);
#3890=VECTOR('',#7885,1000.);
#3891=VECTOR('',#7888,1000.);
#3892=VECTOR('',#7889,1000.);
#3893=VECTOR('',#7894,1000.);
#3894=VECTOR('',#7895,1000.);
#3895=VECTOR('',#7898,1000.);
#3896=VECTOR('',#7903,1000.);
#3897=VECTOR('',#7906,1000.);
#3898=VECTOR('',#7909,1000.);
#3899=VECTOR('',#7910,1000.);
#3900=VECTOR('',#7911,1000.);
#3901=VECTOR('',#7912,1000.);
#3902=VECTOR('',#7915,1000.);
#3903=VECTOR('',#7918,1000.);
#3904=VECTOR('',#7919,1000.);
#3905=VECTOR('',#7924,1000.);
#3906=VECTOR('',#7925,1000.);
#3907=VECTOR('',#7928,1000.);
#3908=VECTOR('',#7933,1000.);
#3909=VECTOR('',#7936,1000.);
#3910=VECTOR('',#7939,1000.);
#3911=VECTOR('',#7940,1000.);
#3912=VECTOR('',#7941,1000.);
#3913=VECTOR('',#7942,1000.);
#3914=VECTOR('',#7945,1000.);
#3915=VECTOR('',#7946,1000.);
#3916=VECTOR('',#7947,1000.);
#3917=VECTOR('',#7952,1000.);
#3918=VECTOR('',#7955,1000.);
#3919=VECTOR('',#7956,1000.);
#3920=VECTOR('',#7963,1000.);
#3921=VECTOR('',#7964,1000.);
#3922=VECTOR('',#7965,1000.);
#3923=VECTOR('',#7966,1000.);
#3924=VECTOR('',#7967,1000.);
#3925=VECTOR('',#7968,1000.);
#3926=VECTOR('',#7969,1000.);
#3927=VECTOR('',#7970,1000.);
#3928=VECTOR('',#7971,1000.);
#3929=VECTOR('',#7972,1000.);
#3930=VECTOR('',#7973,1000.);
#3931=VECTOR('',#7974,1000.);
#3932=VECTOR('',#7979,1000.);
#3933=VECTOR('',#7980,1000.);
#3934=VECTOR('',#7983,1000.);
#3935=VECTOR('',#7984,1000.);
#3936=VECTOR('',#7989,1000.);
#3937=VECTOR('',#7992,1000.);
#3938=VECTOR('',#7993,1000.);
#3939=VECTOR('',#7998,1000.);
#3940=VECTOR('',#8001,1000.);
#3941=VECTOR('',#8002,1000.);
#3942=VECTOR('',#8007,1000.);
#3943=VECTOR('',#8010,1000.);
#3944=VECTOR('',#8011,1000.);
#3945=VECTOR('',#8016,1000.);
#3946=VECTOR('',#8019,1000.);
#3947=VECTOR('',#8020,1000.);
#3948=VECTOR('',#8025,1000.);
#3949=VECTOR('',#8028,1000.);
#3950=VECTOR('',#8031,1000.);
#3951=VECTOR('',#8034,1000.);
#3952=VECTOR('',#8039,1000.);
#3953=VECTOR('',#8042,1000.);
#3954=VECTOR('',#8047,1000.);
#3955=VECTOR('',#8048,1000.);
#3956=VECTOR('',#8053,1000.);
#3957=VECTOR('',#8054,1000.);
#3958=VECTOR('',#8059,1000.);
#3959=VECTOR('',#8062,1000.);
#3960=VECTOR('',#8065,1000.);
#3961=VECTOR('',#8068,1000.);
#3962=VECTOR('',#8071,1000.);
#3963=VECTOR('',#8072,1000.);
#3964=VECTOR('',#8073,1000.);
#3965=VECTOR('',#8074,1000.);
#3966=VECTOR('',#8077,1000.);
#3967=VECTOR('',#8078,1000.);
#3968=VECTOR('',#8079,1000.);
#3969=VECTOR('',#8082,1000.);
#3970=VECTOR('',#8083,1000.);
#3971=VECTOR('',#8084,1000.);
#3972=VECTOR('',#8085,1000.);
#3973=VECTOR('',#8088,1000.);
#3974=VECTOR('',#8089,1000.);
#3975=VECTOR('',#8090,1000.);
#3976=VECTOR('',#8091,1000.);
#3977=VECTOR('',#8094,1000.);
#3978=VECTOR('',#8095,1000.);
#3979=VECTOR('',#8096,1000.);
#3980=VECTOR('',#8099,1000.);
#3981=VECTOR('',#8100,1000.);
#3982=VECTOR('',#8101,1000.);
#3983=VECTOR('',#8102,1000.);
#3984=VECTOR('',#8105,1000.);
#3985=VECTOR('',#8106,1000.);
#3986=VECTOR('',#8107,1000.);
#3987=VECTOR('',#8108,1000.);
#3988=VECTOR('',#8111,1000.);
#3989=VECTOR('',#8112,1000.);
#3990=VECTOR('',#8113,1000.);
#3991=VECTOR('',#8118,1000.);
#3992=VECTOR('',#8121,1000.);
#3993=VECTOR('',#8122,1000.);
#3994=VECTOR('',#8129,1000.);
#3995=VECTOR('',#8130,1000.);
#3996=VECTOR('',#8131,1000.);
#3997=VECTOR('',#8132,1000.);
#3998=VECTOR('',#8133,1000.);
#3999=VECTOR('',#8134,1000.);
#4000=VECTOR('',#8135,1000.);
#4001=VECTOR('',#8136,1000.);
#4002=VECTOR('',#8137,1000.);
#4003=VECTOR('',#8138,1000.);
#4004=VECTOR('',#8139,1000.);
#4005=VECTOR('',#8140,1000.);
#4006=VECTOR('',#8145,1000.);
#4007=VECTOR('',#8146,1000.);
#4008=VECTOR('',#8149,1000.);
#4009=VECTOR('',#8150,1000.);
#4010=VECTOR('',#8155,1000.);
#4011=VECTOR('',#8158,1000.);
#4012=VECTOR('',#8159,1000.);
#4013=VECTOR('',#8164,1000.);
#4014=VECTOR('',#8167,1000.);
#4015=VECTOR('',#8168,1000.);
#4016=VECTOR('',#8173,1000.);
#4017=VECTOR('',#8176,1000.);
#4018=VECTOR('',#8177,1000.);
#4019=VECTOR('',#8182,1000.);
#4020=VECTOR('',#8185,1000.);
#4021=VECTOR('',#8186,1000.);
#4022=VECTOR('',#8191,1000.);
#4023=VECTOR('',#8194,1000.);
#4024=VECTOR('',#8197,1000.);
#4025=VECTOR('',#8198,1000.);
#4026=VECTOR('',#8199,1000.);
#4027=VECTOR('',#8202,1000.);
#4028=VECTOR('',#8203,1000.);
#4029=VECTOR('',#8204,1000.);
#4030=VECTOR('',#8207,1000.);
#4031=VECTOR('',#8208,1000.);
#4032=VECTOR('',#8209,1000.);
#4033=VECTOR('',#8210,1000.);
#4034=VECTOR('',#8213,1000.);
#4035=VECTOR('',#8214,1000.);
#4036=VECTOR('',#8215,1000.);
#4037=VECTOR('',#8216,1000.);
#4038=VECTOR('',#8219,1000.);
#4039=VECTOR('',#8220,1000.);
#4040=VECTOR('',#8221,1000.);
#4041=VECTOR('',#8222,1000.);
#4042=VECTOR('',#8225,1000.);
#4043=VECTOR('',#8226,1000.);
#4044=VECTOR('',#8227,1000.);
#4045=VECTOR('',#8228,1000.);
#4046=VECTOR('',#8231,1000.);
#4047=VECTOR('',#8232,1000.);
#4048=VECTOR('',#8233,1000.);
#4049=VECTOR('',#8234,1000.);
#4050=VECTOR('',#8237,1000.);
#4051=VECTOR('',#8238,1000.);
#4052=VECTOR('',#8239,1000.);
#4053=VECTOR('',#8240,1000.);
#4054=VECTOR('',#8251,1000.);
#4055=VECTOR('',#8252,1000.);
#4056=VECTOR('',#8253,1000.);
#4057=VECTOR('',#8254,1000.);
#4058=VECTOR('',#8257,1000.);
#4059=VECTOR('',#8258,1000.);
#4060=VECTOR('',#8259,1000.);
#4061=VECTOR('',#8260,1000.);
#4062=VECTOR('',#8263,1000.);
#4063=VECTOR('',#8264,1000.);
#4064=VECTOR('',#8265,1000.);
#4065=VECTOR('',#8266,1000.);
#4066=VECTOR('',#8269,1000.);
#4067=VECTOR('',#8270,1000.);
#4068=VECTOR('',#8271,1000.);
#4069=VECTOR('',#8274,1000.);
#4070=VECTOR('',#8275,1000.);
#4071=VECTOR('',#8276,1000.);
#4072=VECTOR('',#8277,1000.);
#4073=VECTOR('',#8280,1000.);
#4074=VECTOR('',#8281,1000.);
#4075=VECTOR('',#8282,1000.);
#4076=VECTOR('',#8285,1000.);
#4077=VECTOR('',#8288,1000.);
#4078=VECTOR('',#8291,1000.);
#4079=VECTOR('',#8292,1000.);
#4080=VECTOR('',#8293,1000.);
#4081=VECTOR('',#8294,1000.);
#4082=VECTOR('',#8297,1000.);
#4083=VECTOR('',#8298,1000.);
#4084=VECTOR('',#8299,1000.);
#4085=VECTOR('',#8302,1000.);
#4086=VECTOR('',#8303,1000.);
#4087=VECTOR('',#8304,1000.);
#4088=VECTOR('',#8305,1000.);
#4089=VECTOR('',#8308,1000.);
#4090=VECTOR('',#8309,1000.);
#4091=VECTOR('',#8310,1000.);
#4092=VECTOR('',#8311,1000.);
#4093=VECTOR('',#8314,1000.);
#4094=VECTOR('',#8315,1000.);
#4095=VECTOR('',#8318,1000.);
#4096=VECTOR('',#8319,1000.);
#4097=VECTOR('',#8320,1000.);
#4098=VECTOR('',#8321,1000.);
#4099=VECTOR('',#8324,1000.);
#4100=VECTOR('',#8325,1000.);
#4101=VECTOR('',#8326,1000.);
#4102=VECTOR('',#8327,1000.);
#4103=VECTOR('',#8330,1000.);
#4104=VECTOR('',#8331,1000.);
#4105=VECTOR('',#8332,1000.);
#4106=VECTOR('',#8333,1000.);
#4107=VECTOR('',#8334,1000.);
#4108=VECTOR('',#8337,1000.);
#4109=VECTOR('',#8338,1000.);
#4110=VECTOR('',#8339,1000.);
#4111=VECTOR('',#8342,1000.);
#4112=VECTOR('',#8343,1000.);
#4113=VECTOR('',#8344,1000.);
#4114=VECTOR('',#8345,1000.);
#4115=VECTOR('',#8348,1000.);
#4116=VECTOR('',#8349,1000.);
#4117=VECTOR('',#8350,1000.);
#4118=VECTOR('',#8351,1000.);
#4119=VECTOR('',#8352,1000.);
#4120=VECTOR('',#8355,1000.);
#4121=VECTOR('',#8356,1000.);
#4122=VECTOR('',#8357,1000.);
#4123=VECTOR('',#8360,1000.);
#4124=VECTOR('',#8361,1000.);
#4125=VECTOR('',#8362,1000.);
#4126=VECTOR('',#8363,1000.);
#4127=VECTOR('',#8366,1000.);
#4128=VECTOR('',#8367,1000.);
#4129=VECTOR('',#8368,1000.);
#4130=VECTOR('',#8369,1000.);
#4131=VECTOR('',#8372,1000.);
#4132=VECTOR('',#8373,1000.);
#4133=VECTOR('',#8374,1000.);
#4134=VECTOR('',#8375,1000.);
#4135=VECTOR('',#8378,1000.);
#4136=VECTOR('',#8379,1000.);
#4137=VECTOR('',#8380,1000.);
#4138=VECTOR('',#8381,1000.);
#4139=VECTOR('',#8384,1000.);
#4140=VECTOR('',#8385,1000.);
#4141=VECTOR('',#8386,1000.);
#4142=VECTOR('',#8387,1000.);
#4143=VECTOR('',#8390,1000.);
#4144=VECTOR('',#8391,1000.);
#4145=VECTOR('',#8394,1000.);
#4146=VECTOR('',#8395,1000.);
#4147=VECTOR('',#8396,1000.);
#4148=VECTOR('',#8399,1000.);
#4149=VECTOR('',#8400,1000.);
#4150=VECTOR('',#8401,1000.);
#4151=VECTOR('',#8402,1000.);
#4152=VECTOR('',#8405,1000.);
#4153=VECTOR('',#8406,1000.);
#4154=VECTOR('',#8407,1000.);
#4155=VECTOR('',#8408,1000.);
#4156=VECTOR('',#8411,1000.);
#4157=VECTOR('',#8412,1000.);
#4158=VECTOR('',#8413,1000.);
#4159=VECTOR('',#8416,1000.);
#4160=VECTOR('',#8417,1000.);
#4161=VECTOR('',#8420,1000.);
#4162=VECTOR('',#8421,1000.);
#4163=VECTOR('',#8424,1000.);
#4164=VECTOR('',#8425,1000.);
#4165=VECTOR('',#8426,1000.);
#4166=VECTOR('',#8427,1000.);
#4167=VECTOR('',#8430,1000.);
#4168=VECTOR('',#8431,1000.);
#4169=VECTOR('',#8432,1000.);
#4170=VECTOR('',#8435,1000.);
#4171=VECTOR('',#8436,1000.);
#4172=VECTOR('',#8439,1000.);
#4173=VECTOR('',#8440,1000.);
#4174=VECTOR('',#8443,1000.);
#4175=VECTOR('',#8446,1000.);
#4176=VECTOR('',#8449,1000.);
#4177=VECTOR('',#8450,1000.);
#4178=VECTOR('',#8455,1000.);
#4179=VECTOR('',#8458,1000.);
#4180=VECTOR('',#8463,1000.);
#4181=VECTOR('',#8464,1000.);
#4182=VECTOR('',#8467,1000.);
#4183=VECTOR('',#8468,1000.);
#4184=VECTOR('',#8471,1000.);
#4185=VECTOR('',#8472,1000.);
#4186=VECTOR('',#8475,1000.);
#4187=VECTOR('',#8476,1000.);
#4188=VECTOR('',#8477,1000.);
#4189=VECTOR('',#8480,1000.);
#4190=VECTOR('',#8481,1000.);
#4191=VECTOR('',#8484,1000.);
#4192=VECTOR('',#8485,1000.);
#4193=VECTOR('',#8486,1000.);
#4194=VECTOR('',#8491,1000.);
#4195=VECTOR('',#8492,1000.);
#4196=VECTOR('',#8493,1000.);
#4197=VECTOR('',#8494,1000.);
#4198=VECTOR('',#8503,1000.);
#4199=VECTOR('',#8504,1000.);
#4200=VECTOR('',#8507,1000.);
#4201=VECTOR('',#8508,1000.);
#4202=VECTOR('',#8511,1000.);
#4203=VECTOR('',#8512,1000.);
#4204=VECTOR('',#8515,1000.);
#4205=VECTOR('',#8518,1000.);
#4206=VECTOR('',#8519,1000.);
#4207=VECTOR('',#8522,1000.);
#4208=VECTOR('',#8525,1000.);
#4209=VECTOR('',#8526,1000.);
#4210=VECTOR('',#8529,1000.);
#4211=VECTOR('',#8530,1000.);
#4212=VECTOR('',#8535,1000.);
#4213=VECTOR('',#8536,1000.);
#4214=VECTOR('',#8539,1000.);
#4215=VECTOR('',#8540,1000.);
#4216=VECTOR('',#8543,1000.);
#4217=VECTOR('',#8544,1000.);
#4218=VECTOR('',#8545,1000.);
#4219=VECTOR('',#8546,1000.);
#4220=VECTOR('',#8549,1000.);
#4221=VECTOR('',#8550,1000.);
#4222=VECTOR('',#8551,1000.);
#4223=VECTOR('',#8554,1000.);
#4224=VECTOR('',#8555,1000.);
#4225=VECTOR('',#8556,1000.);
#4226=VECTOR('',#8557,1000.);
#4227=VECTOR('',#8558,1000.);
#4228=VECTOR('',#8561,1000.);
#4229=VECTOR('',#8564,1000.);
#4230=VECTOR('',#8565,1000.);
#4231=VECTOR('',#8570,1000.);
#4232=VECTOR('',#8571,1000.);
#4233=VECTOR('',#8572,1000.);
#4234=VECTOR('',#8573,1000.);
#4235=VECTOR('',#8574,1000.);
#4236=VECTOR('',#8575,1000.);
#4237=VECTOR('',#8584,1000.);
#4238=VECTOR('',#8587,1000.);
#4239=VECTOR('',#8588,1000.);
#4240=VECTOR('',#8591,1000.);
#4241=VECTOR('',#8594,1000.);
#4242=VECTOR('',#8597,1000.);
#4243=VECTOR('',#8600,1000.);
#4244=VECTOR('',#8603,1000.);
#4245=VECTOR('',#8606,1000.);
#4246=VECTOR('',#8609,1000.);
#4247=VECTOR('',#8612,1000.);
#4248=VECTOR('',#8615,1000.);
#4249=VECTOR('',#8616,1000.);
#4250=VECTOR('',#8619,1000.);
#4251=VECTOR('',#8620,1000.);
#4252=VECTOR('',#8627,1000.);
#4253=VECTOR('',#8630,1000.);
#4254=VECTOR('',#8633,1000.);
#4255=VECTOR('',#8636,1000.);
#4256=VECTOR('',#8637,1000.);
#4257=VECTOR('',#8676,1000.);
#4258=VECTOR('',#8677,1000.);
#4259=VECTOR('',#8680,1000.);
#4260=VECTOR('',#8681,1000.);
#4261=VECTOR('',#8684,1000.);
#4262=VECTOR('',#8687,1000.);
#4263=VECTOR('',#8690,1000.);
#4264=VECTOR('',#8693,1000.);
#4265=VECTOR('',#8696,1000.);
#4266=VECTOR('',#8703,1000.);
#4267=VECTOR('',#8704,1000.);
#4268=VECTOR('',#8705,1000.);
#4269=VECTOR('',#8706,1000.);
#4270=VECTOR('',#8709,1000.);
#4271=VECTOR('',#8710,1000.);
#4272=VECTOR('',#8711,1000.);
#4273=VECTOR('',#8712,1000.);
#4274=VECTOR('',#8717,1000.);
#4275=VECTOR('',#8720,1000.);
#4276=VECTOR('',#8723,1000.);
#4277=VECTOR('',#8726,1000.);
#4278=VECTOR('',#8727,1000.);
#4279=VECTOR('',#8728,1000.);
#4280=VECTOR('',#8735,1000.);
#4281=VECTOR('',#8738,1000.);
#4282=VECTOR('',#8739,1000.);
#4283=VECTOR('',#8742,1000.);
#4284=VECTOR('',#8743,1000.);
#4285=VECTOR('',#8744,1000.);
#4286=VECTOR('',#8753,1000.);
#4287=VECTOR('',#8754,1000.);
#4288=VECTOR('',#8757,1000.);
#4289=VECTOR('',#8758,1000.);
#4290=VECTOR('',#8761,1000.);
#4291=VECTOR('',#8764,1000.);
#4292=VECTOR('',#8767,1000.);
#4293=VECTOR('',#8774,1000.);
#4294=VECTOR('',#8785,1000.);
#4295=VECTOR('',#8786,1000.);
#4296=VECTOR('',#8787,1000.);
#4297=VECTOR('',#8788,1000.);
#4298=VECTOR('',#8789,1000.);
#4299=VECTOR('',#8790,1000.);
#4300=VECTOR('',#8793,1000.);
#4301=VECTOR('',#8794,1000.);
#4302=VECTOR('',#8795,1000.);
#4303=VECTOR('',#8798,1000.);
#4304=VECTOR('',#8799,1000.);
#4305=VECTOR('',#8802,1000.);
#4306=VECTOR('',#8803,1000.);
#4307=VECTOR('',#8820,1000.);
#4308=VECTOR('',#8823,1000.);
#4309=VECTOR('',#8826,1000.);
#4310=VECTOR('',#8841,1000.);
#4311=VECTOR('',#8844,1000.);
#4312=VECTOR('',#8851,1000.);
#4313=VECTOR('',#8852,1000.);
#4314=VECTOR('',#8853,1000.);
#4315=VECTOR('',#8854,1000.);
#4316=VECTOR('',#8857,1000.);
#4317=VECTOR('',#8858,1000.);
#4318=VECTOR('',#8859,1000.);
#4319=VECTOR('',#8860,1000.);
#4320=VECTOR('',#8863,1000.);
#4321=VECTOR('',#8864,1000.);
#4322=VECTOR('',#8865,1000.);
#4323=VECTOR('',#8866,1000.);
#4324=VECTOR('',#8867,1000.);
#4325=VECTOR('',#8868,1000.);
#4326=VECTOR('',#8869,1000.);
#4327=VECTOR('',#8872,1000.);
#4328=VECTOR('',#8879,1000.);
#4329=VECTOR('',#8882,1000.);
#4330=VECTOR('',#8885,1000.);
#4331=VECTOR('',#8886,1000.);
#4332=VECTOR('',#8891,1000.);
#4333=VECTOR('',#8892,1000.);
#4334=VECTOR('',#8895,1000.);
#4335=VECTOR('',#8900,1000.);
#4336=VECTOR('',#8903,1000.);
#4337=VECTOR('',#8906,1000.);
#4338=VECTOR('',#8907,1000.);
#4339=VECTOR('',#8908,1000.);
#4340=VECTOR('',#8911,1000.);
#4341=VECTOR('',#8916,1000.);
#4342=VECTOR('',#8917,1000.);
#4343=VECTOR('',#8918,1000.);
#4344=VECTOR('',#8921,1000.);
#4345=VECTOR('',#8924,1000.);
#4346=VECTOR('',#8927,1000.);
#4347=VECTOR('',#8932,1000.);
#4348=VECTOR('',#8933,1000.);
#4349=VECTOR('',#8936,1000.);
#4350=VECTOR('',#8941,1000.);
#4351=VECTOR('',#8942,1000.);
#4352=VECTOR('',#8945,1000.);
#4353=VECTOR('',#8948,1000.);
#4354=VECTOR('',#8951,1000.);
#4355=VECTOR('',#8954,1000.);
#4356=VECTOR('',#8959,1000.);
#4357=VECTOR('',#8962,1000.);
#4358=EDGE_LOOP('',(#272,#273,#274,#275,#276,#277,#278,#279,#280,#281,#282,
#283));
#4359=EDGE_LOOP('',(#284));
#4360=EDGE_LOOP('',(#285));
#4361=EDGE_LOOP('',(#286));
#4362=EDGE_LOOP('',(#287));
#4363=EDGE_LOOP('',(#288,#289,#290,#291));
#4364=EDGE_LOOP('',(#292,#293,#294,#295));
#4365=EDGE_LOOP('',(#296,#297,#298,#299));
#4366=EDGE_LOOP('',(#300,#301,#302,#303));
#4367=EDGE_LOOP('',(#304,#305,#306,#307));
#4368=EDGE_LOOP('',(#308,#309,#310,#311));
#4369=EDGE_LOOP('',(#312,#313,#314,#315));
#4370=EDGE_LOOP('',(#316,#317,#318,#319));
#4371=EDGE_LOOP('',(#320,#321,#322,#323));
#4372=EDGE_LOOP('',(#324,#325,#326,#327,#328,#329,#330,#331,#332,#333));
#4373=EDGE_LOOP('',(#334,#335,#336,#337,#338,#339,#340,#341,#342,#343));
#4374=EDGE_LOOP('',(#344,#345,#346,#347));
#4375=EDGE_LOOP('',(#348,#349,#350,#351,#352,#353,#354,#355,#356,#357));
#4376=EDGE_LOOP('',(#358,#359,#360,#361,#362,#363,#364,#365,#366,#367));
#4377=EDGE_LOOP('',(#368,#369,#370,#371,#372,#373,#374,#375));
#4378=EDGE_LOOP('',(#376));
#4379=EDGE_LOOP('',(#377,#378,#379,#380,#381,#382));
#4380=EDGE_LOOP('',(#383,#384,#385,#386));
#4381=EDGE_LOOP('',(#387,#388,#389,#390,#391,#392));
#4382=EDGE_LOOP('',(#393,#394));
#4383=EDGE_LOOP('',(#395,#396,#397,#398,#399,#400,#401,#402));
#4384=EDGE_LOOP('',(#403));
#4385=EDGE_LOOP('',(#404,#405,#406,#407,#408,#409));
#4386=EDGE_LOOP('',(#410,#411,#412,#413));
#4387=EDGE_LOOP('',(#414,#415,#416,#417,#418,#419));
#4388=EDGE_LOOP('',(#420,#421));
#4389=EDGE_LOOP('',(#422,#423,#424,#425));
#4390=EDGE_LOOP('',(#426,#427,#428,#429));
#4391=EDGE_LOOP('',(#430,#431,#432,#433));
#4392=EDGE_LOOP('',(#434,#435,#436,#437));
#4393=EDGE_LOOP('',(#438,#439,#440,#441));
#4394=EDGE_LOOP('',(#442,#443,#444,#445));
#4395=EDGE_LOOP('',(#446,#447,#448,#449));
#4396=EDGE_LOOP('',(#450,#451,#452,#453));
#4397=EDGE_LOOP('',(#454,#455,#456,#457));
#4398=EDGE_LOOP('',(#458,#459,#460,#461));
#4399=EDGE_LOOP('',(#462,#463,#464,#465));
#4400=EDGE_LOOP('',(#466,#467,#468,#469));
#4401=EDGE_LOOP('',(#470,#471,#472,#473));
#4402=EDGE_LOOP('',(#474,#475,#476,#477));
#4403=EDGE_LOOP('',(#478,#479,#480,#481));
#4404=EDGE_LOOP('',(#482,#483,#484,#485));
#4405=EDGE_LOOP('',(#486,#487,#488,#489));
#4406=EDGE_LOOP('',(#490,#491,#492,#493,#494,#495));
#4407=EDGE_LOOP('',(#496,#497,#498,#499));
#4408=EDGE_LOOP('',(#500,#501,#502,#503));
#4409=EDGE_LOOP('',(#504,#505,#506,#507));
#4410=EDGE_LOOP('',(#508,#509,#510,#511,#512,#513));
#4411=EDGE_LOOP('',(#514,#515,#516,#517));
#4412=EDGE_LOOP('',(#518,#519,#520,#521));
#4413=EDGE_LOOP('',(#522,#523,#524,#525));
#4414=EDGE_LOOP('',(#526,#527,#528,#529,#530,#531));
#4415=EDGE_LOOP('',(#532,#533,#534,#535));
#4416=EDGE_LOOP('',(#536,#537,#538,#539));
#4417=EDGE_LOOP('',(#540,#541,#542,#543));
#4418=EDGE_LOOP('',(#544,#545,#546,#547,#548,#549));
#4419=EDGE_LOOP('',(#550,#551,#552,#553));
#4420=EDGE_LOOP('',(#554,#555,#556,#557));
#4421=EDGE_LOOP('',(#558));
#4422=EDGE_LOOP('',(#559));
#4423=EDGE_LOOP('',(#560));
#4424=EDGE_LOOP('',(#561));
#4425=EDGE_LOOP('',(#562,#563,#564,#565));
#4426=EDGE_LOOP('',(#566));
#4427=EDGE_LOOP('',(#567,#568,#569,#570,#571,#572));
#4428=EDGE_LOOP('',(#573,#574,#575,#576,#577,#578));
#4429=EDGE_LOOP('',(#579,#580,#581,#582));
#4430=EDGE_LOOP('',(#583,#584,#585,#586));
#4431=EDGE_LOOP('',(#587,#588,#589,#590));
#4432=EDGE_LOOP('',(#591));
#4433=EDGE_LOOP('',(#592,#593,#594,#595,#596,#597));
#4434=EDGE_LOOP('',(#598,#599,#600,#601,#602,#603));
#4435=EDGE_LOOP('',(#604,#605,#606,#607));
#4436=EDGE_LOOP('',(#608,#609,#610,#611));
#4437=EDGE_LOOP('',(#612,#613,#614,#615));
#4438=EDGE_LOOP('',(#616,#617,#618,#619));
#4439=EDGE_LOOP('',(#620,#621,#622,#623));
#4440=EDGE_LOOP('',(#624,#625,#626,#627));
#4441=EDGE_LOOP('',(#628,#629,#630,#631));
#4442=EDGE_LOOP('',(#632,#633,#634,#635,#636,#637,#638,#639,#640,#641,#642,
#643));
#4443=EDGE_LOOP('',(#644,#645,#646,#647));
#4444=EDGE_LOOP('',(#648,#649,#650,#651));
#4445=EDGE_LOOP('',(#652,#653,#654,#655));
#4446=EDGE_LOOP('',(#656,#657,#658,#659));
#4447=EDGE_LOOP('',(#660,#661,#662,#663));
#4448=EDGE_LOOP('',(#664,#665,#666,#667));
#4449=EDGE_LOOP('',(#668,#669,#670,#671));
#4450=EDGE_LOOP('',(#672,#673,#674,#675));
#4451=EDGE_LOOP('',(#676,#677,#678,#679));
#4452=EDGE_LOOP('',(#680,#681,#682,#683));
#4453=EDGE_LOOP('',(#684,#685,#686,#687));
#4454=EDGE_LOOP('',(#688,#689,#690,#691));
#4455=EDGE_LOOP('',(#692,#693,#694,#695));
#4456=EDGE_LOOP('',(#696,#697,#698,#699));
#4457=EDGE_LOOP('',(#700,#701,#702,#703));
#4458=EDGE_LOOP('',(#704,#705,#706,#707));
#4459=EDGE_LOOP('',(#708,#709,#710,#711));
#4460=EDGE_LOOP('',(#712,#713,#714,#715));
#4461=EDGE_LOOP('',(#716,#717,#718,#719,#720));
#4462=EDGE_LOOP('',(#721,#722,#723,#724));
#4463=EDGE_LOOP('',(#725,#726,#727,#728,#729));
#4464=EDGE_LOOP('',(#730,#731,#732,#733,#734));
#4465=EDGE_LOOP('',(#735,#736,#737,#738));
#4466=EDGE_LOOP('',(#739,#740,#741,#742,#743));
#4467=EDGE_LOOP('',(#744,#745,#746,#747));
#4468=EDGE_LOOP('',(#748,#749,#750,#751));
#4469=EDGE_LOOP('',(#752,#753,#754,#755));
#4470=EDGE_LOOP('',(#756,#757,#758,#759));
#4471=EDGE_LOOP('',(#760,#761,#762,#763));
#4472=EDGE_LOOP('',(#764,#765,#766,#767,#768,#769,#770,#771,#772,#773,#774,
#775));
#4473=EDGE_LOOP('',(#776,#777,#778,#779));
#4474=EDGE_LOOP('',(#780,#781,#782,#783));
#4475=EDGE_LOOP('',(#784,#785,#786,#787));
#4476=EDGE_LOOP('',(#788,#789,#790,#791));
#4477=EDGE_LOOP('',(#792,#793,#794,#795));
#4478=EDGE_LOOP('',(#796,#797,#798,#799));
#4479=EDGE_LOOP('',(#800,#801,#802,#803));
#4480=EDGE_LOOP('',(#804,#805,#806,#807));
#4481=EDGE_LOOP('',(#808,#809,#810,#811));
#4482=EDGE_LOOP('',(#812,#813,#814,#815));
#4483=EDGE_LOOP('',(#816,#817,#818,#819));
#4484=EDGE_LOOP('',(#820,#821,#822,#823));
#4485=EDGE_LOOP('',(#824,#825,#826,#827));
#4486=EDGE_LOOP('',(#828,#829,#830,#831));
#4487=EDGE_LOOP('',(#832,#833,#834,#835));
#4488=EDGE_LOOP('',(#836,#837,#838,#839));
#4489=EDGE_LOOP('',(#840,#841,#842,#843));
#4490=EDGE_LOOP('',(#844,#845,#846,#847));
#4491=EDGE_LOOP('',(#848,#849,#850,#851));
#4492=EDGE_LOOP('',(#852,#853,#854,#855));
#4493=EDGE_LOOP('',(#856));
#4494=EDGE_LOOP('',(#857));
#4495=EDGE_LOOP('',(#858));
#4496=EDGE_LOOP('',(#859,#860,#861,#862));
#4497=EDGE_LOOP('',(#863,#864,#865,#866));
#4498=EDGE_LOOP('',(#867,#868,#869,#870));
#4499=EDGE_LOOP('',(#871,#872,#873,#874));
#4500=EDGE_LOOP('',(#875,#876,#877,#878));
#4501=EDGE_LOOP('',(#879,#880,#881,#882,#883,#884));
#4502=EDGE_LOOP('',(#885,#886,#887,#888));
#4503=EDGE_LOOP('',(#889,#890,#891,#892));
#4504=EDGE_LOOP('',(#893,#894,#895,#896,#897,#898));
#4505=EDGE_LOOP('',(#899,#900,#901,#902));
#4506=EDGE_LOOP('',(#903,#904,#905,#906));
#4507=EDGE_LOOP('',(#907,#908,#909,#910,#911,#912));
#4508=EDGE_LOOP('',(#913,#914,#915,#916));
#4509=EDGE_LOOP('',(#917,#918,#919,#920));
#4510=EDGE_LOOP('',(#921,#922,#923,#924,#925,#926));
#4511=EDGE_LOOP('',(#927,#928,#929,#930,#931,#932));
#4512=EDGE_LOOP('',(#933,#934,#935,#936));
#4513=EDGE_LOOP('',(#937,#938,#939,#940,#941,#942,#943));
#4514=EDGE_LOOP('',(#944,#945,#946,#947,#948,#949,#950));
#4515=EDGE_LOOP('',(#951,#952,#953,#954));
#4516=EDGE_LOOP('',(#955,#956,#957,#958,#959,#960));
#4517=EDGE_LOOP('',(#961,#962,#963,#964));
#4518=EDGE_LOOP('',(#965,#966,#967,#968));
#4519=EDGE_LOOP('',(#969,#970,#971,#972,#973,#974));
#4520=EDGE_LOOP('',(#975,#976,#977,#978,#979,#980));
#4521=EDGE_LOOP('',(#981,#982,#983,#984));
#4522=EDGE_LOOP('',(#985,#986,#987,#988,#989,#990,#991));
#4523=EDGE_LOOP('',(#992,#993,#994,#995,#996,#997,#998));
#4524=EDGE_LOOP('',(#999,#1000,#1001,#1002));
#4525=EDGE_LOOP('',(#1003,#1004,#1005,#1006));
#4526=EDGE_LOOP('',(#1007,#1008,#1009,#1010));
#4527=EDGE_LOOP('',(#1011,#1012,#1013,#1014));
#4528=EDGE_LOOP('',(#1015,#1016,#1017,#1018));
#4529=EDGE_LOOP('',(#1019,#1020,#1021,#1022));
#4530=EDGE_LOOP('',(#1023,#1024,#1025,#1026));
#4531=EDGE_LOOP('',(#1027,#1028,#1029,#1030));
#4532=EDGE_LOOP('',(#1031,#1032,#1033,#1034,#1035));
#4533=EDGE_LOOP('',(#1036,#1037,#1038,#1039,#1040));
#4534=EDGE_LOOP('',(#1041,#1042,#1043,#1044,#1045));
#4535=EDGE_LOOP('',(#1046,#1047,#1048,#1049,#1050));
#4536=EDGE_LOOP('',(#1051,#1052,#1053,#1054));
#4537=EDGE_LOOP('',(#1055,#1056,#1057,#1058));
#4538=EDGE_LOOP('',(#1059,#1060,#1061,#1062,#1063,#1064));
#4539=EDGE_LOOP('',(#1065,#1066,#1067,#1068,#1069,#1070));
#4540=EDGE_LOOP('',(#1071,#1072,#1073,#1074,#1075,#1076));
#4541=EDGE_LOOP('',(#1077,#1078,#1079,#1080,#1081,#1082,#1083,#1084,#1085,
#1086,#1087,#1088,#1089,#1090,#1091,#1092,#1093,#1094,#1095,#1096,#1097,
#1098,#1099,#1100,#1101,#1102,#1103,#1104,#1105,#1106,#1107,#1108));
#4542=EDGE_LOOP('',(#1109,#1110,#1111,#1112));
#4543=EDGE_LOOP('',(#1113,#1114,#1115,#1116));
#4544=EDGE_LOOP('',(#1117,#1118,#1119,#1120));
#4545=EDGE_LOOP('',(#1121,#1122,#1123,#1124,#1125,#1126,#1127,#1128,#1129,
#1130,#1131,#1132,#1133,#1134,#1135,#1136));
#4546=EDGE_LOOP('',(#1137,#1138,#1139,#1140));
#4547=EDGE_LOOP('',(#1141,#1142,#1143,#1144));
#4548=EDGE_LOOP('',(#1145,#1146,#1147,#1148,#1149,#1150,#1151,#1152,#1153,
#1154,#1155,#1156,#1157,#1158,#1159,#1160));
#4549=EDGE_LOOP('',(#1161,#1162,#1163,#1164,#1165,#1166));
#4550=EDGE_LOOP('',(#1167,#1168,#1169,#1170,#1171,#1172));
#4551=EDGE_LOOP('',(#1173,#1174,#1175,#1176,#1177,#1178,#1179,#1180,#1181,
#1182,#1183,#1184,#1185,#1186,#1187,#1188));
#4552=EDGE_LOOP('',(#1189,#1190,#1191,#1192,#1193,#1194));
#4553=EDGE_LOOP('',(#1195,#1196,#1197,#1198,#1199,#1200,#1201,#1202,#1203,
#1204,#1205,#1206,#1207,#1208,#1209,#1210));
#4554=EDGE_LOOP('',(#1211,#1212,#1213,#1214));
#4555=EDGE_LOOP('',(#1215,#1216,#1217,#1218));
#4556=EDGE_LOOP('',(#1219,#1220,#1221,#1222,#1223,#1224,#1225,#1226,#1227,
#1228,#1229,#1230,#1231,#1232,#1233,#1234,#1235,#1236,#1237,#1238,#1239,
#1240,#1241,#1242,#1243,#1244,#1245,#1246,#1247,#1248,#1249,#1250));
#4557=EDGE_LOOP('',(#1251,#1252,#1253,#1254,#1255,#1256));
#4558=EDGE_LOOP('',(#1257,#1258,#1259,#1260,#1261,#1262,#1263,#1264));
#4559=EDGE_LOOP('',(#1265,#1266,#1267,#1268,#1269,#1270));
#4560=EDGE_LOOP('',(#1271,#1272,#1273,#1274,#1275,#1276,#1277,#1278));
#4561=EDGE_LOOP('',(#1279,#1280,#1281,#1282));
#4562=EDGE_LOOP('',(#1283,#1284,#1285,#1286));
#4563=EDGE_LOOP('',(#1287,#1288,#1289,#1290));
#4564=EDGE_LOOP('',(#1291,#1292,#1293,#1294));
#4565=EDGE_LOOP('',(#1295,#1296,#1297,#1298));
#4566=EDGE_LOOP('',(#1299,#1300,#1301,#1302));
#4567=EDGE_LOOP('',(#1303,#1304,#1305,#1306));
#4568=EDGE_LOOP('',(#1307,#1308,#1309,#1310));
#4569=EDGE_LOOP('',(#1311,#1312,#1313,#1314));
#4570=EDGE_LOOP('',(#1315,#1316,#1317,#1318,#1319,#1320,#1321,#1322,#1323,
#1324,#1325,#1326,#1327,#1328,#1329,#1330));
#4571=EDGE_LOOP('',(#1331,#1332,#1333,#1334,#1335,#1336,#1337,#1338,#1339,
#1340,#1341,#1342));
#4572=EDGE_LOOP('',(#1343,#1344,#1345,#1346));
#4573=EDGE_LOOP('',(#1347,#1348,#1349,#1350,#1351,#1352,#1353,#1354,#1355,
#1356,#1357,#1358,#1359,#1360,#1361,#1362));
#4574=EDGE_LOOP('',(#1363,#1364,#1365,#1366,#1367,#1368,#1369,#1370,#1371,
#1372,#1373,#1374));
#4575=EDGE_LOOP('',(#1375,#1376,#1377,#1378));
#4576=EDGE_LOOP('',(#1379,#1380,#1381,#1382));
#4577=EDGE_LOOP('',(#1383,#1384,#1385,#1386));
#4578=EDGE_LOOP('',(#1387,#1388,#1389,#1390));
#4579=EDGE_LOOP('',(#1391,#1392,#1393,#1394));
#4580=EDGE_LOOP('',(#1395,#1396,#1397,#1398));
#4581=EDGE_LOOP('',(#1399,#1400,#1401,#1402));
#4582=EDGE_LOOP('',(#1403,#1404,#1405,#1406));
#4583=EDGE_LOOP('',(#1407,#1408,#1409,#1410));
#4584=EDGE_LOOP('',(#1411,#1412,#1413,#1414));
#4585=EDGE_LOOP('',(#1415,#1416,#1417,#1418,#1419,#1420));
#4586=EDGE_LOOP('',(#1421,#1422,#1423,#1424));
#4587=EDGE_LOOP('',(#1425,#1426,#1427,#1428,#1429,#1430));
#4588=EDGE_LOOP('',(#1431,#1432));
#4589=EDGE_LOOP('',(#1433,#1434,#1435,#1436,#1437,#1438));
#4590=EDGE_LOOP('',(#1439,#1440,#1441,#1442));
#4591=EDGE_LOOP('',(#1443,#1444,#1445,#1446,#1447,#1448));
#4592=EDGE_LOOP('',(#1449,#1450));
#4593=EDGE_LOOP('',(#1451,#1452,#1453,#1454,#1455,#1456,#1457));
#4594=EDGE_LOOP('',(#1458,#1459,#1460,#1461,#1462,#1463,#1464));
#4595=EDGE_LOOP('',(#1465,#1466,#1467,#1468,#1469,#1470,#1471,#1472,#1473,
#1474,#1475,#1476));
#4596=EDGE_LOOP('',(#1477,#1478,#1479,#1480,#1481,#1482,#1483));
#4597=EDGE_LOOP('',(#1484,#1485,#1486,#1487,#1488,#1489,#1490));
#4598=EDGE_LOOP('',(#1491,#1492,#1493,#1494,#1495,#1496,#1497,#1498,#1499,
#1500,#1501,#1502));
#4599=EDGE_LOOP('',(#1503,#1504,#1505,#1506,#1507,#1508,#1509,#1510,#1511,
#1512,#1513,#1514));
#4600=EDGE_LOOP('',(#1515,#1516,#1517,#1518,#1519,#1520,#1521,#1522,#1523,
#1524,#1525,#1526,#1527,#1528,#1529,#1530,#1531,#1532,#1533,#1534,#1535,
#1536,#1537,#1538,#1539,#1540,#1541,#1542));
#4601=EDGE_LOOP('',(#1543));
#4602=EDGE_LOOP('',(#1544));
#4603=EDGE_LOOP('',(#1545));
#4604=EDGE_LOOP('',(#1546,#1547,#1548,#1549));
#4605=EDGE_LOOP('',(#1550,#1551,#1552,#1553));
#4606=EDGE_LOOP('',(#1554));
#4607=EDGE_LOOP('',(#1555));
#4608=EDGE_LOOP('',(#1556,#1557,#1558,#1559));
#4609=EDGE_LOOP('',(#1560,#1561,#1562,#1563));
#4610=EDGE_LOOP('',(#1564,#1565,#1566,#1567));
#4611=EDGE_LOOP('',(#1568,#1569,#1570,#1571,#1572,#1573,#1574,#1575,#1576,
#1577));
#4612=EDGE_LOOP('',(#1578,#1579,#1580,#1581,#1582,#1583,#1584,#1585,#1586,
#1587));
#4613=EDGE_LOOP('',(#1588,#1589,#1590,#1591,#1592,#1593));
#4614=EDGE_LOOP('',(#1594,#1595,#1596,#1597,#1598,#1599));
#4615=EDGE_LOOP('',(#1600,#1601,#1602,#1603));
#4616=EDGE_LOOP('',(#1604,#1605,#1606,#1607));
#4617=EDGE_LOOP('',(#1608,#1609,#1610,#1611));
#4618=EDGE_LOOP('',(#1612,#1613,#1614,#1615));
#4619=EDGE_LOOP('',(#1616,#1617,#1618,#1619,#1620,#1621));
#4620=EDGE_LOOP('',(#1622));
#4621=EDGE_LOOP('',(#1623,#1624,#1625,#1626,#1627,#1628,#1629,#1630,#1631,
#1632));
#4622=EDGE_LOOP('',(#1633,#1634,#1635,#1636));
#4623=EDGE_LOOP('',(#1637,#1638,#1639,#1640));
#4624=EDGE_LOOP('',(#1641,#1642,#1643,#1644));
#4625=EDGE_LOOP('',(#1645));
#4626=EDGE_LOOP('',(#1646));
#4627=EDGE_LOOP('',(#1647));
#4628=EDGE_LOOP('',(#1648));
#4629=EDGE_LOOP('',(#1649));
#4630=EDGE_LOOP('',(#1650));
#4631=EDGE_LOOP('',(#1651,#1652,#1653,#1654));
#4632=EDGE_LOOP('',(#1655,#1656,#1657,#1658));
#4633=EDGE_LOOP('',(#1659,#1660,#1661,#1662));
#4634=EDGE_LOOP('',(#1663,#1664,#1665,#1666));
#4635=EDGE_LOOP('',(#1667,#1668,#1669,#1670,#1671,#1672));
#4636=EDGE_LOOP('',(#1673,#1674,#1675,#1676));
#4637=EDGE_LOOP('',(#1677));
#4638=EDGE_LOOP('',(#1678,#1679,#1680,#1681,#1682,#1683,#1684,#1685,#1686,
#1687));
#4639=EDGE_LOOP('',(#1688,#1689,#1690,#1691));
#4640=EDGE_LOOP('',(#1692,#1693,#1694,#1695));
#4641=EDGE_LOOP('',(#1696,#1697,#1698,#1699));
#4642=EDGE_LOOP('',(#1700,#1701,#1702,#1703,#1704,#1705,#1706,#1707,#1708));
#4643=EDGE_LOOP('',(#1709,#1710,#1711,#1712));
#4644=EDGE_LOOP('',(#1713,#1714,#1715,#1716,#1717,#1718));
#4645=EDGE_LOOP('',(#1719,#1720,#1721,#1722));
#4646=EDGE_LOOP('',(#1723,#1724,#1725,#1726,#1727));
#4647=EDGE_LOOP('',(#1728,#1729,#1730,#1731,#1732));
#4648=EDGE_LOOP('',(#1733,#1734,#1735,#1736));
#4649=EDGE_LOOP('',(#1737,#1738,#1739,#1740,#1741,#1742));
#4650=EDGE_LOOP('',(#1743,#1744,#1745,#1746));
#4651=EDGE_LOOP('',(#1747,#1748,#1749,#1750,#1751,#1752,#1753,#1754,#1755,
#1756,#1757,#1758));
#4652=EDGE_LOOP('',(#1759,#1760,#1761,#1762,#1763,#1764,#1765,#1766,#1767,
#1768,#1769,#1770));
#4653=EDGE_LOOP('',(#1771,#1772,#1773,#1774));
#4654=EDGE_LOOP('',(#1775,#1776,#1777,#1778));
#4655=EDGE_LOOP('',(#1779,#1780,#1781,#1782));
#4656=EDGE_LOOP('',(#1783,#1784,#1785,#1786));
#4657=EDGE_LOOP('',(#1787,#1788,#1789,#1790));
#4658=EDGE_LOOP('',(#1791,#1792,#1793,#1794));
#4659=EDGE_LOOP('',(#1795,#1796,#1797,#1798));
#4660=EDGE_LOOP('',(#1799,#1800,#1801,#1802));
#4661=EDGE_LOOP('',(#1803,#1804,#1805,#1806));
#4662=EDGE_LOOP('',(#1807,#1808,#1809,#1810,#1811,#1812,#1813,#1814));
#4663=EDGE_LOOP('',(#1815,#1816,#1817,#1818,#1819,#1820,#1821,#1822));
#4664=EDGE_LOOP('',(#1823,#1824,#1825,#1826,#1827,#1828,#1829,#1830,#1831));
#4665=EDGE_LOOP('',(#1832,#1833,#1834,#1835));
#4666=FACE_BOUND('',#4358,.T.);
#4667=FACE_BOUND('',#4359,.T.);
#4668=FACE_BOUND('',#4360,.T.);
#4669=FACE_BOUND('',#4361,.T.);
#4670=FACE_BOUND('',#4362,.T.);
#4671=FACE_BOUND('',#4363,.T.);
#4672=FACE_BOUND('',#4364,.T.);
#4673=FACE_BOUND('',#4365,.T.);
#4674=FACE_BOUND('',#4366,.T.);
#4675=FACE_BOUND('',#4367,.T.);
#4676=FACE_BOUND('',#4368,.T.);
#4677=FACE_BOUND('',#4369,.T.);
#4678=FACE_BOUND('',#4370,.T.);
#4679=FACE_BOUND('',#4371,.T.);
#4680=FACE_BOUND('',#4372,.T.);
#4681=FACE_BOUND('',#4373,.T.);
#4682=FACE_BOUND('',#4374,.T.);
#4683=FACE_BOUND('',#4375,.T.);
#4684=FACE_BOUND('',#4376,.T.);
#4685=FACE_BOUND('',#4377,.T.);
#4686=FACE_BOUND('',#4378,.T.);
#4687=FACE_BOUND('',#4379,.T.);
#4688=FACE_BOUND('',#4380,.T.);
#4689=FACE_BOUND('',#4381,.T.);
#4690=FACE_BOUND('',#4382,.T.);
#4691=FACE_BOUND('',#4383,.T.);
#4692=FACE_BOUND('',#4384,.T.);
#4693=FACE_BOUND('',#4385,.T.);
#4694=FACE_BOUND('',#4386,.T.);
#4695=FACE_BOUND('',#4387,.T.);
#4696=FACE_BOUND('',#4388,.T.);
#4697=FACE_BOUND('',#4389,.T.);
#4698=FACE_BOUND('',#4390,.T.);
#4699=FACE_BOUND('',#4391,.T.);
#4700=FACE_BOUND('',#4392,.T.);
#4701=FACE_BOUND('',#4393,.T.);
#4702=FACE_BOUND('',#4394,.T.);
#4703=FACE_BOUND('',#4395,.T.);
#4704=FACE_BOUND('',#4396,.T.);
#4705=FACE_BOUND('',#4397,.T.);
#4706=FACE_BOUND('',#4398,.T.);
#4707=FACE_BOUND('',#4399,.T.);
#4708=FACE_BOUND('',#4400,.T.);
#4709=FACE_BOUND('',#4401,.T.);
#4710=FACE_BOUND('',#4402,.T.);
#4711=FACE_BOUND('',#4403,.T.);
#4712=FACE_BOUND('',#4404,.T.);
#4713=FACE_BOUND('',#4405,.T.);
#4714=FACE_BOUND('',#4406,.T.);
#4715=FACE_BOUND('',#4407,.T.);
#4716=FACE_BOUND('',#4408,.T.);
#4717=FACE_BOUND('',#4409,.T.);
#4718=FACE_BOUND('',#4410,.T.);
#4719=FACE_BOUND('',#4411,.T.);
#4720=FACE_BOUND('',#4412,.T.);
#4721=FACE_BOUND('',#4413,.T.);
#4722=FACE_BOUND('',#4414,.T.);
#4723=FACE_BOUND('',#4415,.T.);
#4724=FACE_BOUND('',#4416,.T.);
#4725=FACE_BOUND('',#4417,.T.);
#4726=FACE_BOUND('',#4418,.T.);
#4727=FACE_BOUND('',#4419,.T.);
#4728=FACE_BOUND('',#4420,.T.);
#4729=FACE_BOUND('',#4421,.T.);
#4730=FACE_BOUND('',#4422,.T.);
#4731=FACE_BOUND('',#4423,.T.);
#4732=FACE_BOUND('',#4424,.T.);
#4733=FACE_BOUND('',#4425,.T.);
#4734=FACE_BOUND('',#4426,.T.);
#4735=FACE_BOUND('',#4427,.T.);
#4736=FACE_BOUND('',#4428,.T.);
#4737=FACE_BOUND('',#4429,.T.);
#4738=FACE_BOUND('',#4430,.T.);
#4739=FACE_BOUND('',#4431,.T.);
#4740=FACE_BOUND('',#4432,.T.);
#4741=FACE_BOUND('',#4433,.T.);
#4742=FACE_BOUND('',#4434,.T.);
#4743=FACE_BOUND('',#4435,.T.);
#4744=FACE_BOUND('',#4436,.T.);
#4745=FACE_BOUND('',#4437,.T.);
#4746=FACE_BOUND('',#4438,.T.);
#4747=FACE_BOUND('',#4439,.T.);
#4748=FACE_BOUND('',#4440,.T.);
#4749=FACE_BOUND('',#4441,.T.);
#4750=FACE_BOUND('',#4442,.T.);
#4751=FACE_BOUND('',#4443,.T.);
#4752=FACE_BOUND('',#4444,.T.);
#4753=FACE_BOUND('',#4445,.T.);
#4754=FACE_BOUND('',#4446,.T.);
#4755=FACE_BOUND('',#4447,.T.);
#4756=FACE_BOUND('',#4448,.T.);
#4757=FACE_BOUND('',#4449,.T.);
#4758=FACE_BOUND('',#4450,.T.);
#4759=FACE_BOUND('',#4451,.T.);
#4760=FACE_BOUND('',#4452,.T.);
#4761=FACE_BOUND('',#4453,.T.);
#4762=FACE_BOUND('',#4454,.T.);
#4763=FACE_BOUND('',#4455,.T.);
#4764=FACE_BOUND('',#4456,.T.);
#4765=FACE_BOUND('',#4457,.T.);
#4766=FACE_BOUND('',#4458,.T.);
#4767=FACE_BOUND('',#4459,.T.);
#4768=FACE_BOUND('',#4460,.T.);
#4769=FACE_BOUND('',#4461,.T.);
#4770=FACE_BOUND('',#4462,.T.);
#4771=FACE_BOUND('',#4463,.T.);
#4772=FACE_BOUND('',#4464,.T.);
#4773=FACE_BOUND('',#4465,.T.);
#4774=FACE_BOUND('',#4466,.T.);
#4775=FACE_BOUND('',#4467,.T.);
#4776=FACE_BOUND('',#4468,.T.);
#4777=FACE_BOUND('',#4469,.T.);
#4778=FACE_BOUND('',#4470,.T.);
#4779=FACE_BOUND('',#4471,.T.);
#4780=FACE_BOUND('',#4472,.T.);
#4781=FACE_BOUND('',#4473,.T.);
#4782=FACE_BOUND('',#4474,.T.);
#4783=FACE_BOUND('',#4475,.T.);
#4784=FACE_BOUND('',#4476,.T.);
#4785=FACE_BOUND('',#4477,.T.);
#4786=FACE_BOUND('',#4478,.T.);
#4787=FACE_BOUND('',#4479,.T.);
#4788=FACE_BOUND('',#4480,.T.);
#4789=FACE_BOUND('',#4481,.T.);
#4790=FACE_BOUND('',#4482,.T.);
#4791=FACE_BOUND('',#4483,.T.);
#4792=FACE_BOUND('',#4484,.T.);
#4793=FACE_BOUND('',#4485,.T.);
#4794=FACE_BOUND('',#4486,.T.);
#4795=FACE_BOUND('',#4487,.T.);
#4796=FACE_BOUND('',#4488,.T.);
#4797=FACE_BOUND('',#4489,.T.);
#4798=FACE_BOUND('',#4490,.T.);
#4799=FACE_BOUND('',#4491,.T.);
#4800=FACE_BOUND('',#4492,.T.);
#4801=FACE_BOUND('',#4493,.T.);
#4802=FACE_BOUND('',#4494,.T.);
#4803=FACE_BOUND('',#4495,.T.);
#4804=FACE_BOUND('',#4496,.T.);
#4805=FACE_BOUND('',#4497,.T.);
#4806=FACE_BOUND('',#4498,.T.);
#4807=FACE_BOUND('',#4499,.T.);
#4808=FACE_BOUND('',#4500,.T.);
#4809=FACE_BOUND('',#4501,.T.);
#4810=FACE_BOUND('',#4502,.T.);
#4811=FACE_BOUND('',#4503,.T.);
#4812=FACE_BOUND('',#4504,.T.);
#4813=FACE_BOUND('',#4505,.T.);
#4814=FACE_BOUND('',#4506,.T.);
#4815=FACE_BOUND('',#4507,.T.);
#4816=FACE_BOUND('',#4508,.T.);
#4817=FACE_BOUND('',#4509,.T.);
#4818=FACE_BOUND('',#4510,.T.);
#4819=FACE_BOUND('',#4511,.T.);
#4820=FACE_BOUND('',#4512,.T.);
#4821=FACE_BOUND('',#4513,.T.);
#4822=FACE_BOUND('',#4514,.T.);
#4823=FACE_BOUND('',#4515,.T.);
#4824=FACE_BOUND('',#4516,.T.);
#4825=FACE_BOUND('',#4517,.T.);
#4826=FACE_BOUND('',#4518,.T.);
#4827=FACE_BOUND('',#4519,.T.);
#4828=FACE_BOUND('',#4520,.T.);
#4829=FACE_BOUND('',#4521,.T.);
#4830=FACE_BOUND('',#4522,.T.);
#4831=FACE_BOUND('',#4523,.T.);
#4832=FACE_BOUND('',#4524,.T.);
#4833=FACE_BOUND('',#4525,.T.);
#4834=FACE_BOUND('',#4526,.T.);
#4835=FACE_BOUND('',#4527,.T.);
#4836=FACE_BOUND('',#4528,.T.);
#4837=FACE_BOUND('',#4529,.T.);
#4838=FACE_BOUND('',#4530,.T.);
#4839=FACE_BOUND('',#4531,.T.);
#4840=FACE_BOUND('',#4532,.T.);
#4841=FACE_BOUND('',#4533,.T.);
#4842=FACE_BOUND('',#4534,.T.);
#4843=FACE_BOUND('',#4535,.T.);
#4844=FACE_BOUND('',#4536,.T.);
#4845=FACE_BOUND('',#4537,.T.);
#4846=FACE_BOUND('',#4538,.T.);
#4847=FACE_BOUND('',#4539,.T.);
#4848=FACE_BOUND('',#4540,.T.);
#4849=FACE_BOUND('',#4541,.T.);
#4850=FACE_BOUND('',#4542,.T.);
#4851=FACE_BOUND('',#4543,.T.);
#4852=FACE_BOUND('',#4544,.T.);
#4853=FACE_BOUND('',#4545,.T.);
#4854=FACE_BOUND('',#4546,.T.);
#4855=FACE_BOUND('',#4547,.T.);
#4856=FACE_BOUND('',#4548,.T.);
#4857=FACE_BOUND('',#4549,.T.);
#4858=FACE_BOUND('',#4550,.T.);
#4859=FACE_BOUND('',#4551,.T.);
#4860=FACE_BOUND('',#4552,.T.);
#4861=FACE_BOUND('',#4553,.T.);
#4862=FACE_BOUND('',#4554,.T.);
#4863=FACE_BOUND('',#4555,.T.);
#4864=FACE_BOUND('',#4556,.T.);
#4865=FACE_BOUND('',#4557,.T.);
#4866=FACE_BOUND('',#4558,.T.);
#4867=FACE_BOUND('',#4559,.T.);
#4868=FACE_BOUND('',#4560,.T.);
#4869=FACE_BOUND('',#4561,.T.);
#4870=FACE_BOUND('',#4562,.T.);
#4871=FACE_BOUND('',#4563,.T.);
#4872=FACE_BOUND('',#4564,.T.);
#4873=FACE_BOUND('',#4565,.T.);
#4874=FACE_BOUND('',#4566,.T.);
#4875=FACE_BOUND('',#4567,.T.);
#4876=FACE_BOUND('',#4568,.T.);
#4877=FACE_BOUND('',#4569,.T.);
#4878=FACE_BOUND('',#4570,.T.);
#4879=FACE_BOUND('',#4571,.T.);
#4880=FACE_BOUND('',#4572,.T.);
#4881=FACE_BOUND('',#4573,.T.);
#4882=FACE_BOUND('',#4574,.T.);
#4883=FACE_BOUND('',#4575,.T.);
#4884=FACE_BOUND('',#4576,.T.);
#4885=FACE_BOUND('',#4577,.T.);
#4886=FACE_BOUND('',#4578,.T.);
#4887=FACE_BOUND('',#4579,.T.);
#4888=FACE_BOUND('',#4580,.T.);
#4889=FACE_BOUND('',#4581,.T.);
#4890=FACE_BOUND('',#4582,.T.);
#4891=FACE_BOUND('',#4583,.T.);
#4892=FACE_BOUND('',#4584,.T.);
#4893=FACE_BOUND('',#4585,.T.);
#4894=FACE_BOUND('',#4586,.T.);
#4895=FACE_BOUND('',#4587,.T.);
#4896=FACE_BOUND('',#4588,.T.);
#4897=FACE_BOUND('',#4589,.T.);
#4898=FACE_BOUND('',#4590,.T.);
#4899=FACE_BOUND('',#4591,.T.);
#4900=FACE_BOUND('',#4592,.T.);
#4901=FACE_BOUND('',#4593,.T.);
#4902=FACE_BOUND('',#4594,.T.);
#4903=FACE_BOUND('',#4595,.T.);
#4904=FACE_BOUND('',#4596,.T.);
#4905=FACE_BOUND('',#4597,.T.);
#4906=FACE_BOUND('',#4598,.T.);
#4907=FACE_BOUND('',#4599,.T.);
#4908=FACE_BOUND('',#4600,.T.);
#4909=FACE_BOUND('',#4601,.T.);
#4910=FACE_BOUND('',#4602,.T.);
#4911=FACE_BOUND('',#4603,.T.);
#4912=FACE_BOUND('',#4604,.T.);
#4913=FACE_BOUND('',#4605,.T.);
#4914=FACE_BOUND('',#4606,.T.);
#4915=FACE_BOUND('',#4607,.T.);
#4916=FACE_BOUND('',#4608,.T.);
#4917=FACE_BOUND('',#4609,.T.);
#4918=FACE_BOUND('',#4610,.T.);
#4919=FACE_BOUND('',#4611,.T.);
#4920=FACE_BOUND('',#4612,.T.);
#4921=FACE_BOUND('',#4613,.T.);
#4922=FACE_BOUND('',#4614,.T.);
#4923=FACE_BOUND('',#4615,.T.);
#4924=FACE_BOUND('',#4616,.T.);
#4925=FACE_BOUND('',#4617,.T.);
#4926=FACE_BOUND('',#4618,.T.);
#4927=FACE_BOUND('',#4619,.T.);
#4928=FACE_BOUND('',#4620,.T.);
#4929=FACE_BOUND('',#4621,.T.);
#4930=FACE_BOUND('',#4622,.T.);
#4931=FACE_BOUND('',#4623,.T.);
#4932=FACE_BOUND('',#4624,.T.);
#4933=FACE_BOUND('',#4625,.T.);
#4934=FACE_BOUND('',#4626,.T.);
#4935=FACE_BOUND('',#4627,.T.);
#4936=FACE_BOUND('',#4628,.T.);
#4937=FACE_BOUND('',#4629,.T.);
#4938=FACE_BOUND('',#4630,.T.);
#4939=FACE_BOUND('',#4631,.T.);
#4940=FACE_BOUND('',#4632,.T.);
#4941=FACE_BOUND('',#4633,.T.);
#4942=FACE_BOUND('',#4634,.T.);
#4943=FACE_BOUND('',#4635,.T.);
#4944=FACE_BOUND('',#4636,.T.);
#4945=FACE_BOUND('',#4637,.T.);
#4946=FACE_BOUND('',#4638,.T.);
#4947=FACE_BOUND('',#4639,.T.);
#4948=FACE_BOUND('',#4640,.T.);
#4949=FACE_BOUND('',#4641,.T.);
#4950=FACE_BOUND('',#4642,.T.);
#4951=FACE_BOUND('',#4643,.T.);
#4952=FACE_BOUND('',#4644,.T.);
#4953=FACE_BOUND('',#4645,.T.);
#4954=FACE_BOUND('',#4646,.T.);
#4955=FACE_BOUND('',#4647,.T.);
#4956=FACE_BOUND('',#4648,.T.);
#4957=FACE_BOUND('',#4649,.T.);
#4958=FACE_BOUND('',#4650,.T.);
#4959=FACE_BOUND('',#4651,.T.);
#4960=FACE_BOUND('',#4652,.T.);
#4961=FACE_BOUND('',#4653,.T.);
#4962=FACE_BOUND('',#4654,.T.);
#4963=FACE_BOUND('',#4655,.T.);
#4964=FACE_BOUND('',#4656,.T.);
#4965=FACE_BOUND('',#4657,.T.);
#4966=FACE_BOUND('',#4658,.T.);
#4967=FACE_BOUND('',#4659,.T.);
#4968=FACE_BOUND('',#4660,.T.);
#4969=FACE_BOUND('',#4661,.T.);
#4970=FACE_BOUND('',#4662,.T.);
#4971=FACE_BOUND('',#4663,.T.);
#4972=FACE_BOUND('',#4664,.T.);
#4973=FACE_BOUND('',#4665,.T.);
#4974=PLANE('',#7126);
#4975=PLANE('',#7133);
#4976=PLANE('',#7134);
#4977=PLANE('',#7135);
#4978=PLANE('',#7136);
#4979=PLANE('',#7137);
#4980=PLANE('',#7138);
#4981=PLANE('',#7139);
#4982=PLANE('',#7140);
#4983=PLANE('',#7141);
#4984=PLANE('',#7144);
#4985=PLANE('',#7145);
#4986=PLANE('',#7146);
#4987=PLANE('',#7149);
#4988=PLANE('',#7150);
#4989=PLANE('',#7154);
#4990=PLANE('',#7160);
#4991=PLANE('',#7164);
#4992=PLANE('',#7170);
#4993=PLANE('',#7171);
#4994=PLANE('',#7174);
#4995=PLANE('',#7177);
#4996=PLANE('',#7179);
#4997=PLANE('',#7182);
#4998=PLANE('',#7185);
#4999=PLANE('',#7187);
#5000=PLANE('',#7190);
#5001=PLANE('',#7193);
#5002=PLANE('',#7195);
#5003=PLANE('',#7198);
#5004=PLANE('',#7202);
#5005=PLANE('',#7203);
#5006=PLANE('',#7204);
#5007=PLANE('',#7205);
#5008=PLANE('',#7206);
#5009=PLANE('',#7207);
#5010=PLANE('',#7208);
#5011=PLANE('',#7209);
#5012=PLANE('',#7210);
#5013=PLANE('',#7211);
#5014=PLANE('',#7212);
#5015=PLANE('',#7213);
#5016=PLANE('',#7214);
#5017=PLANE('',#7215);
#5018=PLANE('',#7216);
#5019=PLANE('',#7217);
#5020=PLANE('',#7218);
#5021=PLANE('',#7225);
#5022=PLANE('',#7226);
#5023=PLANE('',#7229);
#5024=PLANE('',#7232);
#5025=PLANE('',#7233);
#5026=PLANE('',#7234);
#5027=PLANE('',#7235);
#5028=PLANE('',#7238);
#5029=PLANE('',#7241);
#5030=PLANE('',#7242);
#5031=PLANE('',#7243);
#5032=PLANE('',#7244);
#5033=PLANE('',#7245);
#5034=PLANE('',#7247);
#5035=PLANE('',#7248);
#5036=PLANE('',#7250);
#5037=PLANE('',#7251);
#5038=PLANE('',#7253);
#5039=PLANE('',#7254);
#5040=PLANE('',#7256);
#5041=PLANE('',#7257);
#5042=PLANE('',#7259);
#5043=PLANE('',#7260);
#5044=PLANE('',#7262);
#5045=PLANE('',#7263);
#5046=PLANE('',#7265);
#5047=PLANE('',#7266);
#5048=PLANE('',#7268);
#5049=PLANE('',#7283);
#5050=PLANE('',#7284);
#5051=PLANE('',#7285);
#5052=PLANE('',#7286);
#5053=PLANE('',#7287);
#5054=PLANE('',#7288);
#5055=PLANE('',#7289);
#5056=PLANE('',#7290);
#5057=PLANE('',#7291);
#5058=PLANE('',#7293);
#5059=PLANE('',#7294);
#5060=PLANE('',#7296);
#5061=PLANE('',#7297);
#5062=PLANE('',#7299);
#5063=PLANE('',#7300);
#5064=PLANE('',#7302);
#5065=PLANE('',#7303);
#5066=PLANE('',#7305);
#5067=PLANE('',#7306);
#5068=PLANE('',#7308);
#5069=PLANE('',#7309);
#5070=PLANE('',#7311);
#5071=PLANE('',#7312);
#5072=PLANE('',#7314);
#5073=PLANE('',#7315);
#5074=PLANE('',#7316);
#5075=PLANE('',#7317);
#5076=PLANE('',#7318);
#5077=PLANE('',#7319);
#5078=PLANE('',#7320);
#5079=PLANE('',#7321);
#5080=PLANE('',#7322);
#5081=PLANE('',#7327);
#5082=PLANE('',#7328);
#5083=PLANE('',#7329);
#5084=PLANE('',#7330);
#5085=PLANE('',#7331);
#5086=PLANE('',#7332);
#5087=PLANE('',#7333);
#5088=PLANE('',#7334);
#5089=PLANE('',#7335);
#5090=PLANE('',#7336);
#5091=PLANE('',#7337);
#5092=PLANE('',#7338);
#5093=PLANE('',#7339);
#5094=PLANE('',#7340);
#5095=PLANE('',#7341);
#5096=PLANE('',#7342);
#5097=PLANE('',#7343);
#5098=PLANE('',#7344);
#5099=PLANE('',#7345);
#5100=PLANE('',#7346);
#5101=PLANE('',#7347);
#5102=PLANE('',#7348);
#5103=PLANE('',#7349);
#5104=PLANE('',#7350);
#5105=PLANE('',#7351);
#5106=PLANE('',#7352);
#5107=PLANE('',#7353);
#5108=PLANE('',#7354);
#5109=PLANE('',#7355);
#5110=PLANE('',#7356);
#5111=PLANE('',#7357);
#5112=PLANE('',#7358);
#5113=PLANE('',#7359);
#5114=PLANE('',#7360);
#5115=PLANE('',#7361);
#5116=PLANE('',#7362);
#5117=PLANE('',#7373);
#5118=PLANE('',#7374);
#5119=PLANE('',#7375);
#5120=PLANE('',#7376);
#5121=PLANE('',#7381);
#5122=PLANE('',#7382);
#5123=PLANE('',#7383);
#5124=PLANE('',#7386);
#5125=PLANE('',#7387);
#5126=PLANE('',#7390);
#5127=PLANE('',#7391);
#5128=PLANE('',#7392);
#5129=PLANE('',#7393);
#5130=PLANE('',#7394);
#5131=PLANE('',#7395);
#5132=PLANE('',#7396);
#5133=PLANE('',#7397);
#5134=PLANE('',#7400);
#5135=PLANE('',#7401);
#5136=PLANE('',#7402);
#5137=PLANE('',#7403);
#5138=PLANE('',#7404);
#5139=PLANE('',#7405);
#5140=PLANE('',#7406);
#5141=PLANE('',#7407);
#5142=PLANE('',#7408);
#5143=PLANE('',#7409);
#5144=PLANE('',#7410);
#5145=PLANE('',#7411);
#5146=PLANE('',#7414);
#5147=PLANE('',#7415);
#5148=PLANE('',#7416);
#5149=PLANE('',#7417);
#5150=PLANE('',#7418);
#5151=PLANE('',#7419);
#5152=PLANE('',#7420);
#5153=PLANE('',#7421);
#5154=PLANE('',#7422);
#5155=PLANE('',#7423);
#5156=PLANE('',#7424);
#5157=PLANE('',#7430);
#5158=PLANE('',#7431);
#5159=PLANE('',#7437);
#5160=PLANE('',#7438);
#5161=PLANE('',#7439);
#5162=PLANE('',#7440);
#5163=PLANE('',#7441);
#5164=PLANE('',#7442);
#5165=PLANE('',#7443);
#5166=PLANE('',#7444);
#5167=PLANE('',#7445);
#5168=PLANE('',#7447);
#5169=PLANE('',#7448);
#5170=PLANE('',#7452);
#5171=PLANE('',#7457);
#5172=PLANE('',#7462);
#5173=PLANE('',#7463);
#5174=PLANE('',#7472);
#5175=PLANE('',#7473);
#5176=PLANE('',#7475);
#5177=PLANE('',#7476);
#5178=PLANE('',#7477);
#5179=PLANE('',#7493);
#5180=PLANE('',#7494);
#5181=PLANE('',#7495);
#5182=PLANE('',#7496);
#5183=PLANE('',#7498);
#5184=PLANE('',#7499);
#5185=PLANE('',#7500);
#5186=PLANE('',#7503);
#5187=PLANE('',#7504);
#5188=PLANE('',#7506);
#5189=PLANE('',#7511);
#5190=PLANE('',#7516);
#5191=PLANE('',#7522);
#5192=PLANE('',#7525);
#5193=PLANE('',#7527);
#5194=PLANE('',#7528);
#5195=PLANE('',#7529);
#5196=PLANE('',#7530);
#5197=PLANE('',#7531);
#5198=PLANE('',#7532);
#5199=PLANE('',#7533);
#5200=STYLED_ITEM('',(#5432),#6827);
#5201=STYLED_ITEM('',(#5433),#6828);
#5202=STYLED_ITEM('',(#5434),#6829);
#5203=STYLED_ITEM('',(#5435),#6830);
#5204=STYLED_ITEM('',(#5436),#6831);
#5205=STYLED_ITEM('',(#5437),#6832);
#5206=STYLED_ITEM('',(#5438),#6833);
#5207=STYLED_ITEM('',(#5439),#6834);
#5208=STYLED_ITEM('',(#5440),#6835);
#5209=STYLED_ITEM('',(#5441),#6836);
#5210=STYLED_ITEM('',(#5442),#6837);
#5211=STYLED_ITEM('',(#5443),#6838);
#5212=STYLED_ITEM('',(#5444),#6839);
#5213=STYLED_ITEM('',(#5445),#6840);
#5214=STYLED_ITEM('',(#5446),#6841);
#5215=STYLED_ITEM('',(#5447),#6842);
#5216=STYLED_ITEM('',(#5448),#6843);
#5217=STYLED_ITEM('',(#5449),#6844);
#5218=STYLED_ITEM('',(#5450),#6845);
#5219=STYLED_ITEM('',(#5451),#6846);
#5220=STYLED_ITEM('',(#5452),#6847);
#5221=STYLED_ITEM('',(#5453),#6848);
#5222=STYLED_ITEM('',(#5454),#6849);
#5223=STYLED_ITEM('',(#5455),#6850);
#5224=STYLED_ITEM('',(#5456),#6851);
#5225=STYLED_ITEM('',(#5457),#6852);
#5226=STYLED_ITEM('',(#5458),#6853);
#5227=STYLED_ITEM('',(#5459),#6854);
#5228=STYLED_ITEM('',(#5460),#6855);
#5229=STYLED_ITEM('',(#5461),#6856);
#5230=STYLED_ITEM('',(#5462),#6857);
#5231=STYLED_ITEM('',(#5463),#6858);
#5232=STYLED_ITEM('',(#5464),#6859);
#5233=STYLED_ITEM('',(#5465),#6860);
#5234=STYLED_ITEM('',(#5466),#6861);
#5235=STYLED_ITEM('',(#5467),#6862);
#5236=STYLED_ITEM('',(#5468),#6863);
#5237=STYLED_ITEM('',(#5469),#6864);
#5238=STYLED_ITEM('',(#5470),#6865);
#5239=STYLED_ITEM('',(#5471),#6866);
#5240=STYLED_ITEM('',(#5472),#6867);
#5241=STYLED_ITEM('',(#5473),#6868);
#5242=STYLED_ITEM('',(#5474),#6869);
#5243=STYLED_ITEM('',(#5475),#6870);
#5244=STYLED_ITEM('',(#5476),#6871);
#5245=STYLED_ITEM('',(#5477),#6872);
#5246=STYLED_ITEM('',(#5478),#6873);
#5247=STYLED_ITEM('',(#5479),#6874);
#5248=STYLED_ITEM('',(#5480),#6875);
#5249=STYLED_ITEM('',(#5481),#6876);
#5250=STYLED_ITEM('',(#5482),#6877);
#5251=STYLED_ITEM('',(#5483),#6878);
#5252=STYLED_ITEM('',(#5484),#6879);
#5253=STYLED_ITEM('',(#5485),#6880);
#5254=STYLED_ITEM('',(#5486),#6881);
#5255=STYLED_ITEM('',(#5487),#6882);
#5256=STYLED_ITEM('',(#5488),#6883);
#5257=STYLED_ITEM('',(#5489),#6884);
#5258=STYLED_ITEM('',(#5490),#6885);
#5259=STYLED_ITEM('',(#5491),#6886);
#5260=STYLED_ITEM('',(#5492),#6887);
#5261=STYLED_ITEM('',(#5493),#6888);
#5262=STYLED_ITEM('',(#5494),#6889);
#5263=STYLED_ITEM('',(#5495),#6890);
#5264=STYLED_ITEM('',(#5496),#6891);
#5265=STYLED_ITEM('',(#5497),#6892);
#5266=STYLED_ITEM('',(#5498),#6893);
#5267=STYLED_ITEM('',(#5499),#6894);
#5268=STYLED_ITEM('',(#5500),#6895);
#5269=STYLED_ITEM('',(#5501),#6896);
#5270=STYLED_ITEM('',(#5502),#6897);
#5271=STYLED_ITEM('',(#5503),#6898);
#5272=STYLED_ITEM('',(#5504),#6899);
#5273=STYLED_ITEM('',(#5505),#6900);
#5274=STYLED_ITEM('',(#5506),#6901);
#5275=STYLED_ITEM('',(#5507),#6902);
#5276=STYLED_ITEM('',(#5508),#6903);
#5277=STYLED_ITEM('',(#5509),#6904);
#5278=STYLED_ITEM('',(#5510),#6905);
#5279=STYLED_ITEM('',(#5511),#6906);
#5280=STYLED_ITEM('',(#5512),#6907);
#5281=STYLED_ITEM('',(#5513),#6908);
#5282=STYLED_ITEM('',(#5514),#6909);
#5283=STYLED_ITEM('',(#5515),#6910);
#5284=STYLED_ITEM('',(#5516),#6911);
#5285=STYLED_ITEM('',(#5517),#6912);
#5286=STYLED_ITEM('',(#5518),#6913);
#5287=STYLED_ITEM('',(#5519),#6914);
#5288=STYLED_ITEM('',(#5520),#6915);
#5289=STYLED_ITEM('',(#5521),#6916);
#5290=STYLED_ITEM('',(#5522),#6917);
#5291=STYLED_ITEM('',(#5523),#6918);
#5292=STYLED_ITEM('',(#5524),#6919);
#5293=STYLED_ITEM('',(#5525),#6920);
#5294=STYLED_ITEM('',(#5526),#6921);
#5295=STYLED_ITEM('',(#5527),#6922);
#5296=STYLED_ITEM('',(#5528),#6923);
#5297=STYLED_ITEM('',(#5529),#6924);
#5298=STYLED_ITEM('',(#5530),#6925);
#5299=STYLED_ITEM('',(#5531),#6926);
#5300=STYLED_ITEM('',(#5532),#6927);
#5301=STYLED_ITEM('',(#5533),#6928);
#5302=STYLED_ITEM('',(#5534),#6929);
#5303=STYLED_ITEM('',(#5535),#6930);
#5304=STYLED_ITEM('',(#5536),#6931);
#5305=STYLED_ITEM('',(#5537),#6932);
#5306=STYLED_ITEM('',(#5538),#6933);
#5307=STYLED_ITEM('',(#5539),#6934);
#5308=STYLED_ITEM('',(#5540),#6935);
#5309=STYLED_ITEM('',(#5541),#6936);
#5310=STYLED_ITEM('',(#5542),#6937);
#5311=STYLED_ITEM('',(#5543),#6938);
#5312=STYLED_ITEM('',(#5544),#6939);
#5313=STYLED_ITEM('',(#5545),#6940);
#5314=STYLED_ITEM('',(#5546),#6941);
#5315=STYLED_ITEM('',(#5547),#6942);
#5316=STYLED_ITEM('',(#5548),#6943);
#5317=STYLED_ITEM('',(#5549),#6944);
#5318=STYLED_ITEM('',(#5550),#6945);
#5319=STYLED_ITEM('',(#5551),#6946);
#5320=STYLED_ITEM('',(#5552),#6947);
#5321=STYLED_ITEM('',(#5553),#6948);
#5322=STYLED_ITEM('',(#5554),#6949);
#5323=STYLED_ITEM('',(#5555),#6950);
#5324=STYLED_ITEM('',(#5556),#6951);
#5325=STYLED_ITEM('',(#5557),#6952);
#5326=STYLED_ITEM('',(#5558),#6953);
#5327=STYLED_ITEM('',(#5559),#6954);
#5328=STYLED_ITEM('',(#5560),#6955);
#5329=STYLED_ITEM('',(#5561),#6956);
#5330=STYLED_ITEM('',(#5562),#6957);
#5331=STYLED_ITEM('',(#5563),#6958);
#5332=STYLED_ITEM('',(#5564),#6959);
#5333=STYLED_ITEM('',(#5565),#6960);
#5334=STYLED_ITEM('',(#5566),#6961);
#5335=STYLED_ITEM('',(#5567),#6962);
#5336=STYLED_ITEM('',(#5568),#6963);
#5337=STYLED_ITEM('',(#5569),#6964);
#5338=STYLED_ITEM('',(#5570),#6965);
#5339=STYLED_ITEM('',(#5571),#6966);
#5340=STYLED_ITEM('',(#5572),#6967);
#5341=STYLED_ITEM('',(#5573),#6968);
#5342=STYLED_ITEM('',(#5574),#6969);
#5343=STYLED_ITEM('',(#5575),#6970);
#5344=STYLED_ITEM('',(#5576),#6971);
#5345=STYLED_ITEM('',(#5577),#6972);
#5346=STYLED_ITEM('',(#5578),#6973);
#5347=STYLED_ITEM('',(#5579),#6974);
#5348=STYLED_ITEM('',(#5580),#6975);
#5349=STYLED_ITEM('',(#5581),#6976);
#5350=STYLED_ITEM('',(#5582),#6977);
#5351=STYLED_ITEM('',(#5583),#6978);
#5352=STYLED_ITEM('',(#5584),#6979);
#5353=STYLED_ITEM('',(#5585),#6980);
#5354=STYLED_ITEM('',(#5586),#6981);
#5355=STYLED_ITEM('',(#5587),#6982);
#5356=STYLED_ITEM('',(#5588),#6983);
#5357=STYLED_ITEM('',(#5589),#6984);
#5358=STYLED_ITEM('',(#5590),#6985);
#5359=STYLED_ITEM('',(#5591),#6986);
#5360=STYLED_ITEM('',(#5592),#6987);
#5361=STYLED_ITEM('',(#5593),#6988);
#5362=STYLED_ITEM('',(#5594),#6989);
#5363=STYLED_ITEM('',(#5595),#6990);
#5364=STYLED_ITEM('',(#5596),#6991);
#5365=STYLED_ITEM('',(#5597),#6992);
#5366=STYLED_ITEM('',(#5598),#6993);
#5367=STYLED_ITEM('',(#5599),#6994);
#5368=STYLED_ITEM('',(#5600),#6995);
#5369=STYLED_ITEM('',(#5601),#6996);
#5370=STYLED_ITEM('',(#5602),#6997);
#5371=STYLED_ITEM('',(#5603),#6998);
#5372=STYLED_ITEM('',(#5604),#6999);
#5373=STYLED_ITEM('',(#5605),#7000);
#5374=STYLED_ITEM('',(#5606),#7001);
#5375=STYLED_ITEM('',(#5607),#7002);
#5376=STYLED_ITEM('',(#5608),#7003);
#5377=STYLED_ITEM('',(#5609),#7004);
#5378=STYLED_ITEM('',(#5610),#7005);
#5379=STYLED_ITEM('',(#5611),#7006);
#5380=STYLED_ITEM('',(#5612),#7007);
#5381=STYLED_ITEM('',(#5613),#7008);
#5382=STYLED_ITEM('',(#5614),#7009);
#5383=STYLED_ITEM('',(#5615),#7010);
#5384=STYLED_ITEM('',(#5616),#7011);
#5385=STYLED_ITEM('',(#5617),#7012);
#5386=STYLED_ITEM('',(#5618),#7013);
#5387=STYLED_ITEM('',(#5619),#7014);
#5388=STYLED_ITEM('',(#5620),#7015);
#5389=STYLED_ITEM('',(#5621),#7016);
#5390=STYLED_ITEM('',(#5622),#7017);
#5391=STYLED_ITEM('',(#5623),#7018);
#5392=STYLED_ITEM('',(#5624),#7019);
#5393=STYLED_ITEM('',(#5625),#7020);
#5394=STYLED_ITEM('',(#5626),#7021);
#5395=STYLED_ITEM('',(#5627),#7022);
#5396=STYLED_ITEM('',(#5628),#7023);
#5397=STYLED_ITEM('',(#5629),#7024);
#5398=STYLED_ITEM('',(#5630),#7025);
#5399=STYLED_ITEM('',(#5631),#7026);
#5400=STYLED_ITEM('',(#5632),#7027);
#5401=STYLED_ITEM('',(#5633),#7028);
#5402=STYLED_ITEM('',(#5634),#7029);
#5403=STYLED_ITEM('',(#5635),#7030);
#5404=STYLED_ITEM('',(#5636),#7031);
#5405=STYLED_ITEM('',(#5637),#7032);
#5406=STYLED_ITEM('',(#5638),#7033);
#5407=STYLED_ITEM('',(#5639),#7034);
#5408=STYLED_ITEM('',(#5640),#7035);
#5409=STYLED_ITEM('',(#5641),#7036);
#5410=STYLED_ITEM('',(#5642),#7037);
#5411=STYLED_ITEM('',(#5643),#7038);
#5412=STYLED_ITEM('',(#5644),#7039);
#5413=STYLED_ITEM('',(#5645),#7040);
#5414=STYLED_ITEM('',(#5646),#7041);
#5415=STYLED_ITEM('',(#5647),#7042);
#5416=STYLED_ITEM('',(#5648),#7043);
#5417=STYLED_ITEM('',(#5649),#7044);
#5418=STYLED_ITEM('',(#5650),#7045);
#5419=STYLED_ITEM('',(#5651),#7046);
#5420=STYLED_ITEM('',(#5652),#7047);
#5421=STYLED_ITEM('',(#5653),#7048);
#5422=STYLED_ITEM('',(#5654),#7049);
#5423=STYLED_ITEM('',(#5655),#7050);
#5424=STYLED_ITEM('',(#5656),#7051);
#5425=STYLED_ITEM('',(#5657),#7052);
#5426=STYLED_ITEM('',(#5658),#7053);
#5427=STYLED_ITEM('',(#5659),#7054);
#5428=STYLED_ITEM('',(#5660),#7055);
#5429=STYLED_ITEM('',(#5661),#7056);
#5430=STYLED_ITEM('',(#5662),#7115);
#5431=STYLED_ITEM('',(#5663),#7116);
#5432=PRESENTATION_STYLE_ASSIGNMENT((#5664));
#5433=PRESENTATION_STYLE_ASSIGNMENT((#5665));
#5434=PRESENTATION_STYLE_ASSIGNMENT((#5666));
#5435=PRESENTATION_STYLE_ASSIGNMENT((#5667));
#5436=PRESENTATION_STYLE_ASSIGNMENT((#5668));
#5437=PRESENTATION_STYLE_ASSIGNMENT((#5669));
#5438=PRESENTATION_STYLE_ASSIGNMENT((#5670));
#5439=PRESENTATION_STYLE_ASSIGNMENT((#5671));
#5440=PRESENTATION_STYLE_ASSIGNMENT((#5672));
#5441=PRESENTATION_STYLE_ASSIGNMENT((#5673));
#5442=PRESENTATION_STYLE_ASSIGNMENT((#5674));
#5443=PRESENTATION_STYLE_ASSIGNMENT((#5675));
#5444=PRESENTATION_STYLE_ASSIGNMENT((#5676));
#5445=PRESENTATION_STYLE_ASSIGNMENT((#5677));
#5446=PRESENTATION_STYLE_ASSIGNMENT((#5678));
#5447=PRESENTATION_STYLE_ASSIGNMENT((#5679));
#5448=PRESENTATION_STYLE_ASSIGNMENT((#5680));
#5449=PRESENTATION_STYLE_ASSIGNMENT((#5681));
#5450=PRESENTATION_STYLE_ASSIGNMENT((#5682));
#5451=PRESENTATION_STYLE_ASSIGNMENT((#5683));
#5452=PRESENTATION_STYLE_ASSIGNMENT((#5684));
#5453=PRESENTATION_STYLE_ASSIGNMENT((#5685));
#5454=PRESENTATION_STYLE_ASSIGNMENT((#5686));
#5455=PRESENTATION_STYLE_ASSIGNMENT((#5687));
#5456=PRESENTATION_STYLE_ASSIGNMENT((#5688));
#5457=PRESENTATION_STYLE_ASSIGNMENT((#5689));
#5458=PRESENTATION_STYLE_ASSIGNMENT((#5690));
#5459=PRESENTATION_STYLE_ASSIGNMENT((#5691));
#5460=PRESENTATION_STYLE_ASSIGNMENT((#5692));
#5461=PRESENTATION_STYLE_ASSIGNMENT((#5693));
#5462=PRESENTATION_STYLE_ASSIGNMENT((#5694));
#5463=PRESENTATION_STYLE_ASSIGNMENT((#5695));
#5464=PRESENTATION_STYLE_ASSIGNMENT((#5696));
#5465=PRESENTATION_STYLE_ASSIGNMENT((#5697));
#5466=PRESENTATION_STYLE_ASSIGNMENT((#5698));
#5467=PRESENTATION_STYLE_ASSIGNMENT((#5699));
#5468=PRESENTATION_STYLE_ASSIGNMENT((#5700));
#5469=PRESENTATION_STYLE_ASSIGNMENT((#5701));
#5470=PRESENTATION_STYLE_ASSIGNMENT((#5702));
#5471=PRESENTATION_STYLE_ASSIGNMENT((#5703));
#5472=PRESENTATION_STYLE_ASSIGNMENT((#5704));
#5473=PRESENTATION_STYLE_ASSIGNMENT((#5705));
#5474=PRESENTATION_STYLE_ASSIGNMENT((#5706));
#5475=PRESENTATION_STYLE_ASSIGNMENT((#5707));
#5476=PRESENTATION_STYLE_ASSIGNMENT((#5708));
#5477=PRESENTATION_STYLE_ASSIGNMENT((#5709));
#5478=PRESENTATION_STYLE_ASSIGNMENT((#5710));
#5479=PRESENTATION_STYLE_ASSIGNMENT((#5711));
#5480=PRESENTATION_STYLE_ASSIGNMENT((#5712));
#5481=PRESENTATION_STYLE_ASSIGNMENT((#5713));
#5482=PRESENTATION_STYLE_ASSIGNMENT((#5714));
#5483=PRESENTATION_STYLE_ASSIGNMENT((#5715));
#5484=PRESENTATION_STYLE_ASSIGNMENT((#5716));
#5485=PRESENTATION_STYLE_ASSIGNMENT((#5717));
#5486=PRESENTATION_STYLE_ASSIGNMENT((#5718));
#5487=PRESENTATION_STYLE_ASSIGNMENT((#5719));
#5488=PRESENTATION_STYLE_ASSIGNMENT((#5720));
#5489=PRESENTATION_STYLE_ASSIGNMENT((#5721));
#5490=PRESENTATION_STYLE_ASSIGNMENT((#5722));
#5491=PRESENTATION_STYLE_ASSIGNMENT((#5723));
#5492=PRESENTATION_STYLE_ASSIGNMENT((#5724));
#5493=PRESENTATION_STYLE_ASSIGNMENT((#5725));
#5494=PRESENTATION_STYLE_ASSIGNMENT((#5726));
#5495=PRESENTATION_STYLE_ASSIGNMENT((#5727));
#5496=PRESENTATION_STYLE_ASSIGNMENT((#5728));
#5497=PRESENTATION_STYLE_ASSIGNMENT((#5729));
#5498=PRESENTATION_STYLE_ASSIGNMENT((#5730));
#5499=PRESENTATION_STYLE_ASSIGNMENT((#5731));
#5500=PRESENTATION_STYLE_ASSIGNMENT((#5732));
#5501=PRESENTATION_STYLE_ASSIGNMENT((#5733));
#5502=PRESENTATION_STYLE_ASSIGNMENT((#5734));
#5503=PRESENTATION_STYLE_ASSIGNMENT((#5735));
#5504=PRESENTATION_STYLE_ASSIGNMENT((#5736));
#5505=PRESENTATION_STYLE_ASSIGNMENT((#5737));
#5506=PRESENTATION_STYLE_ASSIGNMENT((#5738));
#5507=PRESENTATION_STYLE_ASSIGNMENT((#5739));
#5508=PRESENTATION_STYLE_ASSIGNMENT((#5740));
#5509=PRESENTATION_STYLE_ASSIGNMENT((#5741));
#5510=PRESENTATION_STYLE_ASSIGNMENT((#5742));
#5511=PRESENTATION_STYLE_ASSIGNMENT((#5743));
#5512=PRESENTATION_STYLE_ASSIGNMENT((#5744));
#5513=PRESENTATION_STYLE_ASSIGNMENT((#5745));
#5514=PRESENTATION_STYLE_ASSIGNMENT((#5746));
#5515=PRESENTATION_STYLE_ASSIGNMENT((#5747));
#5516=PRESENTATION_STYLE_ASSIGNMENT((#5748));
#5517=PRESENTATION_STYLE_ASSIGNMENT((#5749));
#5518=PRESENTATION_STYLE_ASSIGNMENT((#5750));
#5519=PRESENTATION_STYLE_ASSIGNMENT((#5751));
#5520=PRESENTATION_STYLE_ASSIGNMENT((#5752));
#5521=PRESENTATION_STYLE_ASSIGNMENT((#5753));
#5522=PRESENTATION_STYLE_ASSIGNMENT((#5754));
#5523=PRESENTATION_STYLE_ASSIGNMENT((#5755));
#5524=PRESENTATION_STYLE_ASSIGNMENT((#5756));
#5525=PRESENTATION_STYLE_ASSIGNMENT((#5757));
#5526=PRESENTATION_STYLE_ASSIGNMENT((#5758));
#5527=PRESENTATION_STYLE_ASSIGNMENT((#5759));
#5528=PRESENTATION_STYLE_ASSIGNMENT((#5760));
#5529=PRESENTATION_STYLE_ASSIGNMENT((#5761));
#5530=PRESENTATION_STYLE_ASSIGNMENT((#5762));
#5531=PRESENTATION_STYLE_ASSIGNMENT((#5763));
#5532=PRESENTATION_STYLE_ASSIGNMENT((#5764));
#5533=PRESENTATION_STYLE_ASSIGNMENT((#5765));
#5534=PRESENTATION_STYLE_ASSIGNMENT((#5766));
#5535=PRESENTATION_STYLE_ASSIGNMENT((#5767));
#5536=PRESENTATION_STYLE_ASSIGNMENT((#5768));
#5537=PRESENTATION_STYLE_ASSIGNMENT((#5769));
#5538=PRESENTATION_STYLE_ASSIGNMENT((#5770));
#5539=PRESENTATION_STYLE_ASSIGNMENT((#5771));
#5540=PRESENTATION_STYLE_ASSIGNMENT((#5772));
#5541=PRESENTATION_STYLE_ASSIGNMENT((#5773));
#5542=PRESENTATION_STYLE_ASSIGNMENT((#5774));
#5543=PRESENTATION_STYLE_ASSIGNMENT((#5775));
#5544=PRESENTATION_STYLE_ASSIGNMENT((#5776));
#5545=PRESENTATION_STYLE_ASSIGNMENT((#5777));
#5546=PRESENTATION_STYLE_ASSIGNMENT((#5778));
#5547=PRESENTATION_STYLE_ASSIGNMENT((#5779));
#5548=PRESENTATION_STYLE_ASSIGNMENT((#5780));
#5549=PRESENTATION_STYLE_ASSIGNMENT((#5781));
#5550=PRESENTATION_STYLE_ASSIGNMENT((#5782));
#5551=PRESENTATION_STYLE_ASSIGNMENT((#5783));
#5552=PRESENTATION_STYLE_ASSIGNMENT((#5784));
#5553=PRESENTATION_STYLE_ASSIGNMENT((#5785));
#5554=PRESENTATION_STYLE_ASSIGNMENT((#5786));
#5555=PRESENTATION_STYLE_ASSIGNMENT((#5787));
#5556=PRESENTATION_STYLE_ASSIGNMENT((#5788));
#5557=PRESENTATION_STYLE_ASSIGNMENT((#5789));
#5558=PRESENTATION_STYLE_ASSIGNMENT((#5790));
#5559=PRESENTATION_STYLE_ASSIGNMENT((#5791));
#5560=PRESENTATION_STYLE_ASSIGNMENT((#5792));
#5561=PRESENTATION_STYLE_ASSIGNMENT((#5793));
#5562=PRESENTATION_STYLE_ASSIGNMENT((#5794));
#5563=PRESENTATION_STYLE_ASSIGNMENT((#5795));
#5564=PRESENTATION_STYLE_ASSIGNMENT((#5796));
#5565=PRESENTATION_STYLE_ASSIGNMENT((#5797));
#5566=PRESENTATION_STYLE_ASSIGNMENT((#5798));
#5567=PRESENTATION_STYLE_ASSIGNMENT((#5799));
#5568=PRESENTATION_STYLE_ASSIGNMENT((#5800));
#5569=PRESENTATION_STYLE_ASSIGNMENT((#5801));
#5570=PRESENTATION_STYLE_ASSIGNMENT((#5802));
#5571=PRESENTATION_STYLE_ASSIGNMENT((#5803));
#5572=PRESENTATION_STYLE_ASSIGNMENT((#5804));
#5573=PRESENTATION_STYLE_ASSIGNMENT((#5805));
#5574=PRESENTATION_STYLE_ASSIGNMENT((#5806));
#5575=PRESENTATION_STYLE_ASSIGNMENT((#5807));
#5576=PRESENTATION_STYLE_ASSIGNMENT((#5808));
#5577=PRESENTATION_STYLE_ASSIGNMENT((#5809));
#5578=PRESENTATION_STYLE_ASSIGNMENT((#5810));
#5579=PRESENTATION_STYLE_ASSIGNMENT((#5811));
#5580=PRESENTATION_STYLE_ASSIGNMENT((#5812));
#5581=PRESENTATION_STYLE_ASSIGNMENT((#5813));
#5582=PRESENTATION_STYLE_ASSIGNMENT((#5814));
#5583=PRESENTATION_STYLE_ASSIGNMENT((#5815));
#5584=PRESENTATION_STYLE_ASSIGNMENT((#5816));
#5585=PRESENTATION_STYLE_ASSIGNMENT((#5817));
#5586=PRESENTATION_STYLE_ASSIGNMENT((#5818));
#5587=PRESENTATION_STYLE_ASSIGNMENT((#5819));
#5588=PRESENTATION_STYLE_ASSIGNMENT((#5820));
#5589=PRESENTATION_STYLE_ASSIGNMENT((#5821));
#5590=PRESENTATION_STYLE_ASSIGNMENT((#5822));
#5591=PRESENTATION_STYLE_ASSIGNMENT((#5823));
#5592=PRESENTATION_STYLE_ASSIGNMENT((#5824));
#5593=PRESENTATION_STYLE_ASSIGNMENT((#5825));
#5594=PRESENTATION_STYLE_ASSIGNMENT((#5826));
#5595=PRESENTATION_STYLE_ASSIGNMENT((#5827));
#5596=PRESENTATION_STYLE_ASSIGNMENT((#5828));
#5597=PRESENTATION_STYLE_ASSIGNMENT((#5829));
#5598=PRESENTATION_STYLE_ASSIGNMENT((#5830));
#5599=PRESENTATION_STYLE_ASSIGNMENT((#5831));
#5600=PRESENTATION_STYLE_ASSIGNMENT((#5832));
#5601=PRESENTATION_STYLE_ASSIGNMENT((#5833));
#5602=PRESENTATION_STYLE_ASSIGNMENT((#5834));
#5603=PRESENTATION_STYLE_ASSIGNMENT((#5835));
#5604=PRESENTATION_STYLE_ASSIGNMENT((#5836));
#5605=PRESENTATION_STYLE_ASSIGNMENT((#5837));
#5606=PRESENTATION_STYLE_ASSIGNMENT((#5838));
#5607=PRESENTATION_STYLE_ASSIGNMENT((#5839));
#5608=PRESENTATION_STYLE_ASSIGNMENT((#5840));
#5609=PRESENTATION_STYLE_ASSIGNMENT((#5841));
#5610=PRESENTATION_STYLE_ASSIGNMENT((#5842));
#5611=PRESENTATION_STYLE_ASSIGNMENT((#5843));
#5612=PRESENTATION_STYLE_ASSIGNMENT((#5844));
#5613=PRESENTATION_STYLE_ASSIGNMENT((#5845));
#5614=PRESENTATION_STYLE_ASSIGNMENT((#5846));
#5615=PRESENTATION_STYLE_ASSIGNMENT((#5847));
#5616=PRESENTATION_STYLE_ASSIGNMENT((#5848));
#5617=PRESENTATION_STYLE_ASSIGNMENT((#5849));
#5618=PRESENTATION_STYLE_ASSIGNMENT((#5850));
#5619=PRESENTATION_STYLE_ASSIGNMENT((#5851));
#5620=PRESENTATION_STYLE_ASSIGNMENT((#5852));
#5621=PRESENTATION_STYLE_ASSIGNMENT((#5853));
#5622=PRESENTATION_STYLE_ASSIGNMENT((#5854));
#5623=PRESENTATION_STYLE_ASSIGNMENT((#5855));
#5624=PRESENTATION_STYLE_ASSIGNMENT((#5856));
#5625=PRESENTATION_STYLE_ASSIGNMENT((#5857));
#5626=PRESENTATION_STYLE_ASSIGNMENT((#5858));
#5627=PRESENTATION_STYLE_ASSIGNMENT((#5859));
#5628=PRESENTATION_STYLE_ASSIGNMENT((#5860));
#5629=PRESENTATION_STYLE_ASSIGNMENT((#5861));
#5630=PRESENTATION_STYLE_ASSIGNMENT((#5862));
#5631=PRESENTATION_STYLE_ASSIGNMENT((#5863));
#5632=PRESENTATION_STYLE_ASSIGNMENT((#5864));
#5633=PRESENTATION_STYLE_ASSIGNMENT((#5865));
#5634=PRESENTATION_STYLE_ASSIGNMENT((#5866));
#5635=PRESENTATION_STYLE_ASSIGNMENT((#5867));
#5636=PRESENTATION_STYLE_ASSIGNMENT((#5868));
#5637=PRESENTATION_STYLE_ASSIGNMENT((#5869));
#5638=PRESENTATION_STYLE_ASSIGNMENT((#5870));
#5639=PRESENTATION_STYLE_ASSIGNMENT((#5871));
#5640=PRESENTATION_STYLE_ASSIGNMENT((#5872));
#5641=PRESENTATION_STYLE_ASSIGNMENT((#5873));
#5642=PRESENTATION_STYLE_ASSIGNMENT((#5874));
#5643=PRESENTATION_STYLE_ASSIGNMENT((#5875));
#5644=PRESENTATION_STYLE_ASSIGNMENT((#5876));
#5645=PRESENTATION_STYLE_ASSIGNMENT((#5877));
#5646=PRESENTATION_STYLE_ASSIGNMENT((#5878));
#5647=PRESENTATION_STYLE_ASSIGNMENT((#5879));
#5648=PRESENTATION_STYLE_ASSIGNMENT((#5880));
#5649=PRESENTATION_STYLE_ASSIGNMENT((#5881));
#5650=PRESENTATION_STYLE_ASSIGNMENT((#5882));
#5651=PRESENTATION_STYLE_ASSIGNMENT((#5883));
#5652=PRESENTATION_STYLE_ASSIGNMENT((#5884));
#5653=PRESENTATION_STYLE_ASSIGNMENT((#5885));
#5654=PRESENTATION_STYLE_ASSIGNMENT((#5886));
#5655=PRESENTATION_STYLE_ASSIGNMENT((#5887));
#5656=PRESENTATION_STYLE_ASSIGNMENT((#5888));
#5657=PRESENTATION_STYLE_ASSIGNMENT((#5889));
#5658=PRESENTATION_STYLE_ASSIGNMENT((#5890));
#5659=PRESENTATION_STYLE_ASSIGNMENT((#5891));
#5660=PRESENTATION_STYLE_ASSIGNMENT((#5892));
#5661=PRESENTATION_STYLE_ASSIGNMENT((#5893));
#5662=PRESENTATION_STYLE_ASSIGNMENT((#5894));
#5663=PRESENTATION_STYLE_ASSIGNMENT((#5895));
#5664=SURFACE_STYLE_USAGE(.BOTH.,#5896);
#5665=SURFACE_STYLE_USAGE(.BOTH.,#5897);
#5666=SURFACE_STYLE_USAGE(.BOTH.,#5898);
#5667=SURFACE_STYLE_USAGE(.BOTH.,#5899);
#5668=SURFACE_STYLE_USAGE(.BOTH.,#5900);
#5669=SURFACE_STYLE_USAGE(.BOTH.,#5901);
#5670=SURFACE_STYLE_USAGE(.BOTH.,#5902);
#5671=SURFACE_STYLE_USAGE(.BOTH.,#5903);
#5672=SURFACE_STYLE_USAGE(.BOTH.,#5904);
#5673=SURFACE_STYLE_USAGE(.BOTH.,#5905);
#5674=SURFACE_STYLE_USAGE(.BOTH.,#5906);
#5675=SURFACE_STYLE_USAGE(.BOTH.,#5907);
#5676=SURFACE_STYLE_USAGE(.BOTH.,#5908);
#5677=SURFACE_STYLE_USAGE(.BOTH.,#5909);
#5678=SURFACE_STYLE_USAGE(.BOTH.,#5910);
#5679=SURFACE_STYLE_USAGE(.BOTH.,#5911);
#5680=SURFACE_STYLE_USAGE(.BOTH.,#5912);
#5681=SURFACE_STYLE_USAGE(.BOTH.,#5913);
#5682=SURFACE_STYLE_USAGE(.BOTH.,#5914);
#5683=SURFACE_STYLE_USAGE(.BOTH.,#5915);
#5684=SURFACE_STYLE_USAGE(.BOTH.,#5916);
#5685=SURFACE_STYLE_USAGE(.BOTH.,#5917);
#5686=SURFACE_STYLE_USAGE(.BOTH.,#5918);
#5687=SURFACE_STYLE_USAGE(.BOTH.,#5919);
#5688=SURFACE_STYLE_USAGE(.BOTH.,#5920);
#5689=SURFACE_STYLE_USAGE(.BOTH.,#5921);
#5690=SURFACE_STYLE_USAGE(.BOTH.,#5922);
#5691=SURFACE_STYLE_USAGE(.BOTH.,#5923);
#5692=SURFACE_STYLE_USAGE(.BOTH.,#5924);
#5693=SURFACE_STYLE_USAGE(.BOTH.,#5925);
#5694=SURFACE_STYLE_USAGE(.BOTH.,#5926);
#5695=SURFACE_STYLE_USAGE(.BOTH.,#5927);
#5696=SURFACE_STYLE_USAGE(.BOTH.,#5928);
#5697=SURFACE_STYLE_USAGE(.BOTH.,#5929);
#5698=SURFACE_STYLE_USAGE(.BOTH.,#5930);
#5699=SURFACE_STYLE_USAGE(.BOTH.,#5931);
#5700=SURFACE_STYLE_USAGE(.BOTH.,#5932);
#5701=SURFACE_STYLE_USAGE(.BOTH.,#5933);
#5702=SURFACE_STYLE_USAGE(.BOTH.,#5934);
#5703=SURFACE_STYLE_USAGE(.BOTH.,#5935);
#5704=SURFACE_STYLE_USAGE(.BOTH.,#5936);
#5705=SURFACE_STYLE_USAGE(.BOTH.,#5937);
#5706=SURFACE_STYLE_USAGE(.BOTH.,#5938);
#5707=SURFACE_STYLE_USAGE(.BOTH.,#5939);
#5708=SURFACE_STYLE_USAGE(.BOTH.,#5940);
#5709=SURFACE_STYLE_USAGE(.BOTH.,#5941);
#5710=SURFACE_STYLE_USAGE(.BOTH.,#5942);
#5711=SURFACE_STYLE_USAGE(.BOTH.,#5943);
#5712=SURFACE_STYLE_USAGE(.BOTH.,#5944);
#5713=SURFACE_STYLE_USAGE(.BOTH.,#5945);
#5714=SURFACE_STYLE_USAGE(.BOTH.,#5946);
#5715=SURFACE_STYLE_USAGE(.BOTH.,#5947);
#5716=SURFACE_STYLE_USAGE(.BOTH.,#5948);
#5717=SURFACE_STYLE_USAGE(.BOTH.,#5949);
#5718=SURFACE_STYLE_USAGE(.BOTH.,#5950);
#5719=SURFACE_STYLE_USAGE(.BOTH.,#5951);
#5720=SURFACE_STYLE_USAGE(.BOTH.,#5952);
#5721=SURFACE_STYLE_USAGE(.BOTH.,#5953);
#5722=SURFACE_STYLE_USAGE(.BOTH.,#5954);
#5723=SURFACE_STYLE_USAGE(.BOTH.,#5955);
#5724=SURFACE_STYLE_USAGE(.BOTH.,#5956);
#5725=SURFACE_STYLE_USAGE(.BOTH.,#5957);
#5726=SURFACE_STYLE_USAGE(.BOTH.,#5958);
#5727=SURFACE_STYLE_USAGE(.BOTH.,#5959);
#5728=SURFACE_STYLE_USAGE(.BOTH.,#5960);
#5729=SURFACE_STYLE_USAGE(.BOTH.,#5961);
#5730=SURFACE_STYLE_USAGE(.BOTH.,#5962);
#5731=SURFACE_STYLE_USAGE(.BOTH.,#5963);
#5732=SURFACE_STYLE_USAGE(.BOTH.,#5964);
#5733=SURFACE_STYLE_USAGE(.BOTH.,#5965);
#5734=SURFACE_STYLE_USAGE(.BOTH.,#5966);
#5735=SURFACE_STYLE_USAGE(.BOTH.,#5967);
#5736=SURFACE_STYLE_USAGE(.BOTH.,#5968);
#5737=SURFACE_STYLE_USAGE(.BOTH.,#5969);
#5738=SURFACE_STYLE_USAGE(.BOTH.,#5970);
#5739=SURFACE_STYLE_USAGE(.BOTH.,#5971);
#5740=SURFACE_STYLE_USAGE(.BOTH.,#5972);
#5741=SURFACE_STYLE_USAGE(.BOTH.,#5973);
#5742=SURFACE_STYLE_USAGE(.BOTH.,#5974);
#5743=SURFACE_STYLE_USAGE(.BOTH.,#5975);
#5744=SURFACE_STYLE_USAGE(.BOTH.,#5976);
#5745=SURFACE_STYLE_USAGE(.BOTH.,#5977);
#5746=SURFACE_STYLE_USAGE(.BOTH.,#5978);
#5747=SURFACE_STYLE_USAGE(.BOTH.,#5979);
#5748=SURFACE_STYLE_USAGE(.BOTH.,#5980);
#5749=SURFACE_STYLE_USAGE(.BOTH.,#5981);
#5750=SURFACE_STYLE_USAGE(.BOTH.,#5982);
#5751=SURFACE_STYLE_USAGE(.BOTH.,#5983);
#5752=SURFACE_STYLE_USAGE(.BOTH.,#5984);
#5753=SURFACE_STYLE_USAGE(.BOTH.,#5985);
#5754=SURFACE_STYLE_USAGE(.BOTH.,#5986);
#5755=SURFACE_STYLE_USAGE(.BOTH.,#5987);
#5756=SURFACE_STYLE_USAGE(.BOTH.,#5988);
#5757=SURFACE_STYLE_USAGE(.BOTH.,#5989);
#5758=SURFACE_STYLE_USAGE(.BOTH.,#5990);
#5759=SURFACE_STYLE_USAGE(.BOTH.,#5991);
#5760=SURFACE_STYLE_USAGE(.BOTH.,#5992);
#5761=SURFACE_STYLE_USAGE(.BOTH.,#5993);
#5762=SURFACE_STYLE_USAGE(.BOTH.,#5994);
#5763=SURFACE_STYLE_USAGE(.BOTH.,#5995);
#5764=SURFACE_STYLE_USAGE(.BOTH.,#5996);
#5765=SURFACE_STYLE_USAGE(.BOTH.,#5997);
#5766=SURFACE_STYLE_USAGE(.BOTH.,#5998);
#5767=SURFACE_STYLE_USAGE(.BOTH.,#5999);
#5768=SURFACE_STYLE_USAGE(.BOTH.,#6000);
#5769=SURFACE_STYLE_USAGE(.BOTH.,#6001);
#5770=SURFACE_STYLE_USAGE(.BOTH.,#6002);
#5771=SURFACE_STYLE_USAGE(.BOTH.,#6003);
#5772=SURFACE_STYLE_USAGE(.BOTH.,#6004);
#5773=SURFACE_STYLE_USAGE(.BOTH.,#6005);
#5774=SURFACE_STYLE_USAGE(.BOTH.,#6006);
#5775=SURFACE_STYLE_USAGE(.BOTH.,#6007);
#5776=SURFACE_STYLE_USAGE(.BOTH.,#6008);
#5777=SURFACE_STYLE_USAGE(.BOTH.,#6009);
#5778=SURFACE_STYLE_USAGE(.BOTH.,#6010);
#5779=SURFACE_STYLE_USAGE(.BOTH.,#6011);
#5780=SURFACE_STYLE_USAGE(.BOTH.,#6012);
#5781=SURFACE_STYLE_USAGE(.BOTH.,#6013);
#5782=SURFACE_STYLE_USAGE(.BOTH.,#6014);
#5783=SURFACE_STYLE_USAGE(.BOTH.,#6015);
#5784=SURFACE_STYLE_USAGE(.BOTH.,#6016);
#5785=SURFACE_STYLE_USAGE(.BOTH.,#6017);
#5786=SURFACE_STYLE_USAGE(.BOTH.,#6018);
#5787=SURFACE_STYLE_USAGE(.BOTH.,#6019);
#5788=SURFACE_STYLE_USAGE(.BOTH.,#6020);
#5789=SURFACE_STYLE_USAGE(.BOTH.,#6021);
#5790=SURFACE_STYLE_USAGE(.BOTH.,#6022);
#5791=SURFACE_STYLE_USAGE(.BOTH.,#6023);
#5792=SURFACE_STYLE_USAGE(.BOTH.,#6024);
#5793=SURFACE_STYLE_USAGE(.BOTH.,#6025);
#5794=SURFACE_STYLE_USAGE(.BOTH.,#6026);
#5795=SURFACE_STYLE_USAGE(.BOTH.,#6027);
#5796=SURFACE_STYLE_USAGE(.BOTH.,#6028);
#5797=SURFACE_STYLE_USAGE(.BOTH.,#6029);
#5798=SURFACE_STYLE_USAGE(.BOTH.,#6030);
#5799=SURFACE_STYLE_USAGE(.BOTH.,#6031);
#5800=SURFACE_STYLE_USAGE(.BOTH.,#6032);
#5801=SURFACE_STYLE_USAGE(.BOTH.,#6033);
#5802=SURFACE_STYLE_USAGE(.BOTH.,#6034);
#5803=SURFACE_STYLE_USAGE(.BOTH.,#6035);
#5804=SURFACE_STYLE_USAGE(.BOTH.,#6036);
#5805=SURFACE_STYLE_USAGE(.BOTH.,#6037);
#5806=SURFACE_STYLE_USAGE(.BOTH.,#6038);
#5807=SURFACE_STYLE_USAGE(.BOTH.,#6039);
#5808=SURFACE_STYLE_USAGE(.BOTH.,#6040);
#5809=SURFACE_STYLE_USAGE(.BOTH.,#6041);
#5810=SURFACE_STYLE_USAGE(.BOTH.,#6042);
#5811=SURFACE_STYLE_USAGE(.BOTH.,#6043);
#5812=SURFACE_STYLE_USAGE(.BOTH.,#6044);
#5813=SURFACE_STYLE_USAGE(.BOTH.,#6045);
#5814=SURFACE_STYLE_USAGE(.BOTH.,#6046);
#5815=SURFACE_STYLE_USAGE(.BOTH.,#6047);
#5816=SURFACE_STYLE_USAGE(.BOTH.,#6048);
#5817=SURFACE_STYLE_USAGE(.BOTH.,#6049);
#5818=SURFACE_STYLE_USAGE(.BOTH.,#6050);
#5819=SURFACE_STYLE_USAGE(.BOTH.,#6051);
#5820=SURFACE_STYLE_USAGE(.BOTH.,#6052);
#5821=SURFACE_STYLE_USAGE(.BOTH.,#6053);
#5822=SURFACE_STYLE_USAGE(.BOTH.,#6054);
#5823=SURFACE_STYLE_USAGE(.BOTH.,#6055);
#5824=SURFACE_STYLE_USAGE(.BOTH.,#6056);
#5825=SURFACE_STYLE_USAGE(.BOTH.,#6057);
#5826=SURFACE_STYLE_USAGE(.BOTH.,#6058);
#5827=SURFACE_STYLE_USAGE(.BOTH.,#6059);
#5828=SURFACE_STYLE_USAGE(.BOTH.,#6060);
#5829=SURFACE_STYLE_USAGE(.BOTH.,#6061);
#5830=SURFACE_STYLE_USAGE(.BOTH.,#6062);
#5831=SURFACE_STYLE_USAGE(.BOTH.,#6063);
#5832=SURFACE_STYLE_USAGE(.BOTH.,#6064);
#5833=SURFACE_STYLE_USAGE(.BOTH.,#6065);
#5834=SURFACE_STYLE_USAGE(.BOTH.,#6066);
#5835=SURFACE_STYLE_USAGE(.BOTH.,#6067);
#5836=SURFACE_STYLE_USAGE(.BOTH.,#6068);
#5837=SURFACE_STYLE_USAGE(.BOTH.,#6069);
#5838=SURFACE_STYLE_USAGE(.BOTH.,#6070);
#5839=SURFACE_STYLE_USAGE(.BOTH.,#6071);
#5840=SURFACE_STYLE_USAGE(.BOTH.,#6072);
#5841=SURFACE_STYLE_USAGE(.BOTH.,#6073);
#5842=SURFACE_STYLE_USAGE(.BOTH.,#6074);
#5843=SURFACE_STYLE_USAGE(.BOTH.,#6075);
#5844=SURFACE_STYLE_USAGE(.BOTH.,#6076);
#5845=SURFACE_STYLE_USAGE(.BOTH.,#6077);
#5846=SURFACE_STYLE_USAGE(.BOTH.,#6078);
#5847=SURFACE_STYLE_USAGE(.BOTH.,#6079);
#5848=SURFACE_STYLE_USAGE(.BOTH.,#6080);
#5849=SURFACE_STYLE_USAGE(.BOTH.,#6081);
#5850=SURFACE_STYLE_USAGE(.BOTH.,#6082);
#5851=SURFACE_STYLE_USAGE(.BOTH.,#6083);
#5852=SURFACE_STYLE_USAGE(.BOTH.,#6084);
#5853=SURFACE_STYLE_USAGE(.BOTH.,#6085);
#5854=SURFACE_STYLE_USAGE(.BOTH.,#6086);
#5855=SURFACE_STYLE_USAGE(.BOTH.,#6087);
#5856=SURFACE_STYLE_USAGE(.BOTH.,#6088);
#5857=SURFACE_STYLE_USAGE(.BOTH.,#6089);
#5858=SURFACE_STYLE_USAGE(.BOTH.,#6090);
#5859=SURFACE_STYLE_USAGE(.BOTH.,#6091);
#5860=SURFACE_STYLE_USAGE(.BOTH.,#6092);
#5861=SURFACE_STYLE_USAGE(.BOTH.,#6093);
#5862=SURFACE_STYLE_USAGE(.BOTH.,#6094);
#5863=SURFACE_STYLE_USAGE(.BOTH.,#6095);
#5864=SURFACE_STYLE_USAGE(.BOTH.,#6096);
#5865=SURFACE_STYLE_USAGE(.BOTH.,#6097);
#5866=SURFACE_STYLE_USAGE(.BOTH.,#6098);
#5867=SURFACE_STYLE_USAGE(.BOTH.,#6099);
#5868=SURFACE_STYLE_USAGE(.BOTH.,#6100);
#5869=SURFACE_STYLE_USAGE(.BOTH.,#6101);
#5870=SURFACE_STYLE_USAGE(.BOTH.,#6102);
#5871=SURFACE_STYLE_USAGE(.BOTH.,#6103);
#5872=SURFACE_STYLE_USAGE(.BOTH.,#6104);
#5873=SURFACE_STYLE_USAGE(.BOTH.,#6105);
#5874=SURFACE_STYLE_USAGE(.BOTH.,#6106);
#5875=SURFACE_STYLE_USAGE(.BOTH.,#6107);
#5876=SURFACE_STYLE_USAGE(.BOTH.,#6108);
#5877=SURFACE_STYLE_USAGE(.BOTH.,#6109);
#5878=SURFACE_STYLE_USAGE(.BOTH.,#6110);
#5879=SURFACE_STYLE_USAGE(.BOTH.,#6111);
#5880=SURFACE_STYLE_USAGE(.BOTH.,#6112);
#5881=SURFACE_STYLE_USAGE(.BOTH.,#6113);
#5882=SURFACE_STYLE_USAGE(.BOTH.,#6114);
#5883=SURFACE_STYLE_USAGE(.BOTH.,#6115);
#5884=SURFACE_STYLE_USAGE(.BOTH.,#6116);
#5885=SURFACE_STYLE_USAGE(.BOTH.,#6117);
#5886=SURFACE_STYLE_USAGE(.BOTH.,#6118);
#5887=SURFACE_STYLE_USAGE(.BOTH.,#6119);
#5888=SURFACE_STYLE_USAGE(.BOTH.,#6120);
#5889=SURFACE_STYLE_USAGE(.BOTH.,#6121);
#5890=SURFACE_STYLE_USAGE(.BOTH.,#6122);
#5891=SURFACE_STYLE_USAGE(.BOTH.,#6123);
#5892=SURFACE_STYLE_USAGE(.BOTH.,#6124);
#5893=SURFACE_STYLE_USAGE(.BOTH.,#6125);
#5894=SURFACE_STYLE_USAGE(.BOTH.,#6126);
#5895=SURFACE_STYLE_USAGE(.BOTH.,#6127);
#5896=SURFACE_SIDE_STYLE('',(#6128));
#5897=SURFACE_SIDE_STYLE('',(#6129));
#5898=SURFACE_SIDE_STYLE('',(#6130));
#5899=SURFACE_SIDE_STYLE('',(#6131));
#5900=SURFACE_SIDE_STYLE('',(#6132));
#5901=SURFACE_SIDE_STYLE('',(#6133));
#5902=SURFACE_SIDE_STYLE('',(#6134));
#5903=SURFACE_SIDE_STYLE('',(#6135));
#5904=SURFACE_SIDE_STYLE('',(#6136));
#5905=SURFACE_SIDE_STYLE('',(#6137));
#5906=SURFACE_SIDE_STYLE('',(#6138));
#5907=SURFACE_SIDE_STYLE('',(#6139));
#5908=SURFACE_SIDE_STYLE('',(#6140));
#5909=SURFACE_SIDE_STYLE('',(#6141));
#5910=SURFACE_SIDE_STYLE('',(#6142));
#5911=SURFACE_SIDE_STYLE('',(#6143));
#5912=SURFACE_SIDE_STYLE('',(#6144));
#5913=SURFACE_SIDE_STYLE('',(#6145));
#5914=SURFACE_SIDE_STYLE('',(#6146));
#5915=SURFACE_SIDE_STYLE('',(#6147));
#5916=SURFACE_SIDE_STYLE('',(#6148));
#5917=SURFACE_SIDE_STYLE('',(#6149));
#5918=SURFACE_SIDE_STYLE('',(#6150));
#5919=SURFACE_SIDE_STYLE('',(#6151));
#5920=SURFACE_SIDE_STYLE('',(#6152));
#5921=SURFACE_SIDE_STYLE('',(#6153));
#5922=SURFACE_SIDE_STYLE('',(#6154));
#5923=SURFACE_SIDE_STYLE('',(#6155));
#5924=SURFACE_SIDE_STYLE('',(#6156));
#5925=SURFACE_SIDE_STYLE('',(#6157));
#5926=SURFACE_SIDE_STYLE('',(#6158));
#5927=SURFACE_SIDE_STYLE('',(#6159));
#5928=SURFACE_SIDE_STYLE('',(#6160));
#5929=SURFACE_SIDE_STYLE('',(#6161));
#5930=SURFACE_SIDE_STYLE('',(#6162));
#5931=SURFACE_SIDE_STYLE('',(#6163));
#5932=SURFACE_SIDE_STYLE('',(#6164));
#5933=SURFACE_SIDE_STYLE('',(#6165));
#5934=SURFACE_SIDE_STYLE('',(#6166));
#5935=SURFACE_SIDE_STYLE('',(#6167));
#5936=SURFACE_SIDE_STYLE('',(#6168));
#5937=SURFACE_SIDE_STYLE('',(#6169));
#5938=SURFACE_SIDE_STYLE('',(#6170));
#5939=SURFACE_SIDE_STYLE('',(#6171));
#5940=SURFACE_SIDE_STYLE('',(#6172));
#5941=SURFACE_SIDE_STYLE('',(#6173));
#5942=SURFACE_SIDE_STYLE('',(#6174));
#5943=SURFACE_SIDE_STYLE('',(#6175));
#5944=SURFACE_SIDE_STYLE('',(#6176));
#5945=SURFACE_SIDE_STYLE('',(#6177));
#5946=SURFACE_SIDE_STYLE('',(#6178));
#5947=SURFACE_SIDE_STYLE('',(#6179));
#5948=SURFACE_SIDE_STYLE('',(#6180));
#5949=SURFACE_SIDE_STYLE('',(#6181));
#5950=SURFACE_SIDE_STYLE('',(#6182));
#5951=SURFACE_SIDE_STYLE('',(#6183));
#5952=SURFACE_SIDE_STYLE('',(#6184));
#5953=SURFACE_SIDE_STYLE('',(#6185));
#5954=SURFACE_SIDE_STYLE('',(#6186));
#5955=SURFACE_SIDE_STYLE('',(#6187));
#5956=SURFACE_SIDE_STYLE('',(#6188));
#5957=SURFACE_SIDE_STYLE('',(#6189));
#5958=SURFACE_SIDE_STYLE('',(#6190));
#5959=SURFACE_SIDE_STYLE('',(#6191));
#5960=SURFACE_SIDE_STYLE('',(#6192));
#5961=SURFACE_SIDE_STYLE('',(#6193));
#5962=SURFACE_SIDE_STYLE('',(#6194));
#5963=SURFACE_SIDE_STYLE('',(#6195));
#5964=SURFACE_SIDE_STYLE('',(#6196));
#5965=SURFACE_SIDE_STYLE('',(#6197));
#5966=SURFACE_SIDE_STYLE('',(#6198));
#5967=SURFACE_SIDE_STYLE('',(#6199));
#5968=SURFACE_SIDE_STYLE('',(#6200));
#5969=SURFACE_SIDE_STYLE('',(#6201));
#5970=SURFACE_SIDE_STYLE('',(#6202));
#5971=SURFACE_SIDE_STYLE('',(#6203));
#5972=SURFACE_SIDE_STYLE('',(#6204));
#5973=SURFACE_SIDE_STYLE('',(#6205));
#5974=SURFACE_SIDE_STYLE('',(#6206));
#5975=SURFACE_SIDE_STYLE('',(#6207));
#5976=SURFACE_SIDE_STYLE('',(#6208));
#5977=SURFACE_SIDE_STYLE('',(#6209));
#5978=SURFACE_SIDE_STYLE('',(#6210));
#5979=SURFACE_SIDE_STYLE('',(#6211));
#5980=SURFACE_SIDE_STYLE('',(#6212));
#5981=SURFACE_SIDE_STYLE('',(#6213));
#5982=SURFACE_SIDE_STYLE('',(#6214));
#5983=SURFACE_SIDE_STYLE('',(#6215));
#5984=SURFACE_SIDE_STYLE('',(#6216));
#5985=SURFACE_SIDE_STYLE('',(#6217));
#5986=SURFACE_SIDE_STYLE('',(#6218));
#5987=SURFACE_SIDE_STYLE('',(#6219));
#5988=SURFACE_SIDE_STYLE('',(#6220));
#5989=SURFACE_SIDE_STYLE('',(#6221));
#5990=SURFACE_SIDE_STYLE('',(#6222));
#5991=SURFACE_SIDE_STYLE('',(#6223));
#5992=SURFACE_SIDE_STYLE('',(#6224));
#5993=SURFACE_SIDE_STYLE('',(#6225));
#5994=SURFACE_SIDE_STYLE('',(#6226));
#5995=SURFACE_SIDE_STYLE('',(#6227));
#5996=SURFACE_SIDE_STYLE('',(#6228));
#5997=SURFACE_SIDE_STYLE('',(#6229));
#5998=SURFACE_SIDE_STYLE('',(#6230));
#5999=SURFACE_SIDE_STYLE('',(#6231));
#6000=SURFACE_SIDE_STYLE('',(#6232));
#6001=SURFACE_SIDE_STYLE('',(#6233));
#6002=SURFACE_SIDE_STYLE('',(#6234));
#6003=SURFACE_SIDE_STYLE('',(#6235));
#6004=SURFACE_SIDE_STYLE('',(#6236));
#6005=SURFACE_SIDE_STYLE('',(#6237));
#6006=SURFACE_SIDE_STYLE('',(#6238));
#6007=SURFACE_SIDE_STYLE('',(#6239));
#6008=SURFACE_SIDE_STYLE('',(#6240));
#6009=SURFACE_SIDE_STYLE('',(#6241));
#6010=SURFACE_SIDE_STYLE('',(#6242));
#6011=SURFACE_SIDE_STYLE('',(#6243));
#6012=SURFACE_SIDE_STYLE('',(#6244));
#6013=SURFACE_SIDE_STYLE('',(#6245));
#6014=SURFACE_SIDE_STYLE('',(#6246));
#6015=SURFACE_SIDE_STYLE('',(#6247));
#6016=SURFACE_SIDE_STYLE('',(#6248));
#6017=SURFACE_SIDE_STYLE('',(#6249));
#6018=SURFACE_SIDE_STYLE('',(#6250));
#6019=SURFACE_SIDE_STYLE('',(#6251));
#6020=SURFACE_SIDE_STYLE('',(#6252));
#6021=SURFACE_SIDE_STYLE('',(#6253));
#6022=SURFACE_SIDE_STYLE('',(#6254));
#6023=SURFACE_SIDE_STYLE('',(#6255));
#6024=SURFACE_SIDE_STYLE('',(#6256));
#6025=SURFACE_SIDE_STYLE('',(#6257));
#6026=SURFACE_SIDE_STYLE('',(#6258));
#6027=SURFACE_SIDE_STYLE('',(#6259));
#6028=SURFACE_SIDE_STYLE('',(#6260));
#6029=SURFACE_SIDE_STYLE('',(#6261));
#6030=SURFACE_SIDE_STYLE('',(#6262));
#6031=SURFACE_SIDE_STYLE('',(#6263));
#6032=SURFACE_SIDE_STYLE('',(#6264));
#6033=SURFACE_SIDE_STYLE('',(#6265));
#6034=SURFACE_SIDE_STYLE('',(#6266));
#6035=SURFACE_SIDE_STYLE('',(#6267));
#6036=SURFACE_SIDE_STYLE('',(#6268));
#6037=SURFACE_SIDE_STYLE('',(#6269));
#6038=SURFACE_SIDE_STYLE('',(#6270));
#6039=SURFACE_SIDE_STYLE('',(#6271));
#6040=SURFACE_SIDE_STYLE('',(#6272));
#6041=SURFACE_SIDE_STYLE('',(#6273));
#6042=SURFACE_SIDE_STYLE('',(#6274));
#6043=SURFACE_SIDE_STYLE('',(#6275));
#6044=SURFACE_SIDE_STYLE('',(#6276));
#6045=SURFACE_SIDE_STYLE('',(#6277));
#6046=SURFACE_SIDE_STYLE('',(#6278));
#6047=SURFACE_SIDE_STYLE('',(#6279));
#6048=SURFACE_SIDE_STYLE('',(#6280));
#6049=SURFACE_SIDE_STYLE('',(#6281));
#6050=SURFACE_SIDE_STYLE('',(#6282));
#6051=SURFACE_SIDE_STYLE('',(#6283));
#6052=SURFACE_SIDE_STYLE('',(#6284));
#6053=SURFACE_SIDE_STYLE('',(#6285));
#6054=SURFACE_SIDE_STYLE('',(#6286));
#6055=SURFACE_SIDE_STYLE('',(#6287));
#6056=SURFACE_SIDE_STYLE('',(#6288));
#6057=SURFACE_SIDE_STYLE('',(#6289));
#6058=SURFACE_SIDE_STYLE('',(#6290));
#6059=SURFACE_SIDE_STYLE('',(#6291));
#6060=SURFACE_SIDE_STYLE('',(#6292));
#6061=SURFACE_SIDE_STYLE('',(#6293));
#6062=SURFACE_SIDE_STYLE('',(#6294));
#6063=SURFACE_SIDE_STYLE('',(#6295));
#6064=SURFACE_SIDE_STYLE('',(#6296));
#6065=SURFACE_SIDE_STYLE('',(#6297));
#6066=SURFACE_SIDE_STYLE('',(#6298));
#6067=SURFACE_SIDE_STYLE('',(#6299));
#6068=SURFACE_SIDE_STYLE('',(#6300));
#6069=SURFACE_SIDE_STYLE('',(#6301));
#6070=SURFACE_SIDE_STYLE('',(#6302));
#6071=SURFACE_SIDE_STYLE('',(#6303));
#6072=SURFACE_SIDE_STYLE('',(#6304));
#6073=SURFACE_SIDE_STYLE('',(#6305));
#6074=SURFACE_SIDE_STYLE('',(#6306));
#6075=SURFACE_SIDE_STYLE('',(#6307));
#6076=SURFACE_SIDE_STYLE('',(#6308));
#6077=SURFACE_SIDE_STYLE('',(#6309));
#6078=SURFACE_SIDE_STYLE('',(#6310));
#6079=SURFACE_SIDE_STYLE('',(#6311));
#6080=SURFACE_SIDE_STYLE('',(#6312));
#6081=SURFACE_SIDE_STYLE('',(#6313));
#6082=SURFACE_SIDE_STYLE('',(#6314));
#6083=SURFACE_SIDE_STYLE('',(#6315));
#6084=SURFACE_SIDE_STYLE('',(#6316));
#6085=SURFACE_SIDE_STYLE('',(#6317));
#6086=SURFACE_SIDE_STYLE('',(#6318));
#6087=SURFACE_SIDE_STYLE('',(#6319));
#6088=SURFACE_SIDE_STYLE('',(#6320));
#6089=SURFACE_SIDE_STYLE('',(#6321));
#6090=SURFACE_SIDE_STYLE('',(#6322));
#6091=SURFACE_SIDE_STYLE('',(#6323));
#6092=SURFACE_SIDE_STYLE('',(#6324));
#6093=SURFACE_SIDE_STYLE('',(#6325));
#6094=SURFACE_SIDE_STYLE('',(#6326));
#6095=SURFACE_SIDE_STYLE('',(#6327));
#6096=SURFACE_SIDE_STYLE('',(#6328));
#6097=SURFACE_SIDE_STYLE('',(#6329));
#6098=SURFACE_SIDE_STYLE('',(#6330));
#6099=SURFACE_SIDE_STYLE('',(#6331));
#6100=SURFACE_SIDE_STYLE('',(#6332));
#6101=SURFACE_SIDE_STYLE('',(#6333));
#6102=SURFACE_SIDE_STYLE('',(#6334));
#6103=SURFACE_SIDE_STYLE('',(#6335));
#6104=SURFACE_SIDE_STYLE('',(#6336));
#6105=SURFACE_SIDE_STYLE('',(#6337));
#6106=SURFACE_SIDE_STYLE('',(#6338));
#6107=SURFACE_SIDE_STYLE('',(#6339));
#6108=SURFACE_SIDE_STYLE('',(#6340));
#6109=SURFACE_SIDE_STYLE('',(#6341));
#6110=SURFACE_SIDE_STYLE('',(#6342));
#6111=SURFACE_SIDE_STYLE('',(#6343));
#6112=SURFACE_SIDE_STYLE('',(#6344));
#6113=SURFACE_SIDE_STYLE('',(#6345));
#6114=SURFACE_SIDE_STYLE('',(#6346));
#6115=SURFACE_SIDE_STYLE('',(#6347));
#6116=SURFACE_SIDE_STYLE('',(#6348));
#6117=SURFACE_SIDE_STYLE('',(#6349));
#6118=SURFACE_SIDE_STYLE('',(#6350));
#6119=SURFACE_SIDE_STYLE('',(#6351));
#6120=SURFACE_SIDE_STYLE('',(#6352));
#6121=SURFACE_SIDE_STYLE('',(#6353));
#6122=SURFACE_SIDE_STYLE('',(#6354));
#6123=SURFACE_SIDE_STYLE('',(#6355));
#6124=SURFACE_SIDE_STYLE('',(#6356));
#6125=SURFACE_SIDE_STYLE('',(#6357));
#6126=SURFACE_SIDE_STYLE('',(#6358));
#6127=SURFACE_SIDE_STYLE('',(#6359));
#6128=SURFACE_STYLE_FILL_AREA(#6360);
#6129=SURFACE_STYLE_FILL_AREA(#6361);
#6130=SURFACE_STYLE_FILL_AREA(#6362);
#6131=SURFACE_STYLE_FILL_AREA(#6363);
#6132=SURFACE_STYLE_FILL_AREA(#6364);
#6133=SURFACE_STYLE_FILL_AREA(#6365);
#6134=SURFACE_STYLE_FILL_AREA(#6366);
#6135=SURFACE_STYLE_FILL_AREA(#6367);
#6136=SURFACE_STYLE_FILL_AREA(#6368);
#6137=SURFACE_STYLE_FILL_AREA(#6369);
#6138=SURFACE_STYLE_FILL_AREA(#6370);
#6139=SURFACE_STYLE_FILL_AREA(#6371);
#6140=SURFACE_STYLE_FILL_AREA(#6372);
#6141=SURFACE_STYLE_FILL_AREA(#6373);
#6142=SURFACE_STYLE_FILL_AREA(#6374);
#6143=SURFACE_STYLE_FILL_AREA(#6375);
#6144=SURFACE_STYLE_FILL_AREA(#6376);
#6145=SURFACE_STYLE_FILL_AREA(#6377);
#6146=SURFACE_STYLE_FILL_AREA(#6378);
#6147=SURFACE_STYLE_FILL_AREA(#6379);
#6148=SURFACE_STYLE_FILL_AREA(#6380);
#6149=SURFACE_STYLE_FILL_AREA(#6381);
#6150=SURFACE_STYLE_FILL_AREA(#6382);
#6151=SURFACE_STYLE_FILL_AREA(#6383);
#6152=SURFACE_STYLE_FILL_AREA(#6384);
#6153=SURFACE_STYLE_FILL_AREA(#6385);
#6154=SURFACE_STYLE_FILL_AREA(#6386);
#6155=SURFACE_STYLE_FILL_AREA(#6387);
#6156=SURFACE_STYLE_FILL_AREA(#6388);
#6157=SURFACE_STYLE_FILL_AREA(#6389);
#6158=SURFACE_STYLE_FILL_AREA(#6390);
#6159=SURFACE_STYLE_FILL_AREA(#6391);
#6160=SURFACE_STYLE_FILL_AREA(#6392);
#6161=SURFACE_STYLE_FILL_AREA(#6393);
#6162=SURFACE_STYLE_FILL_AREA(#6394);
#6163=SURFACE_STYLE_FILL_AREA(#6395);
#6164=SURFACE_STYLE_FILL_AREA(#6396);
#6165=SURFACE_STYLE_FILL_AREA(#6397);
#6166=SURFACE_STYLE_FILL_AREA(#6398);
#6167=SURFACE_STYLE_FILL_AREA(#6399);
#6168=SURFACE_STYLE_FILL_AREA(#6400);
#6169=SURFACE_STYLE_FILL_AREA(#6401);
#6170=SURFACE_STYLE_FILL_AREA(#6402);
#6171=SURFACE_STYLE_FILL_AREA(#6403);
#6172=SURFACE_STYLE_FILL_AREA(#6404);
#6173=SURFACE_STYLE_FILL_AREA(#6405);
#6174=SURFACE_STYLE_FILL_AREA(#6406);
#6175=SURFACE_STYLE_FILL_AREA(#6407);
#6176=SURFACE_STYLE_FILL_AREA(#6408);
#6177=SURFACE_STYLE_FILL_AREA(#6409);
#6178=SURFACE_STYLE_FILL_AREA(#6410);
#6179=SURFACE_STYLE_FILL_AREA(#6411);
#6180=SURFACE_STYLE_FILL_AREA(#6412);
#6181=SURFACE_STYLE_FILL_AREA(#6413);
#6182=SURFACE_STYLE_FILL_AREA(#6414);
#6183=SURFACE_STYLE_FILL_AREA(#6415);
#6184=SURFACE_STYLE_FILL_AREA(#6416);
#6185=SURFACE_STYLE_FILL_AREA(#6417);
#6186=SURFACE_STYLE_FILL_AREA(#6418);
#6187=SURFACE_STYLE_FILL_AREA(#6419);
#6188=SURFACE_STYLE_FILL_AREA(#6420);
#6189=SURFACE_STYLE_FILL_AREA(#6421);
#6190=SURFACE_STYLE_FILL_AREA(#6422);
#6191=SURFACE_STYLE_FILL_AREA(#6423);
#6192=SURFACE_STYLE_FILL_AREA(#6424);
#6193=SURFACE_STYLE_FILL_AREA(#6425);
#6194=SURFACE_STYLE_FILL_AREA(#6426);
#6195=SURFACE_STYLE_FILL_AREA(#6427);
#6196=SURFACE_STYLE_FILL_AREA(#6428);
#6197=SURFACE_STYLE_FILL_AREA(#6429);
#6198=SURFACE_STYLE_FILL_AREA(#6430);
#6199=SURFACE_STYLE_FILL_AREA(#6431);
#6200=SURFACE_STYLE_FILL_AREA(#6432);
#6201=SURFACE_STYLE_FILL_AREA(#6433);
#6202=SURFACE_STYLE_FILL_AREA(#6434);
#6203=SURFACE_STYLE_FILL_AREA(#6435);
#6204=SURFACE_STYLE_FILL_AREA(#6436);
#6205=SURFACE_STYLE_FILL_AREA(#6437);
#6206=SURFACE_STYLE_FILL_AREA(#6438);
#6207=SURFACE_STYLE_FILL_AREA(#6439);
#6208=SURFACE_STYLE_FILL_AREA(#6440);
#6209=SURFACE_STYLE_FILL_AREA(#6441);
#6210=SURFACE_STYLE_FILL_AREA(#6442);
#6211=SURFACE_STYLE_FILL_AREA(#6443);
#6212=SURFACE_STYLE_FILL_AREA(#6444);
#6213=SURFACE_STYLE_FILL_AREA(#6445);
#6214=SURFACE_STYLE_FILL_AREA(#6446);
#6215=SURFACE_STYLE_FILL_AREA(#6447);
#6216=SURFACE_STYLE_FILL_AREA(#6448);
#6217=SURFACE_STYLE_FILL_AREA(#6449);
#6218=SURFACE_STYLE_FILL_AREA(#6450);
#6219=SURFACE_STYLE_FILL_AREA(#6451);
#6220=SURFACE_STYLE_FILL_AREA(#6452);
#6221=SURFACE_STYLE_FILL_AREA(#6453);
#6222=SURFACE_STYLE_FILL_AREA(#6454);
#6223=SURFACE_STYLE_FILL_AREA(#6455);
#6224=SURFACE_STYLE_FILL_AREA(#6456);
#6225=SURFACE_STYLE_FILL_AREA(#6457);
#6226=SURFACE_STYLE_FILL_AREA(#6458);
#6227=SURFACE_STYLE_FILL_AREA(#6459);
#6228=SURFACE_STYLE_FILL_AREA(#6460);
#6229=SURFACE_STYLE_FILL_AREA(#6461);
#6230=SURFACE_STYLE_FILL_AREA(#6462);
#6231=SURFACE_STYLE_FILL_AREA(#6463);
#6232=SURFACE_STYLE_FILL_AREA(#6464);
#6233=SURFACE_STYLE_FILL_AREA(#6465);
#6234=SURFACE_STYLE_FILL_AREA(#6466);
#6235=SURFACE_STYLE_FILL_AREA(#6467);
#6236=SURFACE_STYLE_FILL_AREA(#6468);
#6237=SURFACE_STYLE_FILL_AREA(#6469);
#6238=SURFACE_STYLE_FILL_AREA(#6470);
#6239=SURFACE_STYLE_FILL_AREA(#6471);
#6240=SURFACE_STYLE_FILL_AREA(#6472);
#6241=SURFACE_STYLE_FILL_AREA(#6473);
#6242=SURFACE_STYLE_FILL_AREA(#6474);
#6243=SURFACE_STYLE_FILL_AREA(#6475);
#6244=SURFACE_STYLE_FILL_AREA(#6476);
#6245=SURFACE_STYLE_FILL_AREA(#6477);
#6246=SURFACE_STYLE_FILL_AREA(#6478);
#6247=SURFACE_STYLE_FILL_AREA(#6479);
#6248=SURFACE_STYLE_FILL_AREA(#6480);
#6249=SURFACE_STYLE_FILL_AREA(#6481);
#6250=SURFACE_STYLE_FILL_AREA(#6482);
#6251=SURFACE_STYLE_FILL_AREA(#6483);
#6252=SURFACE_STYLE_FILL_AREA(#6484);
#6253=SURFACE_STYLE_FILL_AREA(#6485);
#6254=SURFACE_STYLE_FILL_AREA(#6486);
#6255=SURFACE_STYLE_FILL_AREA(#6487);
#6256=SURFACE_STYLE_FILL_AREA(#6488);
#6257=SURFACE_STYLE_FILL_AREA(#6489);
#6258=SURFACE_STYLE_FILL_AREA(#6490);
#6259=SURFACE_STYLE_FILL_AREA(#6491);
#6260=SURFACE_STYLE_FILL_AREA(#6492);
#6261=SURFACE_STYLE_FILL_AREA(#6493);
#6262=SURFACE_STYLE_FILL_AREA(#6494);
#6263=SURFACE_STYLE_FILL_AREA(#6495);
#6264=SURFACE_STYLE_FILL_AREA(#6496);
#6265=SURFACE_STYLE_FILL_AREA(#6497);
#6266=SURFACE_STYLE_FILL_AREA(#6498);
#6267=SURFACE_STYLE_FILL_AREA(#6499);
#6268=SURFACE_STYLE_FILL_AREA(#6500);
#6269=SURFACE_STYLE_FILL_AREA(#6501);
#6270=SURFACE_STYLE_FILL_AREA(#6502);
#6271=SURFACE_STYLE_FILL_AREA(#6503);
#6272=SURFACE_STYLE_FILL_AREA(#6504);
#6273=SURFACE_STYLE_FILL_AREA(#6505);
#6274=SURFACE_STYLE_FILL_AREA(#6506);
#6275=SURFACE_STYLE_FILL_AREA(#6507);
#6276=SURFACE_STYLE_FILL_AREA(#6508);
#6277=SURFACE_STYLE_FILL_AREA(#6509);
#6278=SURFACE_STYLE_FILL_AREA(#6510);
#6279=SURFACE_STYLE_FILL_AREA(#6511);
#6280=SURFACE_STYLE_FILL_AREA(#6512);
#6281=SURFACE_STYLE_FILL_AREA(#6513);
#6282=SURFACE_STYLE_FILL_AREA(#6514);
#6283=SURFACE_STYLE_FILL_AREA(#6515);
#6284=SURFACE_STYLE_FILL_AREA(#6516);
#6285=SURFACE_STYLE_FILL_AREA(#6517);
#6286=SURFACE_STYLE_FILL_AREA(#6518);
#6287=SURFACE_STYLE_FILL_AREA(#6519);
#6288=SURFACE_STYLE_FILL_AREA(#6520);
#6289=SURFACE_STYLE_FILL_AREA(#6521);
#6290=SURFACE_STYLE_FILL_AREA(#6522);
#6291=SURFACE_STYLE_FILL_AREA(#6523);
#6292=SURFACE_STYLE_FILL_AREA(#6524);
#6293=SURFACE_STYLE_FILL_AREA(#6525);
#6294=SURFACE_STYLE_FILL_AREA(#6526);
#6295=SURFACE_STYLE_FILL_AREA(#6527);
#6296=SURFACE_STYLE_FILL_AREA(#6528);
#6297=SURFACE_STYLE_FILL_AREA(#6529);
#6298=SURFACE_STYLE_FILL_AREA(#6530);
#6299=SURFACE_STYLE_FILL_AREA(#6531);
#6300=SURFACE_STYLE_FILL_AREA(#6532);
#6301=SURFACE_STYLE_FILL_AREA(#6533);
#6302=SURFACE_STYLE_FILL_AREA(#6534);
#6303=SURFACE_STYLE_FILL_AREA(#6535);
#6304=SURFACE_STYLE_FILL_AREA(#6536);
#6305=SURFACE_STYLE_FILL_AREA(#6537);
#6306=SURFACE_STYLE_FILL_AREA(#6538);
#6307=SURFACE_STYLE_FILL_AREA(#6539);
#6308=SURFACE_STYLE_FILL_AREA(#6540);
#6309=SURFACE_STYLE_FILL_AREA(#6541);
#6310=SURFACE_STYLE_FILL_AREA(#6542);
#6311=SURFACE_STYLE_FILL_AREA(#6543);
#6312=SURFACE_STYLE_FILL_AREA(#6544);
#6313=SURFACE_STYLE_FILL_AREA(#6545);
#6314=SURFACE_STYLE_FILL_AREA(#6546);
#6315=SURFACE_STYLE_FILL_AREA(#6547);
#6316=SURFACE_STYLE_FILL_AREA(#6548);
#6317=SURFACE_STYLE_FILL_AREA(#6549);
#6318=SURFACE_STYLE_FILL_AREA(#6550);
#6319=SURFACE_STYLE_FILL_AREA(#6551);
#6320=SURFACE_STYLE_FILL_AREA(#6552);
#6321=SURFACE_STYLE_FILL_AREA(#6553);
#6322=SURFACE_STYLE_FILL_AREA(#6554);
#6323=SURFACE_STYLE_FILL_AREA(#6555);
#6324=SURFACE_STYLE_FILL_AREA(#6556);
#6325=SURFACE_STYLE_FILL_AREA(#6557);
#6326=SURFACE_STYLE_FILL_AREA(#6558);
#6327=SURFACE_STYLE_FILL_AREA(#6559);
#6328=SURFACE_STYLE_FILL_AREA(#6560);
#6329=SURFACE_STYLE_FILL_AREA(#6561);
#6330=SURFACE_STYLE_FILL_AREA(#6562);
#6331=SURFACE_STYLE_FILL_AREA(#6563);
#6332=SURFACE_STYLE_FILL_AREA(#6564);
#6333=SURFACE_STYLE_FILL_AREA(#6565);
#6334=SURFACE_STYLE_FILL_AREA(#6566);
#6335=SURFACE_STYLE_FILL_AREA(#6567);
#6336=SURFACE_STYLE_FILL_AREA(#6568);
#6337=SURFACE_STYLE_FILL_AREA(#6569);
#6338=SURFACE_STYLE_FILL_AREA(#6570);
#6339=SURFACE_STYLE_FILL_AREA(#6571);
#6340=SURFACE_STYLE_FILL_AREA(#6572);
#6341=SURFACE_STYLE_FILL_AREA(#6573);
#6342=SURFACE_STYLE_FILL_AREA(#6574);
#6343=SURFACE_STYLE_FILL_AREA(#6575);
#6344=SURFACE_STYLE_FILL_AREA(#6576);
#6345=SURFACE_STYLE_FILL_AREA(#6577);
#6346=SURFACE_STYLE_FILL_AREA(#6578);
#6347=SURFACE_STYLE_FILL_AREA(#6579);
#6348=SURFACE_STYLE_FILL_AREA(#6580);
#6349=SURFACE_STYLE_FILL_AREA(#6581);
#6350=SURFACE_STYLE_FILL_AREA(#6582);
#6351=SURFACE_STYLE_FILL_AREA(#6583);
#6352=SURFACE_STYLE_FILL_AREA(#6584);
#6353=SURFACE_STYLE_FILL_AREA(#6585);
#6354=SURFACE_STYLE_FILL_AREA(#6586);
#6355=SURFACE_STYLE_FILL_AREA(#6587);
#6356=SURFACE_STYLE_FILL_AREA(#6588);
#6357=SURFACE_STYLE_FILL_AREA(#6589);
#6358=SURFACE_STYLE_FILL_AREA(#6590);
#6359=SURFACE_STYLE_FILL_AREA(#6591);
#6360=FILL_AREA_STYLE('',(#6592));
#6361=FILL_AREA_STYLE('',(#6593));
#6362=FILL_AREA_STYLE('',(#6594));
#6363=FILL_AREA_STYLE('',(#6595));
#6364=FILL_AREA_STYLE('',(#6596));
#6365=FILL_AREA_STYLE('',(#6597));
#6366=FILL_AREA_STYLE('',(#6598));
#6367=FILL_AREA_STYLE('',(#6599));
#6368=FILL_AREA_STYLE('',(#6600));
#6369=FILL_AREA_STYLE('',(#6601));
#6370=FILL_AREA_STYLE('',(#6602));
#6371=FILL_AREA_STYLE('',(#6603));
#6372=FILL_AREA_STYLE('',(#6604));
#6373=FILL_AREA_STYLE('',(#6605));
#6374=FILL_AREA_STYLE('',(#6606));
#6375=FILL_AREA_STYLE('',(#6607));
#6376=FILL_AREA_STYLE('',(#6608));
#6377=FILL_AREA_STYLE('',(#6609));
#6378=FILL_AREA_STYLE('',(#6610));
#6379=FILL_AREA_STYLE('',(#6611));
#6380=FILL_AREA_STYLE('',(#6612));
#6381=FILL_AREA_STYLE('',(#6613));
#6382=FILL_AREA_STYLE('',(#6614));
#6383=FILL_AREA_STYLE('',(#6615));
#6384=FILL_AREA_STYLE('',(#6616));
#6385=FILL_AREA_STYLE('',(#6617));
#6386=FILL_AREA_STYLE('',(#6618));
#6387=FILL_AREA_STYLE('',(#6619));
#6388=FILL_AREA_STYLE('',(#6620));
#6389=FILL_AREA_STYLE('',(#6621));
#6390=FILL_AREA_STYLE('',(#6622));
#6391=FILL_AREA_STYLE('',(#6623));
#6392=FILL_AREA_STYLE('',(#6624));
#6393=FILL_AREA_STYLE('',(#6625));
#6394=FILL_AREA_STYLE('',(#6626));
#6395=FILL_AREA_STYLE('',(#6627));
#6396=FILL_AREA_STYLE('',(#6628));
#6397=FILL_AREA_STYLE('',(#6629));
#6398=FILL_AREA_STYLE('',(#6630));
#6399=FILL_AREA_STYLE('',(#6631));
#6400=FILL_AREA_STYLE('',(#6632));
#6401=FILL_AREA_STYLE('',(#6633));
#6402=FILL_AREA_STYLE('',(#6634));
#6403=FILL_AREA_STYLE('',(#6635));
#6404=FILL_AREA_STYLE('',(#6636));
#6405=FILL_AREA_STYLE('',(#6637));
#6406=FILL_AREA_STYLE('',(#6638));
#6407=FILL_AREA_STYLE('',(#6639));
#6408=FILL_AREA_STYLE('',(#6640));
#6409=FILL_AREA_STYLE('',(#6641));
#6410=FILL_AREA_STYLE('',(#6642));
#6411=FILL_AREA_STYLE('',(#6643));
#6412=FILL_AREA_STYLE('',(#6644));
#6413=FILL_AREA_STYLE('',(#6645));
#6414=FILL_AREA_STYLE('',(#6646));
#6415=FILL_AREA_STYLE('',(#6647));
#6416=FILL_AREA_STYLE('',(#6648));
#6417=FILL_AREA_STYLE('',(#6649));
#6418=FILL_AREA_STYLE('',(#6650));
#6419=FILL_AREA_STYLE('',(#6651));
#6420=FILL_AREA_STYLE('',(#6652));
#6421=FILL_AREA_STYLE('',(#6653));
#6422=FILL_AREA_STYLE('',(#6654));
#6423=FILL_AREA_STYLE('',(#6655));
#6424=FILL_AREA_STYLE('',(#6656));
#6425=FILL_AREA_STYLE('',(#6657));
#6426=FILL_AREA_STYLE('',(#6658));
#6427=FILL_AREA_STYLE('',(#6659));
#6428=FILL_AREA_STYLE('',(#6660));
#6429=FILL_AREA_STYLE('',(#6661));
#6430=FILL_AREA_STYLE('',(#6662));
#6431=FILL_AREA_STYLE('',(#6663));
#6432=FILL_AREA_STYLE('',(#6664));
#6433=FILL_AREA_STYLE('',(#6665));
#6434=FILL_AREA_STYLE('',(#6666));
#6435=FILL_AREA_STYLE('',(#6667));
#6436=FILL_AREA_STYLE('',(#6668));
#6437=FILL_AREA_STYLE('',(#6669));
#6438=FILL_AREA_STYLE('',(#6670));
#6439=FILL_AREA_STYLE('',(#6671));
#6440=FILL_AREA_STYLE('',(#6672));
#6441=FILL_AREA_STYLE('',(#6673));
#6442=FILL_AREA_STYLE('',(#6674));
#6443=FILL_AREA_STYLE('',(#6675));
#6444=FILL_AREA_STYLE('',(#6676));
#6445=FILL_AREA_STYLE('',(#6677));
#6446=FILL_AREA_STYLE('',(#6678));
#6447=FILL_AREA_STYLE('',(#6679));
#6448=FILL_AREA_STYLE('',(#6680));
#6449=FILL_AREA_STYLE('',(#6681));
#6450=FILL_AREA_STYLE('',(#6682));
#6451=FILL_AREA_STYLE('',(#6683));
#6452=FILL_AREA_STYLE('',(#6684));
#6453=FILL_AREA_STYLE('',(#6685));
#6454=FILL_AREA_STYLE('',(#6686));
#6455=FILL_AREA_STYLE('',(#6687));
#6456=FILL_AREA_STYLE('',(#6688));
#6457=FILL_AREA_STYLE('',(#6689));
#6458=FILL_AREA_STYLE('',(#6690));
#6459=FILL_AREA_STYLE('',(#6691));
#6460=FILL_AREA_STYLE('',(#6692));
#6461=FILL_AREA_STYLE('',(#6693));
#6462=FILL_AREA_STYLE('',(#6694));
#6463=FILL_AREA_STYLE('',(#6695));
#6464=FILL_AREA_STYLE('',(#6696));
#6465=FILL_AREA_STYLE('',(#6697));
#6466=FILL_AREA_STYLE('',(#6698));
#6467=FILL_AREA_STYLE('',(#6699));
#6468=FILL_AREA_STYLE('',(#6700));
#6469=FILL_AREA_STYLE('',(#6701));
#6470=FILL_AREA_STYLE('',(#6702));
#6471=FILL_AREA_STYLE('',(#6703));
#6472=FILL_AREA_STYLE('',(#6704));
#6473=FILL_AREA_STYLE('',(#6705));
#6474=FILL_AREA_STYLE('',(#6706));
#6475=FILL_AREA_STYLE('',(#6707));
#6476=FILL_AREA_STYLE('',(#6708));
#6477=FILL_AREA_STYLE('',(#6709));
#6478=FILL_AREA_STYLE('',(#6710));
#6479=FILL_AREA_STYLE('',(#6711));
#6480=FILL_AREA_STYLE('',(#6712));
#6481=FILL_AREA_STYLE('',(#6713));
#6482=FILL_AREA_STYLE('',(#6714));
#6483=FILL_AREA_STYLE('',(#6715));
#6484=FILL_AREA_STYLE('',(#6716));
#6485=FILL_AREA_STYLE('',(#6717));
#6486=FILL_AREA_STYLE('',(#6718));
#6487=FILL_AREA_STYLE('',(#6719));
#6488=FILL_AREA_STYLE('',(#6720));
#6489=FILL_AREA_STYLE('',(#6721));
#6490=FILL_AREA_STYLE('',(#6722));
#6491=FILL_AREA_STYLE('',(#6723));
#6492=FILL_AREA_STYLE('',(#6724));
#6493=FILL_AREA_STYLE('',(#6725));
#6494=FILL_AREA_STYLE('',(#6726));
#6495=FILL_AREA_STYLE('',(#6727));
#6496=FILL_AREA_STYLE('',(#6728));
#6497=FILL_AREA_STYLE('',(#6729));
#6498=FILL_AREA_STYLE('',(#6730));
#6499=FILL_AREA_STYLE('',(#6731));
#6500=FILL_AREA_STYLE('',(#6732));
#6501=FILL_AREA_STYLE('',(#6733));
#6502=FILL_AREA_STYLE('',(#6734));
#6503=FILL_AREA_STYLE('',(#6735));
#6504=FILL_AREA_STYLE('',(#6736));
#6505=FILL_AREA_STYLE('',(#6737));
#6506=FILL_AREA_STYLE('',(#6738));
#6507=FILL_AREA_STYLE('',(#6739));
#6508=FILL_AREA_STYLE('',(#6740));
#6509=FILL_AREA_STYLE('',(#6741));
#6510=FILL_AREA_STYLE('',(#6742));
#6511=FILL_AREA_STYLE('',(#6743));
#6512=FILL_AREA_STYLE('',(#6744));
#6513=FILL_AREA_STYLE('',(#6745));
#6514=FILL_AREA_STYLE('',(#6746));
#6515=FILL_AREA_STYLE('',(#6747));
#6516=FILL_AREA_STYLE('',(#6748));
#6517=FILL_AREA_STYLE('',(#6749));
#6518=FILL_AREA_STYLE('',(#6750));
#6519=FILL_AREA_STYLE('',(#6751));
#6520=FILL_AREA_STYLE('',(#6752));
#6521=FILL_AREA_STYLE('',(#6753));
#6522=FILL_AREA_STYLE('',(#6754));
#6523=FILL_AREA_STYLE('',(#6755));
#6524=FILL_AREA_STYLE('',(#6756));
#6525=FILL_AREA_STYLE('',(#6757));
#6526=FILL_AREA_STYLE('',(#6758));
#6527=FILL_AREA_STYLE('',(#6759));
#6528=FILL_AREA_STYLE('',(#6760));
#6529=FILL_AREA_STYLE('',(#6761));
#6530=FILL_AREA_STYLE('',(#6762));
#6531=FILL_AREA_STYLE('',(#6763));
#6532=FILL_AREA_STYLE('',(#6764));
#6533=FILL_AREA_STYLE('',(#6765));
#6534=FILL_AREA_STYLE('',(#6766));
#6535=FILL_AREA_STYLE('',(#6767));
#6536=FILL_AREA_STYLE('',(#6768));
#6537=FILL_AREA_STYLE('',(#6769));
#6538=FILL_AREA_STYLE('',(#6770));
#6539=FILL_AREA_STYLE('',(#6771));
#6540=FILL_AREA_STYLE('',(#6772));
#6541=FILL_AREA_STYLE('',(#6773));
#6542=FILL_AREA_STYLE('',(#6774));
#6543=FILL_AREA_STYLE('',(#6775));
#6544=FILL_AREA_STYLE('',(#6776));
#6545=FILL_AREA_STYLE('',(#6777));
#6546=FILL_AREA_STYLE('',(#6778));
#6547=FILL_AREA_STYLE('',(#6779));
#6548=FILL_AREA_STYLE('',(#6780));
#6549=FILL_AREA_STYLE('',(#6781));
#6550=FILL_AREA_STYLE('',(#6782));
#6551=FILL_AREA_STYLE('',(#6783));
#6552=FILL_AREA_STYLE('',(#6784));
#6553=FILL_AREA_STYLE('',(#6785));
#6554=FILL_AREA_STYLE('',(#6786));
#6555=FILL_AREA_STYLE('',(#6787));
#6556=FILL_AREA_STYLE('',(#6788));
#6557=FILL_AREA_STYLE('',(#6789));
#6558=FILL_AREA_STYLE('',(#6790));
#6559=FILL_AREA_STYLE('',(#6791));
#6560=FILL_AREA_STYLE('',(#6792));
#6561=FILL_AREA_STYLE('',(#6793));
#6562=FILL_AREA_STYLE('',(#6794));
#6563=FILL_AREA_STYLE('',(#6795));
#6564=FILL_AREA_STYLE('',(#6796));
#6565=FILL_AREA_STYLE('',(#6797));
#6566=FILL_AREA_STYLE('',(#6798));
#6567=FILL_AREA_STYLE('',(#6799));
#6568=FILL_AREA_STYLE('',(#6800));
#6569=FILL_AREA_STYLE('',(#6801));
#6570=FILL_AREA_STYLE('',(#6802));
#6571=FILL_AREA_STYLE('',(#6803));
#6572=FILL_AREA_STYLE('',(#6804));
#6573=FILL_AREA_STYLE('',(#6805));
#6574=FILL_AREA_STYLE('',(#6806));
#6575=FILL_AREA_STYLE('',(#6807));
#6576=FILL_AREA_STYLE('',(#6808));
#6577=FILL_AREA_STYLE('',(#6809));
#6578=FILL_AREA_STYLE('',(#6810));
#6579=FILL_AREA_STYLE('',(#6811));
#6580=FILL_AREA_STYLE('',(#6812));
#6581=FILL_AREA_STYLE('',(#6813));
#6582=FILL_AREA_STYLE('',(#6814));
#6583=FILL_AREA_STYLE('',(#6815));
#6584=FILL_AREA_STYLE('',(#6816));
#6585=FILL_AREA_STYLE('',(#6817));
#6586=FILL_AREA_STYLE('',(#6818));
#6587=FILL_AREA_STYLE('',(#6819));
#6588=FILL_AREA_STYLE('',(#6820));
#6589=FILL_AREA_STYLE('',(#6821));
#6590=FILL_AREA_STYLE('',(#6822));
#6591=FILL_AREA_STYLE('',(#6823));
#6592=FILL_AREA_STYLE_COLOUR('',#6824);
#6593=FILL_AREA_STYLE_COLOUR('',#6824);
#6594=FILL_AREA_STYLE_COLOUR('',#6824);
#6595=FILL_AREA_STYLE_COLOUR('',#6824);
#6596=FILL_AREA_STYLE_COLOUR('',#6824);
#6597=FILL_AREA_STYLE_COLOUR('',#6824);
#6598=FILL_AREA_STYLE_COLOUR('',#6824);
#6599=FILL_AREA_STYLE_COLOUR('',#6824);
#6600=FILL_AREA_STYLE_COLOUR('',#6824);
#6601=FILL_AREA_STYLE_COLOUR('',#6824);
#6602=FILL_AREA_STYLE_COLOUR('',#6824);
#6603=FILL_AREA_STYLE_COLOUR('',#6824);
#6604=FILL_AREA_STYLE_COLOUR('',#6824);
#6605=FILL_AREA_STYLE_COLOUR('',#6824);
#6606=FILL_AREA_STYLE_COLOUR('',#6824);
#6607=FILL_AREA_STYLE_COLOUR('',#6824);
#6608=FILL_AREA_STYLE_COLOUR('',#6824);
#6609=FILL_AREA_STYLE_COLOUR('',#6824);
#6610=FILL_AREA_STYLE_COLOUR('',#6824);
#6611=FILL_AREA_STYLE_COLOUR('',#6824);
#6612=FILL_AREA_STYLE_COLOUR('',#6824);
#6613=FILL_AREA_STYLE_COLOUR('',#6824);
#6614=FILL_AREA_STYLE_COLOUR('',#6824);
#6615=FILL_AREA_STYLE_COLOUR('',#6824);
#6616=FILL_AREA_STYLE_COLOUR('',#6824);
#6617=FILL_AREA_STYLE_COLOUR('',#6824);
#6618=FILL_AREA_STYLE_COLOUR('',#6824);
#6619=FILL_AREA_STYLE_COLOUR('',#6824);
#6620=FILL_AREA_STYLE_COLOUR('',#6824);
#6621=FILL_AREA_STYLE_COLOUR('',#6824);
#6622=FILL_AREA_STYLE_COLOUR('',#6824);
#6623=FILL_AREA_STYLE_COLOUR('',#6824);
#6624=FILL_AREA_STYLE_COLOUR('',#6824);
#6625=FILL_AREA_STYLE_COLOUR('',#6824);
#6626=FILL_AREA_STYLE_COLOUR('',#6824);
#6627=FILL_AREA_STYLE_COLOUR('',#6824);
#6628=FILL_AREA_STYLE_COLOUR('',#6824);
#6629=FILL_AREA_STYLE_COLOUR('',#6824);
#6630=FILL_AREA_STYLE_COLOUR('',#6824);
#6631=FILL_AREA_STYLE_COLOUR('',#6824);
#6632=FILL_AREA_STYLE_COLOUR('',#6824);
#6633=FILL_AREA_STYLE_COLOUR('',#6824);
#6634=FILL_AREA_STYLE_COLOUR('',#6824);
#6635=FILL_AREA_STYLE_COLOUR('',#6824);
#6636=FILL_AREA_STYLE_COLOUR('',#6824);
#6637=FILL_AREA_STYLE_COLOUR('',#6824);
#6638=FILL_AREA_STYLE_COLOUR('',#6824);
#6639=FILL_AREA_STYLE_COLOUR('',#6824);
#6640=FILL_AREA_STYLE_COLOUR('',#6824);
#6641=FILL_AREA_STYLE_COLOUR('',#6824);
#6642=FILL_AREA_STYLE_COLOUR('',#6824);
#6643=FILL_AREA_STYLE_COLOUR('',#6824);
#6644=FILL_AREA_STYLE_COLOUR('',#6824);
#6645=FILL_AREA_STYLE_COLOUR('',#6824);
#6646=FILL_AREA_STYLE_COLOUR('',#6824);
#6647=FILL_AREA_STYLE_COLOUR('',#6824);
#6648=FILL_AREA_STYLE_COLOUR('',#6824);
#6649=FILL_AREA_STYLE_COLOUR('',#6824);
#6650=FILL_AREA_STYLE_COLOUR('',#6824);
#6651=FILL_AREA_STYLE_COLOUR('',#6824);
#6652=FILL_AREA_STYLE_COLOUR('',#6824);
#6653=FILL_AREA_STYLE_COLOUR('',#6824);
#6654=FILL_AREA_STYLE_COLOUR('',#6824);
#6655=FILL_AREA_STYLE_COLOUR('',#6824);
#6656=FILL_AREA_STYLE_COLOUR('',#6824);
#6657=FILL_AREA_STYLE_COLOUR('',#6824);
#6658=FILL_AREA_STYLE_COLOUR('',#6824);
#6659=FILL_AREA_STYLE_COLOUR('',#6824);
#6660=FILL_AREA_STYLE_COLOUR('',#6824);
#6661=FILL_AREA_STYLE_COLOUR('',#6824);
#6662=FILL_AREA_STYLE_COLOUR('',#6824);
#6663=FILL_AREA_STYLE_COLOUR('',#6825);
#6664=FILL_AREA_STYLE_COLOUR('',#6824);
#6665=FILL_AREA_STYLE_COLOUR('',#6824);
#6666=FILL_AREA_STYLE_COLOUR('',#6824);
#6667=FILL_AREA_STYLE_COLOUR('',#6824);
#6668=FILL_AREA_STYLE_COLOUR('',#6825);
#6669=FILL_AREA_STYLE_COLOUR('',#6824);
#6670=FILL_AREA_STYLE_COLOUR('',#6824);
#6671=FILL_AREA_STYLE_COLOUR('',#6824);
#6672=FILL_AREA_STYLE_COLOUR('',#6824);
#6673=FILL_AREA_STYLE_COLOUR('',#6824);
#6674=FILL_AREA_STYLE_COLOUR('',#6824);
#6675=FILL_AREA_STYLE_COLOUR('',#6824);
#6676=FILL_AREA_STYLE_COLOUR('',#6824);
#6677=FILL_AREA_STYLE_COLOUR('',#6824);
#6678=FILL_AREA_STYLE_COLOUR('',#6824);
#6679=FILL_AREA_STYLE_COLOUR('',#6824);
#6680=FILL_AREA_STYLE_COLOUR('',#6824);
#6681=FILL_AREA_STYLE_COLOUR('',#6824);
#6682=FILL_AREA_STYLE_COLOUR('',#6824);
#6683=FILL_AREA_STYLE_COLOUR('',#6824);
#6684=FILL_AREA_STYLE_COLOUR('',#6824);
#6685=FILL_AREA_STYLE_COLOUR('',#6824);
#6686=FILL_AREA_STYLE_COLOUR('',#6824);
#6687=FILL_AREA_STYLE_COLOUR('',#6824);
#6688=FILL_AREA_STYLE_COLOUR('',#6824);
#6689=FILL_AREA_STYLE_COLOUR('',#6824);
#6690=FILL_AREA_STYLE_COLOUR('',#6824);
#6691=FILL_AREA_STYLE_COLOUR('',#6824);
#6692=FILL_AREA_STYLE_COLOUR('',#6824);
#6693=FILL_AREA_STYLE_COLOUR('',#6825);
#6694=FILL_AREA_STYLE_COLOUR('',#6824);
#6695=FILL_AREA_STYLE_COLOUR('',#6824);
#6696=FILL_AREA_STYLE_COLOUR('',#6824);
#6697=FILL_AREA_STYLE_COLOUR('',#6824);
#6698=FILL_AREA_STYLE_COLOUR('',#6825);
#6699=FILL_AREA_STYLE_COLOUR('',#6824);
#6700=FILL_AREA_STYLE_COLOUR('',#6824);
#6701=FILL_AREA_STYLE_COLOUR('',#6824);
#6702=FILL_AREA_STYLE_COLOUR('',#6824);
#6703=FILL_AREA_STYLE_COLOUR('',#6824);
#6704=FILL_AREA_STYLE_COLOUR('',#6824);
#6705=FILL_AREA_STYLE_COLOUR('',#6824);
#6706=FILL_AREA_STYLE_COLOUR('',#6824);
#6707=FILL_AREA_STYLE_COLOUR('',#6824);
#6708=FILL_AREA_STYLE_COLOUR('',#6824);
#6709=FILL_AREA_STYLE_COLOUR('',#6824);
#6710=FILL_AREA_STYLE_COLOUR('',#6824);
#6711=FILL_AREA_STYLE_COLOUR('',#6824);
#6712=FILL_AREA_STYLE_COLOUR('',#6824);
#6713=FILL_AREA_STYLE_COLOUR('',#6824);
#6714=FILL_AREA_STYLE_COLOUR('',#6824);
#6715=FILL_AREA_STYLE_COLOUR('',#6824);
#6716=FILL_AREA_STYLE_COLOUR('',#6824);
#6717=FILL_AREA_STYLE_COLOUR('',#6824);
#6718=FILL_AREA_STYLE_COLOUR('',#6824);
#6719=FILL_AREA_STYLE_COLOUR('',#6824);
#6720=FILL_AREA_STYLE_COLOUR('',#6824);
#6721=FILL_AREA_STYLE_COLOUR('',#6824);
#6722=FILL_AREA_STYLE_COLOUR('',#6824);
#6723=FILL_AREA_STYLE_COLOUR('',#6824);
#6724=FILL_AREA_STYLE_COLOUR('',#6824);
#6725=FILL_AREA_STYLE_COLOUR('',#6824);
#6726=FILL_AREA_STYLE_COLOUR('',#6824);
#6727=FILL_AREA_STYLE_COLOUR('',#6824);
#6728=FILL_AREA_STYLE_COLOUR('',#6824);
#6729=FILL_AREA_STYLE_COLOUR('',#6824);
#6730=FILL_AREA_STYLE_COLOUR('',#6824);
#6731=FILL_AREA_STYLE_COLOUR('',#6824);
#6732=FILL_AREA_STYLE_COLOUR('',#6824);
#6733=FILL_AREA_STYLE_COLOUR('',#6824);
#6734=FILL_AREA_STYLE_COLOUR('',#6824);
#6735=FILL_AREA_STYLE_COLOUR('',#6824);
#6736=FILL_AREA_STYLE_COLOUR('',#6824);
#6737=FILL_AREA_STYLE_COLOUR('',#6824);
#6738=FILL_AREA_STYLE_COLOUR('',#6824);
#6739=FILL_AREA_STYLE_COLOUR('',#6824);
#6740=FILL_AREA_STYLE_COLOUR('',#6824);
#6741=FILL_AREA_STYLE_COLOUR('',#6824);
#6742=FILL_AREA_STYLE_COLOUR('',#6824);
#6743=FILL_AREA_STYLE_COLOUR('',#6824);
#6744=FILL_AREA_STYLE_COLOUR('',#6824);
#6745=FILL_AREA_STYLE_COLOUR('',#6824);
#6746=FILL_AREA_STYLE_COLOUR('',#6824);
#6747=FILL_AREA_STYLE_COLOUR('',#6824);
#6748=FILL_AREA_STYLE_COLOUR('',#6824);
#6749=FILL_AREA_STYLE_COLOUR('',#6824);
#6750=FILL_AREA_STYLE_COLOUR('',#6824);
#6751=FILL_AREA_STYLE_COLOUR('',#6824);
#6752=FILL_AREA_STYLE_COLOUR('',#6824);
#6753=FILL_AREA_STYLE_COLOUR('',#6824);
#6754=FILL_AREA_STYLE_COLOUR('',#6824);
#6755=FILL_AREA_STYLE_COLOUR('',#6824);
#6756=FILL_AREA_STYLE_COLOUR('',#6824);
#6757=FILL_AREA_STYLE_COLOUR('',#6824);
#6758=FILL_AREA_STYLE_COLOUR('',#6824);
#6759=FILL_AREA_STYLE_COLOUR('',#6824);
#6760=FILL_AREA_STYLE_COLOUR('',#6824);
#6761=FILL_AREA_STYLE_COLOUR('',#6824);
#6762=FILL_AREA_STYLE_COLOUR('',#6824);
#6763=FILL_AREA_STYLE_COLOUR('',#6824);
#6764=FILL_AREA_STYLE_COLOUR('',#6824);
#6765=FILL_AREA_STYLE_COLOUR('',#6824);
#6766=FILL_AREA_STYLE_COLOUR('',#6824);
#6767=FILL_AREA_STYLE_COLOUR('',#6824);
#6768=FILL_AREA_STYLE_COLOUR('',#6824);
#6769=FILL_AREA_STYLE_COLOUR('',#6824);
#6770=FILL_AREA_STYLE_COLOUR('',#6824);
#6771=FILL_AREA_STYLE_COLOUR('',#6824);
#6772=FILL_AREA_STYLE_COLOUR('',#6824);
#6773=FILL_AREA_STYLE_COLOUR('',#6824);
#6774=FILL_AREA_STYLE_COLOUR('',#6824);
#6775=FILL_AREA_STYLE_COLOUR('',#6824);
#6776=FILL_AREA_STYLE_COLOUR('',#6824);
#6777=FILL_AREA_STYLE_COLOUR('',#6824);
#6778=FILL_AREA_STYLE_COLOUR('',#6824);
#6779=FILL_AREA_STYLE_COLOUR('',#6824);
#6780=FILL_AREA_STYLE_COLOUR('',#6824);
#6781=FILL_AREA_STYLE_COLOUR('',#6824);
#6782=FILL_AREA_STYLE_COLOUR('',#6824);
#6783=FILL_AREA_STYLE_COLOUR('',#6824);
#6784=FILL_AREA_STYLE_COLOUR('',#6824);
#6785=FILL_AREA_STYLE_COLOUR('',#6824);
#6786=FILL_AREA_STYLE_COLOUR('',#6824);
#6787=FILL_AREA_STYLE_COLOUR('',#6824);
#6788=FILL_AREA_STYLE_COLOUR('',#6824);
#6789=FILL_AREA_STYLE_COLOUR('',#6824);
#6790=FILL_AREA_STYLE_COLOUR('',#6824);
#6791=FILL_AREA_STYLE_COLOUR('',#6824);
#6792=FILL_AREA_STYLE_COLOUR('',#6824);
#6793=FILL_AREA_STYLE_COLOUR('',#6824);
#6794=FILL_AREA_STYLE_COLOUR('',#6824);
#6795=FILL_AREA_STYLE_COLOUR('',#6824);
#6796=FILL_AREA_STYLE_COLOUR('',#6824);
#6797=FILL_AREA_STYLE_COLOUR('',#6824);
#6798=FILL_AREA_STYLE_COLOUR('',#6824);
#6799=FILL_AREA_STYLE_COLOUR('',#6824);
#6800=FILL_AREA_STYLE_COLOUR('',#6824);
#6801=FILL_AREA_STYLE_COLOUR('',#6824);
#6802=FILL_AREA_STYLE_COLOUR('',#6824);
#6803=FILL_AREA_STYLE_COLOUR('',#6824);
#6804=FILL_AREA_STYLE_COLOUR('',#6824);
#6805=FILL_AREA_STYLE_COLOUR('',#6824);
#6806=FILL_AREA_STYLE_COLOUR('',#6824);
#6807=FILL_AREA_STYLE_COLOUR('',#6824);
#6808=FILL_AREA_STYLE_COLOUR('',#6824);
#6809=FILL_AREA_STYLE_COLOUR('',#6824);
#6810=FILL_AREA_STYLE_COLOUR('',#6824);
#6811=FILL_AREA_STYLE_COLOUR('',#6824);
#6812=FILL_AREA_STYLE_COLOUR('',#6824);
#6813=FILL_AREA_STYLE_COLOUR('',#6824);
#6814=FILL_AREA_STYLE_COLOUR('',#6824);
#6815=FILL_AREA_STYLE_COLOUR('',#6824);
#6816=FILL_AREA_STYLE_COLOUR('',#6824);
#6817=FILL_AREA_STYLE_COLOUR('',#6824);
#6818=FILL_AREA_STYLE_COLOUR('',#6824);
#6819=FILL_AREA_STYLE_COLOUR('',#6824);
#6820=FILL_AREA_STYLE_COLOUR('',#6824);
#6821=FILL_AREA_STYLE_COLOUR('',#6824);
#6822=FILL_AREA_STYLE_COLOUR('',#6826);
#6823=FILL_AREA_STYLE_COLOUR('',#6826);
#6824=COLOUR_RGB('',0.200000002980232,0.200000002980232,0.200000002980232);
#6825=COLOUR_RGB('',0.5,0.5,0.5);
#6826=COLOUR_RGB('',0.87058824300766,0.633254885673523,0.172549024224281);
#6827=ADVANCED_FACE('',(#4666),#4974,.F.);
#6828=ADVANCED_FACE('',(#4667,#4668),#268,.F.);
#6829=ADVANCED_FACE('',(#4669,#4670),#269,.F.);
#6830=ADVANCED_FACE('',(#4671),#4975,.F.);
#6831=ADVANCED_FACE('',(#4672),#4976,.F.);
#6832=ADVANCED_FACE('',(#4673),#4977,.F.);
#6833=ADVANCED_FACE('',(#4674),#4978,.F.);
#6834=ADVANCED_FACE('',(#4675),#4979,.F.);
#6835=ADVANCED_FACE('',(#4676),#4980,.F.);
#6836=ADVANCED_FACE('',(#4677),#4981,.F.);
#6837=ADVANCED_FACE('',(#4678),#4982,.F.);
#6838=ADVANCED_FACE('',(#4679),#4983,.T.);
#6839=ADVANCED_FACE('',(#4680),#4984,.F.);
#6840=ADVANCED_FACE('',(#4681),#4985,.F.);
#6841=ADVANCED_FACE('',(#4682),#4986,.F.);
#6842=ADVANCED_FACE('',(#4683),#4987,.F.);
#6843=ADVANCED_FACE('',(#4684),#4988,.F.);
#6844=ADVANCED_FACE('',(#4685,#4686),#59,.T.);
#6845=ADVANCED_FACE('',(#4687),#4989,.F.);
#6846=ADVANCED_FACE('',(#4688),#60,.T.);
#6847=ADVANCED_FACE('',(#4689),#55,.T.);
#6848=ADVANCED_FACE('',(#4690),#4990,.F.);
#6849=ADVANCED_FACE('',(#4691,#4692),#61,.T.);
#6850=ADVANCED_FACE('',(#4693),#4991,.F.);
#6851=ADVANCED_FACE('',(#4694),#62,.T.);
#6852=ADVANCED_FACE('',(#4695),#56,.T.);
#6853=ADVANCED_FACE('',(#4696),#4992,.F.);
#6854=ADVANCED_FACE('',(#4697),#4993,.T.);
#6855=ADVANCED_FACE('',(#4698),#4994,.F.);
#6856=ADVANCED_FACE('',(#4699),#4995,.T.);
#6857=ADVANCED_FACE('',(#4700),#63,.T.);
#6858=ADVANCED_FACE('',(#4701),#4996,.T.);
#6859=ADVANCED_FACE('',(#4702),#4997,.F.);
#6860=ADVANCED_FACE('',(#4703),#4998,.F.);
#6861=ADVANCED_FACE('',(#4704),#64,.T.);
#6862=ADVANCED_FACE('',(#4705),#4999,.T.);
#6863=ADVANCED_FACE('',(#4706),#5000,.F.);
#6864=ADVANCED_FACE('',(#4707),#5001,.F.);
#6865=ADVANCED_FACE('',(#4708),#65,.T.);
#6866=ADVANCED_FACE('',(#4709),#5002,.T.);
#6867=ADVANCED_FACE('',(#4710),#5003,.F.);
#6868=ADVANCED_FACE('',(#4711),#66,.T.);
#6869=ADVANCED_FACE('',(#4712),#5004,.T.);
#6870=ADVANCED_FACE('',(#4713),#5005,.T.);
#6871=ADVANCED_FACE('',(#4714),#5006,.T.);
#6872=ADVANCED_FACE('',(#4715),#5007,.T.);
#6873=ADVANCED_FACE('',(#4716),#5008,.T.);
#6874=ADVANCED_FACE('',(#4717),#5009,.F.);
#6875=ADVANCED_FACE('',(#4718),#5010,.T.);
#6876=ADVANCED_FACE('',(#4719),#5011,.T.);
#6877=ADVANCED_FACE('',(#4720),#5012,.T.);
#6878=ADVANCED_FACE('',(#4721),#5013,.T.);
#6879=ADVANCED_FACE('',(#4722),#5014,.T.);
#6880=ADVANCED_FACE('',(#4723),#5015,.T.);
#6881=ADVANCED_FACE('',(#4724),#5016,.T.);
#6882=ADVANCED_FACE('',(#4725),#5017,.F.);
#6883=ADVANCED_FACE('',(#4726),#5018,.T.);
#6884=ADVANCED_FACE('',(#4727),#5019,.T.);
#6885=ADVANCED_FACE('',(#4728),#5020,.T.);
#6886=ADVANCED_FACE('',(#4729,#4730),#67,.F.);
#6887=ADVANCED_FACE('',(#4731,#4732),#68,.F.);
#6888=ADVANCED_FACE('',(#4733,#4734),#5021,.F.);
#6889=ADVANCED_FACE('',(#4735),#5022,.F.);
#6890=ADVANCED_FACE('',(#4736),#5023,.F.);
#6891=ADVANCED_FACE('',(#4737),#5024,.F.);
#6892=ADVANCED_FACE('',(#4738),#5025,.F.);
#6893=ADVANCED_FACE('',(#4739,#4740),#5026,.F.);
#6894=ADVANCED_FACE('',(#4741),#5027,.F.);
#6895=ADVANCED_FACE('',(#4742),#5028,.F.);
#6896=ADVANCED_FACE('',(#4743),#5029,.F.);
#6897=ADVANCED_FACE('',(#4744),#5030,.F.);
#6898=ADVANCED_FACE('',(#4745),#5031,.T.);
#6899=ADVANCED_FACE('',(#4746),#5032,.T.);
#6900=ADVANCED_FACE('',(#4747),#5033,.T.);
#6901=ADVANCED_FACE('',(#4748),#5034,.T.);
#6902=ADVANCED_FACE('',(#4749),#5035,.T.);
#6903=ADVANCED_FACE('',(#4750),#5036,.F.);
#6904=ADVANCED_FACE('',(#4751),#5037,.T.);
#6905=ADVANCED_FACE('',(#4752),#5038,.T.);
#6906=ADVANCED_FACE('',(#4753),#5039,.T.);
#6907=ADVANCED_FACE('',(#4754),#5040,.T.);
#6908=ADVANCED_FACE('',(#4755),#5041,.T.);
#6909=ADVANCED_FACE('',(#4756),#5042,.T.);
#6910=ADVANCED_FACE('',(#4757),#5043,.T.);
#6911=ADVANCED_FACE('',(#4758),#5044,.T.);
#6912=ADVANCED_FACE('',(#4759),#5045,.T.);
#6913=ADVANCED_FACE('',(#4760),#5046,.T.);
#6914=ADVANCED_FACE('',(#4761),#5047,.T.);
#6915=ADVANCED_FACE('',(#4762),#5048,.T.);
#6916=ADVANCED_FACE('',(#4763),#69,.T.);
#6917=ADVANCED_FACE('',(#4764),#70,.T.);
#6918=ADVANCED_FACE('',(#4765),#71,.T.);
#6919=ADVANCED_FACE('',(#4766),#72,.T.);
#6920=ADVANCED_FACE('',(#4767),#73,.T.);
#6921=ADVANCED_FACE('',(#4768),#74,.T.);
#6922=ADVANCED_FACE('',(#4769),#5049,.T.);
#6923=ADVANCED_FACE('',(#4770),#5050,.T.);
#6924=ADVANCED_FACE('',(#4771),#5051,.T.);
#6925=ADVANCED_FACE('',(#4772),#5052,.F.);
#6926=ADVANCED_FACE('',(#4773),#5053,.F.);
#6927=ADVANCED_FACE('',(#4774),#5054,.F.);
#6928=ADVANCED_FACE('',(#4775),#5055,.F.);
#6929=ADVANCED_FACE('',(#4776),#5056,.T.);
#6930=ADVANCED_FACE('',(#4777),#5057,.T.);
#6931=ADVANCED_FACE('',(#4778),#5058,.T.);
#6932=ADVANCED_FACE('',(#4779),#5059,.T.);
#6933=ADVANCED_FACE('',(#4780),#5060,.T.);
#6934=ADVANCED_FACE('',(#4781),#5061,.T.);
#6935=ADVANCED_FACE('',(#4782),#5062,.T.);
#6936=ADVANCED_FACE('',(#4783),#5063,.T.);
#6937=ADVANCED_FACE('',(#4784),#5064,.T.);
#6938=ADVANCED_FACE('',(#4785),#5065,.T.);
#6939=ADVANCED_FACE('',(#4786),#5066,.T.);
#6940=ADVANCED_FACE('',(#4787),#5067,.T.);
#6941=ADVANCED_FACE('',(#4788),#5068,.T.);
#6942=ADVANCED_FACE('',(#4789),#5069,.T.);
#6943=ADVANCED_FACE('',(#4790),#5070,.T.);
#6944=ADVANCED_FACE('',(#4791),#5071,.T.);
#6945=ADVANCED_FACE('',(#4792),#5072,.T.);
#6946=ADVANCED_FACE('',(#4793),#5073,.F.);
#6947=ADVANCED_FACE('',(#4794),#5074,.F.);
#6948=ADVANCED_FACE('',(#4795),#5075,.T.);
#6949=ADVANCED_FACE('',(#4796),#5076,.T.);
#6950=ADVANCED_FACE('',(#4797),#5077,.T.);
#6951=ADVANCED_FACE('',(#4798),#5078,.T.);
#6952=ADVANCED_FACE('',(#4799),#5079,.F.);
#6953=ADVANCED_FACE('',(#4800),#5080,.F.);
#6954=ADVANCED_FACE('',(#4801),#44,.T.);
#6955=ADVANCED_FACE('',(#4802,#4803),#75,.T.);
#6956=ADVANCED_FACE('',(#4804),#5081,.F.);
#6957=ADVANCED_FACE('',(#4805),#5082,.F.);
#6958=ADVANCED_FACE('',(#4806),#5083,.T.);
#6959=ADVANCED_FACE('',(#4807),#5084,.T.);
#6960=ADVANCED_FACE('',(#4808),#5085,.F.);
#6961=ADVANCED_FACE('',(#4809),#5086,.F.);
#6962=ADVANCED_FACE('',(#4810),#5087,.F.);
#6963=ADVANCED_FACE('',(#4811),#5088,.F.);
#6964=ADVANCED_FACE('',(#4812),#5089,.F.);
#6965=ADVANCED_FACE('',(#4813),#5090,.F.);
#6966=ADVANCED_FACE('',(#4814),#5091,.T.);
#6967=ADVANCED_FACE('',(#4815),#5092,.F.);
#6968=ADVANCED_FACE('',(#4816),#5093,.F.);
#6969=ADVANCED_FACE('',(#4817),#5094,.F.);
#6970=ADVANCED_FACE('',(#4818),#5095,.F.);
#6971=ADVANCED_FACE('',(#4819),#5096,.F.);
#6972=ADVANCED_FACE('',(#4820),#5097,.F.);
#6973=ADVANCED_FACE('',(#4821),#5098,.F.);
#6974=ADVANCED_FACE('',(#4822),#5099,.F.);
#6975=ADVANCED_FACE('',(#4823),#5100,.F.);
#6976=ADVANCED_FACE('',(#4824),#5101,.F.);
#6977=ADVANCED_FACE('',(#4825),#5102,.F.);
#6978=ADVANCED_FACE('',(#4826),#5103,.F.);
#6979=ADVANCED_FACE('',(#4827),#5104,.F.);
#6980=ADVANCED_FACE('',(#4828),#5105,.F.);
#6981=ADVANCED_FACE('',(#4829),#5106,.F.);
#6982=ADVANCED_FACE('',(#4830),#5107,.F.);
#6983=ADVANCED_FACE('',(#4831),#5108,.F.);
#6984=ADVANCED_FACE('',(#4832),#5109,.F.);
#6985=ADVANCED_FACE('',(#4833),#5110,.F.);
#6986=ADVANCED_FACE('',(#4834),#5111,.F.);
#6987=ADVANCED_FACE('',(#4835),#5112,.F.);
#6988=ADVANCED_FACE('',(#4836),#5113,.T.);
#6989=ADVANCED_FACE('',(#4837),#5114,.F.);
#6990=ADVANCED_FACE('',(#4838),#5115,.F.);
#6991=ADVANCED_FACE('',(#4839),#5116,.F.);
#6992=ADVANCED_FACE('',(#4840),#76,.F.);
#6993=ADVANCED_FACE('',(#4841),#77,.F.);
#6994=ADVANCED_FACE('',(#4842),#78,.F.);
#6995=ADVANCED_FACE('',(#4843),#79,.F.);
#6996=ADVANCED_FACE('',(#4844),#80,.F.);
#6997=ADVANCED_FACE('',(#4845),#81,.F.);
#6998=ADVANCED_FACE('',(#4846),#5117,.T.);
#6999=ADVANCED_FACE('',(#4847),#5118,.T.);
#7000=ADVANCED_FACE('',(#4848),#5119,.T.);
#7001=ADVANCED_FACE('',(#4849),#5120,.F.);
#7002=ADVANCED_FACE('',(#4850),#5121,.F.);
#7003=ADVANCED_FACE('',(#4851),#5122,.F.);
#7004=ADVANCED_FACE('',(#4852),#5123,.F.);
#7005=ADVANCED_FACE('',(#4853),#82,.F.);
#7006=ADVANCED_FACE('',(#4854),#5124,.F.);
#7007=ADVANCED_FACE('',(#4855),#5125,.F.);
#7008=ADVANCED_FACE('',(#4856),#83,.F.);
#7009=ADVANCED_FACE('',(#4857),#5126,.F.);
#7010=ADVANCED_FACE('',(#4858),#5127,.F.);
#7011=ADVANCED_FACE('',(#4859),#5128,.F.);
#7012=ADVANCED_FACE('',(#4860),#5129,.F.);
#7013=ADVANCED_FACE('',(#4861),#5130,.F.);
#7014=ADVANCED_FACE('',(#4862),#5131,.F.);
#7015=ADVANCED_FACE('',(#4863),#5132,.F.);
#7016=ADVANCED_FACE('',(#4864),#5133,.F.);
#7017=ADVANCED_FACE('',(#4865),#5134,.F.);
#7018=ADVANCED_FACE('',(#4866),#5135,.F.);
#7019=ADVANCED_FACE('',(#4867),#5136,.T.);
#7020=ADVANCED_FACE('',(#4868),#5137,.T.);
#7021=ADVANCED_FACE('',(#4869),#5138,.F.);
#7022=ADVANCED_FACE('',(#4870),#5139,.T.);
#7023=ADVANCED_FACE('',(#4871),#5140,.F.);
#7024=ADVANCED_FACE('',(#4872),#5141,.F.);
#7025=ADVANCED_FACE('',(#4873),#5142,.F.);
#7026=ADVANCED_FACE('',(#4874),#5143,.F.);
#7027=ADVANCED_FACE('',(#4875),#5144,.F.);
#7028=ADVANCED_FACE('',(#4876),#5145,.F.);
#7029=ADVANCED_FACE('',(#4877,#4878,#4879),#84,.F.);
#7030=ADVANCED_FACE('',(#4880,#4881,#4882),#85,.F.);
#7031=ADVANCED_FACE('',(#4883),#5146,.F.);
#7032=ADVANCED_FACE('',(#4884),#5147,.F.);
#7033=ADVANCED_FACE('',(#4885),#5148,.T.);
#7034=ADVANCED_FACE('',(#4886),#5149,.F.);
#7035=ADVANCED_FACE('',(#4887),#5150,.F.);
#7036=ADVANCED_FACE('',(#4888),#5151,.T.);
#7037=ADVANCED_FACE('',(#4889),#5152,.F.);
#7038=ADVANCED_FACE('',(#4890),#5153,.F.);
#7039=ADVANCED_FACE('',(#4891),#5154,.F.);
#7040=ADVANCED_FACE('',(#4892),#5155,.F.);
#7041=ADVANCED_FACE('',(#4893),#5156,.F.);
#7042=ADVANCED_FACE('',(#4894),#86,.T.);
#7043=ADVANCED_FACE('',(#4895),#57,.T.);
#7044=ADVANCED_FACE('',(#4896),#5157,.F.);
#7045=ADVANCED_FACE('',(#4897),#5158,.F.);
#7046=ADVANCED_FACE('',(#4898),#87,.T.);
#7047=ADVANCED_FACE('',(#4899),#58,.T.);
#7048=ADVANCED_FACE('',(#4900),#5159,.F.);
#7049=ADVANCED_FACE('',(#4901),#5160,.F.);
#7050=ADVANCED_FACE('',(#4902),#5161,.F.);
#7051=ADVANCED_FACE('',(#4903),#5162,.F.);
#7052=ADVANCED_FACE('',(#4904),#5163,.F.);
#7053=ADVANCED_FACE('',(#4905),#5164,.F.);
#7054=ADVANCED_FACE('',(#4906),#5165,.F.);
#7055=ADVANCED_FACE('',(#4907),#5166,.F.);
#7056=ADVANCED_FACE('',(#4908,#4909,#4910,#4911,#4912,#4913,#4914,#4915),
#5167,.F.);
#7057=ADVANCED_FACE('',(#4916),#5168,.T.);
#7058=ADVANCED_FACE('',(#4917),#5169,.T.);
#7059=ADVANCED_FACE('',(#4918),#88,.T.);
#7060=ADVANCED_FACE('',(#4919),#5170,.T.);
#7061=ADVANCED_FACE('',(#4920),#5171,.T.);
#7062=ADVANCED_FACE('',(#4921),#5172,.F.);
#7063=ADVANCED_FACE('',(#4922),#5173,.T.);
#7064=ADVANCED_FACE('',(#4923),#89,.F.);
#7065=ADVANCED_FACE('',(#4924),#90,.T.);
#7066=ADVANCED_FACE('',(#4925),#91,.T.);
#7067=ADVANCED_FACE('',(#4926),#92,.T.);
#7068=ADVANCED_FACE('',(#4927),#5174,.F.);
#7069=ADVANCED_FACE('',(#4928,#4929),#5175,.T.);
#7070=ADVANCED_FACE('',(#4930),#5176,.T.);
#7071=ADVANCED_FACE('',(#4931),#5177,.F.);
#7072=ADVANCED_FACE('',(#4932),#5178,.T.);
#7073=ADVANCED_FACE('',(#4933),#45,.F.);
#7074=ADVANCED_FACE('',(#4934,#4935),#270,.T.);
#7075=ADVANCED_FACE('',(#4936),#46,.T.);
#7076=ADVANCED_FACE('',(#4937,#4938),#271,.F.);
#7077=ADVANCED_FACE('',(#4939),#93,.F.);
#7078=ADVANCED_FACE('',(#4940),#94,.T.);
#7079=ADVANCED_FACE('',(#4941),#95,.T.);
#7080=ADVANCED_FACE('',(#4942),#96,.T.);
#7081=ADVANCED_FACE('',(#4943),#5179,.F.);
#7082=ADVANCED_FACE('',(#4944),#5180,.T.);
#7083=ADVANCED_FACE('',(#4945,#4946),#5181,.F.);
#7084=ADVANCED_FACE('',(#4947),#5182,.T.);
#7085=ADVANCED_FACE('',(#4948),#5183,.F.);
#7086=ADVANCED_FACE('',(#4949),#5184,.F.);
#7087=ADVANCED_FACE('',(#4950),#5185,.F.);
#7088=ADVANCED_FACE('',(#4951),#97,.T.);
#7089=ADVANCED_FACE('',(#4952),#98,.F.);
#7090=ADVANCED_FACE('',(#4953),#5186,.T.);
#7091=ADVANCED_FACE('',(#4954),#5187,.T.);
#7092=ADVANCED_FACE('',(#4955),#5188,.F.);
#7093=ADVANCED_FACE('',(#4956),#99,.T.);
#7094=ADVANCED_FACE('',(#4957),#100,.F.);
#7095=ADVANCED_FACE('',(#4958),#101,.T.);
#7096=ADVANCED_FACE('',(#4959),#5189,.F.);
#7097=ADVANCED_FACE('',(#4960),#5190,.T.);
#7098=ADVANCED_FACE('',(#4961),#102,.T.);
#7099=ADVANCED_FACE('',(#4962),#5191,.F.);
#7100=ADVANCED_FACE('',(#4963),#103,.T.);
#7101=ADVANCED_FACE('',(#4964),#104,.F.);
#7102=ADVANCED_FACE('',(#4965),#5192,.T.);
#7103=ADVANCED_FACE('',(#4966),#105,.F.);
#7104=ADVANCED_FACE('',(#4967),#5193,.T.);
#7105=ADVANCED_FACE('',(#4968),#5194,.T.);
#7106=ADVANCED_FACE('',(#4969),#5195,.F.);
#7107=ADVANCED_FACE('',(#4970),#5196,.F.);
#7108=ADVANCED_FACE('',(#4971),#5197,.F.);
#7109=ADVANCED_FACE('',(#4972),#5198,.T.);
#7110=ADVANCED_FACE('',(#4973),#5199,.T.);
#7111=CLOSED_SHELL('',(#6827,#6828,#6829,#6830,#6831,#6832,#6833,#6834,
#6835,#6836,#6837,#6838,#6839,#6840,#6841,#6842,#6843,#6844,#6845,#6846,
#6847,#6848,#6849,#6850,#6851,#6852,#6853,#6854,#6855,#6856,#6857,#6858,
#6859,#6860,#6861,#6862,#6863,#6864,#6865,#6866,#6867,#6868,#6869,#6870,
#6871,#6872,#6873,#6874,#6875,#6876,#6877,#6878,#6879,#6880,#6881,#6882,
#6883,#6884,#6885,#6886,#6887,#6888,#6889,#6890,#6891,#6892,#6893,#6894,
#6895,#6896,#6897,#6898,#6899,#6900,#6901,#6902,#6903,#6904,#6905,#6906,
#6907,#6908,#6909,#6910,#6911,#6912,#6913,#6914,#6915,#6916,#6917,#6918,
#6919,#6920,#6921,#6922,#6923,#6924,#6925,#6926,#6927,#6928,#6929,#6930,
#6931,#6932,#6933,#6934,#6935,#6936,#6937,#6938,#6939,#6940,#6941,#6942,
#6943,#6944,#6945,#6946,#6947,#6948,#6949,#6950,#6951,#6952,#6953,#6954,
#6955,#6956,#6957,#6958,#6959,#6960,#6961,#6962,#6963,#6964,#6965,#6966,
#6967,#6968,#6969,#6970,#6971,#6972,#6973,#6974,#6975,#6976,#6977,#6978,
#6979,#6980,#6981,#6982,#6983,#6984,#6985,#6986,#6987,#6988,#6989,#6990,
#6991,#6992,#6993,#6994,#6995,#6996,#6997,#6998,#6999,#7000,#7001,#7002,
#7003,#7004,#7005,#7006,#7007,#7008,#7009,#7010,#7011,#7012,#7013,#7014,
#7015,#7016,#7017,#7018,#7019,#7020,#7021,#7022,#7023,#7024,#7025,#7026,
#7027,#7028,#7029,#7030,#7031,#7032,#7033,#7034,#7035,#7036,#7037,#7038,
#7039,#7040,#7041,#7042,#7043,#7044,#7045,#7046,#7047,#7048,#7049,#7050,
#7051,#7052,#7053,#7054,#7055,#7056));
#7112=CLOSED_SHELL('',(#7057,#7058,#7059,#7060,#7061,#7062,#7063,#7064,
#7065,#7066,#7067,#7068,#7069,#7070,#7071,#7072,#7073,#7074,#7075,#7076,
#7077,#7078,#7079,#7080,#7081,#7082,#7083,#7084));
#7113=CLOSED_SHELL('',(#7085,#7086,#7087,#7088,#7089,#7090,#7091,#7092,
#7093,#7094,#7095,#7096,#7097,#7098,#7099,#7100,#7101,#7102,#7103,#7104,
#7105,#7106,#7107,#7108,#7109,#7110));
#7114=MANIFOLD_SOLID_BREP('1134_CUT FOR STEP-1-solid1',#7111);
#7115=MANIFOLD_SOLID_BREP('F1043_rev.A-1-solid1',#7112);
#7116=MANIFOLD_SOLID_BREP('F1043_rev.A-1-solid1',#7113);
#7117=SHAPE_DEFINITION_REPRESENTATION(#10798,#7121);
#7118=SHAPE_DEFINITION_REPRESENTATION(#10797,#7122);
#7119=SHAPE_DEFINITION_REPRESENTATION(#10800,#7123);
#7120=SHAPE_DEFINITION_REPRESENTATION(#10802,#7124);
#7121=SHAPE_REPRESENTATION('1134_body',(#7125),#10787);
#7122=SHAPE_REPRESENTATION('KEYST_1049P',(#7125,#7446,#7497,#7534,#7535,
#7536),#10786);
#7123=SHAPE_REPRESENTATION('1043P_pin_type1',(#7125),#10788);
#7124=SHAPE_REPRESENTATION('1043P_pin_type2',(#7125),#10789);
#7125=AXIS2_PLACEMENT_3D('',#8973,#7537,#7538);
#7126=AXIS2_PLACEMENT_3D('',#8974,#7539,#7540);
#7127=AXIS2_PLACEMENT_3D('',#8999,#7553,#7554);
#7128=AXIS2_PLACEMENT_3D('',#9000,#7555,#7556);
#7129=AXIS2_PLACEMENT_3D('',#9002,#7557,#7558);
#7130=AXIS2_PLACEMENT_3D('',#9004,#7559,#7560);
#7131=AXIS2_PLACEMENT_3D('',#9005,#7561,#7562);
#7132=AXIS2_PLACEMENT_3D('',#9007,#7563,#7564);
#7133=AXIS2_PLACEMENT_3D('',#9009,#7565,#7566);
#7134=AXIS2_PLACEMENT_3D('',#9022,#7570,#7571);
#7135=AXIS2_PLACEMENT_3D('',#9035,#7575,#7576);
#7136=AXIS2_PLACEMENT_3D('',#9048,#7580,#7581);
#7137=AXIS2_PLACEMENT_3D('',#9061,#7585,#7586);
#7138=AXIS2_PLACEMENT_3D('',#9074,#7590,#7591);
#7139=AXIS2_PLACEMENT_3D('',#9087,#7595,#7596);
#7140=AXIS2_PLACEMENT_3D('',#9100,#7600,#7601);
#7141=AXIS2_PLACEMENT_3D('',#9113,#7605,#7606);
#7142=AXIS2_PLACEMENT_3D('',#9114,#7607,#7608);
#7143=AXIS2_PLACEMENT_3D('',#9119,#7610,#7611);
#7144=AXIS2_PLACEMENT_3D('',#9122,#7613,#7614);
#7145=AXIS2_PLACEMENT_3D('',#9141,#7620,#7621);
#7146=AXIS2_PLACEMENT_3D('',#9160,#7627,#7628);
#7147=AXIS2_PLACEMENT_3D('',#9164,#7630,#7631);
#7148=AXIS2_PLACEMENT_3D('',#9168,#7633,#7634);
#7149=AXIS2_PLACEMENT_3D('',#9169,#7635,#7636);
#7150=AXIS2_PLACEMENT_3D('',#9188,#7642,#7643);
#7151=AXIS2_PLACEMENT_3D('',#9207,#7649,#7650);
#7152=AXIS2_PLACEMENT_3D('',#9208,#7651,#7652);
#7153=AXIS2_PLACEMENT_3D('',#9209,#7653,#7654);
#7154=AXIS2_PLACEMENT_3D('',#9210,#7655,#7656);
#7155=AXIS2_PLACEMENT_3D('',#9211,#7657,#7658);
#7156=AXIS2_PLACEMENT_3D('',#9212,#7659,#7660);
#7157=AXIS2_PLACEMENT_3D('',#9213,#7661,#7662);
#7158=AXIS2_PLACEMENT_3D('',#9214,#7663,#7664);
#7159=AXIS2_PLACEMENT_3D('',#9215,#7665,#7666);
#7160=AXIS2_PLACEMENT_3D('',#9216,#7667,#7668);
#7161=AXIS2_PLACEMENT_3D('',#9217,#7669,#7670);
#7162=AXIS2_PLACEMENT_3D('',#9218,#7671,#7672);
#7163=AXIS2_PLACEMENT_3D('',#9219,#7673,#7674);
#7164=AXIS2_PLACEMENT_3D('',#9220,#7675,#7676);
#7165=AXIS2_PLACEMENT_3D('',#9221,#7677,#7678);
#7166=AXIS2_PLACEMENT_3D('',#9222,#7679,#7680);
#7167=AXIS2_PLACEMENT_3D('',#9223,#7681,#7682);
#7168=AXIS2_PLACEMENT_3D('',#9224,#7683,#7684);
#7169=AXIS2_PLACEMENT_3D('',#9225,#7685,#7686);
#7170=AXIS2_PLACEMENT_3D('',#9226,#7687,#7688);
#7171=AXIS2_PLACEMENT_3D('',#9227,#7689,#7690);
#7172=AXIS2_PLACEMENT_3D('',#9228,#7691,#7692);
#7173=AXIS2_PLACEMENT_3D('',#9233,#7694,#7695);
#7174=AXIS2_PLACEMENT_3D('',#9236,#7697,#7698);
#7175=AXIS2_PLACEMENT_3D('',#9237,#7699,#7700);
#7176=AXIS2_PLACEMENT_3D('',#9242,#7702,#7703);
#7177=AXIS2_PLACEMENT_3D('',#9245,#7705,#7706);
#7178=AXIS2_PLACEMENT_3D('',#9248,#7709,#7710);
#7179=AXIS2_PLACEMENT_3D('',#9250,#7712,#7713);
#7180=AXIS2_PLACEMENT_3D('',#9251,#7714,#7715);
#7181=AXIS2_PLACEMENT_3D('',#9256,#7717,#7718);
#7182=AXIS2_PLACEMENT_3D('',#9259,#7720,#7721);
#7183=AXIS2_PLACEMENT_3D('',#9260,#7722,#7723);
#7184=AXIS2_PLACEMENT_3D('',#9265,#7725,#7726);
#7185=AXIS2_PLACEMENT_3D('',#9268,#7728,#7729);
#7186=AXIS2_PLACEMENT_3D('',#9271,#7732,#7733);
#7187=AXIS2_PLACEMENT_3D('',#9273,#7735,#7736);
#7188=AXIS2_PLACEMENT_3D('',#9274,#7737,#7738);
#7189=AXIS2_PLACEMENT_3D('',#9279,#7740,#7741);
#7190=AXIS2_PLACEMENT_3D('',#9282,#7743,#7744);
#7191=AXIS2_PLACEMENT_3D('',#9283,#7745,#7746);
#7192=AXIS2_PLACEMENT_3D('',#9288,#7748,#7749);
#7193=AXIS2_PLACEMENT_3D('',#9291,#7751,#7752);
#7194=AXIS2_PLACEMENT_3D('',#9294,#7755,#7756);
#7195=AXIS2_PLACEMENT_3D('',#9296,#7758,#7759);
#7196=AXIS2_PLACEMENT_3D('',#9297,#7760,#7761);
#7197=AXIS2_PLACEMENT_3D('',#9302,#7763,#7764);
#7198=AXIS2_PLACEMENT_3D('',#9305,#7766,#7767);
#7199=AXIS2_PLACEMENT_3D('',#9306,#7768,#7769);
#7200=AXIS2_PLACEMENT_3D('',#9311,#7771,#7772);
#7201=AXIS2_PLACEMENT_3D('',#9314,#7774,#7775);
#7202=AXIS2_PLACEMENT_3D('',#9317,#7778,#7779);
#7203=AXIS2_PLACEMENT_3D('',#9319,#7781,#7782);
#7204=AXIS2_PLACEMENT_3D('',#9328,#7787,#7788);
#7205=AXIS2_PLACEMENT_3D('',#9338,#7794,#7795);
#7206=AXIS2_PLACEMENT_3D('',#9342,#7798,#7799);
#7207=AXIS2_PLACEMENT_3D('',#9346,#7802,#7803);
#7208=AXIS2_PLACEMENT_3D('',#9355,#7808,#7809);
#7209=AXIS2_PLACEMENT_3D('',#9365,#7815,#7816);
#7210=AXIS2_PLACEMENT_3D('',#9369,#7819,#7820);
#7211=AXIS2_PLACEMENT_3D('',#9373,#7823,#7824);
#7212=AXIS2_PLACEMENT_3D('',#9382,#7829,#7830);
#7213=AXIS2_PLACEMENT_3D('',#9392,#7836,#7837);
#7214=AXIS2_PLACEMENT_3D('',#9396,#7840,#7841);
#7215=AXIS2_PLACEMENT_3D('',#9400,#7844,#7845);
#7216=AXIS2_PLACEMENT_3D('',#9409,#7850,#7851);
#7217=AXIS2_PLACEMENT_3D('',#9419,#7857,#7858);
#7218=AXIS2_PLACEMENT_3D('',#9423,#7861,#7862);
#7219=AXIS2_PLACEMENT_3D('',#9427,#7865,#7866);
#7220=AXIS2_PLACEMENT_3D('',#9428,#7867,#7868);
#7221=AXIS2_PLACEMENT_3D('',#9430,#7869,#7870);
#7222=AXIS2_PLACEMENT_3D('',#9432,#7871,#7872);
#7223=AXIS2_PLACEMENT_3D('',#9433,#7873,#7874);
#7224=AXIS2_PLACEMENT_3D('',#9435,#7875,#7876);
#7225=AXIS2_PLACEMENT_3D('',#9437,#7877,#7878);
#7226=AXIS2_PLACEMENT_3D('',#9446,#7883,#7884);
#7227=AXIS2_PLACEMENT_3D('',#9450,#7886,#7887);
#7228=AXIS2_PLACEMENT_3D('',#9455,#7890,#7891);
#7229=AXIS2_PLACEMENT_3D('',#9456,#7892,#7893);
#7230=AXIS2_PLACEMENT_3D('',#9461,#7896,#7897);
#7231=AXIS2_PLACEMENT_3D('',#9465,#7899,#7900);
#7232=AXIS2_PLACEMENT_3D('',#9466,#7901,#7902);
#7233=AXIS2_PLACEMENT_3D('',#9468,#7904,#7905);
#7234=AXIS2_PLACEMENT_3D('',#9470,#7907,#7908);
#7235=AXIS2_PLACEMENT_3D('',#9479,#7913,#7914);
#7236=AXIS2_PLACEMENT_3D('',#9483,#7916,#7917);
#7237=AXIS2_PLACEMENT_3D('',#9488,#7920,#7921);
#7238=AXIS2_PLACEMENT_3D('',#9489,#7922,#7923);
#7239=AXIS2_PLACEMENT_3D('',#9494,#7926,#7927);
#7240=AXIS2_PLACEMENT_3D('',#9498,#7929,#7930);
#7241=AXIS2_PLACEMENT_3D('',#9499,#7931,#7932);
#7242=AXIS2_PLACEMENT_3D('',#9501,#7934,#7935);
#7243=AXIS2_PLACEMENT_3D('',#9503,#7937,#7938);
#7244=AXIS2_PLACEMENT_3D('',#9512,#7943,#7944);
#7245=AXIS2_PLACEMENT_3D('',#9518,#7948,#7949);
#7246=AXIS2_PLACEMENT_3D('',#9519,#7950,#7951);
#7247=AXIS2_PLACEMENT_3D('',#9522,#7953,#7954);
#7248=AXIS2_PLACEMENT_3D('',#9526,#7957,#7958);
#7249=AXIS2_PLACEMENT_3D('',#9527,#7959,#7960);
#7250=AXIS2_PLACEMENT_3D('',#9528,#7961,#7962);
#7251=AXIS2_PLACEMENT_3D('',#9553,#7975,#7976);
#7252=AXIS2_PLACEMENT_3D('',#9554,#7977,#7978);
#7253=AXIS2_PLACEMENT_3D('',#9559,#7981,#7982);
#7254=AXIS2_PLACEMENT_3D('',#9563,#7985,#7986);
#7255=AXIS2_PLACEMENT_3D('',#9564,#7987,#7988);
#7256=AXIS2_PLACEMENT_3D('',#9567,#7990,#7991);
#7257=AXIS2_PLACEMENT_3D('',#9571,#7994,#7995);
#7258=AXIS2_PLACEMENT_3D('',#9572,#7996,#7997);
#7259=AXIS2_PLACEMENT_3D('',#9575,#7999,#8000);
#7260=AXIS2_PLACEMENT_3D('',#9579,#8003,#8004);
#7261=AXIS2_PLACEMENT_3D('',#9580,#8005,#8006);
#7262=AXIS2_PLACEMENT_3D('',#9583,#8008,#8009);
#7263=AXIS2_PLACEMENT_3D('',#9587,#8012,#8013);
#7264=AXIS2_PLACEMENT_3D('',#9588,#8014,#8015);
#7265=AXIS2_PLACEMENT_3D('',#9591,#8017,#8018);
#7266=AXIS2_PLACEMENT_3D('',#9595,#8021,#8022);
#7267=AXIS2_PLACEMENT_3D('',#9596,#8023,#8024);
#7268=AXIS2_PLACEMENT_3D('',#9599,#8026,#8027);
#7269=AXIS2_PLACEMENT_3D('',#9601,#8029,#8030);
#7270=AXIS2_PLACEMENT_3D('',#9610,#8032,#8033);
#7271=AXIS2_PLACEMENT_3D('',#9613,#8035,#8036);
#7272=AXIS2_PLACEMENT_3D('',#9614,#8037,#8038);
#7273=AXIS2_PLACEMENT_3D('',#9619,#8040,#8041);
#7274=AXIS2_PLACEMENT_3D('',#9622,#8043,#8044);
#7275=AXIS2_PLACEMENT_3D('',#9623,#8045,#8046);
#7276=AXIS2_PLACEMENT_3D('',#9634,#8049,#8050);
#7277=AXIS2_PLACEMENT_3D('',#9635,#8051,#8052);
#7278=AXIS2_PLACEMENT_3D('',#9646,#8055,#8056);
#7279=AXIS2_PLACEMENT_3D('',#9647,#8057,#8058);
#7280=AXIS2_PLACEMENT_3D('',#9652,#8060,#8061);
#7281=AXIS2_PLACEMENT_3D('',#9655,#8063,#8064);
#7282=AXIS2_PLACEMENT_3D('',#9664,#8066,#8067);
#7283=AXIS2_PLACEMENT_3D('',#9667,#8069,#8070);
#7284=AXIS2_PLACEMENT_3D('',#9675,#8075,#8076);
#7285=AXIS2_PLACEMENT_3D('',#9681,#8080,#8081);
#7286=AXIS2_PLACEMENT_3D('',#9689,#8086,#8087);
#7287=AXIS2_PLACEMENT_3D('',#9697,#8092,#8093);
#7288=AXIS2_PLACEMENT_3D('',#9703,#8097,#8098);
#7289=AXIS2_PLACEMENT_3D('',#9711,#8103,#8104);
#7290=AXIS2_PLACEMENT_3D('',#9720,#8109,#8110);
#7291=AXIS2_PLACEMENT_3D('',#9726,#8114,#8115);
#7292=AXIS2_PLACEMENT_3D('',#9727,#8116,#8117);
#7293=AXIS2_PLACEMENT_3D('',#9730,#8119,#8120);
#7294=AXIS2_PLACEMENT_3D('',#9734,#8123,#8124);
#7295=AXIS2_PLACEMENT_3D('',#9735,#8125,#8126);
#7296=AXIS2_PLACEMENT_3D('',#9736,#8127,#8128);
#7297=AXIS2_PLACEMENT_3D('',#9761,#8141,#8142);
#7298=AXIS2_PLACEMENT_3D('',#9762,#8143,#8144);
#7299=AXIS2_PLACEMENT_3D('',#9767,#8147,#8148);
#7300=AXIS2_PLACEMENT_3D('',#9771,#8151,#8152);
#7301=AXIS2_PLACEMENT_3D('',#9772,#8153,#8154);
#7302=AXIS2_PLACEMENT_3D('',#9775,#8156,#8157);
#7303=AXIS2_PLACEMENT_3D('',#9779,#8160,#8161);
#7304=AXIS2_PLACEMENT_3D('',#9780,#8162,#8163);
#7305=AXIS2_PLACEMENT_3D('',#9783,#8165,#8166);
#7306=AXIS2_PLACEMENT_3D('',#9787,#8169,#8170);
#7307=AXIS2_PLACEMENT_3D('',#9788,#8171,#8172);
#7308=AXIS2_PLACEMENT_3D('',#9791,#8174,#8175);
#7309=AXIS2_PLACEMENT_3D('',#9795,#8178,#8179);
#7310=AXIS2_PLACEMENT_3D('',#9796,#8180,#8181);
#7311=AXIS2_PLACEMENT_3D('',#9799,#8183,#8184);
#7312=AXIS2_PLACEMENT_3D('',#9803,#8187,#8188);
#7313=AXIS2_PLACEMENT_3D('',#9804,#8189,#8190);
#7314=AXIS2_PLACEMENT_3D('',#9807,#8192,#8193);
#7315=AXIS2_PLACEMENT_3D('',#9809,#8195,#8196);
#7316=AXIS2_PLACEMENT_3D('',#9815,#8200,#8201);
#7317=AXIS2_PLACEMENT_3D('',#9821,#8205,#8206);
#7318=AXIS2_PLACEMENT_3D('',#9830,#8211,#8212);
#7319=AXIS2_PLACEMENT_3D('',#9839,#8217,#8218);
#7320=AXIS2_PLACEMENT_3D('',#9848,#8223,#8224);
#7321=AXIS2_PLACEMENT_3D('',#9857,#8229,#8230);
#7322=AXIS2_PLACEMENT_3D('',#9866,#8235,#8236);
#7323=AXIS2_PLACEMENT_3D('',#9875,#8241,#8242);
#7324=AXIS2_PLACEMENT_3D('',#9876,#8243,#8244);
#7325=AXIS2_PLACEMENT_3D('',#9878,#8245,#8246);
#7326=AXIS2_PLACEMENT_3D('',#9879,#8247,#8248);
#7327=AXIS2_PLACEMENT_3D('',#9881,#8249,#8250);
#7328=AXIS2_PLACEMENT_3D('',#9890,#8255,#8256);
#7329=AXIS2_PLACEMENT_3D('',#9899,#8261,#8262);
#7330=AXIS2_PLACEMENT_3D('',#9908,#8267,#8268);
#7331=AXIS2_PLACEMENT_3D('',#9914,#8272,#8273);
#7332=AXIS2_PLACEMENT_3D('',#9923,#8278,#8279);
#7333=AXIS2_PLACEMENT_3D('',#9928,#8283,#8284);
#7334=AXIS2_PLACEMENT_3D('',#9930,#8286,#8287);
#7335=AXIS2_PLACEMENT_3D('',#9932,#8289,#8290);
#7336=AXIS2_PLACEMENT_3D('',#9940,#8295,#8296);
#7337=AXIS2_PLACEMENT_3D('',#9946,#8300,#8301);
#7338=AXIS2_PLACEMENT_3D('',#9955,#8306,#8307);
#7339=AXIS2_PLACEMENT_3D('',#9962,#8312,#8313);
#7340=AXIS2_PLACEMENT_3D('',#9966,#8316,#8317);
#7341=AXIS2_PLACEMENT_3D('',#9975,#8322,#8323);
#7342=AXIS2_PLACEMENT_3D('',#9982,#8328,#8329);
#7343=AXIS2_PLACEMENT_3D('',#9992,#8335,#8336);
#7344=AXIS2_PLACEMENT_3D('',#9998,#8340,#8341);
#7345=AXIS2_PLACEMENT_3D('',#10005,#8346,#8347);
#7346=AXIS2_PLACEMENT_3D('',#10015,#8353,#8354);
#7347=AXIS2_PLACEMENT_3D('',#10021,#8358,#8359);
#7348=AXIS2_PLACEMENT_3D('',#10028,#8364,#8365);
#7349=AXIS2_PLACEMENT_3D('',#10037,#8370,#8371);
#7350=AXIS2_PLACEMENT_3D('',#10046,#8376,#8377);
#7351=AXIS2_PLACEMENT_3D('',#10053,#8382,#8383);
#7352=AXIS2_PLACEMENT_3D('',#10060,#8388,#8389);
#7353=AXIS2_PLACEMENT_3D('',#10064,#8392,#8393);
#7354=AXIS2_PLACEMENT_3D('',#10069,#8397,#8398);
#7355=AXIS2_PLACEMENT_3D('',#10076,#8403,#8404);
#7356=AXIS2_PLACEMENT_3D('',#10085,#8409,#8410);
#7357=AXIS2_PLACEMENT_3D('',#10091,#8414,#8415);
#7358=AXIS2_PLACEMENT_3D('',#10095,#8418,#8419);
#7359=AXIS2_PLACEMENT_3D('',#10099,#8422,#8423);
#7360=AXIS2_PLACEMENT_3D('',#10108,#8428,#8429);
#7361=AXIS2_PLACEMENT_3D('',#10114,#8433,#8434);
#7362=AXIS2_PLACEMENT_3D('',#10118,#8437,#8438);
#7363=AXIS2_PLACEMENT_3D('',#10122,#8441,#8442);
#7364=AXIS2_PLACEMENT_3D('',#10142,#8444,#8445);
#7365=AXIS2_PLACEMENT_3D('',#10145,#8447,#8448);
#7366=AXIS2_PLACEMENT_3D('',#10169,#8451,#8452);
#7367=AXIS2_PLACEMENT_3D('',#10170,#8453,#8454);
#7368=AXIS2_PLACEMENT_3D('',#10187,#8456,#8457);
#7369=AXIS2_PLACEMENT_3D('',#10195,#8459,#8460);
#7370=AXIS2_PLACEMENT_3D('',#10196,#8461,#8462);
#7371=AXIS2_PLACEMENT_3D('',#10218,#8465,#8466);
#7372=AXIS2_PLACEMENT_3D('',#10247,#8469,#8470);
#7373=AXIS2_PLACEMENT_3D('',#10276,#8473,#8474);
#7374=AXIS2_PLACEMENT_3D('',#10281,#8478,#8479);
#7375=AXIS2_PLACEMENT_3D('',#10284,#8482,#8483);
#7376=AXIS2_PLACEMENT_3D('',#10289,#8487,#8488);
#7377=AXIS2_PLACEMENT_3D('',#10290,#8489,#8490);
#7378=AXIS2_PLACEMENT_3D('',#10295,#8495,#8496);
#7379=AXIS2_PLACEMENT_3D('',#10296,#8497,#8498);
#7380=AXIS2_PLACEMENT_3D('',#10297,#8499,#8500);
#7381=AXIS2_PLACEMENT_3D('',#10298,#8501,#8502);
#7382=AXIS2_PLACEMENT_3D('',#10301,#8505,#8506);
#7383=AXIS2_PLACEMENT_3D('',#10304,#8509,#8510);
#7384=AXIS2_PLACEMENT_3D('',#10307,#8513,#8514);
#7385=AXIS2_PLACEMENT_3D('',#10309,#8516,#8517);
#7386=AXIS2_PLACEMENT_3D('',#10312,#8520,#8521);
#7387=AXIS2_PLACEMENT_3D('',#10314,#8523,#8524);
#7388=AXIS2_PLACEMENT_3D('',#10317,#8527,#8528);
#7389=AXIS2_PLACEMENT_3D('',#10320,#8531,#8532);
#7390=AXIS2_PLACEMENT_3D('',#10321,#8533,#8534);
#7391=AXIS2_PLACEMENT_3D('',#10325,#8537,#8538);
#7392=AXIS2_PLACEMENT_3D('',#10328,#8541,#8542);
#7393=AXIS2_PLACEMENT_3D('',#10333,#8547,#8548);
#7394=AXIS2_PLACEMENT_3D('',#10338,#8552,#8553);
#7395=AXIS2_PLACEMENT_3D('',#10344,#8559,#8560);
#7396=AXIS2_PLACEMENT_3D('',#10346,#8562,#8563);
#7397=AXIS2_PLACEMENT_3D('',#10349,#8566,#8567);
#7398=AXIS2_PLACEMENT_3D('',#10350,#8568,#8569);
#7399=AXIS2_PLACEMENT_3D('',#10357,#8576,#8577);
#7400=AXIS2_PLACEMENT_3D('',#10358,#8578,#8579);
#7401=AXIS2_PLACEMENT_3D('',#10359,#8580,#8581);
#7402=AXIS2_PLACEMENT_3D('',#10360,#8582,#8583);
#7403=AXIS2_PLACEMENT_3D('',#10362,#8585,#8586);
#7404=AXIS2_PLACEMENT_3D('',#10365,#8589,#8590);
#7405=AXIS2_PLACEMENT_3D('',#10367,#8592,#8593);
#7406=AXIS2_PLACEMENT_3D('',#10369,#8595,#8596);
#7407=AXIS2_PLACEMENT_3D('',#10371,#8598,#8599);
#7408=AXIS2_PLACEMENT_3D('',#10373,#8601,#8602);
#7409=AXIS2_PLACEMENT_3D('',#10375,#8604,#8605);
#7410=AXIS2_PLACEMENT_3D('',#10377,#8607,#8608);
#7411=AXIS2_PLACEMENT_3D('',#10379,#8610,#8611);
#7412=AXIS2_PLACEMENT_3D('',#10381,#8613,#8614);
#7413=AXIS2_PLACEMENT_3D('',#10384,#8617,#8618);
#7414=AXIS2_PLACEMENT_3D('',#10387,#8621,#8622);
#7415=AXIS2_PLACEMENT_3D('',#10388,#8623,#8624);
#7416=AXIS2_PLACEMENT_3D('',#10389,#8625,#8626);
#7417=AXIS2_PLACEMENT_3D('',#10391,#8628,#8629);
#7418=AXIS2_PLACEMENT_3D('',#10393,#8631,#8632);
#7419=AXIS2_PLACEMENT_3D('',#10395,#8634,#8635);
#7420=AXIS2_PLACEMENT_3D('',#10399,#8638,#8639);
#7421=AXIS2_PLACEMENT_3D('',#10400,#8640,#8641);
#7422=AXIS2_PLACEMENT_3D('',#10401,#8642,#8643);
#7423=AXIS2_PLACEMENT_3D('',#10402,#8644,#8645);
#7424=AXIS2_PLACEMENT_3D('',#10403,#8646,#8647);
#7425=AXIS2_PLACEMENT_3D('',#10404,#8648,#8649);
#7426=AXIS2_PLACEMENT_3D('',#10405,#8650,#8651);
#7427=AXIS2_PLACEMENT_3D('',#10406,#8652,#8653);
#7428=AXIS2_PLACEMENT_3D('',#10407,#8654,#8655);
#7429=AXIS2_PLACEMENT_3D('',#10408,#8656,#8657);
#7430=AXIS2_PLACEMENT_3D('',#10409,#8658,#8659);
#7431=AXIS2_PLACEMENT_3D('',#10410,#8660,#8661);
#7432=AXIS2_PLACEMENT_3D('',#10411,#8662,#8663);
#7433=AXIS2_PLACEMENT_3D('',#10412,#8664,#8665);
#7434=AXIS2_PLACEMENT_3D('',#10413,#8666,#8667);
#7435=AXIS2_PLACEMENT_3D('',#10414,#8668,#8669);
#7436=AXIS2_PLACEMENT_3D('',#10415,#8670,#8671);
#7437=AXIS2_PLACEMENT_3D('',#10416,#8672,#8673);
#7438=AXIS2_PLACEMENT_3D('',#10417,#8674,#8675);
#7439=AXIS2_PLACEMENT_3D('',#10421,#8678,#8679);
#7440=AXIS2_PLACEMENT_3D('',#10425,#8682,#8683);
#7441=AXIS2_PLACEMENT_3D('',#10427,#8685,#8686);
#7442=AXIS2_PLACEMENT_3D('',#10429,#8688,#8689);
#7443=AXIS2_PLACEMENT_3D('',#10431,#8691,#8692);
#7444=AXIS2_PLACEMENT_3D('',#10433,#8694,#8695);
#7445=AXIS2_PLACEMENT_3D('',#10435,#8697,#8698);
#7446=AXIS2_PLACEMENT_3D('',#10436,#8699,#8700);
#7447=AXIS2_PLACEMENT_3D('',#10437,#8701,#8702);
#7448=AXIS2_PLACEMENT_3D('',#10446,#8707,#8708);
#7449=AXIS2_PLACEMENT_3D('',#10455,#8713,#8714);
#7450=AXIS2_PLACEMENT_3D('',#10456,#8715,#8716);
#7451=AXIS2_PLACEMENT_3D('',#10461,#8718,#8719);
#7452=AXIS2_PLACEMENT_3D('',#10464,#8721,#8722);
#7453=AXIS2_PLACEMENT_3D('',#10467,#8724,#8725);
#7454=AXIS2_PLACEMENT_3D('',#10475,#8729,#8730);
#7455=AXIS2_PLACEMENT_3D('',#10477,#8731,#8732);
#7456=AXIS2_PLACEMENT_3D('',#10479,#8733,#8734);
#7457=AXIS2_PLACEMENT_3D('',#10482,#8736,#8737);
#7458=AXIS2_PLACEMENT_3D('',#10487,#8740,#8741);
#7459=AXIS2_PLACEMENT_3D('',#10495,#8745,#8746);
#7460=AXIS2_PLACEMENT_3D('',#10497,#8747,#8748);
#7461=AXIS2_PLACEMENT_3D('',#10499,#8749,#8750);
#7462=AXIS2_PLACEMENT_3D('',#10500,#8751,#8752);
#7463=AXIS2_PLACEMENT_3D('',#10503,#8755,#8756);
#7464=AXIS2_PLACEMENT_3D('',#10506,#8759,#8760);
#7465=AXIS2_PLACEMENT_3D('',#10509,#8762,#8763);
#7466=AXIS2_PLACEMENT_3D('',#10512,#8765,#8766);
#7467=AXIS2_PLACEMENT_3D('',#10514,#8768,#8769);
#7468=AXIS2_PLACEMENT_3D('',#10515,#8770,#8771);
#7469=AXIS2_PLACEMENT_3D('',#10516,#8772,#8773);
#7470=AXIS2_PLACEMENT_3D('',#10518,#8775,#8776);
#7471=AXIS2_PLACEMENT_3D('',#10519,#8777,#8778);
#7472=AXIS2_PLACEMENT_3D('',#10520,#8779,#8780);
#7473=AXIS2_PLACEMENT_3D('',#10521,#8781,#8782);
#7474=AXIS2_PLACEMENT_3D('',#10522,#8783,#8784);
#7475=AXIS2_PLACEMENT_3D('',#10534,#8791,#8792);
#7476=AXIS2_PLACEMENT_3D('',#10540,#8796,#8797);
#7477=AXIS2_PLACEMENT_3D('',#10544,#8800,#8801);
#7478=AXIS2_PLACEMENT_3D('',#10548,#8804,#8805);
#7479=AXIS2_PLACEMENT_3D('',#10549,#8806,#8807);
#7480=AXIS2_PLACEMENT_3D('',#10551,#8808,#8809);
#7481=AXIS2_PLACEMENT_3D('',#10552,#8810,#8811);
#7482=AXIS2_PLACEMENT_3D('',#10554,#8812,#8813);
#7483=AXIS2_PLACEMENT_3D('',#10555,#8814,#8815);
#7484=AXIS2_PLACEMENT_3D('',#10557,#8816,#8817);
#7485=AXIS2_PLACEMENT_3D('',#10558,#8818,#8819);
#7486=AXIS2_PLACEMENT_3D('',#10561,#8821,#8822);
#7487=AXIS2_PLACEMENT_3D('',#10564,#8824,#8825);
#7488=AXIS2_PLACEMENT_3D('',#10566,#8827,#8828);
#7489=AXIS2_PLACEMENT_3D('',#10567,#8829,#8830);
#7490=AXIS2_PLACEMENT_3D('',#10568,#8831,#8832);
#7491=AXIS2_PLACEMENT_3D('',#10569,#8833,#8834);
#7492=AXIS2_PLACEMENT_3D('',#10570,#8835,#8836);
#7493=AXIS2_PLACEMENT_3D('',#10571,#8837,#8838);
#7494=AXIS2_PLACEMENT_3D('',#10572,#8839,#8840);
#7495=AXIS2_PLACEMENT_3D('',#10574,#8842,#8843);
#7496=AXIS2_PLACEMENT_3D('',#10576,#8845,#8846);
#7497=AXIS2_PLACEMENT_3D('',#10577,#8847,#8848);
#7498=AXIS2_PLACEMENT_3D('',#10578,#8849,#8850);
#7499=AXIS2_PLACEMENT_3D('',#10587,#8855,#8856);
#7500=AXIS2_PLACEMENT_3D('',#10596,#8861,#8862);
#7501=AXIS2_PLACEMENT_3D('',#10609,#8870,#8871);
#7502=AXIS2_PLACEMENT_3D('',#10630,#8873,#8874);
#7503=AXIS2_PLACEMENT_3D('',#10658,#8875,#8876);
#7504=AXIS2_PLACEMENT_3D('',#10667,#8877,#8878);
#7505=AXIS2_PLACEMENT_3D('',#10678,#8880,#8881);
#7506=AXIS2_PLACEMENT_3D('',#10681,#8883,#8884);
#7507=AXIS2_PLACEMENT_3D('',#10694,#8887,#8888);
#7508=AXIS2_PLACEMENT_3D('',#10695,#8889,#8890);
#7509=AXIS2_PLACEMENT_3D('',#10698,#8893,#8894);
#7510=AXIS2_PLACEMENT_3D('',#10709,#8896,#8897);
#7511=AXIS2_PLACEMENT_3D('',#10718,#8898,#8899);
#7512=AXIS2_PLACEMENT_3D('',#10721,#8901,#8902);
#7513=AXIS2_PLACEMENT_3D('',#10725,#8904,#8905);
#7514=AXIS2_PLACEMENT_3D('',#10733,#8909,#8910);
#7515=AXIS2_PLACEMENT_3D('',#10737,#8912,#8913);
#7516=AXIS2_PLACEMENT_3D('',#10738,#8914,#8915);
#7517=AXIS2_PLACEMENT_3D('',#10746,#8919,#8920);
#7518=AXIS2_PLACEMENT_3D('',#10750,#8922,#8923);
#7519=AXIS2_PLACEMENT_3D('',#10753,#8925,#8926);
#7520=AXIS2_PLACEMENT_3D('',#10757,#8928,#8929);
#7521=AXIS2_PLACEMENT_3D('',#10758,#8930,#8931);
#7522=AXIS2_PLACEMENT_3D('',#10761,#8934,#8935);
#7523=AXIS2_PLACEMENT_3D('',#10763,#8937,#8938);
#7524=AXIS2_PLACEMENT_3D('',#10764,#8939,#8940);
#7525=AXIS2_PLACEMENT_3D('',#10767,#8943,#8944);
#7526=AXIS2_PLACEMENT_3D('',#10769,#8946,#8947);
#7527=AXIS2_PLACEMENT_3D('',#10771,#8949,#8950);
#7528=AXIS2_PLACEMENT_3D('',#10773,#8952,#8953);
#7529=AXIS2_PLACEMENT_3D('',#10775,#8955,#8956);
#7530=AXIS2_PLACEMENT_3D('',#10776,#8957,#8958);
#7531=AXIS2_PLACEMENT_3D('',#10778,#8960,#8961);
#7532=AXIS2_PLACEMENT_3D('',#10780,#8963,#8964);
#7533=AXIS2_PLACEMENT_3D('',#10781,#8965,#8966);
#7534=AXIS2_PLACEMENT_3D('',#10782,#8967,#8968);
#7535=AXIS2_PLACEMENT_3D('',#10783,#8969,#8970);
#7536=AXIS2_PLACEMENT_3D('',#10784,#8971,#8972);
#7537=DIRECTION('',(0.,0.,1.));
#7538=DIRECTION('',(1.,0.,0.));
#7539=DIRECTION('',(1.,-5.55111512312578E-17,0.));
#7540=DIRECTION('',(5.55111512312578E-17,1.,0.));
#7541=DIRECTION('',(-2.24378243434949E-32,-4.04203909409473E-16,-1.));
#7542=DIRECTION('',(5.55111512312578E-17,1.,0.));
#7543=DIRECTION('',(0.,0.,1.));
#7544=DIRECTION('',(-5.55111512312578E-17,-1.,0.));
#7545=DIRECTION('',(0.,0.,1.));
#7546=DIRECTION('',(-5.55111512312578E-17,-1.,-3.10437272007303E-16));
#7547=DIRECTION('',(0.,0.,1.));
#7548=DIRECTION('',(-5.55111512312578E-17,-1.,0.));
#7549=DIRECTION('',(0.,0.,1.));
#7550=DIRECTION('',(5.55111512312578E-17,1.,0.));
#7551=DIRECTION('',(-2.24378243434949E-32,-4.04203909409473E-16,-1.));
#7552=DIRECTION('',(-5.55111512312578E-17,-1.,4.04203909409473E-16));
#7553=DIRECTION('',(2.24378243434949E-32,4.04203909409473E-16,1.));
#7554=DIRECTION('',(-5.55111512312578E-17,-1.,4.04203909409473E-16));
#7555=DIRECTION('',(-2.24378243434949E-32,-4.04203909409473E-16,-1.));
#7556=DIRECTION('',(-5.55111512312578E-17,-1.,0.));
#7557=DIRECTION('',(2.24378243434949E-32,4.04203909409473E-16,1.));
#7558=DIRECTION('',(-5.55111512312578E-17,-1.,0.));
#7559=DIRECTION('',(2.24378243434949E-32,4.04203909409473E-16,1.));
#7560=DIRECTION('',(-5.55111512312578E-17,-1.,4.04203909409473E-16));
#7561=DIRECTION('',(-2.24378243434949E-32,-4.04203909409473E-16,-1.));
#7562=DIRECTION('',(-5.55111512312578E-17,-1.,0.));
#7563=DIRECTION('',(2.24378243434949E-32,4.04203909409473E-16,1.));
#7564=DIRECTION('',(-5.55111512312578E-17,-1.,0.));
#7565=DIRECTION('',(-2.14759711400389E-16,1.,0.));
#7566=DIRECTION('',(-1.,-2.14759711400389E-16,0.));
#7567=DIRECTION('',(0.,0.,-1.));
#7568=DIRECTION('',(1.,2.14759711400389E-16,0.));
#7569=DIRECTION('',(0.,0.,1.));
#7570=DIRECTION('',(-2.14759711400389E-16,1.,0.));
#7571=DIRECTION('',(-1.,-2.14759711400389E-16,0.));
#7572=DIRECTION('',(0.,0.,-1.));
#7573=DIRECTION('',(1.,2.14759711400389E-16,0.));
#7574=DIRECTION('',(0.,0.,1.));
#7575=DIRECTION('',(-5.96052876494552E-16,-1.,0.));
#7576=DIRECTION('',(1.,-5.96052876494552E-16,0.));
#7577=DIRECTION('',(0.,0.,-1.));
#7578=DIRECTION('',(-1.,5.96052876494552E-16,0.));
#7579=DIRECTION('',(0.,0.,1.));
#7580=DIRECTION('',(-5.96052876494552E-16,-1.,0.));
#7581=DIRECTION('',(1.,-5.96052876494552E-16,0.));
#7582=DIRECTION('',(0.,0.,-1.));
#7583=DIRECTION('',(-1.,5.96052876494552E-16,0.));
#7584=DIRECTION('',(0.,0.,1.));
#7585=DIRECTION('',(7.87827749793755E-16,1.,0.));
#7586=DIRECTION('',(-1.,7.87827749793755E-16,0.));
#7587=DIRECTION('',(0.,0.,-1.));
#7588=DIRECTION('',(1.,-7.87827749793755E-16,0.));
#7589=DIRECTION('',(0.,0.,1.));
#7590=DIRECTION('',(7.87827749793755E-16,1.,0.));
#7591=DIRECTION('',(-1.,7.87827749793755E-16,0.));
#7592=DIRECTION('',(0.,0.,-1.));
#7593=DIRECTION('',(1.,-7.87827749793755E-16,0.));
#7594=DIRECTION('',(0.,0.,1.));
#7595=DIRECTION('',(6.76805447331239E-16,-1.,0.));
#7596=DIRECTION('',(1.,6.76805447331239E-16,0.));
#7597=DIRECTION('',(0.,0.,-1.));
#7598=DIRECTION('',(-1.,-6.76805447331239E-16,0.));
#7599=DIRECTION('',(0.,0.,1.));
#7600=DIRECTION('',(6.76805447331239E-16,-1.,0.));
#7601=DIRECTION('',(1.,6.76805447331239E-16,0.));
#7602=DIRECTION('',(0.,0.,-1.));
#7603=DIRECTION('',(-1.,-6.76805447331239E-16,0.));
#7604=DIRECTION('',(0.,0.,1.));
#7605=DIRECTION('',(0.,0.,-1.));
#7606=DIRECTION('',(-1.,5.55111512312578E-17,0.));
#7607=DIRECTION('',(0.,0.,-1.));
#7608=DIRECTION('',(-1.,5.55111512312578E-17,0.));
#7609=DIRECTION('',(-5.55111512312578E-17,-1.,0.));
#7610=DIRECTION('',(0.,0.,-1.));
#7611=DIRECTION('',(-1.,5.55111512312578E-17,0.));
#7612=DIRECTION('',(5.55111512312578E-17,1.,0.));
#7613=DIRECTION('',(1.,-5.55111512312578E-17,0.));
#7614=DIRECTION('',(5.55111512312578E-17,1.,0.));
#7615=DIRECTION('',(-5.55111512312578E-17,-1.,0.));
#7616=DIRECTION('',(0.,0.,-1.));
#7617=DIRECTION('',(0.,0.,1.));
#7618=DIRECTION('',(-5.55111512312578E-17,-1.,0.));
#7619=DIRECTION('',(-5.55111512312578E-17,-1.,0.));
#7620=DIRECTION('',(-1.,5.55111512312578E-17,0.));
#7621=DIRECTION('',(-5.55111512312578E-17,-1.,0.));
#7622=DIRECTION('',(5.55111512312578E-17,1.,0.));
#7623=DIRECTION('',(5.55111512312578E-17,1.,0.));
#7624=DIRECTION('',(5.55111512312578E-17,1.,0.));
#7625=DIRECTION('',(0.,0.,-1.));
#7626=DIRECTION('',(0.,0.,1.));
#7627=DIRECTION('',(0.,0.,1.));
#7628=DIRECTION('',(1.,-5.55111512312578E-17,0.));
#7629=DIRECTION('',(-5.55111512312578E-17,-1.,0.));
#7630=DIRECTION('',(0.,0.,1.));
#7631=DIRECTION('',(1.,-5.55111512312578E-17,0.));
#7632=DIRECTION('',(5.55111512312578E-17,1.,0.));
#7633=DIRECTION('',(0.,0.,1.));
#7634=DIRECTION('',(1.,-5.55111512312578E-17,0.));
#7635=DIRECTION('',(1.,-5.55111512312578E-17,0.));
#7636=DIRECTION('',(5.55111512312578E-17,1.,0.));
#7637=DIRECTION('',(-5.55111512312578E-17,-1.,0.));
#7638=DIRECTION('',(0.,0.,-1.));
#7639=DIRECTION('',(0.,0.,1.));
#7640=DIRECTION('',(-5.55111512312578E-17,-1.,0.));
#7641=DIRECTION('',(-5.55111512312578E-17,-1.,0.));
#7642=DIRECTION('',(-1.,5.55111512312578E-17,0.));
#7643=DIRECTION('',(-5.55111512312578E-17,-1.,0.));
#7644=DIRECTION('',(5.55111512312578E-17,1.,0.));
#7645=DIRECTION('',(5.55111512312578E-17,1.,0.));
#7646=DIRECTION('',(5.55111512312578E-17,1.,0.));
#7647=DIRECTION('',(0.,0.,-1.));
#7648=DIRECTION('',(0.,0.,1.));
#7649=DIRECTION('',(0.,0.,1.));
#7650=DIRECTION('',(1.,-5.55111512312578E-17,0.));
#7651=DIRECTION('',(0.,0.,1.));
#7652=DIRECTION('',(1.,-5.55111512312578E-17,0.));
#7653=DIRECTION('',(0.,0.,1.));
#7654=DIRECTION('',(1.,-5.55111512312578E-17,0.));
#7655=DIRECTION('',(0.,0.,-1.));
#7656=DIRECTION('',(-1.,5.55111512312578E-17,0.));
#7657=DIRECTION('',(0.,0.,1.));
#7658=DIRECTION('',(1.,-5.55111512312578E-17,0.));
#7659=DIRECTION('',(0.,0.,1.));
#7660=DIRECTION('',(1.,-5.55111512312578E-17,0.));
#7661=DIRECTION('',(0.,0.,1.));
#7662=DIRECTION('',(1.,-5.55111512312578E-17,0.));
#7663=DIRECTION('',(0.,0.,1.));
#7664=DIRECTION('',(1.,-5.55111512312578E-17,0.));
#7665=DIRECTION('',(0.,0.,1.));
#7666=DIRECTION('',(1.,-5.55111512312578E-17,0.));
#7667=DIRECTION('',(0.,0.,1.));
#7668=DIRECTION('',(1.,-5.55111512312578E-17,0.));
#7669=DIRECTION('',(0.,0.,1.));
#7670=DIRECTION('',(1.,-5.55111512312578E-17,0.));
#7671=DIRECTION('',(0.,0.,1.));
#7672=DIRECTION('',(1.,-5.55111512312578E-17,0.));
#7673=DIRECTION('',(0.,0.,1.));
#7674=DIRECTION('',(1.,-5.55111512312578E-17,0.));
#7675=DIRECTION('',(0.,0.,-1.));
#7676=DIRECTION('',(-1.,5.55111512312578E-17,0.));
#7677=DIRECTION('',(0.,0.,1.));
#7678=DIRECTION('',(1.,-5.55111512312578E-17,0.));
#7679=DIRECTION('',(0.,0.,1.));
#7680=DIRECTION('',(1.,-5.55111512312578E-17,0.));
#7681=DIRECTION('',(0.,0.,1.));
#7682=DIRECTION('',(1.,-5.55111512312578E-17,0.));
#7683=DIRECTION('',(0.,0.,1.));
#7684=DIRECTION('',(1.,-5.55111512312578E-17,0.));
#7685=DIRECTION('',(0.,0.,1.));
#7686=DIRECTION('',(1.,-5.55111512312578E-17,0.));
#7687=DIRECTION('',(0.,0.,1.));
#7688=DIRECTION('',(1.,-5.55111512312578E-17,0.));
#7689=DIRECTION('',(-1.,5.55111512312578E-17,0.));
#7690=DIRECTION('',(5.55111512312578E-17,1.,0.));
#7691=DIRECTION('',(-1.,5.55111512312578E-17,0.));
#7692=DIRECTION('',(5.55111512312578E-17,1.,0.));
#7693=DIRECTION('',(-5.55111512312578E-17,-1.,0.));
#7694=DIRECTION('',(1.,-5.55111512312578E-17,0.));
#7695=DIRECTION('',(-5.55111512312578E-17,-1.,0.));
#7696=DIRECTION('',(5.18925258325131E-17,0.93481264001048,0.355141279037845));
#7697=DIRECTION('',(-1.,5.55111512312578E-17,0.));
#7698=DIRECTION('',(5.55111512312578E-17,1.,0.));
#7699=DIRECTION('',(-1.,5.55111512312578E-17,0.));
#7700=DIRECTION('',(5.55111512312578E-17,1.,0.));
#7701=DIRECTION('',(5.18925258325131E-17,0.93481264001048,0.355141279037845));
#7702=DIRECTION('',(1.,-5.55111512312578E-17,0.));
#7703=DIRECTION('',(-5.55111512312578E-17,-1.,0.));
#7704=DIRECTION('',(-5.55111512312578E-17,-1.,0.));
#7705=DIRECTION('',(-1.97143012491322E-17,-0.355141279037845,0.93481264001048));
#7706=DIRECTION('',(-5.18925258325131E-17,-0.93481264001048,-0.355141279037845));
#7707=DIRECTION('',(-1.,5.55111512312578E-17,0.));
#7708=DIRECTION('',(-1.,5.55111512312578E-17,0.));
#7709=DIRECTION('',(-1.,5.55111512312578E-17,0.));
#7710=DIRECTION('',(-5.55111512312578E-17,-1.,0.));
#7711=DIRECTION('',(-1.,5.55111512312578E-17,0.));
#7712=DIRECTION('',(1.,-5.55111512312578E-17,0.));
#7713=DIRECTION('',(-5.55111512312578E-17,-1.,0.));
#7714=DIRECTION('',(1.,-5.55111512312578E-17,0.));
#7715=DIRECTION('',(-5.55111512312578E-17,-1.,0.));
#7716=DIRECTION('',(5.30607650328077E-17,0.955857766518985,-0.293829763954127));
#7717=DIRECTION('',(-1.,5.55111512312578E-17,0.));
#7718=DIRECTION('',(-5.55111512312578E-17,-1.,0.));
#7719=DIRECTION('',(-5.55111512312578E-17,-1.,0.));
#7720=DIRECTION('',(1.,-5.55111512312578E-17,0.));
#7721=DIRECTION('',(-5.55111512312578E-17,-1.,0.));
#7722=DIRECTION('',(1.,-5.55111512312578E-17,0.));
#7723=DIRECTION('',(-5.55111512312578E-17,-1.,0.));
#7724=DIRECTION('',(-5.55111512312578E-17,-1.,0.));
#7725=DIRECTION('',(-1.,5.55111512312578E-17,0.));
#7726=DIRECTION('',(-5.55111512312578E-17,-1.,0.));
#7727=DIRECTION('',(5.30607650328077E-17,0.955857766518985,-0.293829763954127));
#7728=DIRECTION('',(-1.63108284631023E-17,-0.293829763954127,-0.955857766518985));
#7729=DIRECTION('',(5.30607650328077E-17,0.955857766518985,-0.293829763954127));
#7730=DIRECTION('',(1.,-5.55111512312578E-17,0.));
#7731=DIRECTION('',(1.,-5.55111512312578E-17,0.));
#7732=DIRECTION('',(1.,-5.55111512312578E-17,0.));
#7733=DIRECTION('',(5.55111512312578E-17,1.,0.));
#7734=DIRECTION('',(1.,-5.55111512312578E-17,0.));
#7735=DIRECTION('',(-1.,5.55111512312578E-17,0.));
#7736=DIRECTION('',(-5.55111512312578E-17,-1.,0.));
#7737=DIRECTION('',(1.,-5.55111512312578E-17,0.));
#7738=DIRECTION('',(-5.55111512312578E-17,-1.,0.));
#7739=DIRECTION('',(-5.18925258325131E-17,-0.93481264001048,0.355141279037845));
#7740=DIRECTION('',(-1.,5.55111512312578E-17,0.));
#7741=DIRECTION('',(5.55111512312578E-17,1.,0.));
#7742=DIRECTION('',(5.55111512312578E-17,1.,0.));
#7743=DIRECTION('',(-1.,5.55111512312578E-17,0.));
#7744=DIRECTION('',(-5.55111512312578E-17,-1.,0.));
#7745=DIRECTION('',(1.,-5.55111512312578E-17,0.));
#7746=DIRECTION('',(-5.55111512312578E-17,-1.,0.));
#7747=DIRECTION('',(5.55111512312578E-17,1.,0.));
#7748=DIRECTION('',(-1.,5.55111512312578E-17,0.));
#7749=DIRECTION('',(5.55111512312578E-17,1.,0.));
#7750=DIRECTION('',(-5.18925258325131E-17,-0.93481264001048,0.355141279037845));
#7751=DIRECTION('',(-1.97143012491322E-17,-0.355141279037845,-0.93481264001048));
#7752=DIRECTION('',(5.18925258325131E-17,0.93481264001048,-0.355141279037845));
#7753=DIRECTION('',(-1.,5.55111512312578E-17,0.));
#7754=DIRECTION('',(-1.,5.55111512312578E-17,0.));
#7755=DIRECTION('',(-1.,5.55111512312578E-17,0.));
#7756=DIRECTION('',(-5.55111512312578E-17,-1.,0.));
#7757=DIRECTION('',(-1.,5.55111512312578E-17,0.));
#7758=DIRECTION('',(1.,-5.55111512312578E-17,0.));
#7759=DIRECTION('',(5.55111512312578E-17,1.,0.));
#7760=DIRECTION('',(-1.,5.55111512312578E-17,0.));
#7761=DIRECTION('',(5.55111512312578E-17,1.,0.));
#7762=DIRECTION('',(5.55111512312578E-17,1.,0.));
#7763=DIRECTION('',(1.,-5.55111512312578E-17,0.));
#7764=DIRECTION('',(5.55111512312578E-17,1.,0.));
#7765=DIRECTION('',(-5.30607650328077E-17,-0.955857766518985,-0.293829763954127));
#7766=DIRECTION('',(1.,-5.55111512312578E-17,0.));
#7767=DIRECTION('',(5.55111512312578E-17,1.,0.));
#7768=DIRECTION('',(-1.,5.55111512312578E-17,0.));
#7769=DIRECTION('',(5.55111512312578E-17,1.,0.));
#7770=DIRECTION('',(-5.30607650328077E-17,-0.955857766518985,-0.293829763954127));
#7771=DIRECTION('',(1.,-5.55111512312578E-17,0.));
#7772=DIRECTION('',(5.55111512312578E-17,1.,0.));
#7773=DIRECTION('',(5.55111512312578E-17,1.,0.));
#7774=DIRECTION('',(1.,-5.55111512312578E-17,0.));
#7775=DIRECTION('',(5.55111512312578E-17,1.,0.));
#7776=DIRECTION('',(1.,-5.55111512312578E-17,0.));
#7777=DIRECTION('',(1.,-5.55111512312578E-17,0.));
#7778=DIRECTION('',(-1.63108284631023E-17,-0.293829763954127,0.955857766518985));
#7779=DIRECTION('',(-5.30607650328077E-17,-0.955857766518985,-0.293829763954127));
#7780=DIRECTION('',(1.,-5.55111512312578E-17,0.));
#7781=DIRECTION('',(-1.08777972385323E-32,-1.95956974360263E-16,1.));
#7782=DIRECTION('',(-5.55111512312578E-17,-1.,-1.95956974360263E-16));
#7783=DIRECTION('',(5.55111512312578E-17,1.,1.95956974360263E-16));
#7784=DIRECTION('',(-1.,5.55111512312578E-17,0.));
#7785=DIRECTION('',(-5.55111512312578E-17,-1.,-1.95956974360263E-16));
#7786=DIRECTION('',(1.,-6.8851311353919E-15,-1.32692023727467E-30));
#7787=DIRECTION('',(-1.,5.55111512312578E-17,0.));
#7788=DIRECTION('',(-5.55111512312578E-17,-1.,0.));
#7789=DIRECTION('',(5.55111512312578E-17,1.,1.95956974360263E-16));
#7790=DIRECTION('',(1.08777972385323E-32,1.95956974360263E-16,-1.));
#7791=DIRECTION('',(1.08777972385323E-32,1.95956974360263E-16,-1.));
#7792=DIRECTION('',(1.08777972385323E-32,1.95956974360263E-16,-1.));
#7793=DIRECTION('',(-2.44516862649533E-31,-4.40482420605696E-15,1.));
#7794=DIRECTION('',(6.88513113539189E-15,1.,1.95956974360263E-16));
#7795=DIRECTION('',(-1.,6.88513113539189E-15,0.));
#7796=DIRECTION('',(-1.,5.55111512312578E-17,0.));
#7797=DIRECTION('',(1.08777972385323E-32,1.95956974360263E-16,-1.));
#7798=DIRECTION('',(-5.55111512312578E-17,-1.,-1.95956974360263E-16));
#7799=DIRECTION('',(1.08777972385323E-32,1.95956974360263E-16,-1.));
#7800=DIRECTION('',(-1.,5.55111512312578E-17,0.));
#7801=DIRECTION('',(1.08777972385323E-32,1.95956974360263E-16,-1.));
#7802=DIRECTION('',(1.89046400283071E-31,1.95956974360263E-16,-1.));
#7803=DIRECTION('',(5.55111512312578E-17,1.,1.95956974360263E-16));
#7804=DIRECTION('',(-1.,-6.77410883292938E-15,-1.51648027117105E-30));
#7805=DIRECTION('',(-5.55111512312578E-17,-1.,-1.95956974360263E-16));
#7806=DIRECTION('',(1.,-5.55111512312578E-17,0.));
#7807=DIRECTION('',(5.55111512312578E-17,1.,1.95956974360263E-16));
#7808=DIRECTION('',(-1.,5.55111512312578E-17,0.));
#7809=DIRECTION('',(-5.55111512312578E-17,-1.,0.));
#7810=DIRECTION('',(5.55111512312578E-17,1.,1.95956974360263E-16));
#7811=DIRECTION('',(1.08777972385323E-32,1.95956974360263E-16,-1.));
#7812=DIRECTION('',(1.08777972385323E-32,1.95956974360263E-16,-1.));
#7813=DIRECTION('',(1.08777972385323E-32,1.95956974360263E-16,-1.));
#7814=DIRECTION('',(0.,0.,1.));
#7815=DIRECTION('',(6.77410883292938E-15,-1.,-1.95956974360263E-16));
#7816=DIRECTION('',(1.,6.77410883292938E-15,0.));
#7817=DIRECTION('',(-1.,5.55111512312578E-17,0.));
#7818=DIRECTION('',(1.08777972385323E-32,1.95956974360263E-16,-1.));
#7819=DIRECTION('',(5.55111512312578E-17,1.,1.95956974360263E-16));
#7820=DIRECTION('',(-1.08777972385323E-32,-1.95956974360263E-16,1.));
#7821=DIRECTION('',(-1.,5.55111512312578E-17,0.));
#7822=DIRECTION('',(1.08777972385323E-32,1.95956974360263E-16,-1.));
#7823=DIRECTION('',(-1.08777972385323E-32,-1.95956974360263E-16,1.));
#7824=DIRECTION('',(-5.55111512312578E-17,-1.,-1.95956974360263E-16));
#7825=DIRECTION('',(-5.55111512312578E-17,-1.,-1.95956974360263E-16));
#7826=DIRECTION('',(1.,-5.55111512312578E-17,0.));
#7827=DIRECTION('',(5.55111512312578E-17,1.,1.95956974360263E-16));
#7828=DIRECTION('',(-1.,6.8851311353919E-15,1.51648027117105E-30));
#7829=DIRECTION('',(1.,-5.55111512312578E-17,0.));
#7830=DIRECTION('',(5.55111512312578E-17,1.,0.));
#7831=DIRECTION('',(-5.55111512312578E-17,-1.,-1.95956974360263E-16));
#7832=DIRECTION('',(1.08777972385323E-32,1.95956974360263E-16,-1.));
#7833=DIRECTION('',(1.08777972385323E-32,1.95956974360263E-16,-1.));
#7834=DIRECTION('',(1.08777972385323E-32,1.95956974360263E-16,-1.));
#7835=DIRECTION('',(1.08777972385323E-32,1.95956974360263E-16,-1.));
#7836=DIRECTION('',(-6.88513113539189E-15,-1.,-1.95956974360263E-16));
#7837=DIRECTION('',(1.,-6.88513113539189E-15,0.));
#7838=DIRECTION('',(-1.,5.55111512312578E-17,0.));
#7839=DIRECTION('',(1.08777972385323E-32,1.95956974360263E-16,-1.));
#7840=DIRECTION('',(5.55111512312578E-17,1.,1.95956974360263E-16));
#7841=DIRECTION('',(-1.08777972385323E-32,-1.95956974360263E-16,1.));
#7842=DIRECTION('',(1.,-5.55111512312578E-17,0.));
#7843=DIRECTION('',(1.08777972385323E-32,1.95956974360263E-16,-1.));
#7844=DIRECTION('',(-5.13633613309722E-34,1.95956974360263E-16,-1.));
#7845=DIRECTION('',(5.55111512312578E-17,1.,1.95956974360263E-16));
#7846=DIRECTION('',(1.,6.77410883292938E-15,1.32692023727467E-30));
#7847=DIRECTION('',(5.55111512312578E-17,1.,1.95956974360263E-16));
#7848=DIRECTION('',(-1.,5.55111512312578E-17,0.));
#7849=DIRECTION('',(-5.55111512312578E-17,-1.,-1.95956974360263E-16));
#7850=DIRECTION('',(1.,-5.55111512312578E-17,0.));
#7851=DIRECTION('',(5.55111512312578E-17,1.,0.));
#7852=DIRECTION('',(-5.55111512312578E-17,-1.,-1.95956974360263E-16));
#7853=DIRECTION('',(1.08777972385323E-32,1.95956974360263E-16,-1.));
#7854=DIRECTION('',(1.08777972385323E-32,1.95956974360263E-16,-1.));
#7855=DIRECTION('',(1.08777972385323E-32,1.95956974360263E-16,-1.));
#7856=DIRECTION('',(1.08777972385323E-32,1.95956974360263E-16,-1.));
#7857=DIRECTION('',(-5.55111512312578E-17,-1.,-1.95956974360263E-16));
#7858=DIRECTION('',(1.08777972385323E-32,1.95956974360263E-16,-1.));
#7859=DIRECTION('',(-1.,5.55111512312578E-17,0.));
#7860=DIRECTION('',(1.08777972385323E-32,1.95956974360263E-16,-1.));
#7861=DIRECTION('',(-6.77410883292938E-15,1.,1.95956974360263E-16));
#7862=DIRECTION('',(-1.,-6.77410883292938E-15,0.));
#7863=DIRECTION('',(1.,-5.55111512312578E-17,0.));
#7864=DIRECTION('',(1.08777972385323E-32,1.95956974360263E-16,-1.));
#7865=DIRECTION('',(1.78395395679492E-31,-8.19554398099279E-16,1.));
#7866=DIRECTION('',(-5.55111512312578E-17,-1.,0.));
#7867=DIRECTION('',(2.24378243434949E-32,4.04203909409473E-16,1.));
#7868=DIRECTION('',(-5.55111512312578E-17,-1.,0.));
#7869=DIRECTION('',(1.78395395679492E-31,-8.19554398099279E-16,1.));
#7870=DIRECTION('',(-5.55111512312578E-17,-1.,0.));
#7871=DIRECTION('',(1.78395395679492E-31,-8.19554398099279E-16,1.));
#7872=DIRECTION('',(-5.55111512312578E-17,-1.,0.));
#7873=DIRECTION('',(2.24378243434949E-32,4.04203909409473E-16,1.));
#7874=DIRECTION('',(-5.55111512312578E-17,-1.,0.));
#7875=DIRECTION('',(1.78395395679492E-31,-8.19554398099279E-16,1.));
#7876=DIRECTION('',(-5.55111512312578E-17,-1.,0.));
#7877=DIRECTION('',(-1.78395395679493E-31,8.19554398099281E-16,-1.));
#7878=DIRECTION('',(5.55111512312578E-17,1.,8.19554398099281E-16));
#7879=DIRECTION('',(1.,2.17673648135168E-16,0.));
#7880=DIRECTION('',(5.55111512312578E-17,1.,8.19554398099281E-16));
#7881=DIRECTION('',(-1.,3.28695950597684E-16,0.));
#7882=DIRECTION('',(-5.55111512312578E-17,-1.,-8.1955439809928E-16));
#7883=DIRECTION('',(1.,-5.55111512312578E-17,0.));
#7884=DIRECTION('',(5.55111512312578E-17,1.,0.));
#7885=DIRECTION('',(-5.55111512312578E-17,-1.,-6.69533184607496E-16));
#7886=DIRECTION('',(-1.,5.55111512312578E-17,0.));
#7887=DIRECTION('',(5.55111512312578E-17,1.,1.51769332981348E-15));
#7888=DIRECTION('',(-4.53126411859646E-32,-8.16279975841133E-16,1.));
#7889=DIRECTION('',(-4.53126411859646E-32,-8.16279975841133E-16,1.));
#7890=DIRECTION('',(-1.,5.55111512312578E-17,0.));
#7891=DIRECTION('',(5.55111512312578E-17,1.,7.5884666490674E-16));
#7892=DIRECTION('',(-1.,5.55111512312578E-17,0.));
#7893=DIRECTION('',(-5.55111512312578E-17,-1.,0.));
#7894=DIRECTION('',(-4.53126411859646E-32,-8.16279975841133E-16,1.));
#7895=DIRECTION('',(-4.53126411859646E-32,-8.16279975841133E-16,1.));
#7896=DIRECTION('',(1.,-5.55111512312578E-17,0.));
#7897=DIRECTION('',(-5.55111512312578E-17,-1.,7.5884666490674E-16));
#7898=DIRECTION('',(5.55111512312578E-17,1.,6.69533184607496E-16));
#7899=DIRECTION('',(1.,-5.55111512312578E-17,0.));
#7900=DIRECTION('',(-5.55111512312578E-17,-1.,1.51769332981348E-15));
#7901=DIRECTION('',(3.28695950597684E-16,1.,8.16279975841133E-16));
#7902=DIRECTION('',(-4.53126411859646E-32,-8.16279975841133E-16,1.));
#7903=DIRECTION('',(1.,-5.55111512312578E-17,0.));
#7904=DIRECTION('',(2.17673648135168E-16,-1.,-8.16279975841133E-16));
#7905=DIRECTION('',(4.53126411859646E-32,8.16279975841133E-16,-1.));
#7906=DIRECTION('',(-1.,5.55111512312578E-17,0.));
#7907=DIRECTION('',(-2.90340297586804E-31,8.19554398099279E-16,-1.));
#7908=DIRECTION('',(5.55111512312578E-17,1.,8.19554398099279E-16));
#7909=DIRECTION('',(1.,3.54266047818382E-16,0.));
#7910=DIRECTION('',(5.55111512312578E-17,1.,8.19554398099279E-16));
#7911=DIRECTION('',(-1.,5.55111512312578E-17,0.));
#7912=DIRECTION('',(-5.55111512312578E-17,-1.,-8.19554398099279E-16));
#7913=DIRECTION('',(1.,-5.55111512312578E-17,0.));
#7914=DIRECTION('',(5.55111512312578E-17,1.,0.));
#7915=DIRECTION('',(-5.55111512312578E-17,-1.,-6.69533184607496E-16));
#7916=DIRECTION('',(-1.,5.55111512312578E-17,0.));
#7917=DIRECTION('',(5.55111512312578E-17,1.,0.));
#7918=DIRECTION('',(-4.53126411859646E-32,-8.16279975841133E-16,1.));
#7919=DIRECTION('',(-4.53126411859646E-32,-8.16279975841133E-16,1.));
#7920=DIRECTION('',(-1.,5.55111512312578E-17,0.));
#7921=DIRECTION('',(5.55111512312578E-17,1.,7.5884666490674E-16));
#7922=DIRECTION('',(-1.,5.55111512312578E-17,0.));
#7923=DIRECTION('',(-5.55111512312578E-17,-1.,0.));
#7924=DIRECTION('',(-4.53126411859646E-32,-8.16279975841133E-16,1.));
#7925=DIRECTION('',(-4.53126411859646E-32,-8.16279975841133E-16,1.));
#7926=DIRECTION('',(1.,-5.55111512312578E-17,0.));
#7927=DIRECTION('',(-5.55111512312578E-17,-1.,7.5884666490674E-16));
#7928=DIRECTION('',(5.55111512312578E-17,1.,6.69533184607496E-16));
#7929=DIRECTION('',(1.,-5.55111512312578E-17,0.));
#7930=DIRECTION('',(-5.55111512312578E-17,-1.,0.));
#7931=DIRECTION('',(5.55111512312578E-17,1.,8.16279975841133E-16));
#7932=DIRECTION('',(-4.53126411859646E-32,-8.16279975841133E-16,1.));
#7933=DIRECTION('',(1.,-5.55111512312578E-17,0.));
#7934=DIRECTION('',(3.54266047818382E-16,-1.,-8.16279975841133E-16));
#7935=DIRECTION('',(4.53126411859646E-32,8.16279975841133E-16,-1.));
#7936=DIRECTION('',(-1.,5.55111512312578E-17,0.));
#7937=DIRECTION('',(-3.70236893354556E-17,-0.666959493980156,0.745093976213561));
#7938=DIRECTION('',(-4.13610243950902E-17,-0.745093976213561,-0.666959493980156));
#7939=DIRECTION('',(-4.13610243950902E-17,-0.745093976213561,-0.666959493980156));
#7940=DIRECTION('',(1.,-5.55111512312578E-17,0.));
#7941=DIRECTION('',(4.13610243950902E-17,0.745093976213561,0.666959493980156));
#7942=DIRECTION('',(-1.,5.55111512312578E-17,0.));
#7943=DIRECTION('',(-4.13610243950901E-17,-0.745093976213559,-0.666959493980158));
#7944=DIRECTION('',(3.70236893354557E-17,0.666959493980158,-0.745093976213559));
#7945=DIRECTION('',(-1.,5.55111512312578E-17,0.));
#7946=DIRECTION('',(2.99471099834654E-17,0.666959493980158,-0.745093976213559));
#7947=DIRECTION('',(2.99471099834654E-17,0.666959493980158,-0.745093976213559));
#7948=DIRECTION('',(-1.,5.07913594475439E-17,5.27271664736523E-18));
#7949=DIRECTION('',(5.27271664736523E-18,-2.92694571211462E-34,1.));
#7950=DIRECTION('',(1.,-5.07913594475439E-17,-5.27271664736523E-18));
#7951=DIRECTION('',(-7.54027690387828E-30,-1.35833553018306E-13,1.));
#7952=DIRECTION('',(2.99471099834654E-17,0.666959493980158,-0.745093976213559));
#7953=DIRECTION('',(4.13610243950901E-17,0.745093976213559,0.666959493980158));
#7954=DIRECTION('',(-3.70236893354557E-17,-0.666959493980158,0.745093976213559));
#7955=DIRECTION('',(1.,-5.55111512312578E-17,0.));
#7956=DIRECTION('',(2.99471099834654E-17,0.666959493980158,-0.745093976213559));
#7957=DIRECTION('',(1.,-5.07913594475439E-17,-5.27271664736523E-18));
#7958=DIRECTION('',(-5.27271664736523E-18,2.92694571211462E-34,-1.));
#7959=DIRECTION('',(-1.,5.07913594475439E-17,5.27271664736523E-18));
#7960=DIRECTION('',(-1.64285362710197E-30,-2.95950199313629E-14,-1.));
#7961=DIRECTION('',(3.70236893354557E-17,0.666959493980158,-0.745093976213559));
#7962=DIRECTION('',(4.13610243950901E-17,0.745093976213559,0.666959493980158));
#7963=DIRECTION('',(1.,-5.55111512312578E-17,0.));
#7964=DIRECTION('',(-4.13610243950901E-17,-0.745093976213559,-0.666959493980158));
#7965=DIRECTION('',(1.,-5.55111512312578E-17,0.));
#7966=DIRECTION('',(4.13610243950901E-17,0.745093976213559,0.666959493980158));
#7967=DIRECTION('',(1.,-5.55111512312578E-17,0.));
#7968=DIRECTION('',(4.13610243950899E-17,0.745093976213556,0.666959493980161));
#7969=DIRECTION('',(-1.,5.55111512312578E-17,0.));
#7970=DIRECTION('',(4.13610243950901E-17,0.745093976213559,0.666959493980158));
#7971=DIRECTION('',(-1.,5.55111512312578E-17,0.));
#7972=DIRECTION('',(-4.13610243950901E-17,-0.745093976213559,-0.666959493980158));
#7973=DIRECTION('',(-1.,5.55111512312578E-17,0.));
#7974=DIRECTION('',(-4.13610243950899E-17,-0.745093976213556,-0.666959493980161));
#7975=DIRECTION('',(1.,-5.07913594475439E-17,-5.2727166473652E-18));
#7976=DIRECTION('',(-5.2727166473652E-18,2.9269457121146E-34,-1.));
#7977=DIRECTION('',(-1.,5.07913594475439E-17,5.2727166473652E-18));
#7978=DIRECTION('',(0.,0.,-1.));
#7979=DIRECTION('',(2.99471099834654E-17,0.666959493980158,-0.745093976213559));
#7980=DIRECTION('',(2.99471099834654E-17,0.666959493980158,-0.745093976213559));
#7981=DIRECTION('',(-4.13610243950901E-17,-0.745093976213559,-0.666959493980158));
#7982=DIRECTION('',(3.70236893354557E-17,0.666959493980158,-0.745093976213559));
#7983=DIRECTION('',(-1.,5.55111512312578E-17,0.));
#7984=DIRECTION('',(2.99471099834654E-17,0.666959493980158,-0.745093976213559));
#7985=DIRECTION('',(1.,-5.07913594475439E-17,-5.27271664736522E-18));
#7986=DIRECTION('',(-5.27271664736522E-18,2.92694571211461E-34,-1.));
#7987=DIRECTION('',(-1.,5.07913594475439E-17,5.27271664736522E-18));
#7988=DIRECTION('',(-2.99083609036513E-30,-5.38781132083785E-14,-1.));
#7989=DIRECTION('',(2.99471099834654E-17,0.666959493980158,-0.745093976213559));
#7990=DIRECTION('',(-4.13610243950901E-17,-0.745093976213559,-0.666959493980158));
#7991=DIRECTION('',(3.70236893354557E-17,0.666959493980158,-0.745093976213559));
#7992=DIRECTION('',(-1.,5.55111512312578E-17,0.));
#7993=DIRECTION('',(2.99471099834654E-17,0.666959493980158,-0.745093976213559));
#7994=DIRECTION('',(-1.,5.07913594475439E-17,5.27271664736522E-18));
#7995=DIRECTION('',(5.27271664736522E-18,-2.92694571211461E-34,1.));
#7996=DIRECTION('',(1.,-5.07913594475439E-17,-5.27271664736522E-18));
#7997=DIRECTION('',(8.42489039539473E-31,1.51769332981348E-14,1.));
#7998=DIRECTION('',(2.99471099834654E-17,0.666959493980158,-0.745093976213559));
#7999=DIRECTION('',(-4.13610243950901E-17,-0.745093976213559,-0.666959493980158));
#8000=DIRECTION('',(3.70236893354557E-17,0.666959493980158,-0.745093976213559));
#8001=DIRECTION('',(-1.,5.55111512312578E-17,0.));
#8002=DIRECTION('',(2.99471099834654E-17,0.666959493980158,-0.745093976213559));
#8003=DIRECTION('',(-1.,5.07913594475439E-17,5.2727166473652E-18));
#8004=DIRECTION('',(5.2727166473652E-18,-2.9269457121146E-34,1.));
#8005=DIRECTION('',(1.,-5.07913594475439E-17,-5.2727166473652E-18));
#8006=DIRECTION('',(0.,0.,1.));
#8007=DIRECTION('',(2.99471099834654E-17,0.666959493980158,-0.745093976213559));
#8008=DIRECTION('',(4.13610243950901E-17,0.745093976213559,0.666959493980158));
#8009=DIRECTION('',(-3.70236893354557E-17,-0.666959493980158,0.745093976213559));
#8010=DIRECTION('',(1.,-5.55111512312578E-17,0.));
#8011=DIRECTION('',(2.99471099834654E-17,0.666959493980158,-0.745093976213559));
#8012=DIRECTION('',(-1.,5.07913594475439E-17,5.27271664736522E-18));
#8013=DIRECTION('',(5.27271664736522E-18,-2.92694571211461E-34,1.));
#8014=DIRECTION('',(1.,-5.07913594475439E-17,-5.27271664736522E-18));
#8015=DIRECTION('',(0.,0.,1.));
#8016=DIRECTION('',(2.99471099834654E-17,0.666959493980158,-0.745093976213559));
#8017=DIRECTION('',(4.13610243950901E-17,0.745093976213559,0.666959493980158));
#8018=DIRECTION('',(-3.70236893354557E-17,-0.666959493980158,0.745093976213559));
#8019=DIRECTION('',(1.,-5.55111512312578E-17,0.));
#8020=DIRECTION('',(2.99471099834654E-17,0.666959493980158,-0.745093976213559));
#8021=DIRECTION('',(1.,-5.07913594475439E-17,-5.27271664736522E-18));
#8022=DIRECTION('',(-5.27271664736522E-18,2.92694571211461E-34,-1.));
#8023=DIRECTION('',(-1.,5.07913594475439E-17,5.27271664736522E-18));
#8024=DIRECTION('',(-3.15933389827302E-30,-5.69134998680055E-14,-1.));
#8025=DIRECTION('',(2.99471099834654E-17,0.666959493980158,-0.745093976213559));
#8026=DIRECTION('',(4.13610243950901E-17,0.745093976213559,0.666959493980158));
#8027=DIRECTION('',(-3.70236893354557E-17,-0.666959493980158,0.745093976213559));
#8028=DIRECTION('',(1.,-5.55111512312578E-17,0.));
#8029=DIRECTION('',(-5.55111512312578E-17,-1.,0.));
#8030=DIRECTION('',(1.,-5.55111512312578E-17,0.));
#8031=DIRECTION('',(-5.55111512312578E-17,-1.,0.));
#8032=DIRECTION('',(5.55111512312578E-17,1.,0.));
#8033=DIRECTION('',(1.,-5.55111512312578E-17,0.));
#8034=DIRECTION('',(5.55111512312578E-17,1.,0.));
#8035=DIRECTION('',(-5.55111512312578E-17,-1.,0.));
#8036=DIRECTION('',(1.,-5.55111512312578E-17,0.));
#8037=DIRECTION('',(-4.82362400241299E-16,-1.,0.));
#8038=DIRECTION('',(-1.,5.55111512312578E-17,0.));
#8039=DIRECTION('',(-5.55111512312578E-17,-1.,0.));
#8040=DIRECTION('',(5.55111512312578E-17,1.,0.));
#8041=DIRECTION('',(1.,-5.55111512312578E-17,0.));
#8042=DIRECTION('',(5.55111512312578E-17,1.,0.));
#8043=DIRECTION('',(-5.55111512312578E-17,-1.,0.));
#8044=DIRECTION('',(1.,-5.55111512312578E-17,0.));
#8045=DIRECTION('',(-5.55111512312578E-17,-1.,0.));
#8046=DIRECTION('',(-1.,5.55111512312578E-17,0.));
#8047=DIRECTION('',(-5.55111512312578E-17,-1.,0.));
#8048=DIRECTION('',(5.55111512312578E-17,1.,0.));
#8049=DIRECTION('',(5.55111512312578E-17,1.,0.));
#8050=DIRECTION('',(-1.,5.55111512312578E-17,0.));
#8051=DIRECTION('',(5.55111512312578E-17,1.,0.));
#8052=DIRECTION('',(1.,-5.55111512312578E-17,0.));
#8053=DIRECTION('',(5.55111512312578E-17,1.,0.));
#8054=DIRECTION('',(-5.55111512312578E-17,-1.,0.));
#8055=DIRECTION('',(5.55111512312578E-17,1.,0.));
#8056=DIRECTION('',(-1.,5.55111512312578E-17,0.));
#8057=DIRECTION('',(5.55111512312578E-17,1.,0.));
#8058=DIRECTION('',(1.,-5.55111512312578E-17,0.));
#8059=DIRECTION('',(5.55111512312578E-17,1.,0.));
#8060=DIRECTION('',(-5.55111512312578E-17,-1.,0.));
#8061=DIRECTION('',(-1.,5.55111512312578E-17,0.));
#8062=DIRECTION('',(-5.55111512312578E-17,-1.,0.));
#8063=DIRECTION('',(5.55111512312578E-17,1.,0.));
#8064=DIRECTION('',(-1.,5.55111512312578E-17,0.));
#8065=DIRECTION('',(5.55111512312578E-17,1.,0.));
#8066=DIRECTION('',(-5.55111512312578E-17,-1.,0.));
#8067=DIRECTION('',(-1.,5.55111512312578E-17,0.));
#8068=DIRECTION('',(-5.55111512312578E-17,-1.,0.));
#8069=DIRECTION('',(0.999847695156391,-5.5502696614051E-17,0.0174524064372905));
#8070=DIRECTION('',(0.0174524064372905,-9.68803173089808E-19,-0.999847695156391));
#8071=DIRECTION('',(0.0174524064372905,-9.68803173089808E-19,-0.999847695156391));
#8072=DIRECTION('',(-0.0165018408546076,0.325523823584592,0.945389829396994));
#8073=DIRECTION('',(-0.0174524064372905,9.68803173089808E-19,0.999847695156391));
#8074=DIRECTION('',(-6.25665567142424E-17,-1.,4.04203909409473E-16));
#8075=DIRECTION('',(0.999847695156391,-5.5502696614051E-17,0.0174524064372905));
#8076=DIRECTION('',(0.0174524064372905,-9.68803173089808E-19,-0.999847695156391));
#8077=DIRECTION('',(0.0174524064372905,-9.68803173089808E-19,-0.999847695156391));
#8078=DIRECTION('',(-0.0174524064372905,8.41838465907812E-18,0.999847695156391));
#8079=DIRECTION('',(-6.25665567142424E-17,-1.,4.04203909409473E-16));
#8080=DIRECTION('',(0.999847695156391,-5.5502696614051E-17,0.0174524064372905));
#8081=DIRECTION('',(0.0174524064372905,-9.68803173089808E-19,-0.999847695156391));
#8082=DIRECTION('',(0.0165018408546077,0.325523823584592,-0.945389829396994));
#8083=DIRECTION('',(-0.0174524064372905,9.68803173089808E-19,0.999847695156391));
#8084=DIRECTION('',(-6.25665567142424E-17,-1.,4.04203909409473E-16));
#8085=DIRECTION('',(0.0174524064372905,-9.68803173089808E-19,-0.999847695156391));
#8086=DIRECTION('',(0.999847695156391,-5.5502696614051E-17,-0.0174524064372905));
#8087=DIRECTION('',(-0.0174524064372905,9.68803173089808E-19,-0.999847695156391));
#8088=DIRECTION('',(-0.0165018408546077,-0.325523823584592,-0.945389829396994));
#8089=DIRECTION('',(0.0174524064372905,-9.68803173089808E-19,0.999847695156391));
#8090=DIRECTION('',(4.84557457482733E-17,1.,-4.04203909409473E-16));
#8091=DIRECTION('',(-0.0174524064372905,9.68803173089808E-19,-0.999847695156391));
#8092=DIRECTION('',(0.999847695156391,-5.5502696614051E-17,-0.0174524064372905));
#8093=DIRECTION('',(-0.0174524064372905,9.68803173089808E-19,-0.999847695156391));
#8094=DIRECTION('',(-0.0174524064372905,9.68803173089808E-19,-0.999847695156391));
#8095=DIRECTION('',(0.0174524064372905,-9.68803173089808E-19,0.999847695156391));
#8096=DIRECTION('',(4.84557457482733E-17,1.,-4.04203909409473E-16));
#8097=DIRECTION('',(0.999847695156391,-5.5502696614051E-17,-0.0174524064372905));
#8098=DIRECTION('',(-0.0174524064372905,9.68803173089808E-19,-0.999847695156391));
#8099=DIRECTION('',(-0.0174524064372905,9.68803173089808E-19,-0.999847695156391));
#8100=DIRECTION('',(0.0165018408546076,-0.325523823584592,0.945389829396994));
#8101=DIRECTION('',(0.0174524064372905,-9.68803173089808E-19,0.999847695156391));
#8102=DIRECTION('',(4.84557457482733E-17,1.,-4.04203909409473E-16));
#8103=DIRECTION('',(-4.37413679748886E-17,-0.787974434049536,-0.615707959412832));
#8104=DIRECTION('',(3.41786576492549E-17,0.615707959412832,-0.787974434049536));
#8105=DIRECTION('',(-3.41786576492549E-17,-0.615707959412832,0.787974434049536));
#8106=DIRECTION('',(1.,-5.55111512312578E-17,0.));
#8107=DIRECTION('',(3.41786576492549E-17,0.615707959412832,-0.787974434049536));
#8108=DIRECTION('',(-1.,5.55111512312578E-17,0.));
#8109=DIRECTION('',(-3.4178657649255E-17,-0.615707959412834,0.787974434049534));
#8110=DIRECTION('',(-4.37413679748885E-17,-0.787974434049534,-0.615707959412834));
#8111=DIRECTION('',(-1.,5.55111512312578E-17,0.));
#8112=DIRECTION('',(1.92754836320716E-17,0.787974434049534,0.615707959412834));
#8113=DIRECTION('',(1.92754836320716E-17,0.787974434049534,0.615707959412834));
#8114=DIRECTION('',(1.,-3.62326598627053E-17,1.50638397239461E-17));
#8115=DIRECTION('',(3.62326598627053E-17,1.,0.));
#8116=DIRECTION('',(-1.,3.62326598627053E-17,-1.50638397239461E-17));
#8117=DIRECTION('',(5.55111512312578E-17,1.,0.));
#8118=DIRECTION('',(1.92754836320716E-17,0.787974434049534,0.615707959412834));
#8119=DIRECTION('',(3.4178657649255E-17,0.615707959412834,-0.787974434049534));
#8120=DIRECTION('',(4.37413679748885E-17,0.787974434049534,0.615707959412834));
#8121=DIRECTION('',(1.,-5.55111512312578E-17,0.));
#8122=DIRECTION('',(1.92754836320716E-17,0.787974434049534,0.615707959412834));
#8123=DIRECTION('',(-1.,3.62326598627053E-17,-1.50638397239461E-17));
#8124=DIRECTION('',(-3.62326598627053E-17,-1.,0.));
#8125=DIRECTION('',(1.,-3.62326598627053E-17,1.50638397239461E-17));
#8126=DIRECTION('',(-5.55111512312578E-17,-1.,-7.5884666490674E-16));
#8127=DIRECTION('',(4.37413679748885E-17,0.787974434049535,0.615707959412833));
#8128=DIRECTION('',(-3.41786576492549E-17,-0.615707959412833,0.787974434049535));
#8129=DIRECTION('',(-1.,5.55111512312578E-17,0.));
#8130=DIRECTION('',(-3.41786576492552E-17,-0.615707959412838,0.787974434049531));
#8131=DIRECTION('',(1.,-5.55111512312578E-17,0.));
#8132=DIRECTION('',(-3.41786576492549E-17,-0.615707959412833,0.787974434049535));
#8133=DIRECTION('',(1.,-5.55111512312578E-17,0.));
#8134=DIRECTION('',(3.41786576492549E-17,0.615707959412833,-0.787974434049535));
#8135=DIRECTION('',(1.,-5.55111512312578E-17,0.));
#8136=DIRECTION('',(3.41786576492552E-17,0.615707959412838,-0.787974434049531));
#8137=DIRECTION('',(-1.,5.55111512312578E-17,0.));
#8138=DIRECTION('',(3.41786576492549E-17,0.615707959412833,-0.787974434049535));
#8139=DIRECTION('',(-1.,5.55111512312578E-17,0.));
#8140=DIRECTION('',(-3.41786576492549E-17,-0.615707959412833,0.787974434049535));
#8141=DIRECTION('',(-1.,3.62326598627054E-17,-1.50638397239463E-17));
#8142=DIRECTION('',(-3.62326598627054E-17,-1.,0.));
#8143=DIRECTION('',(1.,-3.62326598627054E-17,1.50638397239463E-17));
#8144=DIRECTION('',(-5.55111512312578E-17,-1.,8.34731331397413E-15));
#8145=DIRECTION('',(1.92754836320716E-17,0.787974434049534,0.615707959412834));
#8146=DIRECTION('',(1.92754836320716E-17,0.787974434049534,0.615707959412834));
#8147=DIRECTION('',(-3.4178657649255E-17,-0.615707959412834,0.787974434049534));
#8148=DIRECTION('',(-4.37413679748885E-17,-0.787974434049534,-0.615707959412834));
#8149=DIRECTION('',(-1.,5.55111512312578E-17,0.));
#8150=DIRECTION('',(1.92754836320716E-17,0.787974434049534,0.615707959412834));
#8151=DIRECTION('',(-1.,3.62326598627053E-17,-1.50638397239462E-17));
#8152=DIRECTION('',(-3.62326598627053E-17,-1.,0.));
#8153=DIRECTION('',(1.,-3.62326598627053E-17,1.50638397239462E-17));
#8154=DIRECTION('',(-5.55111512312578E-17,-1.,7.5884666490674E-16));
#8155=DIRECTION('',(1.92754836320716E-17,0.787974434049534,0.615707959412834));
#8156=DIRECTION('',(-3.4178657649255E-17,-0.615707959412834,0.787974434049534));
#8157=DIRECTION('',(-4.37413679748885E-17,-0.787974434049534,-0.615707959412834));
#8158=DIRECTION('',(-1.,5.55111512312578E-17,0.));
#8159=DIRECTION('',(1.92754836320716E-17,0.787974434049534,0.615707959412834));
#8160=DIRECTION('',(1.,-3.62326598627053E-17,1.50638397239462E-17));
#8161=DIRECTION('',(3.62326598627053E-17,1.,0.));
#8162=DIRECTION('',(-1.,3.62326598627053E-17,-1.50638397239462E-17));
#8163=DIRECTION('',(5.55111512312578E-17,1.,0.));
#8164=DIRECTION('',(1.92754836320716E-17,0.787974434049534,0.615707959412834));
#8165=DIRECTION('',(-3.4178657649255E-17,-0.615707959412834,0.787974434049534));
#8166=DIRECTION('',(-4.37413679748885E-17,-0.787974434049534,-0.615707959412834));
#8167=DIRECTION('',(-1.,5.55111512312578E-17,0.));
#8168=DIRECTION('',(1.92754836320716E-17,0.787974434049534,0.615707959412834));
#8169=DIRECTION('',(1.,-3.62326598627054E-17,1.50638397239463E-17));
#8170=DIRECTION('',(3.62326598627054E-17,1.,0.));
#8171=DIRECTION('',(-1.,3.62326598627054E-17,-1.50638397239463E-17));
#8172=DIRECTION('',(5.55111512312578E-17,1.,0.));
#8173=DIRECTION('',(1.92754836320716E-17,0.787974434049534,0.615707959412834));
#8174=DIRECTION('',(3.4178657649255E-17,0.615707959412834,-0.787974434049534));
#8175=DIRECTION('',(4.37413679748885E-17,0.787974434049534,0.615707959412834));
#8176=DIRECTION('',(1.,-5.55111512312578E-17,0.));
#8177=DIRECTION('',(1.92754836320716E-17,0.787974434049534,0.615707959412834));
#8178=DIRECTION('',(1.,-3.62326598627053E-17,1.50638397239462E-17));
#8179=DIRECTION('',(3.62326598627053E-17,1.,0.));
#8180=DIRECTION('',(-1.,3.62326598627053E-17,-1.50638397239462E-17));
#8181=DIRECTION('',(5.55111512312578E-17,1.,0.));
#8182=DIRECTION('',(1.92754836320716E-17,0.787974434049534,0.615707959412834));
#8183=DIRECTION('',(3.4178657649255E-17,0.615707959412834,-0.787974434049534));
#8184=DIRECTION('',(4.37413679748885E-17,0.787974434049534,0.615707959412834));
#8185=DIRECTION('',(1.,-5.55111512312578E-17,0.));
#8186=DIRECTION('',(1.92754836320716E-17,0.787974434049534,0.615707959412834));
#8187=DIRECTION('',(-1.,3.62326598627053E-17,-1.50638397239462E-17));
#8188=DIRECTION('',(-3.62326598627053E-17,-1.,0.));
#8189=DIRECTION('',(1.,-3.62326598627053E-17,1.50638397239462E-17));
#8190=DIRECTION('',(-5.55111512312578E-17,-1.,7.5884666490674E-16));
#8191=DIRECTION('',(1.92754836320716E-17,0.787974434049534,0.615707959412834));
#8192=DIRECTION('',(3.4178657649255E-17,0.615707959412834,-0.787974434049534));
#8193=DIRECTION('',(4.37413679748885E-17,0.787974434049534,0.615707959412834));
#8194=DIRECTION('',(1.,-5.55111512312578E-17,0.));
#8195=DIRECTION('',(0.,0.,-1.));
#8196=DIRECTION('',(-1.,5.55111512312578E-17,0.));
#8197=DIRECTION('',(5.55111512312578E-17,1.,0.));
#8198=DIRECTION('',(-1.,5.55111512312578E-17,0.));
#8199=DIRECTION('',(-1.,5.55111512312578E-17,0.));
#8200=DIRECTION('',(0.,0.,-1.));
#8201=DIRECTION('',(-1.,5.55111512312578E-17,0.));
#8202=DIRECTION('',(1.,-5.55111512312578E-17,0.));
#8203=DIRECTION('',(1.,-5.55111512312578E-17,0.));
#8204=DIRECTION('',(5.55111512312578E-17,1.,0.));
#8205=DIRECTION('',(0.,0.,1.));
#8206=DIRECTION('',(1.,-5.55111512312578E-17,0.));
#8207=DIRECTION('',(-1.,5.55111512312578E-17,0.));
#8208=DIRECTION('',(-5.55111512312578E-17,-1.,0.));
#8209=DIRECTION('',(1.,-5.55111512312578E-17,0.));
#8210=DIRECTION('',(5.55111512312578E-17,1.,0.));
#8211=DIRECTION('',(0.,0.,1.));
#8212=DIRECTION('',(1.,-5.55111512312578E-17,0.));
#8213=DIRECTION('',(1.,-5.55111512312578E-17,0.));
#8214=DIRECTION('',(5.55111512312578E-17,1.,0.));
#8215=DIRECTION('',(-1.,5.55111512312578E-17,0.));
#8216=DIRECTION('',(-5.55111512312578E-17,-1.,0.));
#8217=DIRECTION('',(0.,0.,1.));
#8218=DIRECTION('',(1.,-5.55111512312578E-17,0.));
#8219=DIRECTION('',(1.,6.71044166232641E-16,0.));
#8220=DIRECTION('',(5.55111512312578E-17,1.,0.));
#8221=DIRECTION('',(-1.,5.55111512312578E-17,0.));
#8222=DIRECTION('',(-5.55111512312578E-17,-1.,0.));
#8223=DIRECTION('',(0.,0.,1.));
#8224=DIRECTION('',(1.,-5.55111512312578E-17,0.));
#8225=DIRECTION('',(-1.,5.55111512312578E-17,0.));
#8226=DIRECTION('',(-5.55111512312578E-17,-1.,0.));
#8227=DIRECTION('',(1.,-5.55111512312578E-17,0.));
#8228=DIRECTION('',(5.55111512312578E-17,1.,0.));
#8229=DIRECTION('',(0.,0.,-1.));
#8230=DIRECTION('',(-1.,5.55111512312578E-17,0.));
#8231=DIRECTION('',(-5.55111512312578E-17,-1.,0.));
#8232=DIRECTION('',(1.,-5.55111512312578E-17,0.));
#8233=DIRECTION('',(5.55111512312578E-17,1.,0.));
#8234=DIRECTION('',(1.,-2.96173242108685E-15,0.));
#8235=DIRECTION('',(0.,0.,-1.));
#8236=DIRECTION('',(-1.,5.55111512312578E-17,0.));
#8237=DIRECTION('',(5.55111512312578E-17,1.,0.));
#8238=DIRECTION('',(-1.,5.55111512312578E-17,0.));
#8239=DIRECTION('',(-5.55111512312578E-17,-1.,0.));
#8240=DIRECTION('',(-1.,-2.85071011862434E-15,0.));
#8241=DIRECTION('',(0.,0.,1.));
#8242=DIRECTION('',(5.55111512312578E-17,1.,0.));
#8243=DIRECTION('',(-1.35963107344689E-32,-2.44929359829471E-16,1.));
#8244=DIRECTION('',(-5.55111512312578E-17,-1.,0.));
#8245=DIRECTION('',(-1.35963107344689E-32,-2.44929359829471E-16,1.));
#8246=DIRECTION('',(-5.55111512312578E-17,-1.,0.));
#8247=DIRECTION('',(-2.24378243434949E-32,-4.04203909409473E-16,-1.));
#8248=DIRECTION('',(-5.55111512312578E-17,-1.,0.));
#8249=DIRECTION('',(-1.72327303542165E-32,-3.10437272007303E-16,-1.));
#8250=DIRECTION('',(5.55111512312578E-17,1.,-3.10437272007303E-16));
#8251=DIRECTION('',(-5.55111512312578E-17,-1.,3.10437272007303E-16));
#8252=DIRECTION('',(-1.,5.55111512312578E-17,0.));
#8253=DIRECTION('',(-5.55111512312578E-17,-1.,3.10437272007303E-16));
#8254=DIRECTION('',(-1.,5.55111512312578E-17,0.));
#8255=DIRECTION('',(1.72327303542165E-32,3.10437272007303E-16,-1.));
#8256=DIRECTION('',(5.55111512312578E-17,1.,3.10437272007303E-16));
#8257=DIRECTION('',(-5.55111512312578E-17,-1.,-3.10437272007303E-16));
#8258=DIRECTION('',(-1.,5.55111512312578E-17,0.));
#8259=DIRECTION('',(-5.55111512312578E-17,-1.,-3.10437272007303E-16));
#8260=DIRECTION('',(-1.,5.55111512312578E-17,0.));
#8261=DIRECTION('',(1.72327303542165E-32,3.10437272007303E-16,1.));
#8262=DIRECTION('',(-5.55111512312578E-17,-1.,3.10437272007303E-16));
#8263=DIRECTION('',(-5.55111512312578E-17,-1.,3.10437272007303E-16));
#8264=DIRECTION('',(1.,-5.55111512312578E-17,0.));
#8265=DIRECTION('',(-5.55111512312578E-17,-1.,3.10437272007303E-16));
#8266=DIRECTION('',(1.,-5.55111512312578E-17,0.));
#8267=DIRECTION('',(-1.72327303542165E-32,-3.10437272007303E-16,1.));
#8268=DIRECTION('',(-5.55111512312578E-17,-1.,-3.10437272007303E-16));
#8269=DIRECTION('',(-5.55111512312578E-17,-1.,-3.10437272007303E-16));
#8270=DIRECTION('',(1.,-5.55111512312578E-17,0.));
#8271=DIRECTION('',(1.,-5.55111512312578E-17,0.));
#8272=DIRECTION('',(-1.,5.55111512312578E-17,0.));
#8273=DIRECTION('',(-5.55111512312578E-17,-1.,0.));
#8274=DIRECTION('',(-5.55111512312578E-17,-1.,0.));
#8275=DIRECTION('',(0.,0.,1.));
#8276=DIRECTION('',(-5.55111512312578E-17,-1.,0.));
#8277=DIRECTION('',(0.,0.,1.));
#8278=DIRECTION('',(-5.55111512312578E-17,-1.,0.));
#8279=DIRECTION('',(1.,-5.55111512312578E-17,0.));
#8280=DIRECTION('',(1.,-5.55111512312578E-17,0.));
#8281=DIRECTION('',(0.,0.,1.));
#8282=DIRECTION('',(1.,-5.55111512312578E-17,0.));
#8283=DIRECTION('',(-5.55111512312578E-17,-1.,0.));
#8284=DIRECTION('',(1.,-5.55111512312578E-17,0.));
#8285=DIRECTION('',(0.,0.,1.));
#8286=DIRECTION('',(5.55111512312578E-17,1.,0.));
#8287=DIRECTION('',(-1.,5.55111512312578E-17,0.));
#8288=DIRECTION('',(0.,0.,1.));
#8289=DIRECTION('',(5.55111512312578E-17,1.,0.));
#8290=DIRECTION('',(-1.,5.55111512312578E-17,0.));
#8291=DIRECTION('',(-1.,5.55111512312578E-17,0.));
#8292=DIRECTION('',(0.,0.,1.));
#8293=DIRECTION('',(-1.,5.55111512312578E-17,0.));
#8294=DIRECTION('',(0.,0.,1.));
#8295=DIRECTION('',(-1.,5.55111512312578E-17,0.));
#8296=DIRECTION('',(-5.55111512312578E-17,-1.,0.));
#8297=DIRECTION('',(-5.55111512312578E-17,-1.,0.));
#8298=DIRECTION('',(0.,0.,1.));
#8299=DIRECTION('',(-5.55111512312578E-17,-1.,0.));
#8300=DIRECTION('',(0.,0.,1.));
#8301=DIRECTION('',(1.,-5.55111512312578E-17,0.));
#8302=DIRECTION('',(-1.,5.55111512312578E-17,0.));
#8303=DIRECTION('',(5.55111512312578E-17,1.,0.));
#8304=DIRECTION('',(-1.,5.55111512312578E-17,0.));
#8305=DIRECTION('',(-5.55111512312578E-17,-1.,0.));
#8306=DIRECTION('',(5.55111512312578E-17,1.,0.));
#8307=DIRECTION('',(-1.,5.55111512312578E-17,0.));
#8308=DIRECTION('',(-1.,5.55111512312578E-17,0.));
#8309=DIRECTION('',(0.,0.,1.));
#8310=DIRECTION('',(0.,0.,1.));
#8311=DIRECTION('',(0.,0.,1.));
#8312=DIRECTION('',(-1.,5.55111512312578E-17,0.));
#8313=DIRECTION('',(-5.55111512312578E-17,-1.,0.));
#8314=DIRECTION('',(-5.55111512312578E-17,-1.,0.));
#8315=DIRECTION('',(0.,0.,1.));
#8316=DIRECTION('',(-1.,5.55111512312578E-17,0.));
#8317=DIRECTION('',(-5.55111512312578E-17,-1.,0.));
#8318=DIRECTION('',(-5.55111512312578E-17,-1.,0.));
#8319=DIRECTION('',(0.,0.,1.));
#8320=DIRECTION('',(-5.55111512312578E-17,-1.,0.));
#8321=DIRECTION('',(0.,0.,1.));
#8322=DIRECTION('',(-5.55111512312578E-17,-1.,0.));
#8323=DIRECTION('',(1.,-5.55111512312578E-17,0.));
#8324=DIRECTION('',(1.,-5.55111512312578E-17,0.));
#8325=DIRECTION('',(0.,0.,1.));
#8326=DIRECTION('',(0.,0.,1.));
#8327=DIRECTION('',(1.,-5.55111512312578E-17,0.));
#8328=DIRECTION('',(-4.6085911406717E-15,-1.,0.));
#8329=DIRECTION('',(1.,-4.6085911406717E-15,0.));
#8330=DIRECTION('',(1.,-4.6085911406717E-15,0.));
#8331=DIRECTION('',(0.,0.,1.));
#8332=DIRECTION('',(1.,-4.6085911406717E-15,0.));
#8333=DIRECTION('',(0.,0.,1.));
#8334=DIRECTION('',(0.,0.,1.));
#8335=DIRECTION('',(1.,-5.55111512312578E-17,0.));
#8336=DIRECTION('',(5.55111512312578E-17,1.,0.));
#8337=DIRECTION('',(5.55111512312578E-17,1.,0.));
#8338=DIRECTION('',(0.,0.,1.));
#8339=DIRECTION('',(5.55111512312578E-17,1.,0.));
#8340=DIRECTION('',(-5.55111512312578E-17,-1.,0.));
#8341=DIRECTION('',(1.,-5.55111512312578E-17,0.));
#8342=DIRECTION('',(1.,-5.55111512312578E-17,0.));
#8343=DIRECTION('',(1.,-5.55111512312578E-17,0.));
#8344=DIRECTION('',(-1.,5.55111512312578E-17,0.));
#8345=DIRECTION('',(-2.24378243434949E-32,-4.04203909409473E-16,-1.));
#8346=DIRECTION('',(4.82362400241299E-16,1.,0.));
#8347=DIRECTION('',(-1.,4.82362400241299E-16,0.));
#8348=DIRECTION('',(1.,-5.55111512312578E-17,0.));
#8349=DIRECTION('',(-2.24378243434949E-32,-4.04203909409473E-16,-1.));
#8350=DIRECTION('',(1.,-9.94583899053348E-16,-2.27472040675658E-31));
#8351=DIRECTION('',(-1.,4.82362400241299E-16,0.));
#8352=DIRECTION('',(0.,0.,1.));
#8353=DIRECTION('',(1.,-5.55111512312578E-17,0.));
#8354=DIRECTION('',(5.55111512312578E-17,1.,0.));
#8355=DIRECTION('',(5.55111512312578E-17,1.,0.));
#8356=DIRECTION('',(0.,0.,1.));
#8357=DIRECTION('',(5.55111512312578E-17,1.,0.));
#8358=DIRECTION('',(8.02340113275204E-15,1.,0.));
#8359=DIRECTION('',(-1.,8.02340113275204E-15,0.));
#8360=DIRECTION('',(-1.,8.02340113275204E-15,0.));
#8361=DIRECTION('',(0.,0.,1.));
#8362=DIRECTION('',(0.,0.,1.));
#8363=DIRECTION('',(-1.,8.02340113275204E-15,0.));
#8364=DIRECTION('',(0.,0.,-1.));
#8365=DIRECTION('',(-1.,5.55111512312578E-17,0.));
#8366=DIRECTION('',(5.55111512312578E-17,1.,0.));
#8367=DIRECTION('',(1.,-5.55111512312578E-17,0.));
#8368=DIRECTION('',(-5.55111512312578E-17,-1.,0.));
#8369=DIRECTION('',(1.,-5.55111512312578E-17,0.));
#8370=DIRECTION('',(1.,-5.55111512312578E-17,0.));
#8371=DIRECTION('',(5.55111512312578E-17,1.,0.));
#8372=DIRECTION('',(5.55111512312578E-17,1.,0.));
#8373=DIRECTION('',(0.,0.,1.));
#8374=DIRECTION('',(5.55111512312578E-17,1.,0.));
#8375=DIRECTION('',(0.,0.,1.));
#8376=DIRECTION('',(5.55111512312578E-17,1.,0.));
#8377=DIRECTION('',(-1.,5.55111512312578E-17,0.));
#8378=DIRECTION('',(-1.,5.55111512312578E-17,0.));
#8379=DIRECTION('',(0.,0.,1.));
#8380=DIRECTION('',(0.,0.,1.));
#8381=DIRECTION('',(-1.,5.55111512312578E-17,0.));
#8382=DIRECTION('',(-5.55111512312578E-17,-1.,0.));
#8383=DIRECTION('',(1.,-5.55111512312578E-17,0.));
#8384=DIRECTION('',(1.,-5.55111512312578E-17,0.));
#8385=DIRECTION('',(0.,0.,1.));
#8386=DIRECTION('',(0.,0.,1.));
#8387=DIRECTION('',(0.,0.,1.));
#8388=DIRECTION('',(1.,-5.55111512312578E-17,0.));
#8389=DIRECTION('',(5.55111512312578E-17,1.,0.));
#8390=DIRECTION('',(5.55111512312578E-17,1.,0.));
#8391=DIRECTION('',(0.,0.,1.));
#8392=DIRECTION('',(-5.55111512312578E-17,-1.,0.));
#8393=DIRECTION('',(1.,-5.55111512312578E-17,0.));
#8394=DIRECTION('',(1.,-5.55111512312578E-17,0.));
#8395=DIRECTION('',(-1.,-1.31041284560087E-15,-6.06592108468421E-31));
#8396=DIRECTION('',(-2.24378243434949E-32,-4.04203909409473E-16,-1.));
#8397=DIRECTION('',(5.55111512312578E-17,1.,0.));
#8398=DIRECTION('',(-1.,5.55111512312578E-17,0.));
#8399=DIRECTION('',(1.,-5.55111512312578E-17,0.));
#8400=DIRECTION('',(-2.24378243434949E-32,-4.04203909409473E-16,-1.));
#8401=DIRECTION('',(1.,-1.42143514806339E-15,-3.0329605423421E-31));
#8402=DIRECTION('',(-1.,5.55111512312578E-17,0.));
#8403=DIRECTION('',(-1.35963107344689E-32,-2.44929359829471E-16,1.));
#8404=DIRECTION('',(-5.55111512312578E-17,-1.,-2.44929359829471E-16));
#8405=DIRECTION('',(-1.,5.55111512312578E-17,0.));
#8406=DIRECTION('',(5.55111512312578E-17,1.,2.44929359829471E-16));
#8407=DIRECTION('',(1.,-5.55111512312578E-17,0.));
#8408=DIRECTION('',(-5.55111512312578E-17,-1.,-2.44929359829471E-16));
#8409=DIRECTION('',(-1.,5.55111512312578E-17,0.));
#8410=DIRECTION('',(-5.55111512312578E-17,-1.,0.));
#8411=DIRECTION('',(5.55111512312578E-17,1.,2.44929359829471E-16));
#8412=DIRECTION('',(1.35963107344689E-32,2.44929359829471E-16,-1.));
#8413=DIRECTION('',(1.35963107344689E-32,2.44929359829471E-16,-1.));
#8414=DIRECTION('',(5.55111512312578E-17,1.,2.44929359829471E-16));
#8415=DIRECTION('',(-1.35963107344689E-32,-2.44929359829471E-16,1.));
#8416=DIRECTION('',(1.,-5.55111512312578E-17,0.));
#8417=DIRECTION('',(1.35963107344689E-32,2.44929359829471E-16,-1.));
#8418=DIRECTION('',(1.,-5.55111512312578E-17,0.));
#8419=DIRECTION('',(5.55111512312578E-17,1.,0.));
#8420=DIRECTION('',(-5.55111512312578E-17,-1.,-2.44929359829471E-16));
#8421=DIRECTION('',(1.35963107344689E-32,2.44929359829471E-16,-1.));
#8422=DIRECTION('',(1.3596310734469E-32,2.44929359829472E-16,-1.));
#8423=DIRECTION('',(5.55111512312578E-17,1.,2.44929359829472E-16));
#8424=DIRECTION('',(5.55111512312578E-17,1.,2.44929359829472E-16));
#8425=DIRECTION('',(1.,-5.55111512312578E-17,0.));
#8426=DIRECTION('',(-5.55111512312578E-17,-1.,-2.44929359829472E-16));
#8427=DIRECTION('',(-1.,5.55111512312578E-17,0.));
#8428=DIRECTION('',(1.,-5.55111512312578E-17,0.));
#8429=DIRECTION('',(5.55111512312578E-17,1.,0.));
#8430=DIRECTION('',(-5.55111512312578E-17,-1.,-2.44929359829472E-16));
#8431=DIRECTION('',(1.35963107344689E-32,2.44929359829471E-16,-1.));
#8432=DIRECTION('',(1.35963107344689E-32,2.44929359829471E-16,-1.));
#8433=DIRECTION('',(-5.55111512312578E-17,-1.,-2.44929359829471E-16));
#8434=DIRECTION('',(1.35963107344689E-32,2.44929359829471E-16,-1.));
#8435=DIRECTION('',(-1.,5.55111512312578E-17,0.));
#8436=DIRECTION('',(1.35963107344689E-32,2.44929359829471E-16,-1.));
#8437=DIRECTION('',(-1.,5.55111512312578E-17,0.));
#8438=DIRECTION('',(-5.55111512312578E-17,-1.,0.));
#8439=DIRECTION('',(5.55111512312578E-17,1.,2.44929359829472E-16));
#8440=DIRECTION('',(1.35963107344689E-32,2.44929359829471E-16,-1.));
#8441=DIRECTION('',(5.55111512312578E-17,1.,-1.23053057559445E-15));
#8442=DIRECTION('',(6.11483980310907E-32,1.10155161034849E-15,1.));
#8443=DIRECTION('',(5.55111512312578E-17,1.,-1.23053057559445E-15));
#8444=DIRECTION('',(5.55111512312578E-17,1.,0.));
#8445=DIRECTION('',(-1.,5.55111512312578E-17,0.));
#8446=DIRECTION('',(-5.55111512312578E-17,-1.,1.23053057559445E-15));
#8447=DIRECTION('',(5.55111512312578E-17,1.,-1.84579586339168E-15));
#8448=DIRECTION('',(0.,0.,1.));
#8449=DIRECTION('',(5.55111512312578E-17,1.,-1.84579586339168E-15));
#8450=DIRECTION('',(-5.55111512312578E-17,-1.,1.84579586339168E-15));
#8451=DIRECTION('',(-5.55111512312578E-17,-1.,0.));
#8452=DIRECTION('',(1.,-5.55111512312578E-17,0.));
#8453=DIRECTION('',(5.55111512312578E-17,1.,-1.23053057559445E-15));
#8454=DIRECTION('',(1.22296796062181E-31,2.20310322069698E-15,1.));
#8455=DIRECTION('',(5.55111512312578E-17,1.,-1.23053057559445E-15));
#8456=DIRECTION('',(5.55111512312578E-17,1.,0.));
#8457=DIRECTION('',(-1.,5.55111512312578E-17,0.));
#8458=DIRECTION('',(-5.55111512312578E-17,-1.,1.23053057559445E-15));
#8459=DIRECTION('',(5.55111512312578E-17,1.,-1.84579586339168E-15));
#8460=DIRECTION('',(1.22296796062181E-31,2.20310322069698E-15,1.));
#8461=DIRECTION('',(-5.55111512312578E-17,-1.,0.));
#8462=DIRECTION('',(1.,-5.55111512312578E-17,0.));
#8463=DIRECTION('',(5.55111512312578E-17,1.,-1.84579586339168E-15));
#8464=DIRECTION('',(-5.55111512312578E-17,-1.,1.84579586339168E-15));
#8465=DIRECTION('',(5.55111512312578E-17,1.,6.69533184607496E-16));
#8466=DIRECTION('',(0.,0.,1.));
#8467=DIRECTION('',(5.55111512312578E-17,1.,6.69533184607496E-16));
#8468=DIRECTION('',(-5.55111512312578E-17,-1.,-6.69533184607496E-16));
#8469=DIRECTION('',(5.55111512312578E-17,1.,6.69533184607496E-16));
#8470=DIRECTION('',(0.,0.,1.));
#8471=DIRECTION('',(5.55111512312578E-17,1.,6.69533184607496E-16));
#8472=DIRECTION('',(-5.55111512312578E-17,-1.,-6.69533184607496E-16));
#8473=DIRECTION('',(5.24868246420571E-17,0.945518575599317,0.325568154457157));
#8474=DIRECTION('',(-1.80726630581528E-17,-0.325568154457157,0.945518575599317));
#8475=DIRECTION('',(1.,-5.55111512312578E-17,0.));
#8476=DIRECTION('',(-1.80726630581528E-17,-0.325568154457157,0.945518575599317));
#8477=DIRECTION('',(1.,-5.55111512312578E-17,0.));
#8478=DIRECTION('',(0.,0.,1.));
#8479=DIRECTION('',(1.,-5.55111512312578E-17,0.));
#8480=DIRECTION('',(-1.,5.55111512312578E-17,0.));
#8481=DIRECTION('',(-5.55111512312578E-17,-1.,0.));
#8482=DIRECTION('',(-5.24868246420571E-17,-0.945518575599317,0.325568154457157));
#8483=DIRECTION('',(-1.80726630581528E-17,-0.325568154457157,-0.945518575599317));
#8484=DIRECTION('',(1.,-5.55111512312578E-17,0.));
#8485=DIRECTION('',(1.,-5.55111512312578E-17,0.));
#8486=DIRECTION('',(-1.80726630581528E-17,-0.325568154457157,-0.945518575599317));
#8487=DIRECTION('',(-1.,5.55111512312578E-17,0.));
#8488=DIRECTION('',(5.55111512312578E-17,1.,0.));
#8489=DIRECTION('',(-1.,5.55111512312578E-17,0.));
#8490=DIRECTION('',(-5.55111512312578E-17,-1.,0.));
#8491=DIRECTION('',(0.,0.,1.));
#8492=DIRECTION('',(0.,0.,1.));
#8493=DIRECTION('',(-5.55111512312578E-17,-1.,0.));
#8494=DIRECTION('',(-5.55111512312578E-17,-1.,0.));
#8495=DIRECTION('',(-1.,5.55111512312578E-17,0.));
#8496=DIRECTION('',(5.55111512312578E-17,1.,0.));
#8497=DIRECTION('',(-1.,5.55111512312578E-17,0.));
#8498=DIRECTION('',(5.55111512312578E-17,1.,0.));
#8499=DIRECTION('',(-1.,5.55111512312578E-17,0.));
#8500=DIRECTION('',(-5.55111512312578E-17,-1.,0.));
#8501=DIRECTION('',(-1.02462253314766E-31,-1.84579586339168E-15,-1.));
#8502=DIRECTION('',(5.55111512312578E-17,1.,-1.84579586339168E-15));
#8503=DIRECTION('',(-1.,5.55111512312578E-17,0.));
#8504=DIRECTION('',(-1.,5.55111512312578E-17,0.));
#8505=DIRECTION('',(5.55111512312578E-17,1.,0.));
#8506=DIRECTION('',(-1.,5.55111512312578E-17,0.));
#8507=DIRECTION('',(-1.,5.55111512312578E-17,0.));
#8508=DIRECTION('',(-1.,5.55111512312578E-17,0.));
#8509=DIRECTION('',(3.71665578650923E-32,6.69533184607496E-16,-1.));
#8510=DIRECTION('',(5.55111512312578E-17,1.,6.69533184607496E-16));
#8511=DIRECTION('',(-1.,5.55111512312578E-17,0.));
#8512=DIRECTION('',(-1.,5.55111512312578E-17,0.));
#8513=DIRECTION('',(-1.,5.55111512312578E-17,0.));
#8514=DIRECTION('',(-5.55111512312578E-17,-1.,0.));
#8515=DIRECTION('',(-1.,5.55111512312578E-17,0.));
#8516=DIRECTION('',(-1.,5.55111512312578E-17,0.));
#8517=DIRECTION('',(-5.55111512312578E-17,-1.,0.));
#8518=DIRECTION('',(-1.,5.55111512312578E-17,0.));
#8519=DIRECTION('',(-1.,5.55111512312578E-17,0.));
#8520=DIRECTION('',(-5.55111512312578E-17,-1.,3.52385936484557E-15));
#8521=DIRECTION('',(-1.95613490119627E-31,-3.52385936484557E-15,-1.));
#8522=DIRECTION('',(-1.,5.55111512312578E-17,0.));
#8523=DIRECTION('',(5.55111512312578E-17,1.,4.40482420605696E-15));
#8524=DIRECTION('',(-2.44516862649533E-31,-4.40482420605696E-15,1.));
#8525=DIRECTION('',(-1.,5.55111512312578E-17,0.));
#8526=DIRECTION('',(-1.,5.55111512312578E-17,0.));
#8527=DIRECTION('',(-1.,5.55111512312578E-17,0.));
#8528=DIRECTION('',(-5.55111512312578E-17,-1.,0.));
#8529=DIRECTION('',(-1.,5.55111512312578E-17,0.));
#8530=DIRECTION('',(-1.,5.55111512312578E-17,0.));
#8531=DIRECTION('',(-1.,5.55111512312578E-17,0.));
#8532=DIRECTION('',(5.55111512312578E-17,1.,0.));
#8533=DIRECTION('',(0.,0.,-1.));
#8534=DIRECTION('',(-1.,5.55111512312578E-17,0.));
#8535=DIRECTION('',(-1.,5.55111512312578E-17,0.));
#8536=DIRECTION('',(-5.55111512312578E-17,-1.,0.));
#8537=DIRECTION('',(-5.24868246420571E-17,-0.945518575599317,-0.325568154457157));
#8538=DIRECTION('',(1.80726630581528E-17,0.325568154457157,-0.945518575599317));
#8539=DIRECTION('',(-1.,5.55111512312578E-17,0.));
#8540=DIRECTION('',(-1.80726630581528E-17,-0.325568154457157,0.945518575599317));
#8541=DIRECTION('',(-5.55111512312578E-17,-1.,0.));
#8542=DIRECTION('',(1.,-5.55111512312578E-17,0.));
#8543=DIRECTION('',(-1.,5.55111512312578E-17,0.));
#8544=DIRECTION('',(-1.,5.55111512312578E-17,0.));
#8545=DIRECTION('',(-1.,5.55111512312578E-17,0.));
#8546=DIRECTION('',(-1.,5.55111512312578E-17,0.));
#8547=DIRECTION('',(5.24868246420571E-17,0.945518575599317,-0.325568154457157));
#8548=DIRECTION('',(1.80726630581528E-17,0.325568154457157,0.945518575599317));
#8549=DIRECTION('',(-1.,5.55111512312578E-17,0.));
#8550=DIRECTION('',(-1.80726630581528E-17,-0.325568154457157,-0.945518575599317));
#8551=DIRECTION('',(-1.,5.55111512312578E-17,0.));
#8552=DIRECTION('',(5.55111512312578E-17,1.,0.));
#8553=DIRECTION('',(-1.,5.55111512312578E-17,0.));
#8554=DIRECTION('',(-1.,5.55111512312578E-17,0.));
#8555=DIRECTION('',(-1.,5.55111512312578E-17,0.));
#8556=DIRECTION('',(-1.,5.55111512312578E-17,0.));
#8557=DIRECTION('',(-1.,5.55111512312578E-17,0.));
#8558=DIRECTION('',(-1.,5.55111512312578E-17,0.));
#8559=DIRECTION('',(-6.83081688765103E-32,-1.23053057559445E-15,-1.));
#8560=DIRECTION('',(5.55111512312578E-17,1.,-1.23053057559445E-15));
#8561=DIRECTION('',(-1.,5.55111512312578E-17,0.));
#8562=DIRECTION('',(-5.55111512312578E-17,-1.,8.80964841211392E-16));
#8563=DIRECTION('',(-4.89033725299066E-32,-8.80964841211392E-16,-1.));
#8564=DIRECTION('',(-1.,5.55111512312578E-17,0.));
#8565=DIRECTION('',(-1.,5.55111512312578E-17,0.));
#8566=DIRECTION('',(1.,-5.55111512312578E-17,0.));
#8567=DIRECTION('',(5.55111512312578E-17,1.,0.));
#8568=DIRECTION('',(-1.,5.55111512312578E-17,0.));
#8569=DIRECTION('',(5.55111512312578E-17,1.,0.));
#8570=DIRECTION('',(-5.55111512312578E-17,-1.,0.));
#8571=DIRECTION('',(0.,0.,1.));
#8572=DIRECTION('',(0.,0.,1.));
#8573=DIRECTION('',(-5.55111512312578E-17,-1.,0.));
#8574=DIRECTION('',(0.,0.,1.));
#8575=DIRECTION('',(0.,0.,1.));
#8576=DIRECTION('',(-1.,5.55111512312578E-17,0.));
#8577=DIRECTION('',(-5.55111512312578E-17,-1.,0.));
#8578=DIRECTION('',(0.,0.,-1.));
#8579=DIRECTION('',(-1.,5.55111512312578E-17,0.));
#8580=DIRECTION('',(0.,0.,-1.));
#8581=DIRECTION('',(-1.,5.55111512312578E-17,0.));
#8582=DIRECTION('',(0.,0.,1.));
#8583=DIRECTION('',(1.,-5.55111512312578E-17,0.));
#8584=DIRECTION('',(1.,-5.55111512312578E-17,0.));
#8585=DIRECTION('',(0.,0.,1.));
#8586=DIRECTION('',(1.,-5.55111512312578E-17,0.));
#8587=DIRECTION('',(1.,-5.55111512312578E-17,0.));
#8588=DIRECTION('',(-1.,5.55111512312578E-17,0.));
#8589=DIRECTION('',(0.,0.,-1.));
#8590=DIRECTION('',(-1.,5.55111512312578E-17,0.));
#8591=DIRECTION('',(-1.,5.55111512312578E-17,0.));
#8592=DIRECTION('',(0.,0.,1.));
#8593=DIRECTION('',(1.,-5.55111512312578E-17,0.));
#8594=DIRECTION('',(-5.55111512312578E-17,-1.,0.));
#8595=DIRECTION('',(-2.85071011862434E-15,1.,0.));
#8596=DIRECTION('',(-1.,-2.85071011862434E-15,0.));
#8597=DIRECTION('',(0.,0.,1.));
#8598=DIRECTION('',(-2.96173242108685E-15,-1.,0.));
#8599=DIRECTION('',(1.,-2.96173242108685E-15,0.));
#8600=DIRECTION('',(0.,0.,1.));
#8601=DIRECTION('',(-6.71044166232641E-16,1.,0.));
#8602=DIRECTION('',(-1.,-6.71044166232641E-16,0.));
#8603=DIRECTION('',(0.,0.,1.));
#8604=DIRECTION('',(-5.55111512312578E-17,-1.,0.));
#8605=DIRECTION('',(1.,-5.55111512312578E-17,0.));
#8606=DIRECTION('',(0.,0.,1.));
#8607=DIRECTION('',(-5.55111512312578E-17,-1.,0.));
#8608=DIRECTION('',(1.,-5.55111512312578E-17,0.));
#8609=DIRECTION('',(0.,0.,1.));
#8610=DIRECTION('',(5.55111512312578E-17,1.,0.));
#8611=DIRECTION('',(-1.,5.55111512312578E-17,0.));
#8612=DIRECTION('',(0.,0.,1.));
#8613=DIRECTION('',(-1.,5.55111512312578E-17,0.));
#8614=DIRECTION('',(-5.55111512312578E-17,-1.,0.));
#8615=DIRECTION('',(-1.,5.55111512312578E-17,0.));
#8616=DIRECTION('',(-1.,5.55111512312578E-17,0.));
#8617=DIRECTION('',(-1.,5.55111512312578E-17,0.));
#8618=DIRECTION('',(-5.55111512312578E-17,-1.,0.));
#8619=DIRECTION('',(-1.,5.55111512312578E-17,0.));
#8620=DIRECTION('',(-1.,5.55111512312578E-17,0.));
#8621=DIRECTION('',(3.71665578650923E-32,6.69533184607496E-16,-1.));
#8622=DIRECTION('',(5.55111512312578E-17,1.,6.69533184607496E-16));
#8623=DIRECTION('',(3.71665578650923E-32,6.69533184607496E-16,-1.));
#8624=DIRECTION('',(5.55111512312578E-17,1.,6.69533184607496E-16));
#8625=DIRECTION('',(0.,0.,1.));
#8626=DIRECTION('',(1.,-5.55111512312578E-17,0.));
#8627=DIRECTION('',(-5.55111512312578E-17,-1.,0.));
#8628=DIRECTION('',(0.,0.,-1.));
#8629=DIRECTION('',(-1.,5.55111512312578E-17,0.));
#8630=DIRECTION('',(-5.55111512312578E-17,-1.,0.));
#8631=DIRECTION('',(0.,0.,-1.));
#8632=DIRECTION('',(-1.,5.55111512312578E-17,0.));
#8633=DIRECTION('',(-1.,5.55111512312578E-17,0.));
#8634=DIRECTION('',(0.,0.,1.));
#8635=DIRECTION('',(1.,-5.55111512312578E-17,0.));
#8636=DIRECTION('',(-1.,5.55111512312578E-17,0.));
#8637=DIRECTION('',(5.55111512312578E-17,1.,0.));
#8638=DIRECTION('',(-1.02462253314766E-31,-1.84579586339168E-15,-1.));
#8639=DIRECTION('',(5.55111512312578E-17,1.,-1.84579586339168E-15));
#8640=DIRECTION('',(-6.83081688765103E-32,-1.23053057559445E-15,-1.));
#8641=DIRECTION('',(5.55111512312578E-17,1.,-1.23053057559445E-15));
#8642=DIRECTION('',(-6.83081688765103E-32,-1.23053057559445E-15,-1.));
#8643=DIRECTION('',(5.55111512312578E-17,1.,-1.23053057559445E-15));
#8644=DIRECTION('',(-1.02462253314766E-31,-1.84579586339168E-15,-1.));
#8645=DIRECTION('',(5.55111512312578E-17,1.,-1.84579586339168E-15));
#8646=DIRECTION('',(0.,0.,-1.));
#8647=DIRECTION('',(-1.,5.55111512312578E-17,0.));
#8648=DIRECTION('',(0.,0.,1.));
#8649=DIRECTION('',(1.,-5.55111512312578E-17,0.));
#8650=DIRECTION('',(0.,0.,1.));
#8651=DIRECTION('',(1.,-5.55111512312578E-17,0.));
#8652=DIRECTION('',(0.,0.,1.));
#8653=DIRECTION('',(1.,-5.55111512312578E-17,0.));
#8654=DIRECTION('',(0.,0.,1.));
#8655=DIRECTION('',(1.,-5.55111512312578E-17,0.));
#8656=DIRECTION('',(0.,0.,1.));
#8657=DIRECTION('',(1.,-5.55111512312578E-17,0.));
#8658=DIRECTION('',(0.,0.,1.));
#8659=DIRECTION('',(1.,-5.55111512312578E-17,0.));
#8660=DIRECTION('',(0.,0.,-1.));
#8661=DIRECTION('',(-1.,5.55111512312578E-17,0.));
#8662=DIRECTION('',(0.,0.,1.));
#8663=DIRECTION('',(1.,-5.55111512312578E-17,0.));
#8664=DIRECTION('',(0.,0.,1.));
#8665=DIRECTION('',(1.,-5.55111512312578E-17,0.));
#8666=DIRECTION('',(0.,0.,1.));
#8667=DIRECTION('',(1.,-5.55111512312578E-17,0.));
#8668=DIRECTION('',(0.,0.,1.));
#8669=DIRECTION('',(1.,-5.55111512312578E-17,0.));
#8670=DIRECTION('',(0.,0.,1.));
#8671=DIRECTION('',(1.,-5.55111512312578E-17,0.));
#8672=DIRECTION('',(0.,0.,1.));
#8673=DIRECTION('',(1.,-5.55111512312578E-17,0.));
#8674=DIRECTION('',(5.55111512312578E-17,1.,0.));
#8675=DIRECTION('',(-1.,5.55111512312578E-17,0.));
#8676=DIRECTION('',(1.,1.31041284560087E-15,3.0329605423421E-31));
#8677=DIRECTION('',(-2.24378243434949E-32,-4.04203909409473E-16,-1.));
#8678=DIRECTION('',(-5.55111512312578E-17,-1.,0.));
#8679=DIRECTION('',(1.,-5.55111512312578E-17,0.));
#8680=DIRECTION('',(-2.24378243434949E-32,-4.04203909409473E-16,-1.));
#8681=DIRECTION('',(-1.,1.42143514806339E-15,6.06592108468421E-31));
#8682=DIRECTION('',(1.,-5.55111512312578E-17,0.));
#8683=DIRECTION('',(5.55111512312578E-17,1.,0.));
#8684=DIRECTION('',(-5.55111512312578E-17,-1.,4.04203909409473E-16));
#8685=DIRECTION('',(5.55111512312578E-17,1.,0.));
#8686=DIRECTION('',(-1.,5.55111512312578E-17,0.));
#8687=DIRECTION('',(1.,8.83561596590832E-16,2.27472040675658E-31));
#8688=DIRECTION('',(-5.55111512312578E-17,-1.,0.));
#8689=DIRECTION('',(1.,-5.55111512312578E-17,0.));
#8690=DIRECTION('',(-1.,5.55111512312578E-17,0.));
#8691=DIRECTION('',(-1.,5.55111512312578E-17,0.));
#8692=DIRECTION('',(-5.55111512312578E-17,-1.,0.));
#8693=DIRECTION('',(-5.55111512312578E-17,-1.,4.04203909409473E-16));
#8694=DIRECTION('',(-1.,5.55111512312578E-17,0.));
#8695=DIRECTION('',(-5.55111512312578E-17,-1.,0.));
#8696=DIRECTION('',(-5.55111512312578E-17,-1.,4.04203909409473E-16));
#8697=DIRECTION('',(2.24378243434949E-32,4.04203909409473E-16,1.));
#8698=DIRECTION('',(-5.55111512312578E-17,-1.,4.04203909409473E-16));
#8699=DIRECTION('',(0.,0.,1.));
#8700=DIRECTION('',(1.,0.,0.));
#8701=DIRECTION('',(0.,0.,1.));
#8702=DIRECTION('',(-2.77555756156289E-17,1.,0.));
#8703=DIRECTION('',(-2.77555756156289E-17,1.,0.));
#8704=DIRECTION('',(1.,2.77555756157113E-17,-7.68332248217798E-14));
#8705=DIRECTION('',(-2.77555756156289E-17,1.,0.));
#8706=DIRECTION('',(1.,2.77555756156289E-17,0.));
#8707=DIRECTION('',(3.11776371540101E-33,-1.12329276055274E-16,-1.));
#8708=DIRECTION('',(2.77555756156289E-17,-1.,1.12329276055274E-16));
#8709=DIRECTION('',(2.77555756156289E-17,-1.,1.12329276055274E-16));
#8710=DIRECTION('',(1.,2.7755575615629E-17,1.05226957090244E-46));
#8711=DIRECTION('',(2.77555756156289E-17,-1.,1.12329276055274E-16));
#8712=DIRECTION('',(-1.,-2.77555756156289E-17,0.));
#8713=DIRECTION('',(-1.,-2.77555756156289E-17,0.));
#8714=DIRECTION('',(2.77555756156289E-17,-1.,0.));
#8715=DIRECTION('',(-1.,-2.77555756156289E-17,0.));
#8716=DIRECTION('',(2.77555756156289E-17,-1.,0.));
#8717=DIRECTION('',(-1.,-2.77555756156289E-17,0.));
#8718=DIRECTION('',(-1.,-2.77555756156289E-17,0.));
#8719=DIRECTION('',(2.77555756156289E-17,-1.,0.));
#8720=DIRECTION('',(-1.,-2.77555756156289E-17,0.));
#8721=DIRECTION('',(-2.77555756156289E-17,1.,2.03262499528592E-16));
#8722=DIRECTION('',(-5.64166767548756E-33,2.03262499528592E-16,-1.));
#8723=DIRECTION('',(-5.64166767548756E-33,2.03262499528592E-16,-1.));
#8724=DIRECTION('',(2.77555756156289E-17,-1.,0.));
#8725=DIRECTION('',(-1.,-2.77555756156289E-17,0.));
#8726=DIRECTION('',(3.75170900419922E-32,-1.35169562186513E-15,-1.));
#8727=DIRECTION('',(-1.,-2.77555756156289E-17,0.));
#8728=DIRECTION('',(3.75170900419922E-32,-1.35169562186513E-15,-1.));
#8729=DIRECTION('',(2.77555756156289E-17,-1.,0.));
#8730=DIRECTION('',(-1.,-2.77555756156289E-17,-6.82961998415908E-14));
#8731=DIRECTION('',(2.77555756156289E-17,-1.,0.));
#8732=DIRECTION('',(-1.,-2.77555756156289E-17,0.));
#8733=DIRECTION('',(-2.77555756156289E-17,1.,0.));
#8734=DIRECTION('',(-1.,-2.77555756156289E-17,0.));
#8735=DIRECTION('',(-5.64166767548756E-33,2.03262499528592E-16,-1.));
#8736=DIRECTION('',(2.77555756156289E-17,-1.,6.09787498585775E-16));
#8737=DIRECTION('',(-1.69250030264627E-32,6.09787498585775E-16,1.));
#8738=DIRECTION('',(-1.69250030264627E-32,6.09787498585775E-16,1.));
#8739=DIRECTION('',(-1.69250030264627E-32,6.09787498585775E-16,1.));
#8740=DIRECTION('',(-2.7755575615629E-17,1.,1.07072366174478E-15));
#8741=DIRECTION('',(2.64399892300261E-32,-9.52601005152204E-16,1.));
#8742=DIRECTION('',(2.96187552963096E-32,-1.0671281225251E-15,1.));
#8743=DIRECTION('',(-1.,-2.77555756156289E-17,0.));
#8744=DIRECTION('',(2.96187552963096E-32,-1.0671281225251E-15,1.));
#8745=DIRECTION('',(-2.7755575615629E-17,1.,1.07072366174478E-15));
#8746=DIRECTION('',(2.2765399947194E-14,6.31866779654376E-31,1.));
#8747=DIRECTION('',(-2.7755575615629E-17,1.,1.07072366174478E-15));
#8748=DIRECTION('',(2.07920777530473E-15,-1.03960388765236E-15,1.));
#8749=DIRECTION('',(2.7755575615629E-17,-1.,-1.07072366174478E-15));
#8750=DIRECTION('',(0.,0.,1.));
#8751=DIRECTION('',(-1.,-2.77555756156289E-17,0.));
#8752=DIRECTION('',(2.77555756156289E-17,-1.,0.));
#8753=DIRECTION('',(-2.77555756156289E-17,1.,0.));
#8754=DIRECTION('',(-2.77555756156289E-17,1.,0.));
#8755=DIRECTION('',(-1.,-2.77555756156289E-17,0.));
#8756=DIRECTION('',(2.77555756156289E-17,-1.,0.));
#8757=DIRECTION('',(-2.77555756156289E-17,1.,0.));
#8758=DIRECTION('',(-2.77555756156289E-17,1.,0.));
#8759=DIRECTION('',(-2.77555756156289E-17,1.,0.));
#8760=DIRECTION('',(-1.,-2.77555756156289E-17,0.));
#8761=DIRECTION('',(-2.77555756156289E-17,1.,0.));
#8762=DIRECTION('',(2.77555756156289E-17,-1.,0.));
#8763=DIRECTION('',(-1.,-2.77555756156289E-17,0.));
#8764=DIRECTION('',(-2.77555756156289E-17,1.,0.));
#8765=DIRECTION('',(-2.77555756156289E-17,1.,0.));
#8766=DIRECTION('',(-1.,-2.77555756156289E-17,0.));
#8767=DIRECTION('',(-2.77555756156289E-17,1.,0.));
#8768=DIRECTION('',(2.77555756156289E-17,-1.,0.));
#8769=DIRECTION('',(-1.,-2.77555756156289E-17,-5.69134998679924E-14));
#8770=DIRECTION('',(-2.77555756156289E-17,1.,0.));
#8771=DIRECTION('',(-1.,-2.77555756156289E-17,0.));
#8772=DIRECTION('',(2.77555756156289E-17,-1.,0.));
#8773=DIRECTION('',(-1.,-2.77555756156289E-17,0.));
#8774=DIRECTION('',(-2.77555756156289E-17,1.,0.));
#8775=DIRECTION('',(-2.77555756156289E-17,1.,0.));
#8776=DIRECTION('',(-1.,-2.77555756156289E-17,0.));
#8777=DIRECTION('',(-2.77555756156289E-17,1.,0.));
#8778=DIRECTION('',(-1.,-2.77555756156289E-17,0.));
#8779=DIRECTION('',(-2.77555756156289E-17,1.,0.));
#8780=DIRECTION('',(-1.,-2.77555756156289E-17,0.));
#8781=DIRECTION('',(1.,2.77555756156289E-17,0.));
#8782=DIRECTION('',(-2.77555756156289E-17,1.,0.));
#8783=DIRECTION('',(1.,2.77555756156289E-17,0.));
#8784=DIRECTION('',(2.77555756156289E-17,-1.,0.));
#8785=DIRECTION('',(0.,0.,1.));
#8786=DIRECTION('',(2.77555756156289E-17,-1.,0.));
#8787=DIRECTION('',(2.77555756156289E-17,-1.,-1.0671281225251E-15));
#8788=DIRECTION('',(2.77555756156289E-17,-1.,0.));
#8789=DIRECTION('',(0.,0.,1.));
#8790=DIRECTION('',(2.77555756156289E-17,-1.,0.));
#8791=DIRECTION('',(0.,0.,1.));
#8792=DIRECTION('',(-2.77555756156289E-17,1.,0.));
#8793=DIRECTION('',(-1.,-2.77555756156289E-17,0.));
#8794=DIRECTION('',(-1.,-2.77555756156289E-17,0.));
#8795=DIRECTION('',(2.77555756156289E-17,-1.,0.));
#8796=DIRECTION('',(2.77555756156289E-17,-1.,0.));
#8797=DIRECTION('',(1.,2.77555756156289E-17,0.));
#8798=DIRECTION('',(0.,0.,1.));
#8799=DIRECTION('',(1.,2.77555756156289E-17,0.));
#8800=DIRECTION('',(2.77555756156289E-17,-1.,0.));
#8801=DIRECTION('',(1.,2.77555756156289E-17,0.));
#8802=DIRECTION('',(0.,0.,1.));
#8803=DIRECTION('',(-1.,-2.77555756156289E-17,0.));
#8804=DIRECTION('',(0.,0.,-1.));
#8805=DIRECTION('',(-2.77555756156289E-17,1.,0.));
#8806=DIRECTION('',(1.,2.77555756156289E-17,0.));
#8807=DIRECTION('',(0.,0.,1.));
#8808=DIRECTION('',(-1.,-2.77555756156289E-17,0.));
#8809=DIRECTION('',(0.,0.,1.));
#8810=DIRECTION('',(1.,2.77555756156289E-17,0.));
#8811=DIRECTION('',(0.,0.,1.));
#8812=DIRECTION('',(0.,0.,-1.));
#8813=DIRECTION('',(-2.77555756156289E-17,1.,0.));
#8814=DIRECTION('',(1.,2.77555756156289E-17,0.));
#8815=DIRECTION('',(2.77555756156289E-17,-1.,0.));
#8816=DIRECTION('',(-1.,-2.77555756156289E-17,0.));
#8817=DIRECTION('',(0.,0.,1.));
#8818=DIRECTION('',(2.77555756156289E-17,-1.,-1.0671281225251E-15));
#8819=DIRECTION('',(2.88548043140369E-32,-1.03960388765236E-15,1.));
#8820=DIRECTION('',(2.77555756156289E-17,-1.,-1.0671281225251E-15));
#8821=DIRECTION('',(-2.7755575615629E-17,1.,1.07072366174478E-15));
#8822=DIRECTION('',(2.88548043140369E-32,-1.03960388765236E-15,1.));
#8823=DIRECTION('',(2.77555756156289E-17,-1.,-1.0671281225251E-15));
#8824=DIRECTION('',(2.77555756156289E-17,-1.,-1.0671281225251E-15));
#8825=DIRECTION('',(0.,0.,1.));
#8826=DIRECTION('',(2.77555756156289E-17,-1.,-1.0671281225251E-15));
#8827=DIRECTION('',(-2.7755575615629E-17,1.,1.07072366174478E-15));
#8828=DIRECTION('',(2.2765399947194E-14,6.31866779654376E-31,1.));
#8829=DIRECTION('',(2.77555756156289E-17,-1.,-1.0671281225251E-15));
#8830=DIRECTION('',(2.64399892300261E-32,-9.52601005152204E-16,1.));
#8831=DIRECTION('',(-2.7755575615629E-17,1.,1.07072366174478E-15));
#8832=DIRECTION('',(2.64399892300261E-32,-9.52601005152204E-16,1.));
#8833=DIRECTION('',(2.77555756156289E-17,-1.,-1.0671281225251E-15));
#8834=DIRECTION('',(0.,0.,1.));
#8835=DIRECTION('',(2.7755575615629E-17,-1.,-1.07072366174478E-15));
#8836=DIRECTION('',(0.,0.,1.));
#8837=DIRECTION('',(2.7755575615629E-17,-1.,-1.07072366174478E-15));
#8838=DIRECTION('',(2.97185515570003E-32,-1.07072366174478E-15,1.));
#8839=DIRECTION('',(0.,0.,-1.));
#8840=DIRECTION('',(2.77555756156289E-17,-1.,0.));
#8841=DIRECTION('',(2.77555756156289E-17,-1.,0.));
#8842=DIRECTION('',(1.,2.77555756156289E-17,0.));
#8843=DIRECTION('',(-2.77555756156289E-17,1.,0.));
#8844=DIRECTION('',(2.77555756156289E-17,-1.,0.));
#8845=DIRECTION('',(0.,0.,-1.));
#8846=DIRECTION('',(2.77555756156289E-17,-1.,0.));
#8847=DIRECTION('',(0.,0.,1.));
#8848=DIRECTION('',(1.,0.,0.));
#8849=DIRECTION('',(0.,0.,1.));
#8850=DIRECTION('',(2.77555756156289E-17,-1.,0.));
#8851=DIRECTION('',(2.77555756156289E-17,-1.,0.));
#8852=DIRECTION('',(1.,2.77555756156289E-17,0.));
#8853=DIRECTION('',(2.77555756156289E-17,-1.,0.));
#8854=DIRECTION('',(1.,2.77555756156289E-17,0.));
#8855=DIRECTION('',(0.,0.,1.));
#8856=DIRECTION('',(2.77555756156289E-17,-1.,0.));
#8857=DIRECTION('',(1.,2.77555756156289E-17,0.));
#8858=DIRECTION('',(2.77555756156289E-17,-1.,0.));
#8859=DIRECTION('',(1.,2.77555756156289E-17,0.));
#8860=DIRECTION('',(2.77555756156289E-17,-1.,0.));
#8861=DIRECTION('',(-1.,-2.77555756156289E-17,0.));
#8862=DIRECTION('',(2.77555756156289E-17,-1.,0.));
#8863=DIRECTION('',(0.,0.,1.));
#8864=DIRECTION('',(-2.77555756156289E-17,1.,0.));
#8865=DIRECTION('',(0.,0.,1.));
#8866=DIRECTION('',(0.,0.,1.));
#8867=DIRECTION('',(2.77555756156289E-17,-1.,0.));
#8868=DIRECTION('',(2.77555756156289E-17,-1.,0.));
#8869=DIRECTION('',(0.,0.,-1.));
#8870=DIRECTION('',(9.67079046272491E-16,-1.,-1.24718003866363E-15));
#8871=DIRECTION('',(3.46161998694313E-32,-1.24718003866363E-15,1.));
#8872=DIRECTION('',(-2.77555756156289E-17,1.,0.));
#8873=DIRECTION('',(-4.43874736217007E-15,-1.,3.30603258566738E-15));
#8874=DIRECTION('',(1.,-4.43874736217007E-15,0.));
#8875=DIRECTION('',(-1.4085948252576E-16,1.,4.49317104221096E-16));
#8876=DIRECTION('',(1.,1.4085948252576E-16,0.));
#8877=DIRECTION('',(-1.,-2.77555756156289E-17,0.));
#8878=DIRECTION('',(2.77555756156289E-17,-1.,0.));
#8879=DIRECTION('',(0.,0.,-1.));
#8880=DIRECTION('',(-1.,-2.77555756156289E-17,0.));
#8881=DIRECTION('',(-2.77555756156289E-17,1.,0.));
#8882=DIRECTION('',(0.,0.,1.));
#8883=DIRECTION('',(-1.,-2.77555756156289E-17,0.));
#8884=DIRECTION('',(2.77555756156289E-17,-1.,0.));
#8885=DIRECTION('',(0.,0.,-1.));
#8886=DIRECTION('',(0.,0.,1.));
#8887=DIRECTION('',(-1.,-2.77555756156289E-17,0.));
#8888=DIRECTION('',(-2.77555756156289E-17,1.,0.));
#8889=DIRECTION('',(1.,2.77555756156289E-17,0.));
#8890=DIRECTION('',(-2.77555756156289E-17,1.,0.));
#8891=DIRECTION('',(1.,2.77555756156289E-17,0.));
#8892=DIRECTION('',(1.,2.77555756156289E-17,0.));
#8893=DIRECTION('',(-8.72598190622434E-16,-1.,8.39002320600896E-16));
#8894=DIRECTION('',(1.,-8.72598190622434E-16,0.));
#8895=DIRECTION('',(-2.77555756156289E-17,1.,4.0185876690185E-16));
#8896=DIRECTION('',(3.69573726876008E-15,-1.,7.63062983350182E-15));
#8897=DIRECTION('',(-2.11792523338634E-31,7.63062983350182E-15,1.));
#8898=DIRECTION('',(2.77555756156289E-17,-1.,0.));
#8899=DIRECTION('',(1.,2.77555756156289E-17,0.));
#8900=DIRECTION('',(0.,0.,1.));
#8901=DIRECTION('',(2.77555756156289E-17,-1.,0.));
#8902=DIRECTION('',(1.,2.77555756156289E-17,0.));
#8903=DIRECTION('',(-0.47967161866996,-1.33135618826652E-17,-0.877448082932854));
#8904=DIRECTION('',(2.77555756156289E-17,-1.,0.));
#8905=DIRECTION('',(1.,2.77555756156289E-17,0.));
#8906=DIRECTION('',(3.89408156991617E-15,1.08082475467235E-31,-1.));
#8907=DIRECTION('',(-1.,-2.77555756156289E-17,-5.69134998680055E-15));
#8908=DIRECTION('',(3.89408156991617E-15,1.08082475467235E-31,-1.));
#8909=DIRECTION('',(2.77555756156289E-17,-1.,0.));
#8910=DIRECTION('',(1.,2.77555756156289E-17,0.));
#8911=DIRECTION('',(-0.47967161866996,-1.33135618826652E-17,-0.877448082932854));
#8912=DIRECTION('',(2.77555756156289E-17,-1.,0.));
#8913=DIRECTION('',(1.,2.77555756156289E-17,0.));
#8914=DIRECTION('',(2.77555756156289E-17,-1.,0.));
#8915=DIRECTION('',(1.,2.77555756156289E-17,0.));
#8916=DIRECTION('',(3.89408156991617E-15,1.08082475467235E-31,-1.));
#8917=DIRECTION('',(-1.,-2.77555756156289E-17,-5.69134998680055E-15));
#8918=DIRECTION('',(3.89408156991617E-15,1.08082475467235E-31,-1.));
#8919=DIRECTION('',(2.77555756156289E-17,-1.,0.));
#8920=DIRECTION('',(1.,2.77555756156289E-17,0.));
#8921=DIRECTION('',(-0.47967161866996,-1.33135618826652E-17,-0.877448082932854));
#8922=DIRECTION('',(2.77555756156289E-17,-1.,0.));
#8923=DIRECTION('',(1.,2.77555756156289E-17,0.));
#8924=DIRECTION('',(0.,0.,1.));
#8925=DIRECTION('',(2.77555756156289E-17,-1.,0.));
#8926=DIRECTION('',(1.,2.77555756156289E-17,0.));
#8927=DIRECTION('',(-0.47967161866996,-1.33135618826652E-17,-0.877448082932854));
#8928=DIRECTION('',(2.77555756156289E-17,-1.,0.));
#8929=DIRECTION('',(1.,2.77555756156289E-17,0.));
#8930=DIRECTION('',(-2.77555756156289E-17,1.,0.));
#8931=DIRECTION('',(-1.,-2.77555756156289E-17,0.));
#8932=DIRECTION('',(-2.77555756156289E-17,1.,0.));
#8933=DIRECTION('',(-2.77555756156289E-17,1.,0.));
#8934=DIRECTION('',(0.877448082932854,2.43540766146315E-17,-0.47967161866996));
#8935=DIRECTION('',(0.47967161866996,1.33135618826652E-17,0.877448082932854));
#8936=DIRECTION('',(-2.77555756156289E-17,1.,0.));
#8937=DIRECTION('',(-2.77555756156289E-17,1.,0.));
#8938=DIRECTION('',(-1.,-2.77555756156289E-17,0.));
#8939=DIRECTION('',(-2.77555756156289E-17,1.,0.));
#8940=DIRECTION('',(-1.,-2.77555756156289E-17,0.));
#8941=DIRECTION('',(-2.77555756156289E-17,1.,0.));
#8942=DIRECTION('',(-2.77555756156289E-17,1.,0.));
#8943=DIRECTION('',(0.877448082932854,2.43540766146315E-17,-0.47967161866996));
#8944=DIRECTION('',(0.47967161866996,1.33135618826652E-17,0.877448082932854));
#8945=DIRECTION('',(-2.77555756156289E-17,1.,0.));
#8946=DIRECTION('',(-2.77555756156289E-17,1.,0.));
#8947=DIRECTION('',(-1.,-2.77555756156289E-17,0.));
#8948=DIRECTION('',(-2.77555756156289E-17,1.,0.));
#8949=DIRECTION('',(1.,2.77555756156289E-17,3.89408156991617E-15));
#8950=DIRECTION('',(-3.89408156991617E-15,-1.08082475467235E-31,1.));
#8951=DIRECTION('',(-2.77555756156289E-17,1.,0.));
#8952=DIRECTION('',(5.69134998680055E-15,1.57966694913651E-31,-1.));
#8953=DIRECTION('',(1.,2.77555756156289E-17,5.69134998680055E-15));
#8954=DIRECTION('',(-2.77555756156289E-17,1.,0.));
#8955=DIRECTION('',(1.,2.77555756156289E-17,3.89408156991617E-15));
#8956=DIRECTION('',(-3.89408156991617E-15,-1.08082475467235E-31,1.));
#8957=DIRECTION('',(-2.77555756156289E-17,1.,0.));
#8958=DIRECTION('',(-1.,-2.77555756156289E-17,0.));
#8959=DIRECTION('',(0.,0.,1.));
#8960=DIRECTION('',(2.77555756156289E-17,-1.,0.));
#8961=DIRECTION('',(1.,2.77555756156289E-17,0.));
#8962=DIRECTION('',(0.,0.,-1.));
#8963=DIRECTION('',(-1.,-2.77555756156289E-17,0.));
#8964=DIRECTION('',(2.77555756156289E-17,-1.,0.));
#8965=DIRECTION('',(5.05929629705399E-16,-1.,-5.66432224317532E-16));
#8966=DIRECTION('',(1.,5.05929629705399E-16,0.));
#8967=DIRECTION('',(0.,0.,1.));
#8968=DIRECTION('',(-1.,1.22464679914735E-16,0.));
#8969=DIRECTION('',(0.,0.,1.));
#8970=DIRECTION('',(1.,0.,0.));
#8971=DIRECTION('',(0.,0.,1.));
#8972=DIRECTION('',(-1.,1.22464679914735E-16,0.));
#8973=CARTESIAN_POINT('',(0.,0.,0.));
#8974=CARTESIAN_POINT('',(-35.636195507507,-6.26109853421578,0.838827378039364));
#8975=CARTESIAN_POINT('',(-35.636204492493,-11.4680985342158,1.01662737803936));
#8976=CARTESIAN_POINT('',(-35.636195507507,-11.4680985342158,0.838827378039371));
#8977=CARTESIAN_POINT('',(-35.636204492493,-11.4680985342158,0.000627378039359805));
#8978=CARTESIAN_POINT('',(-35.636195507507,-6.26109853421578,0.838827378039364));
#8979=CARTESIAN_POINT('',(-35.636195507507,-12.8650985342158,0.838827378039364));
#8980=CARTESIAN_POINT('',(-35.636195507507,-12.8650985342158,0.838827378039364));
#8981=CARTESIAN_POINT('',(-35.636195507507,-12.8650985342158,11.7354273780394));
#8982=CARTESIAN_POINT('',(-35.636196873925,-12.8650985342158,11.7354273780394));
#8983=CARTESIAN_POINT('',(-35.636195507507,-12.3570985342158,11.7354273780394));
#8984=CARTESIAN_POINT('',(-35.636195507507,-12.3570985342158,0.838827378039364));
#8985=CARTESIAN_POINT('',(-35.636195507507,-12.3570985342158,3.81062737803937));
#8986=CARTESIAN_POINT('',(-35.636195507507,-6.76909853421577,3.81062737803937));
#8987=CARTESIAN_POINT('',(-35.636195507507,-6.76909853421578,3.81062737803937));
#8988=CARTESIAN_POINT('',(-35.636195507507,-6.76909853421578,0.838827378039364));
#8989=CARTESIAN_POINT('',(-35.636195507507,-6.76909853421578,11.7354273780394));
#8990=CARTESIAN_POINT('',(-35.636196873925,-12.8650985342158,11.7354273780394));
#8991=CARTESIAN_POINT('',(-35.636196873925,-6.26109853421579,11.7354273780394));
#8992=CARTESIAN_POINT('',(-35.636195507507,-6.26109853421578,0.838827378039364));
#8993=CARTESIAN_POINT('',(-35.636195507507,-6.26109853421578,0.838827378039364));
#8994=CARTESIAN_POINT('',(-35.636195507507,-6.26109853421578,0.838827378039364));
#8995=CARTESIAN_POINT('',(-35.636195507507,-7.65809853421578,0.838827378039364));
#8996=CARTESIAN_POINT('',(-35.636204492493,-7.65809853421578,1.01662737803936));
#8997=CARTESIAN_POINT('',(-35.636204492493,-7.65809853421578,0.000627378039359805));
#8998=CARTESIAN_POINT('',(-35.636204492493,-11.4680985342158,0.000627378039359805));
#8999=CARTESIAN_POINT('',(27.622504492493,17.5006014657842,-0.761372621960646));
#9000=CARTESIAN_POINT('',(27.622504492493,17.5006014657842,-0.761372621960646));
#9001=CARTESIAN_POINT('',(27.622504492493,16.0401014657842,-0.761372621960646));
#9002=CARTESIAN_POINT('',(27.622504492493,17.5006014657842,0.000627378039352866));
#9003=CARTESIAN_POINT('',(27.622504492493,15.2781014657842,0.000627378039352866));
#9004=CARTESIAN_POINT('',(-27.622495507507,-17.5005985342158,-0.761372621960632));
#9005=CARTESIAN_POINT('',(-27.622495507507,-17.5005985342158,-0.761372621960632));
#9006=CARTESIAN_POINT('',(-27.622495507507,-18.9610985342158,-0.761372621960632));
#9007=CARTESIAN_POINT('',(-27.622495507507,-17.5005985342158,0.000627378039366744));
#9008=CARTESIAN_POINT('',(-27.622495507507,-19.7230985342158,0.000627378039366744));
#9009=CARTESIAN_POINT('',(-24.2862641107414,-19.0245985342158,6.50313043379234));
#9010=CARTESIAN_POINT('',(-28.028895507507,-19.0245985342158,-0.888372621960634));
#9011=CARTESIAN_POINT('',(-28.028895507507,-19.0245985342158,-1.77737262196064));
#9012=CARTESIAN_POINT('',(-28.028895507507,-19.0245985342158,-2.90825759536576));
#9013=CARTESIAN_POINT('',(-26.161995507507,-19.0245985342158,-1.77737262196064));
#9014=CARTESIAN_POINT('',(-28.6562006153593,-19.0245985342158,-1.77737262196064));
#9015=CARTESIAN_POINT('',(-28.6562006153593,-19.0245985342158,0.000627378039366744));
#9016=CARTESIAN_POINT('',(-28.6562006153593,-19.0245985342158,-1.98057262196064));
#9017=CARTESIAN_POINT('',(-28.6562006153593,-19.0245985342158,-1.98057262196064));
#9018=CARTESIAN_POINT('',(-28.6910717234466,-19.0245985342158,-2.18320415938521));
#9019=CARTESIAN_POINT('',(-28.5785795613326,-19.0245985342158,-2.60595506955329));
#9020=CARTESIAN_POINT('',(-28.2270706597246,-19.0245985342158,-2.84126779664011));
#9021=CARTESIAN_POINT('',(-28.028895507507,-19.0245985342158,-2.90825759536576));
#9022=CARTESIAN_POINT('',(-24.2862641107414,-19.0245985342158,6.50313043379234));
#9023=CARTESIAN_POINT('',(-26.5887903996547,-19.0245985342158,0.000627378039366744));
#9024=CARTESIAN_POINT('',(-26.5887903996547,-19.0245985342158,-1.77737262196064));
#9025=CARTESIAN_POINT('',(-26.5887903996547,-19.0245985342158,-1.98057262196064));
#9026=CARTESIAN_POINT('',(-26.161995507507,-19.0245985342158,-1.77737262196064));
#9027=CARTESIAN_POINT('',(-27.216095507507,-19.0245985342158,-1.77737262196064));
#9028=CARTESIAN_POINT('',(-27.216095507507,-19.0245985342158,-0.888372621960634));
#9029=CARTESIAN_POINT('',(-27.216095507507,-19.0245985342158,-2.90825759536538));
#9030=CARTESIAN_POINT('',(-27.216095507507,-19.0245985342158,-2.90825759536538));
#9031=CARTESIAN_POINT('',(-27.017352372294,-19.0245985342158,-2.84107579947949));
#9032=CARTESIAN_POINT('',(-26.6697817264138,-19.0245985342158,-2.60950312253817));
#9033=CARTESIAN_POINT('',(-26.5536872618476,-19.0245985342158,-2.18455245433244));
#9034=CARTESIAN_POINT('',(-26.5887903996547,-19.0245985342158,-1.98057262196064));
#9035=CARTESIAN_POINT('',(-24.2862641107414,-15.9765985342158,6.50313043379234));
#9036=CARTESIAN_POINT('',(-28.6562006153593,-15.9765985342158,0.000627378039366744));
#9037=CARTESIAN_POINT('',(-28.6562006153593,-15.9765985342158,-1.77737262196064));
#9038=CARTESIAN_POINT('',(-28.6562006153593,-15.9765985342158,-1.98057262196064));
#9039=CARTESIAN_POINT('',(-26.161995507507,-15.9765985342158,-1.77737262196064));
#9040=CARTESIAN_POINT('',(-28.028895507507,-15.9765985342158,-1.77737262196064));
#9041=CARTESIAN_POINT('',(-28.028895507507,-15.9765985342158,-0.888372621960634));
#9042=CARTESIAN_POINT('',(-28.028895507507,-15.9765985342158,-2.90825759536538));
#9043=CARTESIAN_POINT('',(-28.028895507507,-15.9765985342158,-2.90825759536538));
#9044=CARTESIAN_POINT('',(-28.227638642725,-15.9765985342158,-2.8410757994778));
#9045=CARTESIAN_POINT('',(-28.5752092885976,-15.9765985342158,-2.60950312253927));
#9046=CARTESIAN_POINT('',(-28.6913037531663,-15.9765985342158,-2.18455245433201));
#9047=CARTESIAN_POINT('',(-28.6562006153593,-15.9765985342158,-1.98057262196064));
#9048=CARTESIAN_POINT('',(-24.2862641107414,-15.9765985342158,6.50313043379234));
#9049=CARTESIAN_POINT('',(-27.216095507507,-15.9765985342158,-0.888372621960634));
#9050=CARTESIAN_POINT('',(-27.216095507507,-15.9765985342158,-1.77737262196064));
#9051=CARTESIAN_POINT('',(-27.216095507507,-15.9765985342158,-2.90825759536575));
#9052=CARTESIAN_POINT('',(-26.161995507507,-15.9765985342158,-1.77737262196064));
#9053=CARTESIAN_POINT('',(-26.5887903996547,-15.9765985342158,-1.77737262196064));
#9054=CARTESIAN_POINT('',(-26.5887903996547,-15.9765985342158,0.000627378039366744));
#9055=CARTESIAN_POINT('',(-26.5887903996547,-15.9765985342158,-1.98057262196064));
#9056=CARTESIAN_POINT('',(-26.5887903996547,-15.9765985342158,-1.98057262196064));
#9057=CARTESIAN_POINT('',(-26.5539192915686,-15.9765985342158,-2.18320415937766));
#9058=CARTESIAN_POINT('',(-26.6664114536815,-15.9765985342158,-2.60595506955731));
#9059=CARTESIAN_POINT('',(-27.0179203552879,-15.9765985342158,-2.84126779663962));
#9060=CARTESIAN_POINT('',(-27.216095507507,-15.9765985342158,-2.90825759536575));
#9061=CARTESIAN_POINT('',(29.8643207659217,15.9766014657842,6.50313043379234));
#9062=CARTESIAN_POINT('',(27.216104492493,15.9766014657842,-0.888372621960634));
#9063=CARTESIAN_POINT('',(27.216104492493,15.9766014657842,-1.77737262196064));
#9064=CARTESIAN_POINT('',(27.216104492493,15.9766014657842,-2.90825759536575));
#9065=CARTESIAN_POINT('',(26.162004492493,15.9766014657842,-1.77737262196064));
#9066=CARTESIAN_POINT('',(26.5887993846407,15.9766014657842,-1.77737262196064));
#9067=CARTESIAN_POINT('',(26.5887993846407,15.9766014657842,0.000627378039366744));
#9068=CARTESIAN_POINT('',(26.5887993846407,15.9766014657842,-1.98057262196064));
#9069=CARTESIAN_POINT('',(26.5887993846407,15.9766014657842,-1.98057262196064));
#9070=CARTESIAN_POINT('',(26.5539282765555,15.9766014657842,-2.18320415937223));
#9071=CARTESIAN_POINT('',(26.6664204386622,15.9766014657842,-2.60595506955838));
#9072=CARTESIAN_POINT('',(27.0179293402835,15.9766014657842,-2.84126779664288));
#9073=CARTESIAN_POINT('',(27.216104492493,15.9766014657842,-2.90825759536575));
#9074=CARTESIAN_POINT('',(29.8643207659217,15.9766014657842,6.50313043379234));
#9075=CARTESIAN_POINT('',(28.6562096003453,15.9766014657842,0.000627378039366744));
#9076=CARTESIAN_POINT('',(28.6562096003453,15.9766014657842,-1.77737262196064));
#9077=CARTESIAN_POINT('',(28.6562096003453,15.9766014657842,-1.98057262196064));
#9078=CARTESIAN_POINT('',(26.162004492493,15.9766014657842,-1.77737262196064));
#9079=CARTESIAN_POINT('',(28.028904492493,15.9766014657842,-1.77737262196064));
#9080=CARTESIAN_POINT('',(28.028904492493,15.9766014657842,-0.888372621960634));
#9081=CARTESIAN_POINT('',(28.028904492493,15.9766014657842,-2.90825759536537));
#9082=CARTESIAN_POINT('',(28.028904492493,15.9766014657842,-2.90825759536537));
#9083=CARTESIAN_POINT('',(28.2276476277125,15.9766014657842,-2.8410757994773));
#9084=CARTESIAN_POINT('',(28.5752182735827,15.9766014657842,-2.60950312253789));
#9085=CARTESIAN_POINT('',(28.6913127381529,15.9766014657842,-2.18455245433524));
#9086=CARTESIAN_POINT('',(28.6562096003453,15.9766014657842,-1.98057262196064));
#9087=CARTESIAN_POINT('',(29.8643207659217,19.0246014657842,6.50313043379234));
#9088=CARTESIAN_POINT('',(26.5887993846407,19.0246014657842,0.000627378039366744));
#9089=CARTESIAN_POINT('',(26.5887993846407,19.0246014657842,-1.77737262196064));
#9090=CARTESIAN_POINT('',(26.5887993846407,19.0246014657842,-1.98057262196064));
#9091=CARTESIAN_POINT('',(26.162004492493,19.0246014657842,-1.77737262196064));
#9092=CARTESIAN_POINT('',(27.216104492493,19.0246014657842,-1.77737262196064));
#9093=CARTESIAN_POINT('',(27.216104492493,19.0246014657842,-0.888372621960634));
#9094=CARTESIAN_POINT('',(27.216104492493,19.0246014657842,-2.90825759536539));
#9095=CARTESIAN_POINT('',(27.216104492493,19.0246014657842,-2.90825759536539));
#9096=CARTESIAN_POINT('',(27.0173613572836,19.0246014657842,-2.84107579948075));
#9097=CARTESIAN_POINT('',(26.6697907113971,19.0246014657842,-2.60950312254273));
#9098=CARTESIAN_POINT('',(26.5536962468353,19.0246014657842,-2.18455245432219));
#9099=CARTESIAN_POINT('',(26.5887993846407,19.0246014657842,-1.98057262196064));
#9100=CARTESIAN_POINT('',(29.8643207659217,19.0246014657842,6.50313043379234));
#9101=CARTESIAN_POINT('',(28.028904492493,19.0246014657842,-0.888372621960634));
#9102=CARTESIAN_POINT('',(28.028904492493,19.0246014657842,-1.77737262196064));
#9103=CARTESIAN_POINT('',(28.028904492493,19.0246014657842,-2.90825759536577));
#9104=CARTESIAN_POINT('',(26.162004492493,19.0246014657842,-1.77737262196064));
#9105=CARTESIAN_POINT('',(28.6562096003454,19.0246014657842,-1.77737262196064));
#9106=CARTESIAN_POINT('',(28.6562096003454,19.0246014657842,0.000627378039366744));
#9107=CARTESIAN_POINT('',(28.6562096003454,19.0246014657842,-1.98057262196064));
#9108=CARTESIAN_POINT('',(28.6562096003454,19.0246014657842,-1.98057262196064));
#9109=CARTESIAN_POINT('',(28.6910807084304,19.0246014657842,-2.18320415937163));
#9110=CARTESIAN_POINT('',(28.5785885463135,19.0246014657842,-2.60595506956217));
#9111=CARTESIAN_POINT('',(28.2270796447231,19.0246014657842,-2.84126779663591));
#9112=CARTESIAN_POINT('',(28.028904492493,19.0246014657842,-2.90825759536577));
#9113=CARTESIAN_POINT('',(27.216104492493,14.9606014657842,-0.888372621960634));
#9114=CARTESIAN_POINT('',(27.622504492493,17.5006014657842,-0.888372621960634));
#9115=CARTESIAN_POINT('',(27.216104492493,18.9034198039877,-0.888372621960634));
#9116=CARTESIAN_POINT('',(28.028904492493,18.9034198039877,-0.888372621960634));
#9117=CARTESIAN_POINT('',(28.028904492493,20.5486014657842,-0.888372621960634));
#9118=CARTESIAN_POINT('',(28.028904492493,16.0977831275807,-0.888372621960634));
#9119=CARTESIAN_POINT('',(27.622504492493,17.5006014657842,-0.888372621960634));
#9120=CARTESIAN_POINT('',(27.216104492493,16.0977831275807,-0.888372621960634));
#9121=CARTESIAN_POINT('',(27.216104492493,20.5486014657842,-0.888372621960634));
#9122=CARTESIAN_POINT('',(28.028904492493,20.5486014657842,-0.888372621960634));
#9123=CARTESIAN_POINT('',(28.028904492493,17.1653727419839,-3.42837262196063));
#9124=CARTESIAN_POINT('',(28.028904492493,16.9166014482965,-3.42837262196063));
#9125=CARTESIAN_POINT('',(28.028904492493,16.4969985067797,-3.36273682890919));
#9126=CARTESIAN_POINT('',(28.028904492493,16.1163522151645,-3.08540911640661));
#9127=CARTESIAN_POINT('',(28.028904492493,15.9766014657842,-2.90825759536537));
#9128=CARTESIAN_POINT('',(28.028904492493,17.1653727419839,-3.42837262196063));
#9129=CARTESIAN_POINT('',(28.028904492493,17.5006014657842,-1.77737262196064));
#9130=CARTESIAN_POINT('',(28.028904492493,16.0977831275807,-1.77737262196064));
#9131=CARTESIAN_POINT('',(28.028904492493,16.0977831275807,0.000627378039366744));
#9132=CARTESIAN_POINT('',(28.028904492493,18.9034198039877,0.000627378039366744));
#9133=CARTESIAN_POINT('',(28.028904492493,18.9034198039877,-1.77737262196064));
#9134=CARTESIAN_POINT('',(28.028904492493,17.5006014657842,-1.77737262196064));
#9135=CARTESIAN_POINT('',(28.028904492493,19.0246014657842,-2.90825759536577));
#9136=CARTESIAN_POINT('',(28.028904492493,18.7510636329218,-3.25500094642901));
#9137=CARTESIAN_POINT('',(28.028904492493,18.3548065408552,-3.42837262196063));
#9138=CARTESIAN_POINT('',(28.028904492493,17.8358301895845,-3.42837262196063));
#9139=CARTESIAN_POINT('',(28.028904492493,17.8358301895845,-3.42837262196063));
#9140=CARTESIAN_POINT('',(28.028904492493,20.5486014657842,-3.42837262196063));
#9141=CARTESIAN_POINT('',(27.216104492493,20.5486014657842,-0.888372621960634));
#9142=CARTESIAN_POINT('',(27.216104492493,17.5006014657842,-1.77737262196064));
#9143=CARTESIAN_POINT('',(27.216104492493,16.0977831275807,-1.77737262196064));
#9144=CARTESIAN_POINT('',(27.216104492493,15.9766014657842,-2.90825759536575));
#9145=CARTESIAN_POINT('',(27.216104492493,16.2501392986468,-3.25500094642901));
#9146=CARTESIAN_POINT('',(27.216104492493,16.6463963907133,-3.42837262196063));
#9147=CARTESIAN_POINT('',(27.216104492493,17.1653727419839,-3.42837262196063));
#9148=CARTESIAN_POINT('',(27.216104492493,17.1653727419839,-3.42837262196063));
#9149=CARTESIAN_POINT('',(27.216104492493,20.5486014657842,-3.42837262196063));
#9150=CARTESIAN_POINT('',(27.216104492493,17.8358301895845,-3.42837262196063));
#9151=CARTESIAN_POINT('',(27.216104492493,17.8358301895845,-3.42837262196063));
#9152=CARTESIAN_POINT('',(27.216104492493,18.0846014832603,-3.42837262196063));
#9153=CARTESIAN_POINT('',(27.216104492493,18.5042044247838,-3.36273682891046));
#9154=CARTESIAN_POINT('',(27.216104492493,18.884850716399,-3.08540911641288));
#9155=CARTESIAN_POINT('',(27.216104492493,19.0246014657842,-2.90825759536539));
#9156=CARTESIAN_POINT('',(27.216104492493,17.5006014657842,-1.77737262196064));
#9157=CARTESIAN_POINT('',(27.216104492493,18.9034198039877,-1.77737262196064));
#9158=CARTESIAN_POINT('',(27.216104492493,18.9034198039877,0.000627378039366744));
#9159=CARTESIAN_POINT('',(27.216104492493,16.0977831275807,0.000627378039366744));
#9160=CARTESIAN_POINT('',(-28.028895507507,-14.9605985342158,-0.888372621960634));
#9161=CARTESIAN_POINT('',(-27.216095507507,-20.5485985342158,-0.888372621960634));
#9162=CARTESIAN_POINT('',(-27.216095507507,-16.0977801960123,-0.888372621960634));
#9163=CARTESIAN_POINT('',(-27.216095507507,-18.9034168724193,-0.888372621960634));
#9164=CARTESIAN_POINT('',(-27.622495507507,-17.5005985342158,-0.888372621960634));
#9165=CARTESIAN_POINT('',(-28.028895507507,-18.9034168724193,-0.888372621960634));
#9166=CARTESIAN_POINT('',(-28.028895507507,-20.5485985342158,-0.888372621960634));
#9167=CARTESIAN_POINT('',(-28.028895507507,-16.0977801960123,-0.888372621960634));
#9168=CARTESIAN_POINT('',(-27.622495507507,-17.5005985342158,-0.888372621960634));
#9169=CARTESIAN_POINT('',(-27.216095507507,-20.5485985342158,-0.888372621960634));
#9170=CARTESIAN_POINT('',(-27.216095507507,-17.8358272580161,-3.42837262196063));
#9171=CARTESIAN_POINT('',(-27.216095507507,-18.0845985517118,-3.42837262196063));
#9172=CARTESIAN_POINT('',(-27.216095507507,-18.5042014932152,-3.36273682890548));
#9173=CARTESIAN_POINT('',(-27.216095507507,-18.8848477848305,-3.08540911641288));
#9174=CARTESIAN_POINT('',(-27.216095507507,-19.0245985342158,-2.90825759536538));
#9175=CARTESIAN_POINT('',(-27.216095507507,-17.8358272580161,-3.42837262196063));
#9176=CARTESIAN_POINT('',(-27.216095507507,-17.5005985342158,-1.77737262196064));
#9177=CARTESIAN_POINT('',(-27.216095507507,-18.9034168724193,-1.77737262196064));
#9178=CARTESIAN_POINT('',(-27.216095507507,-18.9034168724193,0.000627378039366744));
#9179=CARTESIAN_POINT('',(-27.216095507507,-16.0977801960123,0.000627378039366744));
#9180=CARTESIAN_POINT('',(-27.216095507507,-16.0977801960123,-1.77737262196064));
#9181=CARTESIAN_POINT('',(-27.216095507507,-17.5005985342158,-1.77737262196064));
#9182=CARTESIAN_POINT('',(-27.216095507507,-15.9765985342158,-2.90825759536575));
#9183=CARTESIAN_POINT('',(-27.216095507507,-16.2501363670782,-3.25500094642901));
#9184=CARTESIAN_POINT('',(-27.216095507507,-16.6463934591448,-3.42837262196063));
#9185=CARTESIAN_POINT('',(-27.216095507507,-17.1653698104155,-3.42837262196063));
#9186=CARTESIAN_POINT('',(-27.216095507507,-17.1653698104155,-3.42837262196063));
#9187=CARTESIAN_POINT('',(-27.216095507507,-20.5485985342158,-3.42837262196063));
#9188=CARTESIAN_POINT('',(-28.028895507507,-20.5485985342158,-0.888372621960634));
#9189=CARTESIAN_POINT('',(-28.028895507507,-17.5005985342158,-1.77737262196064));
#9190=CARTESIAN_POINT('',(-28.028895507507,-18.9034168724193,-1.77737262196064));
#9191=CARTESIAN_POINT('',(-28.028895507507,-19.0245985342158,-2.90825759536576));
#9192=CARTESIAN_POINT('',(-28.028895507507,-18.7510607013533,-3.25500094642901));
#9193=CARTESIAN_POINT('',(-28.028895507507,-18.3548036092867,-3.42837262196063));
#9194=CARTESIAN_POINT('',(-28.028895507507,-17.8358272580161,-3.42837262196063));
#9195=CARTESIAN_POINT('',(-28.028895507507,-17.8358272580161,-3.42837262196063));
#9196=CARTESIAN_POINT('',(-28.028895507507,-20.5485985342158,-3.42837262196063));
#9197=CARTESIAN_POINT('',(-28.028895507507,-17.1653698104155,-3.42837262196063));
#9198=CARTESIAN_POINT('',(-28.028895507507,-17.1653698104155,-3.42837262196063));
#9199=CARTESIAN_POINT('',(-28.028895507507,-16.916598516723,-3.42837262196063));
#9200=CARTESIAN_POINT('',(-28.028895507507,-16.4969955752148,-3.36273682890675));
#9201=CARTESIAN_POINT('',(-28.028895507507,-16.1163492835996,-3.08540911641109));
#9202=CARTESIAN_POINT('',(-28.028895507507,-15.9765985342158,-2.90825759536538));
#9203=CARTESIAN_POINT('',(-28.028895507507,-17.5005985342158,-1.77737262196064));
#9204=CARTESIAN_POINT('',(-28.028895507507,-16.0977801960123,-1.77737262196064));
#9205=CARTESIAN_POINT('',(-28.028895507507,-16.0977801960123,0.000627378039366744));
#9206=CARTESIAN_POINT('',(-28.028895507507,-18.9034168724193,0.000627378039366744));
#9207=CARTESIAN_POINT('',(27.622504492493,17.5006014657842,0.000627378039366744));
#9208=CARTESIAN_POINT('',(27.622504492493,17.5006014657842,-1.77737262196064));
#9209=CARTESIAN_POINT('',(27.622504492493,17.5006014657842,-1.77737262196064));
#9210=CARTESIAN_POINT('',(26.162004492493,17.5006014657842,-1.77737262196064));
#9211=CARTESIAN_POINT('',(27.622504492493,17.5006014657842,-1.77737262196064));
#9212=CARTESIAN_POINT('',(27.622504492493,17.5006014657842,0.000627378039366744));
#9213=CARTESIAN_POINT('',(27.622504492493,17.5006014657842,-1.98057262196064));
#9214=CARTESIAN_POINT('',(27.622504492493,17.5006014657842,-2.10757262196063));
#9215=CARTESIAN_POINT('',(27.622504492493,17.5006014657842,-3.42837262196063));
#9216=CARTESIAN_POINT('',(27.622504492493,17.5006014657842,-3.42837262196063));
#9217=CARTESIAN_POINT('',(-27.622495507507,-17.5005985342158,0.000627378039366744));
#9218=CARTESIAN_POINT('',(-27.622495507507,-17.5005985342158,-1.77737262196064));
#9219=CARTESIAN_POINT('',(-27.622495507507,-17.5005985342158,-1.77737262196064));
#9220=CARTESIAN_POINT('',(-26.161995507507,-17.5005985342158,-1.77737262196064));
#9221=CARTESIAN_POINT('',(-27.622495507507,-17.5005985342158,-1.77737262196064));
#9222=CARTESIAN_POINT('',(-27.622495507507,-17.5005985342158,0.000627378039366744));
#9223=CARTESIAN_POINT('',(-27.622495507507,-17.5005985342158,-1.98057262196064));
#9224=CARTESIAN_POINT('',(-27.622495507507,-17.5005985342158,-2.10757262196063));
#9225=CARTESIAN_POINT('',(-27.622495507507,-17.5005985342158,-3.42837262196063));
#9226=CARTESIAN_POINT('',(-27.622495507507,-17.5005985342158,-3.42837262196063));
#9227=CARTESIAN_POINT('',(-25.806395507507,9.56310146578423,7.11262737803937));
#9228=CARTESIAN_POINT('',(-25.806395507507,9.56310146578423,7.11262737803937));
#9229=CARTESIAN_POINT('',(-25.806395507507,18.325816171285,12.5736273780394));
#9230=CARTESIAN_POINT('',(-25.806395507507,19.8882014657842,7.11262737803937));
#9231=CARTESIAN_POINT('',(-25.806395507507,18.4784652833746,7.11262737803937));
#9232=CARTESIAN_POINT('',(-25.806395507507,18.4784652833746,7.11262737803937));
#9233=CARTESIAN_POINT('',(-25.806395507507,9.56310146578423,9.14462737803937));
#9234=CARTESIAN_POINT('',(-25.806395507507,18.0773862910963,12.4792472834351));
#9235=CARTESIAN_POINT('',(-25.806395507507,18.0773862910963,12.4792472834351));
#9236=CARTESIAN_POINT('',(-13.106395507507,9.56310146578423,7.11262737803937));
#9237=CARTESIAN_POINT('',(-13.106395507507,9.56310146578423,7.11262737803937));
#9238=CARTESIAN_POINT('',(-13.106395507507,18.325816171285,12.5736273780394));
#9239=CARTESIAN_POINT('',(-13.106395507507,19.8882014657842,7.11262737803937));
#9240=CARTESIAN_POINT('',(-13.106395507507,18.0773862910963,12.4792472834351));
#9241=CARTESIAN_POINT('',(-13.106395507507,18.0773862910963,12.4792472834351));
#9242=CARTESIAN_POINT('',(-13.106395507507,9.56310146578423,9.14462737803937));
#9243=CARTESIAN_POINT('',(-13.106395507507,18.4784652833746,7.11262737803937));
#9244=CARTESIAN_POINT('',(-13.106395507507,18.4784652833746,7.11262737803937));
#9245=CARTESIAN_POINT('',(-13.106395507507,18.0773862910963,12.4792472834351));
#9246=CARTESIAN_POINT('',(-13.106395507507,18.0773862910963,12.4792472834351));
#9247=CARTESIAN_POINT('',(-13.106395507507,18.325816171285,12.5736273780394));
#9248=CARTESIAN_POINT('',(-13.106395507507,9.56310146578423,7.11262737803937));
#9249=CARTESIAN_POINT('',(-13.106395507507,19.8882014657842,7.11262737803937));
#9250=CARTESIAN_POINT('',(25.857204492493,-9.56309853421578,9.14462737803937));
#9251=CARTESIAN_POINT('',(25.857204492493,-9.56309853421578,9.14462737803937));
#9252=CARTESIAN_POINT('',(25.857204492493,-18.0710710226942,12.4953198639733));
#9253=CARTESIAN_POINT('',(25.857204492493,-18.4784623518062,7.11262737803937));
#9254=CARTESIAN_POINT('',(25.857204492493,-18.0710710226942,12.4953198639733));
#9255=CARTESIAN_POINT('',(25.857204492493,-18.3258132397166,12.5736273780394));
#9256=CARTESIAN_POINT('',(25.857204492493,-9.56309853421577,7.11262737803937));
#9257=CARTESIAN_POINT('',(25.857204492493,-19.8881985342158,7.11262737803937));
#9258=CARTESIAN_POINT('',(25.857204492493,-18.4784623518062,7.11262737803937));
#9259=CARTESIAN_POINT('',(13.157204492493,-9.56309853421578,9.14462737803937));
#9260=CARTESIAN_POINT('',(13.157204492493,-9.56309853421578,9.14462737803937));
#9261=CARTESIAN_POINT('',(13.157204492493,-18.0710710226942,12.4953198639733));
#9262=CARTESIAN_POINT('',(13.157204492493,-18.4784623518062,7.11262737803937));
#9263=CARTESIAN_POINT('',(13.157204492493,-18.4784623518062,7.11262737803937));
#9264=CARTESIAN_POINT('',(13.157204492493,-19.8881985342158,7.11262737803937));
#9265=CARTESIAN_POINT('',(13.157204492493,-9.56309853421577,7.11262737803937));
#9266=CARTESIAN_POINT('',(13.157204492493,-18.3258132397166,12.5736273780394));
#9267=CARTESIAN_POINT('',(13.157204492493,-18.0710710226942,12.4953198639733));
#9268=CARTESIAN_POINT('',(13.157204492493,-18.0710710226942,12.4953198639733));
#9269=CARTESIAN_POINT('',(13.157204492493,-18.0710710226942,12.4953198639733));
#9270=CARTESIAN_POINT('',(13.157204492493,-18.3258132397166,12.5736273780394));
#9271=CARTESIAN_POINT('',(13.157204492493,-9.56309853421577,7.11262737803937));
#9272=CARTESIAN_POINT('',(13.157204492493,-19.8881985342158,7.11262737803937));
#9273=CARTESIAN_POINT('',(-25.806395507507,-9.56309853421578,7.11262737803937));
#9274=CARTESIAN_POINT('',(-25.806395507507,-9.56309853421578,7.11262737803937));
#9275=CARTESIAN_POINT('',(-25.806395507507,-18.3258132397166,12.5736273780394));
#9276=CARTESIAN_POINT('',(-25.806395507507,-19.8881985342158,7.11262737803937));
#9277=CARTESIAN_POINT('',(-25.806395507507,-18.0773833595278,12.4792472834351));
#9278=CARTESIAN_POINT('',(-25.806395507507,-18.0773833595278,12.4792472834351));
#9279=CARTESIAN_POINT('',(-25.806395507507,-9.56309853421578,9.14462737803937));
#9280=CARTESIAN_POINT('',(-25.806395507507,-18.4784623518062,7.11262737803937));
#9281=CARTESIAN_POINT('',(-25.806395507507,-18.4784623518062,7.11262737803937));
#9282=CARTESIAN_POINT('',(-13.106395507507,-9.56309853421578,7.11262737803937));
#9283=CARTESIAN_POINT('',(-13.106395507507,-9.56309853421578,7.11262737803937));
#9284=CARTESIAN_POINT('',(-13.106395507507,-18.3258132397166,12.5736273780394));
#9285=CARTESIAN_POINT('',(-13.106395507507,-19.8881985342158,7.11262737803937));
#9286=CARTESIAN_POINT('',(-13.106395507507,-18.4784623518062,7.11262737803937));
#9287=CARTESIAN_POINT('',(-13.106395507507,-18.4784623518062,7.11262737803937));
#9288=CARTESIAN_POINT('',(-13.106395507507,-9.56309853421578,9.14462737803937));
#9289=CARTESIAN_POINT('',(-13.106395507507,-18.0773833595278,12.4792472834351));
#9290=CARTESIAN_POINT('',(-13.106395507507,-18.0773833595278,12.4792472834351));
#9291=CARTESIAN_POINT('',(-13.106395507507,-18.0773833595278,12.4792472834351));
#9292=CARTESIAN_POINT('',(-13.106395507507,-18.3258132397166,12.5736273780394));
#9293=CARTESIAN_POINT('',(-13.106395507507,-18.0773833595278,12.4792472834351));
#9294=CARTESIAN_POINT('',(-13.106395507507,-9.56309853421578,7.11262737803937));
#9295=CARTESIAN_POINT('',(-13.106395507507,-19.8881985342158,7.11262737803937));
#9296=CARTESIAN_POINT('',(25.857204492493,9.56310146578423,9.14462737803937));
#9297=CARTESIAN_POINT('',(25.857204492493,9.56310146578423,9.14462737803937));
#9298=CARTESIAN_POINT('',(25.857204492493,18.0710739542627,12.4953198639733));
#9299=CARTESIAN_POINT('',(25.857204492493,18.4784652833746,7.11262737803937));
#9300=CARTESIAN_POINT('',(25.857204492493,18.4784652833746,7.11262737803937));
#9301=CARTESIAN_POINT('',(25.857204492493,19.8882014657842,7.11262737803937));
#9302=CARTESIAN_POINT('',(25.857204492493,9.56310146578422,7.11262737803937));
#9303=CARTESIAN_POINT('',(25.857204492493,18.325816171285,12.5736273780394));
#9304=CARTESIAN_POINT('',(25.857204492493,18.0710739542627,12.4953198639733));
#9305=CARTESIAN_POINT('',(13.157204492493,9.56310146578423,9.14462737803937));
#9306=CARTESIAN_POINT('',(13.157204492493,9.56310146578423,9.14462737803937));
#9307=CARTESIAN_POINT('',(13.157204492493,18.0710739542627,12.4953198639733));
#9308=CARTESIAN_POINT('',(13.157204492493,18.4784652833746,7.11262737803937));
#9309=CARTESIAN_POINT('',(13.157204492493,18.0710739542627,12.4953198639733));
#9310=CARTESIAN_POINT('',(13.157204492493,18.325816171285,12.5736273780394));
#9311=CARTESIAN_POINT('',(13.157204492493,9.56310146578422,7.11262737803937));
#9312=CARTESIAN_POINT('',(13.157204492493,19.8882014657842,7.11262737803937));
#9313=CARTESIAN_POINT('',(13.157204492493,18.4784652833746,7.11262737803937));
#9314=CARTESIAN_POINT('',(13.157204492493,9.56310146578422,7.11262737803937));
#9315=CARTESIAN_POINT('',(13.157204492493,19.8882014657842,7.11262737803937));
#9316=CARTESIAN_POINT('',(13.157204492493,18.325816171285,12.5736273780394));
#9317=CARTESIAN_POINT('',(13.157204492493,18.0710739542627,12.4953198639733));
#9318=CARTESIAN_POINT('',(13.157204492493,18.0710739542627,12.4953198639733));
#9319=CARTESIAN_POINT('',(33.426404492493,-13.6905985342158,0.991227378039368));
#9320=CARTESIAN_POINT('',(33.426404492493,-5.43559853421577,0.991227378039368));
#9321=CARTESIAN_POINT('',(33.426404492493,-13.6905985342158,0.991227378039368));
#9322=CARTESIAN_POINT('',(33.426404492493,-5.43559853421577,0.991227378039368));
#9323=CARTESIAN_POINT('',(33.426404492493,-13.6905985342158,0.991227378039368));
#9324=CARTESIAN_POINT('',(34.442404492493,-13.6905985342158,0.991227378039368));
#9325=CARTESIAN_POINT('',(34.442404492493,-5.43559853421578,0.991227378039368));
#9326=CARTESIAN_POINT('',(34.442404492493,-5.43559853421578,0.991227378039368));
#9327=CARTESIAN_POINT('',(34.442404492493,-5.43559853421578,0.991227378039368));
#9328=CARTESIAN_POINT('',(33.426404492493,-5.43559853421577,0.991227378039368));
#9329=CARTESIAN_POINT('',(33.426404492493,-5.43559853421577,0.000627378039366744));
#9330=CARTESIAN_POINT('',(33.426404492493,-13.6905985342158,0.000627378039366744));
#9331=CARTESIAN_POINT('',(33.426404492493,-5.43559853421578,0.000627378039366744));
#9332=CARTESIAN_POINT('',(33.426404492493,-13.6905985342158,0.991227378039368));
#9333=CARTESIAN_POINT('',(33.426404492493,-13.6905985342158,0.985186236024796));
#9334=CARTESIAN_POINT('',(33.426404492493,-13.6905985342158,0.991227378039368));
#9335=CARTESIAN_POINT('',(33.426404492493,-5.43559853421577,0.991227378039368));
#9336=CARTESIAN_POINT('',(33.426404492493,-5.43559853421577,0.985186236024796));
#9337=CARTESIAN_POINT('',(33.426404492493,-5.43559853421578,0.000627378039366744));
#9338=CARTESIAN_POINT('',(34.442404492493,-5.43559853421578,0.991227378039368));
#9339=CARTESIAN_POINT('',(34.442404492493,-5.43559853421578,0.985186236024796));
#9340=CARTESIAN_POINT('',(34.442404492493,-5.43559853421578,0.985186236024796));
#9341=CARTESIAN_POINT('',(34.442404492493,-5.43559853421578,0.991227378039368));
#9342=CARTESIAN_POINT('',(33.426404492493,-13.6905985342158,0.991227378039368));
#9343=CARTESIAN_POINT('',(34.442404492493,-13.6905985342158,0.985186236024796));
#9344=CARTESIAN_POINT('',(34.442404492493,-13.6905985342158,0.985186236024796));
#9345=CARTESIAN_POINT('',(34.442404492493,-13.6905985342158,0.991227378039368));
#9346=CARTESIAN_POINT('',(33.426404492493,5.43560146578423,0.991227378039368));
#9347=CARTESIAN_POINT('',(34.442404492493,5.43560146578424,0.991227378039368));
#9348=CARTESIAN_POINT('',(34.442404492493,5.43560146578424,0.991227378039368));
#9349=CARTESIAN_POINT('',(33.426404492493,5.43560146578423,0.991227378039368));
#9350=CARTESIAN_POINT('',(34.442404492493,5.43560146578424,0.991227378039368));
#9351=CARTESIAN_POINT('',(34.442404492493,13.6906014657842,0.991227378039368));
#9352=CARTESIAN_POINT('',(33.426404492493,13.6906014657842,0.991227378039368));
#9353=CARTESIAN_POINT('',(33.426404492493,13.6906014657842,0.991227378039368));
#9354=CARTESIAN_POINT('',(33.426404492493,5.43560146578423,0.991227378039368));
#9355=CARTESIAN_POINT('',(33.426404492493,5.43560146578423,0.991227378039368));
#9356=CARTESIAN_POINT('',(33.426404492493,5.43560146578423,0.000627378039366744));
#9357=CARTESIAN_POINT('',(33.426404492493,5.43560146578423,0.000627378039366744));
#9358=CARTESIAN_POINT('',(33.426404492493,13.6906014657842,0.000627378039366744));
#9359=CARTESIAN_POINT('',(33.426404492493,5.43560146578423,0.991227378039368));
#9360=CARTESIAN_POINT('',(33.426404492493,5.43560146578423,0.985186236024796));
#9361=CARTESIAN_POINT('',(33.426404492493,5.43560146578423,0.991227378039368));
#9362=CARTESIAN_POINT('',(33.426404492493,13.6906014657842,0.991227378039368));
#9363=CARTESIAN_POINT('',(33.426404492493,13.6906014657842,0.985186236024796));
#9364=CARTESIAN_POINT('',(33.426404492493,13.6906014657842,0.000627378039366744));
#9365=CARTESIAN_POINT('',(34.442404492493,5.43560146578424,0.991227378039368));
#9366=CARTESIAN_POINT('',(34.442404492493,5.43560146578423,0.985186236024796));
#9367=CARTESIAN_POINT('',(34.442404492493,5.43560146578424,0.985186236024789));
#9368=CARTESIAN_POINT('',(34.442404492493,5.43560146578424,0.991227378039368));
#9369=CARTESIAN_POINT('',(33.426404492493,13.6906014657842,0.991227378039368));
#9370=CARTESIAN_POINT('',(34.442404492493,13.6906014657842,0.985186236024796));
#9371=CARTESIAN_POINT('',(34.442404492493,13.6906014657842,0.985186236024796));
#9372=CARTESIAN_POINT('',(34.442404492493,13.6906014657842,0.991227378039368));
#9373=CARTESIAN_POINT('',(-33.426395507507,13.6906014657842,0.991227378039368));
#9374=CARTESIAN_POINT('',(-33.426395507507,5.43560146578424,0.991227378039368));
#9375=CARTESIAN_POINT('',(-33.426395507507,13.6906014657842,0.991227378039368));
#9376=CARTESIAN_POINT('',(-33.426395507507,5.43560146578424,0.991227378039368));
#9377=CARTESIAN_POINT('',(-33.426395507507,13.6906014657842,0.991227378039368));
#9378=CARTESIAN_POINT('',(-34.442395507507,13.6906014657842,0.991227378039368));
#9379=CARTESIAN_POINT('',(-34.442395507507,5.43560146578424,0.991227378039368));
#9380=CARTESIAN_POINT('',(-34.442395507507,5.43560146578424,0.991227378039368));
#9381=CARTESIAN_POINT('',(-34.442395507507,5.43560146578424,0.991227378039368));
#9382=CARTESIAN_POINT('',(-33.426395507507,5.43560146578424,0.991227378039368));
#9383=CARTESIAN_POINT('',(-33.426395507507,5.43560146578424,0.000627378039366744));
#9384=CARTESIAN_POINT('',(-33.426395507507,13.6906014657842,0.000627378039366744));
#9385=CARTESIAN_POINT('',(-33.426395507507,5.43560146578423,0.000627378039366744));
#9386=CARTESIAN_POINT('',(-33.426395507507,13.6906014657842,0.991227378039368));
#9387=CARTESIAN_POINT('',(-33.426395507507,13.6906014657842,0.985186236024796));
#9388=CARTESIAN_POINT('',(-33.426395507507,13.6906014657842,0.991227378039368));
#9389=CARTESIAN_POINT('',(-33.426395507507,5.43560146578424,0.991227378039368));
#9390=CARTESIAN_POINT('',(-33.426395507507,5.43560146578424,0.985186236024796));
#9391=CARTESIAN_POINT('',(-33.426395507507,5.43560146578424,0.991227378039368));
#9392=CARTESIAN_POINT('',(-34.442395507507,5.43560146578424,0.991227378039368));
#9393=CARTESIAN_POINT('',(34.442404492493,5.43560146578423,0.985186236024796));
#9394=CARTESIAN_POINT('',(-34.442395507507,5.43560146578424,0.985186236024796));
#9395=CARTESIAN_POINT('',(-34.442395507507,5.43560146578424,0.991227378039368));
#9396=CARTESIAN_POINT('',(-33.426395507507,13.6906014657842,0.991227378039368));
#9397=CARTESIAN_POINT('',(34.442404492493,13.6906014657842,0.985186236024796));
#9398=CARTESIAN_POINT('',(-34.442395507507,13.6906014657842,0.985186236024796));
#9399=CARTESIAN_POINT('',(-34.442395507507,13.6906014657842,0.991227378039368));
#9400=CARTESIAN_POINT('',(-33.426395507507,-5.43559853421577,0.991227378039368));
#9401=CARTESIAN_POINT('',(-34.442395507507,-5.43559853421577,0.991227378039368));
#9402=CARTESIAN_POINT('',(-34.442395507507,-5.43559853421577,0.991227378039368));
#9403=CARTESIAN_POINT('',(-33.426395507507,-5.43559853421577,0.991227378039368));
#9404=CARTESIAN_POINT('',(-34.442395507507,-5.43559853421577,0.991227378039368));
#9405=CARTESIAN_POINT('',(-34.442395507507,-13.6905985342158,0.991227378039368));
#9406=CARTESIAN_POINT('',(-33.426395507507,-13.6905985342158,0.991227378039368));
#9407=CARTESIAN_POINT('',(-33.426395507507,-13.6905985342158,0.991227378039368));
#9408=CARTESIAN_POINT('',(-33.426395507507,-5.43559853421577,0.991227378039368));
#9409=CARTESIAN_POINT('',(-33.426395507507,-5.43559853421577,0.991227378039368));
#9410=CARTESIAN_POINT('',(-33.426395507507,-5.43559853421577,0.000627378039366744));
#9411=CARTESIAN_POINT('',(-33.426395507507,-5.43559853421577,0.000627378039366744));
#9412=CARTESIAN_POINT('',(-33.426395507507,-13.6905985342158,0.000627378039366744));
#9413=CARTESIAN_POINT('',(-33.426395507507,-5.43559853421577,0.991227378039368));
#9414=CARTESIAN_POINT('',(-33.426395507507,-5.43559853421577,0.985186236024796));
#9415=CARTESIAN_POINT('',(-33.426395507507,-5.43559853421577,0.991227378039368));
#9416=CARTESIAN_POINT('',(-33.426395507507,-13.6905985342158,0.991227378039368));
#9417=CARTESIAN_POINT('',(-33.426395507507,-13.6905985342158,0.985186236024796));
#9418=CARTESIAN_POINT('',(-33.426395507507,-13.6905985342158,0.991227378039368));
#9419=CARTESIAN_POINT('',(-33.426395507507,-13.6905985342158,0.991227378039368));
#9420=CARTESIAN_POINT('',(34.442404492493,-13.6905985342158,0.985186236024796));
#9421=CARTESIAN_POINT('',(-34.442395507507,-13.6905985342158,0.985186236024796));
#9422=CARTESIAN_POINT('',(-34.442395507507,-13.6905985342158,0.991227378039368));
#9423=CARTESIAN_POINT('',(-34.442395507507,-5.43559853421577,0.991227378039368));
#9424=CARTESIAN_POINT('',(34.442404492493,-5.43559853421531,0.985186236025032));
#9425=CARTESIAN_POINT('',(-34.442395507507,-5.43559853421577,0.985186236024796));
#9426=CARTESIAN_POINT('',(-34.442395507507,-5.43559853421577,0.991227378039368));
#9427=CARTESIAN_POINT('',(27.622504492493,1.46578423010357E-6,-4.0948137639752));
#9428=CARTESIAN_POINT('',(27.622504492493,1.46578423010357E-6,0.000627378039359805));
#9429=CARTESIAN_POINT('',(27.622504492493,-1.58749853421577,0.000627378039359805));
#9430=CARTESIAN_POINT('',(27.622504492493,1.46578423010357E-6,0.985186236024803));
#9431=CARTESIAN_POINT('',(27.622504492493,-1.58749853421577,0.985186236024803));
#9432=CARTESIAN_POINT('',(-27.622495507507,1.46578423704247E-6,-4.0948137639752));
#9433=CARTESIAN_POINT('',(-27.622495507507,1.46578423010357E-6,0.000627378039359805));
#9434=CARTESIAN_POINT('',(-27.622495507507,-1.58749853421577,0.000627378039359805));
#9435=CARTESIAN_POINT('',(-27.622495507507,1.46578423010357E-6,0.985186236024803));
#9436=CARTESIAN_POINT('',(-27.622495507507,-1.58749853421577,0.985186236024803));
#9437=CARTESIAN_POINT('',(30.797504492493,-3.17499853421577,0.985186236024803));
#9438=CARTESIAN_POINT('',(24.447504492493,-3.17499853421577,0.985186236024803));
#9439=CARTESIAN_POINT('',(24.447504492493,-3.17499853421577,0.985186236024803));
#9440=CARTESIAN_POINT('',(30.797504492493,-3.17499853421577,0.985186236024803));
#9441=CARTESIAN_POINT('',(30.797504492493,3.17500146578422,0.98518623602481));
#9442=CARTESIAN_POINT('',(30.797504492493,3.17500146578422,0.98518623602481));
#9443=CARTESIAN_POINT('',(24.447504492493,3.17500146578422,0.98518623602481));
#9444=CARTESIAN_POINT('',(24.447504492493,3.17500146578422,0.98518623602481));
#9445=CARTESIAN_POINT('',(24.447504492493,-3.17499853421577,0.985186236024803));
#9446=CARTESIAN_POINT('',(30.797504492493,3.17500146578422,0.98518623602481));
#9447=CARTESIAN_POINT('',(30.797504492493,-0.647734716625374,7.11262737803937));
#9448=CARTESIAN_POINT('',(30.797504492493,0.647737648193827,7.11262737803936));
#9449=CARTESIAN_POINT('',(30.797504492493,-0.647734716625374,7.11262737803937));
#9450=CARTESIAN_POINT('',(30.797504492493,9.56310146578422,9.14462737803937));
#9451=CARTESIAN_POINT('',(30.797504492493,3.17500146578421,2.60208090208675));
#9452=CARTESIAN_POINT('',(30.797504492493,3.17500146578422,0.98518623602481));
#9453=CARTESIAN_POINT('',(30.797504492493,-3.17499853421577,0.985186236024803));
#9454=CARTESIAN_POINT('',(30.797504492493,-3.17499853421577,2.60208090208675));
#9455=CARTESIAN_POINT('',(30.797504492493,-9.56309853421578,9.14462737803937));
#9456=CARTESIAN_POINT('',(24.447504492493,-3.17499853421577,0.985186236024803));
#9457=CARTESIAN_POINT('',(24.447504492493,-3.17499853421577,0.985186236024803));
#9458=CARTESIAN_POINT('',(24.447504492493,-3.17499853421577,2.60208090208675));
#9459=CARTESIAN_POINT('',(24.447504492493,3.17500146578422,0.98518623602481));
#9460=CARTESIAN_POINT('',(24.447504492493,3.17500146578422,2.60208090208675));
#9461=CARTESIAN_POINT('',(24.447504492493,9.56310146578422,9.14462737803937));
#9462=CARTESIAN_POINT('',(24.447504492493,0.647737648193827,7.11262737803936));
#9463=CARTESIAN_POINT('',(24.447504492493,-0.647734716625374,7.11262737803937));
#9464=CARTESIAN_POINT('',(24.447504492493,-0.647734716625374,7.11262737803936));
#9465=CARTESIAN_POINT('',(24.447504492493,-9.56309853421578,9.14462737803937));
#9466=CARTESIAN_POINT('',(24.447504492493,3.17500146578422,0.98518623602481));
#9467=CARTESIAN_POINT('',(34.442404492493,3.17500146578422,2.60208090208675));
#9468=CARTESIAN_POINT('',(24.447504492493,-3.17499853421577,0.985186236024803));
#9469=CARTESIAN_POINT('',(34.442404492493,-3.17499853421577,2.60208090208675));
#9470=CARTESIAN_POINT('',(-24.447495507507,-3.17499853421577,0.985186236024803));
#9471=CARTESIAN_POINT('',(-30.797495507507,-3.17499853421577,0.985186236024803));
#9472=CARTESIAN_POINT('',(-30.797495507507,-3.17499853421577,0.985186236024803));
#9473=CARTESIAN_POINT('',(-24.447495507507,-3.17499853421577,0.985186236024803));
#9474=CARTESIAN_POINT('',(-24.447495507507,3.17500146578423,0.98518623602481));
#9475=CARTESIAN_POINT('',(-24.447495507507,3.17500146578423,0.98518623602481));
#9476=CARTESIAN_POINT('',(-30.797495507507,3.17500146578423,0.98518623602481));
#9477=CARTESIAN_POINT('',(-30.797495507507,3.17500146578423,0.98518623602481));
#9478=CARTESIAN_POINT('',(-30.797495507507,-3.17499853421577,0.985186236024803));
#9479=CARTESIAN_POINT('',(-24.447495507507,3.17500146578423,0.98518623602481));
#9480=CARTESIAN_POINT('',(-24.447495507507,-0.647734716625367,7.11262737803937));
#9481=CARTESIAN_POINT('',(-24.447495507507,0.647737648193834,7.11262737803936));
#9482=CARTESIAN_POINT('',(-24.447495507507,-0.647734716625367,7.11262737803937));
#9483=CARTESIAN_POINT('',(-24.447495507507,9.56310146578423,9.14462737803937));
#9484=CARTESIAN_POINT('',(-24.447495507507,3.17500146578423,2.60208090208675));
#9485=CARTESIAN_POINT('',(-24.447495507507,3.17500146578423,0.98518623602481));
#9486=CARTESIAN_POINT('',(-24.447495507507,-3.17499853421577,0.985186236024803));
#9487=CARTESIAN_POINT('',(-24.447495507507,-3.17499853421577,2.60208090208675));
#9488=CARTESIAN_POINT('',(-24.447495507507,-9.56309853421578,9.14462737803937));
#9489=CARTESIAN_POINT('',(-30.797495507507,-3.17499853421577,0.985186236024803));
#9490=CARTESIAN_POINT('',(-30.797495507507,-3.17499853421577,0.985186236024803));
#9491=CARTESIAN_POINT('',(-30.797495507507,-3.17499853421577,2.60208090208674));
#9492=CARTESIAN_POINT('',(-30.797495507507,3.17500146578423,0.98518623602481));
#9493=CARTESIAN_POINT('',(-30.797495507507,3.17500146578423,2.60208090208675));
#9494=CARTESIAN_POINT('',(-30.797495507507,9.56310146578423,9.14462737803937));
#9495=CARTESIAN_POINT('',(-30.797495507507,0.647737648193834,7.11262737803936));
#9496=CARTESIAN_POINT('',(-30.797495507507,-0.647734716625367,7.11262737803937));
#9497=CARTESIAN_POINT('',(-30.797495507507,-0.647734716625367,7.11262737803936));
#9498=CARTESIAN_POINT('',(-30.797495507507,-9.56309853421578,9.14462737803937));
#9499=CARTESIAN_POINT('',(-30.797495507507,3.17500146578423,0.98518623602481));
#9500=CARTESIAN_POINT('',(34.442404492493,3.17500146578422,2.60208090208675));
#9501=CARTESIAN_POINT('',(-30.797495507507,-3.17499853421577,0.985186236024803));
#9502=CARTESIAN_POINT('',(34.442404492493,-3.17499853421577,2.60208090208675));
#9503=CARTESIAN_POINT('',(20.9634787769287,17.2436871124473,3.65433169747802));
#9504=CARTESIAN_POINT('',(20.9634787769287,17.5111567449342,3.89375305429141));
#9505=CARTESIAN_POINT('',(20.9634787769287,17.5111567449342,3.89375305429141));
#9506=CARTESIAN_POINT('',(20.9634787769287,17.2436871124473,3.65433169747802));
#9507=CARTESIAN_POINT('',(20.9634787769287,17.2436871124473,3.65433169747802));
#9508=CARTESIAN_POINT('',(22.3096326230825,17.2436871124473,3.65433169747802));
#9509=CARTESIAN_POINT('',(22.3096326230825,17.2436871124473,3.65433169747802));
#9510=CARTESIAN_POINT('',(22.3096326230825,17.5111567449342,3.89375305429141));
#9511=CARTESIAN_POINT('',(22.3096326230825,17.5111567449342,3.89375305429141));
#9512=CARTESIAN_POINT('',(22.3096326230825,17.0029336105213,4.46151466416614));
#9513=CARTESIAN_POINT('',(34.442404492493,17.2474072289347,4.18840089628812));
#9514=CARTESIAN_POINT('',(22.3096326230825,17.2474072289347,4.18840089628812));
#9515=CARTESIAN_POINT('',(20.9634787769287,17.2474072289347,4.18840089628812));
#9516=CARTESIAN_POINT('',(20.9634787769287,17.0029336105213,4.46151466416614));
#9517=CARTESIAN_POINT('',(22.3096326230825,17.0029336105213,4.46151466416614));
#9518=CARTESIAN_POINT('',(22.3096326230825,16.7354639780344,4.22209330735275));
#9519=CARTESIAN_POINT('',(22.3096326230825,9.56310146578422,9.14462737803937));
#9520=CARTESIAN_POINT('',(22.3096326230825,17.0404575557818,3.88136965079708));
#9521=CARTESIAN_POINT('',(22.3096326230825,16.7354639780344,4.22209330735275));
#9522=CARTESIAN_POINT('',(20.9634787769287,16.7354639780344,4.22209330735275));
#9523=CARTESIAN_POINT('',(34.442404492493,17.0404575557818,3.88136965079708));
#9524=CARTESIAN_POINT('',(20.9634787769287,17.0404575557818,3.88136965079708));
#9525=CARTESIAN_POINT('',(20.9634787769287,16.7354639780344,4.22209330735275));
#9526=CARTESIAN_POINT('',(20.9634787769287,17.0029336105213,4.46151466416614));
#9527=CARTESIAN_POINT('',(20.9634787769287,9.56310146578422,9.14462737803937));
#9528=CARTESIAN_POINT('',(-20.836008127503,17.2597912727716,3.66874709065495));
#9529=CARTESIAN_POINT('',(-21.8680594095543,17.2597912727716,3.66874709065495));
#9530=CARTESIAN_POINT('',(-21.8680594095543,17.2597912727716,3.66874709065495));
#9531=CARTESIAN_POINT('',(-20.836008127503,17.2597912727716,3.66874709065495));
#9532=CARTESIAN_POINT('',(-20.836008127503,17.2597912727716,3.66874709065495));
#9533=CARTESIAN_POINT('',(-20.836008127503,16.4908160793717,2.98041068981645));
#9534=CARTESIAN_POINT('',(-20.836008127503,16.4908160793717,2.98041068981645));
#9535=CARTESIAN_POINT('',(-20.5219055634004,16.4908160793717,2.98041068981645));
#9536=CARTESIAN_POINT('',(-20.5219055634004,16.4908160793717,2.98041068981645));
#9537=CARTESIAN_POINT('',(-20.5219055634004,17.2597912727716,3.66874709065495));
#9538=CARTESIAN_POINT('',(-20.5219055634004,17.2597912727716,3.66874709065495));
#9539=CARTESIAN_POINT('',(-19.4898542813491,17.2597912727716,3.66874709065495));
#9540=CARTESIAN_POINT('',(-19.4898542813491,17.2597912727716,3.66874709065495));
#9541=CARTESIAN_POINT('',(-19.4898542813491,17.4938272011977,3.87824077786667));
#9542=CARTESIAN_POINT('',(-19.4898542813491,17.4938272011977,3.87824077786667));
#9543=CARTESIAN_POINT('',(-20.5219055634004,17.4938272011977,3.87824077786667));
#9544=CARTESIAN_POINT('',(-20.5219055634004,17.4938272011977,3.87824077786667));
#9545=CARTESIAN_POINT('',(-20.5219055634004,18.2628023945975,4.56657717870516));
#9546=CARTESIAN_POINT('',(-20.5219055634004,18.2628023945975,4.56657717870516));
#9547=CARTESIAN_POINT('',(-20.836008127503,18.2628023945975,4.56657717870516));
#9548=CARTESIAN_POINT('',(-20.836008127503,18.2628023945975,4.56657717870516));
#9549=CARTESIAN_POINT('',(-20.836008127503,17.4938272011977,3.87824077786667));
#9550=CARTESIAN_POINT('',(-20.836008127503,17.4938272011977,3.87824077786667));
#9551=CARTESIAN_POINT('',(-21.8680594095543,17.4938272011977,3.87824077786667));
#9552=CARTESIAN_POINT('',(-21.8680594095543,17.4938272011977,3.87824077786667));
#9553=CARTESIAN_POINT('',(-21.8680594095543,16.9856040667848,4.44600238774139));
#9554=CARTESIAN_POINT('',(-21.8680594095543,9.56310146578423,9.14462737803937));
#9555=CARTESIAN_POINT('',(-21.8680594095543,17.2343127556975,4.16815740972781));
#9556=CARTESIAN_POINT('',(-21.8680594095543,17.0532084081512,3.89953119284833));
#9557=CARTESIAN_POINT('',(-21.8680594095543,16.7515681383587,4.23650870052968));
#9558=CARTESIAN_POINT('',(-21.8680594095543,16.9856040667848,4.44600238774139));
#9559=CARTESIAN_POINT('',(-20.836008127503,16.9856040667848,4.44600238774139));
#9560=CARTESIAN_POINT('',(34.442404492493,17.2343127556975,4.16815740972781));
#9561=CARTESIAN_POINT('',(-20.836008127503,17.2343127556975,4.16815740972781));
#9562=CARTESIAN_POINT('',(-20.836008127503,16.9856040667848,4.44600238774139));
#9563=CARTESIAN_POINT('',(-20.836008127503,17.7545792601847,5.13433878857989));
#9564=CARTESIAN_POINT('',(-20.836008127503,9.56310146578423,9.14462737803937));
#9565=CARTESIAN_POINT('',(-20.836008127503,17.7715214233721,5.11541184646584));
#9566=CARTESIAN_POINT('',(-20.836008127503,17.7545792601847,5.13433878857989));
#9567=CARTESIAN_POINT('',(-20.5219055634004,17.7545792601847,5.13433878857989));
#9568=CARTESIAN_POINT('',(34.442404492493,17.7715214233721,5.11541184646584));
#9569=CARTESIAN_POINT('',(-20.5219055634004,17.7715214233721,5.11541184646584));
#9570=CARTESIAN_POINT('',(-20.5219055634004,17.7545792601847,5.13433878857989));
#9571=CARTESIAN_POINT('',(-20.5219055634004,16.9856040667848,4.44600238774139));
#9572=CARTESIAN_POINT('',(-20.5219055634004,9.56310146578423,9.14462737803937));
#9573=CARTESIAN_POINT('',(-20.5219055634004,17.2343127556975,4.16815740972781));
#9574=CARTESIAN_POINT('',(-20.5219055634004,16.9856040667848,4.44600238774139));
#9575=CARTESIAN_POINT('',(-19.4898542813491,16.9856040667848,4.44600238774139));
#9576=CARTESIAN_POINT('',(34.442404492493,17.2343127556975,4.16815740972781));
#9577=CARTESIAN_POINT('',(-19.4898542813491,17.2343127556975,4.16815740972781));
#9578=CARTESIAN_POINT('',(-19.4898542813491,16.9856040667848,4.44600238774139));
#9579=CARTESIAN_POINT('',(-19.4898542813491,16.7515681383587,4.23650870052968));
#9580=CARTESIAN_POINT('',(-19.4898542813491,9.56310146578423,9.14462737803937));
#9581=CARTESIAN_POINT('',(-19.4898542813491,17.0532084081512,3.89953119284833));
#9582=CARTESIAN_POINT('',(-19.4898542813491,16.7515681383587,4.23650870052968));
#9583=CARTESIAN_POINT('',(-20.5219055634004,16.7515681383587,4.23650870052968));
#9584=CARTESIAN_POINT('',(34.442404492493,17.0532084081512,3.89953119284833));
#9585=CARTESIAN_POINT('',(-20.5219055634004,17.0532084081512,3.89953119284833));
#9586=CARTESIAN_POINT('',(-20.5219055634004,16.7515681383587,4.23650870052968));
#9587=CARTESIAN_POINT('',(-20.5219055634004,15.9825929449588,3.54817229969118));
#9588=CARTESIAN_POINT('',(-20.5219055634004,9.56310146578423,9.14462737803937));
#9589=CARTESIAN_POINT('',(-20.5219055634004,16.4041307864803,3.07725118784172));
#9590=CARTESIAN_POINT('',(-20.5219055634004,15.9825929449588,3.54817229969118));
#9591=CARTESIAN_POINT('',(-20.836008127503,15.9825929449588,3.54817229969118));
#9592=CARTESIAN_POINT('',(34.442404492493,16.4041307864803,3.07725118784172));
#9593=CARTESIAN_POINT('',(-20.836008127503,16.4041307864803,3.07725118784172));
#9594=CARTESIAN_POINT('',(-20.836008127503,15.9825929449588,3.54817229969118));
#9595=CARTESIAN_POINT('',(-20.836008127503,16.7515681383587,4.23650870052968));
#9596=CARTESIAN_POINT('',(-20.836008127503,9.56310146578423,9.14462737803937));
#9597=CARTESIAN_POINT('',(-20.836008127503,17.0532084081512,3.89953119284833));
#9598=CARTESIAN_POINT('',(-20.836008127503,16.7515681383587,4.23650870052968));
#9599=CARTESIAN_POINT('',(-21.8680594095543,16.7515681383587,4.23650870052968));
#9600=CARTESIAN_POINT('',(34.442404492493,17.0532084081512,3.89953119284833));
#9601=CARTESIAN_POINT('',(37.269270875255,17.5180567724661,13.8944273780394));
#9602=CARTESIAN_POINT('',(38.2851161335339,-17.861785201018,13.9121590229797));
#9603=CARTESIAN_POINT('',(38.2748723506294,-17.6597110561742,14.4990249525321));
#9604=CARTESIAN_POINT('',(37.8562262009465,-17.5180538408977,14.9104273780394));
#9605=CARTESIAN_POINT('',(37.269270875255,-17.5180538408977,14.9104273780394));
#9606=CARTESIAN_POINT('',(38.2851161335339,-17.861785201018,13.9121590229797));
#9607=CARTESIAN_POINT('',(37.269270875255,-17.5180538408977,14.9104273780394));
#9608=CARTESIAN_POINT('',(38.2851161335339,-17.5180538408977,13.9121590229797));
#9609=CARTESIAN_POINT('',(38.2851161335339,-11.4680985342158,13.9121590229797));
#9610=CARTESIAN_POINT('',(37.269270875255,-11.4680985342158,13.8944273780394));
#9611=CARTESIAN_POINT('',(37.269270875255,-11.4680985342158,14.9104273780394));
#9612=CARTESIAN_POINT('',(37.269270875255,-11.4680985342158,14.9104273780394));
#9613=CARTESIAN_POINT('',(37.269270875255,17.5180567724661,13.8944273780394));
#9614=CARTESIAN_POINT('',(37.269270875255,-7.65809853421577,13.8944273780394));
#9615=CARTESIAN_POINT('',(38.2851161335339,-7.65809853421577,13.9121590229797));
#9616=CARTESIAN_POINT('',(37.269270875255,-7.65809853421577,14.9104273780394));
#9617=CARTESIAN_POINT('',(38.2851161335339,-7.65809853421577,13.9121590229797));
#9618=CARTESIAN_POINT('',(38.2851161335339,7.65810146578422,13.9121590229797));
#9619=CARTESIAN_POINT('',(37.269270875255,7.65810146578422,13.8944273780394));
#9620=CARTESIAN_POINT('',(37.269270875255,7.65810146578422,14.9104273780394));
#9621=CARTESIAN_POINT('',(37.269270875255,7.65810146578422,14.9104273780394));
#9622=CARTESIAN_POINT('',(37.269270875255,17.5180567724661,13.8944273780394));
#9623=CARTESIAN_POINT('',(37.269270875255,11.4681014657842,13.8944273780394));
#9624=CARTESIAN_POINT('',(38.2851161335339,11.4681014657842,13.9121590229797));
#9625=CARTESIAN_POINT('',(37.269270875255,11.4681014657842,14.9104273780394));
#9626=CARTESIAN_POINT('',(38.2851161335339,11.4681014657842,13.9121590229797));
#9627=CARTESIAN_POINT('',(38.2851161335339,17.8617881325864,13.9121590229797));
#9628=CARTESIAN_POINT('',(37.269270875255,17.5180567724661,14.9104273780394));
#9629=CARTESIAN_POINT('',(37.8562262009465,17.5180567724661,14.9104273780394));
#9630=CARTESIAN_POINT('',(38.2748723506294,17.6597139877426,14.4990249525321));
#9631=CARTESIAN_POINT('',(38.2851161335339,17.8617881325864,13.9121590229797));
#9632=CARTESIAN_POINT('',(37.269270875255,17.5180567724661,14.9104273780394));
#9633=CARTESIAN_POINT('',(37.269270875255,17.5180567724661,14.9104273780394));
#9634=CARTESIAN_POINT('',(-37.2692618902689,17.5180567724661,13.8944273780394));
#9635=CARTESIAN_POINT('',(-37.2692618902689,-11.4680985342158,13.8944273780394));
#9636=CARTESIAN_POINT('',(-38.2851071485478,-11.4680985342158,13.9121590229797));
#9637=CARTESIAN_POINT('',(-37.2692618902689,-11.4680985342158,14.9104273780394));
#9638=CARTESIAN_POINT('',(-38.2851071485478,17.5180567724661,13.9121590229797));
#9639=CARTESIAN_POINT('',(-38.2851071485478,-17.861785201018,13.9121590229797));
#9640=CARTESIAN_POINT('',(-37.2692618902689,-17.5180538408977,14.9104273780394));
#9641=CARTESIAN_POINT('',(-37.8562172159604,-17.5180538408977,14.9104273780394));
#9642=CARTESIAN_POINT('',(-38.2748633656433,-17.6597110561742,14.4990249525321));
#9643=CARTESIAN_POINT('',(-38.2851071485478,-17.861785201018,13.9121590229797));
#9644=CARTESIAN_POINT('',(-37.2692618902689,-17.5180538408977,14.9104273780394));
#9645=CARTESIAN_POINT('',(-37.2692618902689,17.5180567724661,14.9104273780394));
#9646=CARTESIAN_POINT('',(-37.2692618902689,17.5180567724661,13.8944273780394));
#9647=CARTESIAN_POINT('',(-37.2692618902689,7.65810146578424,13.8944273780394));
#9648=CARTESIAN_POINT('',(-38.2851071485478,7.65810146578424,13.9121590229797));
#9649=CARTESIAN_POINT('',(-37.2692618902689,7.65810146578424,14.9104273780394));
#9650=CARTESIAN_POINT('',(-38.2851071485478,17.5180567724661,13.9121590229797));
#9651=CARTESIAN_POINT('',(-38.2851071485478,-7.65809853421578,13.9121590229797));
#9652=CARTESIAN_POINT('',(-37.2692618902689,-7.65809853421578,13.8944273780394));
#9653=CARTESIAN_POINT('',(-37.2692618902689,-7.65809853421578,14.9104273780394));
#9654=CARTESIAN_POINT('',(-37.2692618902689,17.5180567724661,14.9104273780394));
#9655=CARTESIAN_POINT('',(-37.2692618902689,17.5180567724661,13.8944273780394));
#9656=CARTESIAN_POINT('',(-38.2851071485478,17.8617881325864,13.9121590229797));
#9657=CARTESIAN_POINT('',(-38.2748633656433,17.6597139877427,14.4990249525321));
#9658=CARTESIAN_POINT('',(-37.8562172159604,17.5180567724661,14.9104273780394));
#9659=CARTESIAN_POINT('',(-37.2692618902689,17.5180567724661,14.9104273780394));
#9660=CARTESIAN_POINT('',(-38.2851071485478,17.8617881325864,13.9121590229797));
#9661=CARTESIAN_POINT('',(-37.2692618902689,17.5180567724661,14.9104273780394));
#9662=CARTESIAN_POINT('',(-38.2851071485478,17.5180567724661,13.9121590229797));
#9663=CARTESIAN_POINT('',(-38.2851071485478,11.4681014657842,13.9121590229797));
#9664=CARTESIAN_POINT('',(-37.2692618902689,11.4681014657842,13.8944273780394));
#9665=CARTESIAN_POINT('',(-37.2692618902689,11.4681014657842,14.9104273780394));
#9666=CARTESIAN_POINT('',(-37.2692618902689,17.5180567724661,14.9104273780394));
#9667=CARTESIAN_POINT('',(38.557204492493,-17.5180538408977,-1.67577262196063));
#9668=CARTESIAN_POINT('',(38.557204492493,-11.4680985342158,-1.67577262196063));
#9669=CARTESIAN_POINT('',(38.5279428216473,-11.4680985342158,0.000627378039366744));
#9670=CARTESIAN_POINT('',(38.5265260065269,-22.6239608637308,0.0817966619260091));
#9671=CARTESIAN_POINT('',(38.3878414885074,-19.8881985342158,8.02702737803937));
#9672=CARTESIAN_POINT('',(38.557204492493,-19.8881985342158,-1.67577262196063));
#9673=CARTESIAN_POINT('',(38.5279428216473,-19.8881985342158,0.000627378039366744));
#9674=CARTESIAN_POINT('',(38.5279428216473,-17.5180538408977,0.000627378039366744));
#9675=CARTESIAN_POINT('',(38.557204492493,-17.5180538408977,-1.67577262196063));
#9676=CARTESIAN_POINT('',(38.557204492493,7.65810146578422,-1.67577262196063));
#9677=CARTESIAN_POINT('',(38.5279428216473,7.65810146578422,0.000627378039373683));
#9678=CARTESIAN_POINT('',(38.557204492493,-7.65809853421577,-1.67577262196063));
#9679=CARTESIAN_POINT('',(38.5279428216473,-7.65809853421577,0.000627378039366744));
#9680=CARTESIAN_POINT('',(38.5279428216473,-17.5180538408977,0.000627378039366744));
#9681=CARTESIAN_POINT('',(38.557204492493,-17.5180538408977,-1.67577262196063));
#9682=CARTESIAN_POINT('',(38.3383210480253,18.9113357164806,10.864051513196));
#9683=CARTESIAN_POINT('',(38.3878414885074,19.8882014657842,8.02702737803937));
#9684=CARTESIAN_POINT('',(38.557204492493,11.4681014657842,-1.67577262196063));
#9685=CARTESIAN_POINT('',(38.5279428216473,11.4681014657842,0.000627378039373683));
#9686=CARTESIAN_POINT('',(38.5279428216473,-17.5180538408977,0.000627378039366744));
#9687=CARTESIAN_POINT('',(38.5279428216473,19.8882014657842,0.000627378039366744));
#9688=CARTESIAN_POINT('',(38.557204492493,19.8882014657842,-1.67577262196063));
#9689=CARTESIAN_POINT('',(-38.2676823095945,17.5180567724661,14.9104273780394));
#9690=CARTESIAN_POINT('',(-38.3878786228883,-19.8891083086336,8.02438520127884));
#9691=CARTESIAN_POINT('',(-38.3878325035214,-19.8881985342158,8.02702737803937));
#9692=CARTESIAN_POINT('',(-38.2676823095945,-11.4680985342158,14.9104273780394));
#9693=CARTESIAN_POINT('',(-38.5279338366613,-11.4680985342158,0.000627378039366744));
#9694=CARTESIAN_POINT('',(-38.5279338366613,17.5180567724661,0.000627378039352866));
#9695=CARTESIAN_POINT('',(-38.5279338366613,-19.8881985342158,0.000627378039366744));
#9696=CARTESIAN_POINT('',(-38.2676823095945,-19.8881985342158,14.9104273780394));
#9697=CARTESIAN_POINT('',(-38.2676823095945,17.5180567724661,14.9104273780394));
#9698=CARTESIAN_POINT('',(-38.2676823095945,-7.65809853421578,14.9104273780394));
#9699=CARTESIAN_POINT('',(-38.5279338366613,-7.65809853421576,0.000627378039366744));
#9700=CARTESIAN_POINT('',(-38.2676823095945,7.65810146578424,14.9104273780394));
#9701=CARTESIAN_POINT('',(-38.5279338366613,7.65810146578424,0.000627378039366744));
#9702=CARTESIAN_POINT('',(-38.5279338366613,17.5180567724661,0.000627378039352866));
#9703=CARTESIAN_POINT('',(-38.2676823095945,17.5180567724661,14.9104273780394));
#9704=CARTESIAN_POINT('',(-38.2676823095945,11.4681014657842,14.9104273780394));
#9705=CARTESIAN_POINT('',(-38.5279338366613,11.4681014657842,0.000627378039373683));
#9706=CARTESIAN_POINT('',(-38.3878786228883,19.8891112402021,8.02438520127884));
#9707=CARTESIAN_POINT('',(-38.3878325035214,19.8882014657842,8.02702737803937));
#9708=CARTESIAN_POINT('',(-38.2676823095945,19.8882014657842,14.9104273780394));
#9709=CARTESIAN_POINT('',(-38.5279338366613,19.8882014657842,0.000627378039366744));
#9710=CARTESIAN_POINT('',(-38.5279338366613,17.5180567724661,0.000627378039352866));
#9711=CARTESIAN_POINT('',(-18.2100507760454,-17.3900094520673,3.65697437707704));
#9712=CARTESIAN_POINT('',(-18.2100507760454,-17.1689860820216,3.37411175972593));
#9713=CARTESIAN_POINT('',(-18.2100507760454,-17.1689860820216,3.37411175972593));
#9714=CARTESIAN_POINT('',(-18.2100507760454,-17.3900094520673,3.65697437707704));
#9715=CARTESIAN_POINT('',(-19.5562046221993,-17.1689860820216,3.37411175972593));
#9716=CARTESIAN_POINT('',(-19.5562046221993,-17.1689860820216,3.37411175972593));
#9717=CARTESIAN_POINT('',(-19.5562046221993,-17.3900094520673,3.65697437707704));
#9718=CARTESIAN_POINT('',(-19.5562046221993,-17.3900094520673,3.65697437707704));
#9719=CARTESIAN_POINT('',(-18.2100507760454,-17.3900094520673,3.65697437707704));
#9720=CARTESIAN_POINT('',(-19.5562046221993,-17.1689860820216,3.37411175972593));
#9721=CARTESIAN_POINT('',(34.442404492493,-16.8512680419426,3.62237048192882));
#9722=CARTESIAN_POINT('',(-18.2100507760454,-16.8512680419426,3.62237048192882));
#9723=CARTESIAN_POINT('',(-19.5562046221993,-16.8512680419426,3.62237048192882));
#9724=CARTESIAN_POINT('',(-19.5562046221993,-17.1689860820216,3.37411175972593));
#9725=CARTESIAN_POINT('',(-18.2100507760454,-17.1689860820216,3.37411175972593));
#9726=CARTESIAN_POINT('',(-19.5562046221993,-17.3900094520673,3.65697437707704));
#9727=CARTESIAN_POINT('',(-19.5562046221993,-9.56309853421578,9.14462737803937));
#9728=CARTESIAN_POINT('',(-19.5562046221993,-17.0625247697064,3.91286456437556));
#9729=CARTESIAN_POINT('',(-19.5562046221993,-17.3900094520673,3.65697437707704));
#9730=CARTESIAN_POINT('',(-18.2100507760454,-17.3900094520673,3.65697437707704));
#9731=CARTESIAN_POINT('',(34.442404492493,-17.0625247697064,3.91286456437556));
#9732=CARTESIAN_POINT('',(-18.2100507760454,-17.0625247697064,3.91286456437556));
#9733=CARTESIAN_POINT('',(-18.2100507760454,-17.3900094520673,3.65697437707704));
#9734=CARTESIAN_POINT('',(-18.2100507760454,-17.1689860820216,3.37411175972593));
#9735=CARTESIAN_POINT('',(-18.2100507760454,-9.56309853421578,9.14462737803937));
#9736=CARTESIAN_POINT('',(20.5104264352187,-17.6641121469622,4.00776717190667));
#9737=CARTESIAN_POINT('',(21.54247771727,-17.6641121469622,4.00776717190667));
#9738=CARTESIAN_POINT('',(21.54247771727,-17.6641121469622,4.00776717190667));
#9739=CARTESIAN_POINT('',(20.5104264352187,-17.6641121469622,4.00776717190667));
#9740=CARTESIAN_POINT('',(21.54247771727,-17.4707166981722,3.76026238172444));
#9741=CARTESIAN_POINT('',(21.54247771727,-17.4707166981722,3.76026238172444));
#9742=CARTESIAN_POINT('',(20.5104264352187,-17.4707166981722,3.76026238172444));
#9743=CARTESIAN_POINT('',(20.5104264352187,-17.4707166981722,3.76026238172444));
#9744=CARTESIAN_POINT('',(20.5104264352187,-16.835274509291,2.94703235683998));
#9745=CARTESIAN_POINT('',(20.5104264352187,-16.835274509291,2.94703235683998));
#9746=CARTESIAN_POINT('',(20.1963238711161,-16.835274509291,2.94703235683998));
#9747=CARTESIAN_POINT('',(20.1963238711161,-16.835274509291,2.94703235683998));
#9748=CARTESIAN_POINT('',(20.1963238711161,-17.4707166981722,3.76026238172444));
#9749=CARTESIAN_POINT('',(20.1963238711161,-17.4707166981722,3.76026238172444));
#9750=CARTESIAN_POINT('',(19.1642725890648,-17.4707166981722,3.76026238172444));
#9751=CARTESIAN_POINT('',(19.1642725890648,-17.4707166981722,3.76026238172444));
#9752=CARTESIAN_POINT('',(19.1642725890648,-17.6641121469622,4.00776717190667));
#9753=CARTESIAN_POINT('',(19.1642725890648,-17.6641121469622,4.00776717190667));
#9754=CARTESIAN_POINT('',(20.1963238711161,-17.6641121469622,4.00776717190667));
#9755=CARTESIAN_POINT('',(20.1963238711161,-17.6641121469622,4.00776717190667));
#9756=CARTESIAN_POINT('',(20.1963238711161,-18.2995543358434,4.82099719679112));
#9757=CARTESIAN_POINT('',(20.1963238711161,-18.2995543358434,4.82099719679112));
#9758=CARTESIAN_POINT('',(20.5104264352187,-18.2995543358434,4.82099719679112));
#9759=CARTESIAN_POINT('',(20.5104264352187,-18.2995543358434,4.82099719679112));
#9760=CARTESIAN_POINT('',(20.5104264352187,-17.6641121469622,4.00776717190667));
#9761=CARTESIAN_POINT('',(21.54247771727,-17.4707166981722,3.76026238172444));
#9762=CARTESIAN_POINT('',(21.54247771727,-9.56309853421578,9.14462737803937));
#9763=CARTESIAN_POINT('',(21.54247771727,-17.309006439281,4.28523989336107));
#9764=CARTESIAN_POINT('',(21.54247771727,-17.136888661725,4.02110914303293));
#9765=CARTESIAN_POINT('',(21.54247771727,-17.4707166981722,3.76026238172444));
#9766=CARTESIAN_POINT('',(21.54247771727,-17.6641121469622,4.00776717190667));
#9767=CARTESIAN_POINT('',(20.5104264352187,-17.4707166981722,3.76026238172444));
#9768=CARTESIAN_POINT('',(34.442404492493,-17.136888661725,4.02110914303293));
#9769=CARTESIAN_POINT('',(20.5104264352187,-17.136888661725,4.02110914303293));
#9770=CARTESIAN_POINT('',(20.5104264352187,-17.4707166981722,3.76026238172444));
#9771=CARTESIAN_POINT('',(20.5104264352187,-16.835274509291,2.94703235683998));
#9772=CARTESIAN_POINT('',(20.5104264352187,-9.56309853421578,9.14462737803937));
#9773=CARTESIAN_POINT('',(20.5104264352187,-16.5112471640383,3.20022104789208));
#9774=CARTESIAN_POINT('',(20.5104264352187,-16.835274509291,2.94703235683998));
#9775=CARTESIAN_POINT('',(20.1963238711161,-16.835274509291,2.94703235683998));
#9776=CARTESIAN_POINT('',(34.442404492493,-16.5112471640383,3.20022104789208));
#9777=CARTESIAN_POINT('',(20.1963238711161,-16.5112471640383,3.20022104789208));
#9778=CARTESIAN_POINT('',(20.1963238711161,-16.835274509291,2.94703235683998));
#9779=CARTESIAN_POINT('',(20.1963238711161,-17.4707166981722,3.76026238172444));
#9780=CARTESIAN_POINT('',(20.1963238711161,-9.56309853421578,9.14462737803937));
#9781=CARTESIAN_POINT('',(20.1963238711161,-17.136888661725,4.02110914303293));
#9782=CARTESIAN_POINT('',(20.1963238711161,-17.4707166981722,3.76026238172444));
#9783=CARTESIAN_POINT('',(19.1642725890648,-17.4707166981722,3.76026238172444));
#9784=CARTESIAN_POINT('',(34.442404492493,-17.136888661725,4.02110914303293));
#9785=CARTESIAN_POINT('',(19.1642725890648,-17.136888661725,4.02110914303293));
#9786=CARTESIAN_POINT('',(19.1642725890648,-17.4707166981722,3.76026238172444));
#9787=CARTESIAN_POINT('',(19.1642725890648,-17.6641121469622,4.00776717190667));
#9788=CARTESIAN_POINT('',(19.1642725890648,-9.56309853421578,9.14462737803937));
#9789=CARTESIAN_POINT('',(19.1642725890648,-17.309006439281,4.28523989336107));
#9790=CARTESIAN_POINT('',(19.1642725890648,-17.6641121469622,4.00776717190667));
#9791=CARTESIAN_POINT('',(20.1963238711161,-17.6641121469622,4.00776717190667));
#9792=CARTESIAN_POINT('',(34.442404492493,-17.309006439281,4.28523989336107));
#9793=CARTESIAN_POINT('',(20.1963238711161,-17.309006439281,4.28523989336107));
#9794=CARTESIAN_POINT('',(20.1963238711161,-17.6641121469622,4.00776717190667));
#9795=CARTESIAN_POINT('',(20.1963238711161,-18.2995543358434,4.82099719679112));
#9796=CARTESIAN_POINT('',(20.1963238711161,-9.56309853421578,9.14462737803937));
#9797=CARTESIAN_POINT('',(20.1963238711161,-17.8130483207728,5.20114357316747));
#9798=CARTESIAN_POINT('',(20.1963238711161,-18.2995543358434,4.82099719679112));
#9799=CARTESIAN_POINT('',(20.5104264352187,-18.2995543358434,4.82099719679112));
#9800=CARTESIAN_POINT('',(34.442404492493,-17.8130483207729,5.20114357316747));
#9801=CARTESIAN_POINT('',(20.5104264352187,-17.8130483207728,5.20114357316747));
#9802=CARTESIAN_POINT('',(20.5104264352187,-18.2995543358434,4.82099719679112));
#9803=CARTESIAN_POINT('',(20.5104264352187,-17.6641121469622,4.00776717190667));
#9804=CARTESIAN_POINT('',(20.5104264352187,-9.56309853421578,9.14462737803937));
#9805=CARTESIAN_POINT('',(20.5104264352187,-17.309006439281,4.28523989336107));
#9806=CARTESIAN_POINT('',(20.5104264352187,-17.6641121469622,4.00776717190667));
#9807=CARTESIAN_POINT('',(21.54247771727,-17.6641121469622,4.00776717190667));
#9808=CARTESIAN_POINT('',(34.442404492493,-17.309006439281,4.28523989336107));
#9809=CARTESIAN_POINT('',(-34.442396873925,-12.8650985342158,11.7354273780394));
#9810=CARTESIAN_POINT('',(-34.442396873925,-6.26109853421579,11.7354273780394));
#9811=CARTESIAN_POINT('',(-34.442396873925,-6.76909853421578,11.7354273780394));
#9812=CARTESIAN_POINT('',(-34.442396873925,-6.26109853421579,11.7354273780394));
#9813=CARTESIAN_POINT('',(-35.636196873925,-6.26109853421579,11.7354273780394));
#9814=CARTESIAN_POINT('',(-35.636195507507,-6.76909853421578,11.7354273780394));
#9815=CARTESIAN_POINT('',(-34.442396873925,-12.8650985342158,11.7354273780394));
#9816=CARTESIAN_POINT('',(-35.636195507507,-12.3570985342158,11.7354273780394));
#9817=CARTESIAN_POINT('',(-34.442396873925,-12.3570985342158,11.7354273780394));
#9818=CARTESIAN_POINT('',(-35.636196873925,-12.8650985342158,11.7354273780394));
#9819=CARTESIAN_POINT('',(-34.442396873925,-12.8650985342158,11.7354273780394));
#9820=CARTESIAN_POINT('',(-34.442396873925,-6.26109853421579,11.7354273780394));
#9821=CARTESIAN_POINT('',(-35.636196873925,6.26110146578426,11.7354273780394));
#9822=CARTESIAN_POINT('',(-35.636195507507,6.76910146578424,11.7354273780394));
#9823=CARTESIAN_POINT('',(-34.442396873925,6.76910146578424,11.7354273780394));
#9824=CARTESIAN_POINT('',(-35.636195507507,6.76910146578424,11.7354273780394));
#9825=CARTESIAN_POINT('',(-35.636196873925,12.8651014657842,11.7354273780394));
#9826=CARTESIAN_POINT('',(-35.636195507507,6.26110146578424,11.7354273780394));
#9827=CARTESIAN_POINT('',(-35.636196873925,6.26110146578426,11.7354273780394));
#9828=CARTESIAN_POINT('',(-34.442396873925,6.26110146578426,11.7354273780394));
#9829=CARTESIAN_POINT('',(-34.442396873925,6.26110146578426,11.7354273780394));
#9830=CARTESIAN_POINT('',(-35.636196873925,6.26110146578426,11.7354273780394));
#9831=CARTESIAN_POINT('',(-35.636195507507,12.3571014657842,11.7354273780394));
#9832=CARTESIAN_POINT('',(-35.636195507507,12.3571014657842,11.7354273780394));
#9833=CARTESIAN_POINT('',(-34.442396873925,12.3571014657842,11.7354273780394));
#9834=CARTESIAN_POINT('',(-34.442396873925,6.26110146578426,11.7354273780394));
#9835=CARTESIAN_POINT('',(-34.442396873925,12.8651014657842,11.7354273780394));
#9836=CARTESIAN_POINT('',(-35.636196873925,12.8651014657842,11.7354273780394));
#9837=CARTESIAN_POINT('',(-35.636196873925,12.8651014657842,11.7354273780394));
#9838=CARTESIAN_POINT('',(-35.636196873925,12.8651014657842,11.7354273780394));
#9839=CARTESIAN_POINT('',(35.636205858911,-6.26109853421578,11.7354273780394));
#9840=CARTESIAN_POINT('',(35.636204492493,-6.76909853421577,11.7354273780394));
#9841=CARTESIAN_POINT('',(34.442405858911,-6.76909853421577,11.7354273780394));
#9842=CARTESIAN_POINT('',(35.636204492493,-6.76909853421577,11.7354273780394));
#9843=CARTESIAN_POINT('',(35.636205858911,-12.8650985342158,11.7354273780394));
#9844=CARTESIAN_POINT('',(35.636204492493,-6.26109853421577,11.7354273780394));
#9845=CARTESIAN_POINT('',(35.636205858911,-6.26109853421578,11.7354273780394));
#9846=CARTESIAN_POINT('',(34.442405858911,-6.26109853421578,11.7354273780394));
#9847=CARTESIAN_POINT('',(34.442405858911,-6.26109853421578,11.7354273780394));
#9848=CARTESIAN_POINT('',(35.636205858911,-6.26109853421578,11.7354273780394));
#9849=CARTESIAN_POINT('',(35.636204492493,-12.3570985342158,11.7354273780394));
#9850=CARTESIAN_POINT('',(35.636204492493,-12.3570985342158,11.7354273780394));
#9851=CARTESIAN_POINT('',(34.442405858911,-12.3570985342158,11.7354273780394));
#9852=CARTESIAN_POINT('',(34.442405858911,-6.26109853421578,11.7354273780394));
#9853=CARTESIAN_POINT('',(34.442405858911,-12.8650985342158,11.7354273780394));
#9854=CARTESIAN_POINT('',(35.636205858911,-12.8650985342158,11.7354273780394));
#9855=CARTESIAN_POINT('',(35.636205858911,-12.8650985342158,11.7354273780394));
#9856=CARTESIAN_POINT('',(35.636204492493,-6.26109853421578,11.7354273780394));
#9857=CARTESIAN_POINT('',(34.442405858911,12.8651014657842,11.7354273780394));
#9858=CARTESIAN_POINT('',(34.442405858911,6.26110146578423,11.7354273780394));
#9859=CARTESIAN_POINT('',(34.442405858911,6.76910146578423,11.7354273780394));
#9860=CARTESIAN_POINT('',(34.442405858911,6.26110146578423,11.7354273780394));
#9861=CARTESIAN_POINT('',(35.636205858911,6.26110146578423,11.7354273780394));
#9862=CARTESIAN_POINT('',(35.636204492493,6.26110146578422,11.7354273780394));
#9863=CARTESIAN_POINT('',(35.636205858911,12.8651014657842,11.7354273780394));
#9864=CARTESIAN_POINT('',(35.636205858911,6.76910146578422,11.7354273780394));
#9865=CARTESIAN_POINT('',(35.636204492493,6.76910146578422,11.7354273780394));
#9866=CARTESIAN_POINT('',(34.442405858911,12.8651014657842,11.7354273780394));
#9867=CARTESIAN_POINT('',(35.636205858911,12.8651014657842,11.7354273780394));
#9868=CARTESIAN_POINT('',(35.636204492493,12.3571014657842,11.7354273780394));
#9869=CARTESIAN_POINT('',(35.636204492493,12.8651014657842,11.7354273780394));
#9870=CARTESIAN_POINT('',(35.636205858911,12.8651014657842,11.7354273780394));
#9871=CARTESIAN_POINT('',(34.442405858911,12.8651014657842,11.7354273780394));
#9872=CARTESIAN_POINT('',(34.442405858911,6.26110146578423,11.7354273780394));
#9873=CARTESIAN_POINT('',(34.442405858911,12.3571014657842,11.7354273780394));
#9874=CARTESIAN_POINT('',(35.636204492493,12.3571014657842,11.7354273780394));
#9875=CARTESIAN_POINT('',(35.864804492493,-17.5005985342158,-0.786772621960634));
#9876=CARTESIAN_POINT('',(35.864804492493,-17.5005985342158,-0.786772621960634));
#9877=CARTESIAN_POINT('',(35.864804492493,-18.2879985342158,-0.786772621960634));
#9878=CARTESIAN_POINT('',(35.864804492493,-17.5005985342158,-1.57417262196063));
#9879=CARTESIAN_POINT('',(35.864804492493,-17.5005985342158,0.000627378039366744));
#9880=CARTESIAN_POINT('',(35.864804492493,-18.2879985342158,0.000627378039366744));
#9881=CARTESIAN_POINT('',(35.636204492493,6.76910146578423,3.81062737803937));
#9882=CARTESIAN_POINT('',(34.442404492493,6.76910146578423,3.81062737803937));
#9883=CARTESIAN_POINT('',(34.442404492493,12.3571014657842,3.81062737803937));
#9884=CARTESIAN_POINT('',(34.442404492493,6.76910146578423,3.81062737803937));
#9885=CARTESIAN_POINT('',(35.636204492493,6.76910146578423,3.81062737803937));
#9886=CARTESIAN_POINT('',(35.636204492493,6.76910146578422,3.81062737803937));
#9887=CARTESIAN_POINT('',(35.636204492493,6.76910146578423,3.81062737803937));
#9888=CARTESIAN_POINT('',(35.636204492493,12.3571014657842,3.81062737803937));
#9889=CARTESIAN_POINT('',(35.636204492493,12.3571014657842,3.81062737803937));
#9890=CARTESIAN_POINT('',(35.636204492493,-6.76909853421577,3.81062737803937));
#9891=CARTESIAN_POINT('',(34.442404492493,-6.76909853421577,3.81062737803937));
#9892=CARTESIAN_POINT('',(34.442404492493,-6.76909853421577,3.81062737803937));
#9893=CARTESIAN_POINT('',(34.442404492493,-12.3570985342158,3.81062737803937));
#9894=CARTESIAN_POINT('',(35.636204492493,-12.3570985342158,3.81062737803937));
#9895=CARTESIAN_POINT('',(35.636204492493,-12.3570985342158,3.81062737803937));
#9896=CARTESIAN_POINT('',(35.636204492493,-6.76909853421577,3.81062737803937));
#9897=CARTESIAN_POINT('',(35.636204492493,-6.76909853421577,3.81062737803937));
#9898=CARTESIAN_POINT('',(35.636204492493,-6.76909853421577,3.81062737803937));
#9899=CARTESIAN_POINT('',(-35.636195507507,6.76910146578424,3.81062737803937));
#9900=CARTESIAN_POINT('',(-34.442395507507,6.76910146578424,3.81062737803937));
#9901=CARTESIAN_POINT('',(-34.442395507507,12.3571014657842,3.81062737803937));
#9902=CARTESIAN_POINT('',(-34.442395507507,6.76910146578424,3.81062737803937));
#9903=CARTESIAN_POINT('',(-35.636195507507,12.3571014657842,3.81062737803937));
#9904=CARTESIAN_POINT('',(-35.636195507507,12.3571014657842,3.81062737803937));
#9905=CARTESIAN_POINT('',(-35.636195507507,6.76910146578424,3.81062737803937));
#9906=CARTESIAN_POINT('',(-35.636195507507,6.76910146578424,3.81062737803937));
#9907=CARTESIAN_POINT('',(-35.636195507507,6.76910146578424,3.81062737803937));
#9908=CARTESIAN_POINT('',(-35.636195507507,-6.76909853421577,3.81062737803937));
#9909=CARTESIAN_POINT('',(-34.442395507507,-6.76909853421577,3.81062737803937));
#9910=CARTESIAN_POINT('',(-34.442395507507,-6.76909853421578,3.81062737803937));
#9911=CARTESIAN_POINT('',(-34.442395507507,-12.3570985342158,3.81062737803937));
#9912=CARTESIAN_POINT('',(-35.636195507507,-6.76909853421577,3.81062737803937));
#9913=CARTESIAN_POINT('',(-35.636195507507,-12.3570985342158,3.81062737803937));
#9914=CARTESIAN_POINT('',(-36.017195507507,-11.4680985342158,0.838827378039364));
#9915=CARTESIAN_POINT('',(-36.017195507507,-11.4680985342158,14.9104273780394));
#9916=CARTESIAN_POINT('',(-36.017195507507,-11.4680985342158,14.9104273780394));
#9917=CARTESIAN_POINT('',(-36.017195507507,-12.8650985342158,14.9104273780394));
#9918=CARTESIAN_POINT('',(-36.017195507507,-12.8650985342158,0.838827378039364));
#9919=CARTESIAN_POINT('',(-36.017195507507,-12.8650985342158,0.838827378039364));
#9920=CARTESIAN_POINT('',(-36.017195507507,-11.4680985342158,0.838827378039364));
#9921=CARTESIAN_POINT('',(-36.017196873925,-11.4680985342158,0.838827378039371));
#9922=CARTESIAN_POINT('',(-36.017195507507,-11.4680985342158,0.838827378039364));
#9923=CARTESIAN_POINT('',(-36.017195507507,-12.8650985342158,0.838827378039364));
#9924=CARTESIAN_POINT('',(-36.017195507507,-12.8650985342158,14.9104273780394));
#9925=CARTESIAN_POINT('',(-34.442396873925,-12.8650985342158,14.9104273780394));
#9926=CARTESIAN_POINT('',(-34.442396873925,-12.8650985342158,11.7354273780394));
#9927=CARTESIAN_POINT('',(-36.017195507507,-12.8650985342158,0.838827378039364));
#9928=CARTESIAN_POINT('',(-35.636195507507,-12.3570985342158,0.838827378039364));
#9929=CARTESIAN_POINT('',(-34.442395507507,-12.3570985342158,0.838827378039364));
#9930=CARTESIAN_POINT('',(-35.636195507507,-6.76909853421578,0.838827378039364));
#9931=CARTESIAN_POINT('',(-34.442395507507,-6.76909853421578,0.838827378039364));
#9932=CARTESIAN_POINT('',(-36.017195507507,-6.26109853421578,0.838827378039364));
#9933=CARTESIAN_POINT('',(-36.017195507507,-6.26109853421578,14.9104273780394));
#9934=CARTESIAN_POINT('',(-34.442396873925,-6.26109853421579,14.9104273780394));
#9935=CARTESIAN_POINT('',(-36.017195507507,-6.26109853421578,14.9104273780394));
#9936=CARTESIAN_POINT('',(-36.017195507507,-6.26109853421578,0.838827378039364));
#9937=CARTESIAN_POINT('',(-36.017195507507,-6.26109853421578,0.838827378039364));
#9938=CARTESIAN_POINT('',(-36.017195507507,-6.26109853421578,0.838827378039364));
#9939=CARTESIAN_POINT('',(-34.442396873925,-6.26109853421579,11.7354273780394));
#9940=CARTESIAN_POINT('',(-36.017195507507,-7.65809853421578,0.838827378039364));
#9941=CARTESIAN_POINT('',(-36.017195507507,-7.65809853421578,14.9104273780394));
#9942=CARTESIAN_POINT('',(-36.017195507507,-7.65809853421578,14.9104273780394));
#9943=CARTESIAN_POINT('',(-36.017195507507,-7.65809853421578,0.838827378039364));
#9944=CARTESIAN_POINT('',(-36.017196873925,-7.65809853421576,0.838827378039371));
#9945=CARTESIAN_POINT('',(-36.017195507507,-7.65809853421578,0.838827378039364));
#9946=CARTESIAN_POINT('',(-35.636195507507,12.3571014657842,0.838827378039364));
#9947=CARTESIAN_POINT('',(-31.7350829431223,11.4681014657842,0.838827378039371));
#9948=CARTESIAN_POINT('',(-35.636195507507,11.4681014657842,0.838827378039371));
#9949=CARTESIAN_POINT('',(-36.017195507507,11.4681014657842,0.838827378039364));
#9950=CARTESIAN_POINT('',(-35.636195507507,12.8651014657842,0.838827378039364));
#9951=CARTESIAN_POINT('',(-35.636195507507,12.8651014657842,0.838827378039364));
#9952=CARTESIAN_POINT('',(-36.017195507507,12.8651014657842,0.838827378039364));
#9953=CARTESIAN_POINT('',(-36.017195507507,12.8651014657842,0.838827378039364));
#9954=CARTESIAN_POINT('',(-36.017195507507,11.4681014657842,0.838827378039364));
#9955=CARTESIAN_POINT('',(-36.017195507507,12.8651014657842,0.838827378039364));
#9956=CARTESIAN_POINT('',(-36.017195507507,12.8651014657842,14.9104273780394));
#9957=CARTESIAN_POINT('',(-34.442396873925,12.8651014657842,14.9104273780394));
#9958=CARTESIAN_POINT('',(-36.017195507507,12.8651014657842,14.9104273780394));
#9959=CARTESIAN_POINT('',(-36.017195507507,12.8651014657842,0.838827378039364));
#9960=CARTESIAN_POINT('',(-35.636195507507,12.8651014657842,0.838827378039364));
#9961=CARTESIAN_POINT('',(-34.442396873925,12.8651014657842,11.7354273780394));
#9962=CARTESIAN_POINT('',(-36.017195507507,11.4681014657842,0.838827378039364));
#9963=CARTESIAN_POINT('',(-36.017195507507,11.4681014657842,14.9104273780394));
#9964=CARTESIAN_POINT('',(-36.017195507507,11.4681014657842,14.9104273780394));
#9965=CARTESIAN_POINT('',(-36.017195507507,11.4681014657842,0.838827378039364));
#9966=CARTESIAN_POINT('',(-36.017195507507,7.65810146578424,0.838827378039364));
#9967=CARTESIAN_POINT('',(-36.017195507507,7.65810146578424,14.9104273780394));
#9968=CARTESIAN_POINT('',(-36.017195507507,7.65810146578424,14.9104273780394));
#9969=CARTESIAN_POINT('',(-36.017195507507,6.26110146578424,14.9104273780394));
#9970=CARTESIAN_POINT('',(-36.017195507507,6.26110146578424,0.838827378039364));
#9971=CARTESIAN_POINT('',(-36.017195507507,6.26110146578424,0.838827378039364));
#9972=CARTESIAN_POINT('',(-36.017195507507,7.65810146578424,0.838827378039364));
#9973=CARTESIAN_POINT('',(-36.017196873925,7.65810146578423,0.838827378039364));
#9974=CARTESIAN_POINT('',(-36.017195507507,7.65810146578424,0.838827378039364));
#9975=CARTESIAN_POINT('',(-36.017195507507,6.26110146578424,0.838827378039364));
#9976=CARTESIAN_POINT('',(-36.017195507507,6.26110146578424,14.9104273780394));
#9977=CARTESIAN_POINT('',(-34.442396873925,6.26110146578426,14.9104273780394));
#9978=CARTESIAN_POINT('',(-34.442396873925,6.26110146578426,11.7354273780394));
#9979=CARTESIAN_POINT('',(-35.636195507507,6.26110146578424,0.838827378039364));
#9980=CARTESIAN_POINT('',(-35.636195507507,6.26110146578424,0.838827378039364));
#9981=CARTESIAN_POINT('',(-36.017195507507,6.26110146578424,0.838827378039364));
#9982=CARTESIAN_POINT('',(36.017204492493,-12.8650985342158,0.838827378039364));
#9983=CARTESIAN_POINT('',(36.017204492493,-12.8650985342158,14.9104273780394));
#9984=CARTESIAN_POINT('',(34.442405858911,-12.8650985342158,14.9104273780394));
#9985=CARTESIAN_POINT('',(36.017204492493,-12.8650985342158,14.9104273780394));
#9986=CARTESIAN_POINT('',(36.017204492493,-12.8650985342158,0.838827378039364));
#9987=CARTESIAN_POINT('',(36.017204492493,-12.8650985342158,0.838827378039364));
#9988=CARTESIAN_POINT('',(36.017204492493,-12.8650985342158,0.838827378039364));
#9989=CARTESIAN_POINT('',(35.636204492493,-12.8650985342158,0.838827378039364));
#9990=CARTESIAN_POINT('',(35.636204492493,-12.8650985342158,0.838827378039364));
#9991=CARTESIAN_POINT('',(34.442405858911,-12.8650985342158,11.7354273780394));
#9992=CARTESIAN_POINT('',(36.017204492493,-11.4680985342158,0.838827378039364));
#9993=CARTESIAN_POINT('',(36.017204492493,-11.4680985342158,14.9104273780394));
#9994=CARTESIAN_POINT('',(36.017204492493,-11.4680985342158,14.9104273780394));
#9995=CARTESIAN_POINT('',(36.017204492493,-11.4680985342158,0.838827378039364));
#9996=CARTESIAN_POINT('',(36.017204492493,-11.4680985342158,0.838827378039364));
#9997=CARTESIAN_POINT('',(36.017204492493,-11.4680985342158,0.838827378039364));
#9998=CARTESIAN_POINT('',(38.557204492493,-11.4680985342158,0.838827378039364));
#9999=CARTESIAN_POINT('',(31.7350919281083,-11.4680985342158,0.838827378039371));
#10000=CARTESIAN_POINT('',(35.636204492493,-11.4680985342158,0.838827378039371));
#10001=CARTESIAN_POINT('',(38.557204492493,-11.4680985342158,14.9104273780394));
#10002=CARTESIAN_POINT('',(38.557205858911,-11.4680985342158,0.000627378039366744));
#10003=CARTESIAN_POINT('',(35.636204492493,-11.4680985342158,0.000627378039359805));
#10004=CARTESIAN_POINT('',(35.636204492493,-11.4680985342158,1.01662737803936));
#10005=CARTESIAN_POINT('',(38.557204492493,-7.65809853421577,0.838827378039364));
#10006=CARTESIAN_POINT('',(31.7350919281083,-7.65809853421577,0.838827378039371));
#10007=CARTESIAN_POINT('',(35.636204492493,-7.65809853421579,0.838827378039371));
#10008=CARTESIAN_POINT('',(36.017205858911,-7.65809853421577,0.838827378039371));
#10009=CARTESIAN_POINT('',(35.636204492493,-7.65809853421579,1.01662737803936));
#10010=CARTESIAN_POINT('',(35.636204492493,-7.65809853421579,0.000627378039359805));
#10011=CARTESIAN_POINT('',(38.557205858911,-7.65809853421577,0.000627378039366744));
#10012=CARTESIAN_POINT('',(38.557204492493,-7.65809853421577,14.9104273780394));
#10013=CARTESIAN_POINT('',(36.017204492493,-7.65809853421577,14.9104273780394));
#10014=CARTESIAN_POINT('',(36.017204492493,-7.65809853421577,0.838827378039364));
#10015=CARTESIAN_POINT('',(36.017204492493,-7.65809853421577,0.838827378039364));
#10016=CARTESIAN_POINT('',(36.017204492493,-7.65809853421577,14.9104273780394));
#10017=CARTESIAN_POINT('',(36.017204492493,-6.26109853421578,14.9104273780394));
#10018=CARTESIAN_POINT('',(36.017204492493,-6.26109853421578,0.838827378039364));
#10019=CARTESIAN_POINT('',(36.017204492493,-6.26109853421578,0.838827378039364));
#10020=CARTESIAN_POINT('',(36.017204492493,-7.65809853421577,0.838827378039364));
#10021=CARTESIAN_POINT('',(36.017204492493,-6.26109853421578,0.838827378039364));
#10022=CARTESIAN_POINT('',(36.017204492493,-6.26109853421578,14.9104273780394));
#10023=CARTESIAN_POINT('',(34.442405858911,-6.26109853421578,14.9104273780394));
#10024=CARTESIAN_POINT('',(34.442405858911,-6.26109853421578,11.7354273780394));
#10025=CARTESIAN_POINT('',(35.636204492493,-6.26109853421577,0.838827378039364));
#10026=CARTESIAN_POINT('',(35.636204492493,-6.26109853421577,0.838827378039364));
#10027=CARTESIAN_POINT('',(36.017204492493,-6.26109853421578,0.838827378039364));
#10028=CARTESIAN_POINT('',(36.017204492493,11.4681014657842,0.838827378039364));
#10029=CARTESIAN_POINT('',(36.017204492493,7.65810146578422,0.838827378039364));
#10030=CARTESIAN_POINT('',(36.017204492493,6.26110146578422,0.838827378039364));
#10031=CARTESIAN_POINT('',(36.017204492493,7.65810146578422,0.838827378039364));
#10032=CARTESIAN_POINT('',(31.7350919281083,7.65810146578422,0.838827378039371));
#10033=CARTESIAN_POINT('',(35.636204492493,7.65810146578423,0.838827378039371));
#10034=CARTESIAN_POINT('',(35.636204492493,6.26110146578422,0.838827378039364));
#10035=CARTESIAN_POINT('',(35.636204492493,6.26110146578422,0.838827378039364));
#10036=CARTESIAN_POINT('',(36.017204492493,6.26110146578422,0.838827378039364));
#10037=CARTESIAN_POINT('',(36.017204492493,11.4681014657842,0.838827378039364));
#10038=CARTESIAN_POINT('',(36.017204492493,11.4681014657842,14.9104273780394));
#10039=CARTESIAN_POINT('',(36.017204492493,11.4681014657842,14.9104273780394));
#10040=CARTESIAN_POINT('',(36.017204492493,12.8651014657842,14.9104273780394));
#10041=CARTESIAN_POINT('',(36.017204492493,12.8651014657842,0.838827378039364));
#10042=CARTESIAN_POINT('',(36.017204492493,12.8651014657842,0.838827378039364));
#10043=CARTESIAN_POINT('',(36.017204492493,11.4681014657842,0.838827378039364));
#10044=CARTESIAN_POINT('',(36.017205858911,11.4681014657842,0.838827378039371));
#10045=CARTESIAN_POINT('',(36.017204492493,11.4681014657842,0.838827378039364));
#10046=CARTESIAN_POINT('',(36.017204492493,12.8651014657842,0.838827378039364));
#10047=CARTESIAN_POINT('',(36.017204492493,12.8651014657842,14.9104273780394));
#10048=CARTESIAN_POINT('',(34.442405858911,12.8651014657842,14.9104273780394));
#10049=CARTESIAN_POINT('',(34.442405858911,12.8651014657842,11.7354273780394));
#10050=CARTESIAN_POINT('',(35.636204492493,12.8651014657842,0.838827378039364));
#10051=CARTESIAN_POINT('',(35.636204492493,12.8651014657842,0.838827378039364));
#10052=CARTESIAN_POINT('',(36.017204492493,12.8651014657842,0.838827378039364));
#10053=CARTESIAN_POINT('',(36.017204492493,6.26110146578422,0.838827378039364));
#10054=CARTESIAN_POINT('',(36.017204492493,6.26110146578422,14.9104273780394));
#10055=CARTESIAN_POINT('',(34.442405858911,6.26110146578423,14.9104273780394));
#10056=CARTESIAN_POINT('',(36.017204492493,6.26110146578422,14.9104273780394));
#10057=CARTESIAN_POINT('',(36.017204492493,6.26110146578422,0.838827378039364));
#10058=CARTESIAN_POINT('',(35.636204492493,6.26110146578422,0.838827378039364));
#10059=CARTESIAN_POINT('',(34.442405858911,6.26110146578423,11.7354273780394));
#10060=CARTESIAN_POINT('',(36.017204492493,7.65810146578422,0.838827378039364));
#10061=CARTESIAN_POINT('',(36.017204492493,7.65810146578422,14.9104273780394));
#10062=CARTESIAN_POINT('',(36.017204492493,7.65810146578422,14.9104273780394));
#10063=CARTESIAN_POINT('',(36.017204492493,7.65810146578422,0.838827378039364));
#10064=CARTESIAN_POINT('',(38.557204492493,7.65810146578422,0.838827378039364));
#10065=CARTESIAN_POINT('',(38.557204492493,7.65810146578422,14.9104273780394));
#10066=CARTESIAN_POINT('',(38.557205858911,7.65810146578422,0.000627378039373683));
#10067=CARTESIAN_POINT('',(35.636204492493,7.65810146578423,0.000627378039359805));
#10068=CARTESIAN_POINT('',(35.636204492493,7.65810146578423,1.01662737803936));
#10069=CARTESIAN_POINT('',(38.557204492493,11.4681014657842,0.838827378039364));
#10070=CARTESIAN_POINT('',(31.7350919281083,11.4681014657842,0.838827378039371));
#10071=CARTESIAN_POINT('',(35.636204492493,11.4681014657842,0.838827378039371));
#10072=CARTESIAN_POINT('',(35.636204492493,11.4681014657842,1.01662737803936));
#10073=CARTESIAN_POINT('',(35.636204492493,11.4681014657842,0.000627378039359805));
#10074=CARTESIAN_POINT('',(38.557205858911,11.4681014657842,0.000627378039373683));
#10075=CARTESIAN_POINT('',(38.557204492493,11.4681014657842,14.9104273780394));
#10076=CARTESIAN_POINT('',(2.54000449249302,-19.8881985342158,4.19162737803937));
#10077=CARTESIAN_POINT('',(-2.53999550750698,-19.8881985342158,4.19162737803937));
#10078=CARTESIAN_POINT('',(2.54000449249302,-19.8881985342158,4.19162737803937));
#10079=CARTESIAN_POINT('',(-2.53999550750698,-19.8881985342158,4.19162737803937));
#10080=CARTESIAN_POINT('',(-2.53999550750698,-19.8881985342158,4.19162737803937));
#10081=CARTESIAN_POINT('',(-2.53999550750698,-18.8721985342158,4.19162737803937));
#10082=CARTESIAN_POINT('',(2.54000449249302,-18.8721985342158,4.19162737803937));
#10083=CARTESIAN_POINT('',(2.54000449249302,-18.8721985342158,4.19162737803937));
#10084=CARTESIAN_POINT('',(2.54000449249302,-19.8881985342158,4.19162737803937));
#10085=CARTESIAN_POINT('',(-2.53999550750698,-19.8881985342158,4.19162737803937));
#10086=CARTESIAN_POINT('',(-2.53999550750698,-19.8881985342158,0.000627378039366744));
#10087=CARTESIAN_POINT('',(-2.53999550750698,-19.8881985342158,0.000627378039366744));
#10088=CARTESIAN_POINT('',(-2.53999550750698,-18.8721985342158,0.000627378039366744));
#10089=CARTESIAN_POINT('',(-2.53999550750698,-18.8721985342158,4.19162737803937));
#10090=CARTESIAN_POINT('',(-2.53999550750698,-19.8881985342158,4.19162737803937));
#10091=CARTESIAN_POINT('',(2.54000449249302,-18.8721985342158,4.19162737803937));
#10092=CARTESIAN_POINT('',(2.54000449249302,-18.8721985342158,0.000627378039366744));
#10093=CARTESIAN_POINT('',(2.54000449249302,-18.8721985342158,0.000627378039366744));
#10094=CARTESIAN_POINT('',(2.54000449249302,-18.8721985342158,4.19162737803937));
#10095=CARTESIAN_POINT('',(2.54000449249302,-19.8881985342158,4.19162737803937));
#10096=CARTESIAN_POINT('',(2.54000449249302,-19.8881985342158,0.000627378039366744));
#10097=CARTESIAN_POINT('',(2.54000449249302,-19.8881985342158,0.000627378039366744));
#10098=CARTESIAN_POINT('',(2.54000449249302,-19.8881985342158,4.19162737803937));
#10099=CARTESIAN_POINT('',(-2.53999550750698,18.8722014657842,4.19162737803937));
#10100=CARTESIAN_POINT('',(-2.53999550750698,19.8882014657842,4.19162737803937));
#10101=CARTESIAN_POINT('',(-2.53999550750698,18.8722014657842,4.19162737803937));
#10102=CARTESIAN_POINT('',(-2.53999550750698,19.8882014657842,4.19162737803937));
#10103=CARTESIAN_POINT('',(-2.53999550750698,19.8882014657842,4.19162737803937));
#10104=CARTESIAN_POINT('',(2.54000449249302,19.8882014657842,4.19162737803937));
#10105=CARTESIAN_POINT('',(2.54000449249302,19.8882014657842,4.19162737803937));
#10106=CARTESIAN_POINT('',(2.54000449249302,18.8722014657842,4.19162737803937));
#10107=CARTESIAN_POINT('',(2.54000449249302,18.8722014657842,4.19162737803937));
#10108=CARTESIAN_POINT('',(2.54000449249302,19.8882014657842,4.19162737803937));
#10109=CARTESIAN_POINT('',(2.54000449249302,19.8882014657842,0.000627378039373683));
#10110=CARTESIAN_POINT('',(2.54000449249302,19.8882014657842,0.000627378039373683));
#10111=CARTESIAN_POINT('',(2.54000449249302,18.8722014657842,0.000627378039373683));
#10112=CARTESIAN_POINT('',(2.54000449249302,18.8722014657842,4.19162737803937));
#10113=CARTESIAN_POINT('',(2.54000449249302,19.8882014657842,4.19162737803937));
#10114=CARTESIAN_POINT('',(2.54000449249302,18.8722014657842,4.19162737803937));
#10115=CARTESIAN_POINT('',(2.54000449249302,18.8722014657842,0.000627378039373683));
#10116=CARTESIAN_POINT('',(-2.53999550750698,18.8722014657842,0.000627378039373683));
#10117=CARTESIAN_POINT('',(-2.53999550750698,18.8722014657842,4.19162737803937));
#10118=CARTESIAN_POINT('',(-2.53999550750698,19.8882014657842,4.19162737803937));
#10119=CARTESIAN_POINT('',(-2.53999550750698,19.8882014657842,0.000627378039373683));
#10120=CARTESIAN_POINT('',(-2.53999550750698,19.8882014657842,0.000627378039373683));
#10121=CARTESIAN_POINT('',(-2.53999550750698,19.8882014657842,4.19162737803937));
#10122=CARTESIAN_POINT('',(-32.867595507507,-19.8881985342158,8.68742737803937));
#10123=CARTESIAN_POINT('',(-32.867595507507,-18.4784623518062,7.11262737803936));
#10124=CARTESIAN_POINT('',(-32.9663554206751,-18.4784623518062,7.11262737803936));
#10125=CARTESIAN_POINT('',(-33.1634721933178,-18.4822718433182,7.12795322494252));
#10126=CARTESIAN_POINT('',(-33.4940928351786,-18.5052536927047,7.23400790347315));
#10127=CARTESIAN_POINT('',(-33.70007217855,-18.5279857414625,7.33868887660836));
#10128=CARTESIAN_POINT('',(-34.0026830498943,-18.5726158358803,7.57611900581853));
#10129=CARTESIAN_POINT('',(-34.1827686110259,-18.6097791847717,7.80678490850905));
#10130=CARTESIAN_POINT('',(-34.3819738487952,-18.6586318053781,8.16810553835227));
#10131=CARTESIAN_POINT('',(-34.442395507507,-18.6861282776994,8.4970037783226));
#10132=CARTESIAN_POINT('',(-34.442395507507,-18.6956613815221,8.68742737803937));
#10133=CARTESIAN_POINT('',(-34.442395507507,-18.6956613815221,8.68742737803937));
#10134=CARTESIAN_POINT('',(-32.867595507507,-18.4784623518062,7.11262737803937));
#10135=CARTESIAN_POINT('',(-34.442395507507,-18.4784623518062,8.68742737803937));
#10136=CARTESIAN_POINT('',(-34.442395507507,-19.6608045783993,8.68742737803937));
#10137=CARTESIAN_POINT('',(-34.2972342311012,-19.8881985342158,8.02702737803937));
#10138=CARTESIAN_POINT('',(-34.3932444033401,-19.8166322713056,8.23487089725769));
#10139=CARTESIAN_POINT('',(-34.442395507507,-19.7396374674159,8.45848004423874));
#10140=CARTESIAN_POINT('',(-34.442395507507,-19.6608045783993,8.68742737803937));
#10141=CARTESIAN_POINT('',(-34.2972342311012,-19.8881985342158,8.02702737803937));
#10142=CARTESIAN_POINT('',(-32.867595507507,-19.8881985342158,8.68742737803937));
#10143=CARTESIAN_POINT('',(-32.867595507507,-19.8881985342158,7.11262737803937));
#10144=CARTESIAN_POINT('',(-32.867595507507,-19.8881985342158,7.11262737803937));
#10145=CARTESIAN_POINT('',(-32.867595507507,18.4784652833746,8.68742737803937));
#10146=CARTESIAN_POINT('',(-34.442395507507,19.6608075099677,8.68742737803937));
#10147=CARTESIAN_POINT('',(-34.442395507507,19.7396403989843,8.45848004423873));
#10148=CARTESIAN_POINT('',(-34.3932444033401,19.8166352028741,8.23487089725769));
#10149=CARTESIAN_POINT('',(-34.2972342311012,19.8882014657842,8.02702737803937));
#10150=CARTESIAN_POINT('',(-34.442395507507,19.6608075099677,8.68742737803937));
#10151=CARTESIAN_POINT('',(-34.2972342311012,19.8882014657842,8.02702737803937));
#10152=CARTESIAN_POINT('',(-34.442395507507,19.8882014657842,8.68742737803937));
#10153=CARTESIAN_POINT('',(-34.442395507507,18.6956643130906,8.68742737803937));
#10154=CARTESIAN_POINT('',(-34.442395507507,18.6956643130906,8.68742737803937));
#10155=CARTESIAN_POINT('',(-34.442395507507,18.6908898861462,8.59205827451905));
#10156=CARTESIAN_POINT('',(-34.4285304897451,18.6785976565739,8.39996113305608));
#10157=CARTESIAN_POINT('',(-34.3398321704616,18.649755474965,8.11533913269147));
#10158=CARTESIAN_POINT('',(-34.2679287239619,18.6305088126744,7.96135490902356));
#10159=CARTESIAN_POINT('',(-34.1454652283209,18.6018159266341,7.7550442442048));
#10160=CARTESIAN_POINT('',(-34.0005600284663,18.5726986318178,7.57730472745283));
#10161=CARTESIAN_POINT('',(-33.7129640452744,18.5291273487034,7.3462106313669));
#10162=CARTESIAN_POINT('',(-33.4889006638179,18.5047874269354,7.23121554456302));
#10163=CARTESIAN_POINT('',(-33.1640356984638,18.482362365323,7.12855710325069));
#10164=CARTESIAN_POINT('',(-32.9661814064644,18.4784652833746,7.11262737803937));
#10165=CARTESIAN_POINT('',(-32.867595507507,18.4784652833746,7.11262737803937));
#10166=CARTESIAN_POINT('',(-32.867595507507,18.4784652833746,7.11262737803937));
#10167=CARTESIAN_POINT('',(-32.867595507507,18.4784652833746,7.11262737803937));
#10168=CARTESIAN_POINT('',(-32.867595507507,19.8882014657842,7.11262737803937));
#10169=CARTESIAN_POINT('',(-32.867595507507,19.8882014657842,8.68742737803937));
#10170=CARTESIAN_POINT('',(32.867604492493,-17.5180538408977,8.68742737803936));
#10171=CARTESIAN_POINT('',(34.442404492493,-18.6956613815221,8.68742737803937));
#10172=CARTESIAN_POINT('',(34.442404492493,-18.690886954577,8.59205827450473));
#10173=CARTESIAN_POINT('',(34.4285394749076,-18.6785947250465,8.3999611333748));
#10174=CARTESIAN_POINT('',(34.3398411549421,-18.6497525432792,8.1153391317274));
#10175=CARTESIAN_POINT('',(34.2679377098225,-18.630505881309,7.96135491069514));
#10176=CARTESIAN_POINT('',(34.1454742128325,-18.6018129949512,7.75504424325953));
#10177=CARTESIAN_POINT('',(34.0005690133496,-18.572695700264,7.5773047276024));
#10178=CARTESIAN_POINT('',(33.7129730312201,-18.5291244172165,7.34621063193287));
#10179=CARTESIAN_POINT('',(33.4889096485677,-18.504784495345,7.23121554441583));
#10180=CARTESIAN_POINT('',(33.1640446834352,-18.4823594337608,7.12855710327346));
#10181=CARTESIAN_POINT('',(32.9661903914112,-18.4784623518062,7.11262737803936));
#10182=CARTESIAN_POINT('',(32.867604492493,-18.4784623518062,7.11262737803936));
#10183=CARTESIAN_POINT('',(32.867604492493,-18.4784623518062,7.11262737803937));
#10184=CARTESIAN_POINT('',(34.442404492493,-18.6956613815221,8.68742737803937));
#10185=CARTESIAN_POINT('',(32.867604492493,-18.4784623518062,7.11262737803937));
#10186=CARTESIAN_POINT('',(32.867604492493,-19.8881985342158,7.11262737803937));
#10187=CARTESIAN_POINT('',(32.867604492493,-19.8881985342158,8.68742737803937));
#10188=CARTESIAN_POINT('',(34.2972432160872,-19.8881985342158,8.02702737803937));
#10189=CARTESIAN_POINT('',(34.442404492493,-19.6608045783993,8.68742737803937));
#10190=CARTESIAN_POINT('',(34.442404492493,-19.7396374674159,8.45848004423874));
#10191=CARTESIAN_POINT('',(34.3932533883261,-19.8166322713056,8.23487089725769));
#10192=CARTESIAN_POINT('',(34.2972432160872,-19.8881985342158,8.02702737803937));
#10193=CARTESIAN_POINT('',(34.442404492493,-19.6608045783993,8.68742737803937));
#10194=CARTESIAN_POINT('',(34.442404492493,-19.8881985342158,8.68742737803937));
#10195=CARTESIAN_POINT('',(32.867604492493,-17.5180538408977,8.68742737803944));
#10196=CARTESIAN_POINT('',(32.867604492493,19.8882014657842,8.68742737803937));
#10197=CARTESIAN_POINT('',(32.867604492493,19.8882014657842,7.11262737803937));
#10198=CARTESIAN_POINT('',(34.2972432160872,19.8882014657842,8.02702737803937));
#10199=CARTESIAN_POINT('',(32.867604492493,19.8882014657842,7.11262737803937));
#10200=CARTESIAN_POINT('',(32.867604492493,18.4784652833746,7.11262737803937));
#10201=CARTESIAN_POINT('',(32.867604492493,18.4784652833746,7.11262737803937));
#10202=CARTESIAN_POINT('',(32.9663644056753,18.4784652833746,7.11262737803937));
#10203=CARTESIAN_POINT('',(33.1634811783122,18.4822747748845,7.12795322493506));
#10204=CARTESIAN_POINT('',(33.4941018202393,18.5052566242806,7.23400790352366));
#10205=CARTESIAN_POINT('',(33.7000811632296,18.5279886730032,7.3386888764139));
#10206=CARTESIAN_POINT('',(34.0026920349624,18.5726187674558,7.57611900586196));
#10207=CARTESIAN_POINT('',(34.1827775959904,18.60978211634,7.80678490852996));
#10208=CARTESIAN_POINT('',(34.3819828337942,18.6586347369385,8.16810553817613));
#10209=CARTESIAN_POINT('',(34.442404492493,18.6861312093088,8.49700377914091));
#10210=CARTESIAN_POINT('',(34.442404492493,18.6956643130906,8.68742737803939));
#10211=CARTESIAN_POINT('',(34.442404492493,18.6956643130906,8.68742737803938));
#10212=CARTESIAN_POINT('',(34.442404492493,18.4784652833746,8.68742737803938));
#10213=CARTESIAN_POINT('',(34.442404492493,19.6608075099677,8.68742737803937));
#10214=CARTESIAN_POINT('',(34.2972432160872,19.8882014657842,8.02702737803937));
#10215=CARTESIAN_POINT('',(34.3932533883262,19.8166352028741,8.23487089725769));
#10216=CARTESIAN_POINT('',(34.442404492493,19.7396403989843,8.45848004423873));
#10217=CARTESIAN_POINT('',(34.442404492493,19.6608075099677,8.68742737803937));
#10218=CARTESIAN_POINT('',(32.867604492493,-17.5180538408977,8.68742737803936));
#10219=CARTESIAN_POINT('',(34.442404492493,0.430538618477888,8.68742737803938));
#10220=CARTESIAN_POINT('',(34.442404492493,0.435313045419643,8.59205827457171));
#10221=CARTESIAN_POINT('',(34.4285394749266,0.447605274948781,8.39996113349759));
#10222=CARTESIAN_POINT('',(34.3398411549845,0.476447456712856,8.11533913179931));
#10223=CARTESIAN_POINT('',(34.2679377097425,0.495694118706235,7.96135491054108));
#10224=CARTESIAN_POINT('',(34.1454742128641,0.524387005041728,7.75504424333919));
#10225=CARTESIAN_POINT('',(34.0005690134644,0.553504299723494,7.57730472765551));
#10226=CARTESIAN_POINT('',(33.7129730307457,0.597075582839503,7.34621063163538));
#10227=CARTESIAN_POINT('',(33.4889096487316,0.621415504639926,7.23121554450443));
#10228=CARTESIAN_POINT('',(33.1640446832539,0.643840566243492,7.12855710321661));
#10229=CARTESIAN_POINT('',(32.966190391347,0.647737648193827,7.11262737803937));
#10230=CARTESIAN_POINT('',(32.867604492493,0.647737648193827,7.11262737803937));
#10231=CARTESIAN_POINT('',(32.867604492493,0.647737648193827,7.11262737803936));
#10232=CARTESIAN_POINT('',(34.442404492493,0.430538618477888,8.68742737803937));
#10233=CARTESIAN_POINT('',(32.867604492493,0.647737648193827,7.11262737803937));
#10234=CARTESIAN_POINT('',(32.867604492493,-0.647734716625374,7.11262737803937));
#10235=CARTESIAN_POINT('',(32.867604492493,-0.647734716625374,7.11262737803937));
#10236=CARTESIAN_POINT('',(32.9663644058992,-0.647734716625374,7.11262737803937));
#10237=CARTESIAN_POINT('',(33.163481178792,-0.643925225115522,7.12795322503628));
#10238=CARTESIAN_POINT('',(33.4941018202018,-0.620943375719253,7.23400790355545));
#10239=CARTESIAN_POINT('',(33.7000811628994,-0.598211326997339,7.33868887618533));
#10240=CARTESIAN_POINT('',(34.0026920350507,-0.553581232543673,7.57611900593208));
#10241=CARTESIAN_POINT('',(34.1827775959671,-0.516417883661864,7.80678490847782));
#10242=CARTESIAN_POINT('',(34.3819828338081,-0.467565263051862,8.16810553837781));
#10243=CARTESIAN_POINT('',(34.442404492493,-0.4400687907338,8.4970037782887));
#10244=CARTESIAN_POINT('',(34.442404492493,-0.430535686909435,8.68742737803938));
#10245=CARTESIAN_POINT('',(34.442404492493,-0.430535686909435,8.68742737803937));
#10246=CARTESIAN_POINT('',(34.442404492493,-0.647734716625381,8.68742737803937));
#10247=CARTESIAN_POINT('',(-32.867595507507,-0.647734716625374,8.68742737803937));
#10248=CARTESIAN_POINT('',(-32.867595507507,0.647737648193833,7.11262737803937));
#10249=CARTESIAN_POINT('',(-32.9663554205804,0.647737648193833,7.11262737803937));
#10250=CARTESIAN_POINT('',(-33.1634721930789,0.643928156685299,7.12795322487665));
#10251=CARTESIAN_POINT('',(-33.4940928353203,0.620946307283123,7.23400790354035));
#10252=CARTESIAN_POINT('',(-33.7000721782224,0.59821425858288,7.33868887640545));
#10253=CARTESIAN_POINT('',(-34.002683049982,0.553584164107601,7.57611900587138));
#10254=CARTESIAN_POINT('',(-34.1827686110028,0.516420815231203,7.80678490850056));
#10255=CARTESIAN_POINT('',(-34.381973848809,0.467568194621491,8.1681055383299));
#10256=CARTESIAN_POINT('',(-34.442395507507,0.440071722293713,8.4970037784599));
#10257=CARTESIAN_POINT('',(-34.442395507507,0.430538618477895,8.68742737803937));
#10258=CARTESIAN_POINT('',(-34.442395507507,0.430538618477895,8.68742737803937));
#10259=CARTESIAN_POINT('',(-32.867595507507,0.647737648193834,7.11262737803936));
#10260=CARTESIAN_POINT('',(-34.442395507507,0.647737648193834,8.68742737803937));
#10261=CARTESIAN_POINT('',(-34.442395507507,-0.430535686909428,8.68742737803937));
#10262=CARTESIAN_POINT('',(-34.442395507507,-0.430535686909428,8.68742737803937));
#10263=CARTESIAN_POINT('',(-34.442395507507,-0.435310113860756,8.59205827438054));
#10264=CARTESIAN_POINT('',(-34.4285304896899,-0.447602343439717,8.39996113277034));
#10265=CARTESIAN_POINT('',(-34.3398321704177,-0.47644452504089,8.1153391326301));
#10266=CARTESIAN_POINT('',(-34.2679287240518,-0.495691187312229,7.96135490919116));
#10267=CARTESIAN_POINT('',(-34.1454652282717,-0.524384073373823,7.75504424411001));
#10268=CARTESIAN_POINT('',(-34.0005600284593,-0.553501368177873,7.57730472746802));
#10269=CARTESIAN_POINT('',(-33.7129640453597,-0.597072651303631,7.34621063142295));
#10270=CARTESIAN_POINT('',(-33.4889006638497,-0.621412573062703,7.23121554456078));
#10271=CARTESIAN_POINT('',(-33.1640356982511,-0.643837634677542,7.12855710320357));
#10272=CARTESIAN_POINT('',(-32.9661814063672,-0.647734716625368,7.11262737803937));
#10273=CARTESIAN_POINT('',(-32.867595507507,-0.647734716625368,7.11262737803937));
#10274=CARTESIAN_POINT('',(-32.867595507507,-0.647734716625367,7.11262737803937));
#10275=CARTESIAN_POINT('',(-32.867595507507,-0.647734716625367,7.11262737803937));
#10276=CARTESIAN_POINT('',(-38.557195507507,19.8882014657842,8.02702737803937));
#10277=CARTESIAN_POINT('',(-38.557195507507,17.5180567724661,14.9104273780394));
#10278=CARTESIAN_POINT('',(-34.442395507507,17.5180567724661,14.9104273780394));
#10279=CARTESIAN_POINT('',(-34.442395507507,19.8882014657842,8.02702737803937));
#10280=CARTESIAN_POINT('',(-38.557195507507,19.8882014657842,8.02702737803937));
#10281=CARTESIAN_POINT('',(-38.557195507507,17.5180567724661,14.9104273780394));
#10282=CARTESIAN_POINT('',(-38.557195507507,11.4681014657842,14.9104273780394));
#10283=CARTESIAN_POINT('',(-34.442395507507,17.5180567724661,14.9104273780394));
#10284=CARTESIAN_POINT('',(-38.557195507507,-19.8881985342158,8.02702737803937));
#10285=CARTESIAN_POINT('',(-38.557195507507,-17.5180538408977,14.9104273780394));
#10286=CARTESIAN_POINT('',(-34.442395507507,-17.5180538408977,14.9104273780394));
#10287=CARTESIAN_POINT('',(-38.557195507507,-19.8881985342158,8.02702737803937));
#10288=CARTESIAN_POINT('',(-34.442395507507,-19.8881985342158,8.02702737803937));
#10289=CARTESIAN_POINT('',(-34.442395507507,-17.5180538408977,14.9104273780394));
#10290=CARTESIAN_POINT('',(-34.442395507507,9.56310146578423,9.14462737803937));
#10291=CARTESIAN_POINT('',(-34.442395507507,12.3571014657842,0.838827378039364));
#10292=CARTESIAN_POINT('',(-34.442395507507,6.76910146578424,0.838827378039364));
#10293=CARTESIAN_POINT('',(-34.442395507507,17.5180567724661,14.9104273780394));
#10294=CARTESIAN_POINT('',(-34.442395507507,17.5180567724661,14.9104273780394));
#10295=CARTESIAN_POINT('',(-34.442395507507,-9.56309853421578,9.14462737803937));
#10296=CARTESIAN_POINT('',(-34.442395507507,-9.56309853421578,9.14462737803937));
#10297=CARTESIAN_POINT('',(-34.442395507507,9.56310146578423,9.14462737803937));
#10298=CARTESIAN_POINT('',(34.442404492493,18.4784652833746,7.11262737803937));
#10299=CARTESIAN_POINT('',(34.442404492493,19.8882014657842,7.11262737803937));
#10300=CARTESIAN_POINT('',(34.442404492493,18.4784652833746,7.11262737803937));
#10301=CARTESIAN_POINT('',(34.442404492493,13.6906014657842,0.000627378039366744));
#10302=CARTESIAN_POINT('',(34.442404492493,13.6906014657842,0.000627378039366744));
#10303=CARTESIAN_POINT('',(34.442404492493,13.6906014657842,0.985186236024796));
#10304=CARTESIAN_POINT('',(34.442404492493,-0.647734716625374,7.11262737803937));
#10305=CARTESIAN_POINT('',(34.442404492493,0.647737648193827,7.11262737803936));
#10306=CARTESIAN_POINT('',(34.442404492493,-0.647734716625374,7.11262737803937));
#10307=CARTESIAN_POINT('',(34.442404492493,9.56310146578422,9.14462737803937));
#10308=CARTESIAN_POINT('',(34.442404492493,0.647737648193827,7.11262737803936));
#10309=CARTESIAN_POINT('',(34.442404492493,9.56310146578422,9.14462737803937));
#10310=CARTESIAN_POINT('',(34.442404492493,5.43560146578423,0.985186236024796));
#10311=CARTESIAN_POINT('',(34.442404492493,0.647737648193827,7.11262737803936));
#10312=CARTESIAN_POINT('',(34.442404492493,5.43560146578422,0.000627378039366744));
#10313=CARTESIAN_POINT('',(34.442404492493,5.43560146578422,0.000627378039366744));
#10314=CARTESIAN_POINT('',(34.442404492493,-5.43559853421578,0.000627378039366744));
#10315=CARTESIAN_POINT('',(34.442404492493,-5.43559853421578,0.000627378039366744));
#10316=CARTESIAN_POINT('',(34.442404492493,-5.43559853421578,0.985186236024796));
#10317=CARTESIAN_POINT('',(34.442404492493,-9.56309853421578,9.14462737803937));
#10318=CARTESIAN_POINT('',(34.442404492493,-0.647734716625374,7.11262737803937));
#10319=CARTESIAN_POINT('',(34.442404492493,-0.647734716625374,7.11262737803937));
#10320=CARTESIAN_POINT('',(34.442404492493,-9.56309853421578,9.14462737803937));
#10321=CARTESIAN_POINT('',(38.557204492493,17.5180567724661,14.9104273780394));
#10322=CARTESIAN_POINT('',(38.557204492493,17.5180567724661,14.9104273780394));
#10323=CARTESIAN_POINT('',(34.442404492493,17.5180567724661,14.9104273780394));
#10324=CARTESIAN_POINT('',(34.442404492493,17.5180567724661,14.9104273780394));
#10325=CARTESIAN_POINT('',(38.557204492493,19.8882014657842,8.02702737803937));
#10326=CARTESIAN_POINT('',(38.557204492493,19.8882014657842,8.02702737803937));
#10327=CARTESIAN_POINT('',(34.442404492493,19.8882014657842,8.02702737803937));
#10328=CARTESIAN_POINT('',(38.557204492493,19.8882014657842,0.000627378039366744));
#10329=CARTESIAN_POINT('',(38.557204492493,19.8882014657842,0.000627378039366744));
#10330=CARTESIAN_POINT('',(34.442404492493,19.8882014657842,7.11262737803937));
#10331=CARTESIAN_POINT('',(34.442404492493,19.8882014657842,7.11262737803937));
#10332=CARTESIAN_POINT('',(38.557204492493,19.8882014657842,0.000627378039366744));
#10333=CARTESIAN_POINT('',(38.557204492493,-19.8881985342158,8.02702737803937));
#10334=CARTESIAN_POINT('',(38.557204492493,-17.5180538408977,14.9104273780394));
#10335=CARTESIAN_POINT('',(34.442404492493,-17.5180538408977,14.9104273780394));
#10336=CARTESIAN_POINT('',(34.442404492493,-19.8881985342158,8.02702737803937));
#10337=CARTESIAN_POINT('',(38.557204492493,-19.8881985342158,8.02702737803937));
#10338=CARTESIAN_POINT('',(34.442404492493,-19.8881985342158,7.11262737803937));
#10339=CARTESIAN_POINT('',(34.442404492493,-19.8881985342158,0.000627378039366744));
#10340=CARTESIAN_POINT('',(34.442404492493,-19.8881985342158,0.000627378039366744));
#10341=CARTESIAN_POINT('',(34.442404492493,-19.8881985342158,7.11262737803937));
#10342=CARTESIAN_POINT('',(34.442404492493,-19.8881985342158,7.11262737803937));
#10343=CARTESIAN_POINT('',(34.442404492493,-19.8881985342158,7.11262737803937));
#10344=CARTESIAN_POINT('',(34.442404492493,-19.8881985342158,7.11262737803937));
#10345=CARTESIAN_POINT('',(34.442404492493,-18.4784623518062,7.11262737803937));
#10346=CARTESIAN_POINT('',(34.442404492493,-13.6905985342158,0.000627378039366744));
#10347=CARTESIAN_POINT('',(34.442404492493,-13.6905985342158,0.985186236024796));
#10348=CARTESIAN_POINT('',(34.442404492493,-13.6905985342158,0.000627378039366744));
#10349=CARTESIAN_POINT('',(34.442404492493,-17.5180538408977,14.9104273780394));
#10350=CARTESIAN_POINT('',(34.442404492493,-9.56309853421578,9.14462737803937));
#10351=CARTESIAN_POINT('',(34.442404492493,17.5180567724661,14.9104273780394));
#10352=CARTESIAN_POINT('',(34.442404492493,-12.3570985342158,0.838827378039364));
#10353=CARTESIAN_POINT('',(34.442404492493,-6.76909853421577,0.838827378039364));
#10354=CARTESIAN_POINT('',(34.442404492493,17.5180567724661,14.9104273780394));
#10355=CARTESIAN_POINT('',(34.442404492493,6.76910146578423,0.838827378039364));
#10356=CARTESIAN_POINT('',(34.442404492493,12.3571014657842,0.838827378039364));
#10357=CARTESIAN_POINT('',(34.442404492493,9.56310146578422,9.14462737803937));
#10358=CARTESIAN_POINT('',(38.557204492493,17.5180567724661,14.9104273780394));
#10359=CARTESIAN_POINT('',(38.557204492493,17.5180567724661,14.9104273780394));
#10360=CARTESIAN_POINT('',(-38.557195507507,17.5180567724661,14.9104273780394));
#10361=CARTESIAN_POINT('',(-38.557195507507,-11.4680985342158,14.9104273780394));
#10362=CARTESIAN_POINT('',(-38.557195507507,17.5180567724661,14.9104273780394));
#10363=CARTESIAN_POINT('',(-38.557195507507,7.65810146578424,14.9104273780394));
#10364=CARTESIAN_POINT('',(-38.557195507507,-7.65809853421578,14.9104273780394));
#10365=CARTESIAN_POINT('',(-36.017195507507,-11.4680985342158,0.838827378039364));
#10366=CARTESIAN_POINT('',(-31.7350829431223,-7.65809853421576,0.838827378039364));
#10367=CARTESIAN_POINT('',(35.636204492493,-12.3570985342158,0.838827378039364));
#10368=CARTESIAN_POINT('',(35.636204492493,-12.8650985342158,0.838827378039364));
#10369=CARTESIAN_POINT('',(35.636204492493,12.3571014657842,0.838827378039364));
#10370=CARTESIAN_POINT('',(35.636204492493,12.3571014657842,0.838827378039364));
#10371=CARTESIAN_POINT('',(35.636204492493,6.76910146578422,0.838827378039364));
#10372=CARTESIAN_POINT('',(35.636204492493,6.76910146578422,0.838827378039364));
#10373=CARTESIAN_POINT('',(35.636204492493,-6.76909853421577,0.838827378039364));
#10374=CARTESIAN_POINT('',(35.636204492493,-6.76909853421577,0.838827378039364));
#10375=CARTESIAN_POINT('',(35.636204492493,-12.3570985342158,0.838827378039364));
#10376=CARTESIAN_POINT('',(35.636204492493,-12.3570985342158,0.838827378039364));
#10377=CARTESIAN_POINT('',(-35.636195507507,6.76910146578424,0.838827378039364));
#10378=CARTESIAN_POINT('',(-35.636195507507,6.76910146578424,0.838827378039364));
#10379=CARTESIAN_POINT('',(-35.636195507507,12.3571014657842,0.838827378039364));
#10380=CARTESIAN_POINT('',(-35.636195507507,12.3571014657842,0.838827378039364));
#10381=CARTESIAN_POINT('',(34.442404492493,-9.56309853421578,9.14462737803937));
#10382=CARTESIAN_POINT('',(34.442404492493,-18.4784623518062,7.11262737803937));
#10383=CARTESIAN_POINT('',(34.442404492493,-18.4784623518062,7.11262737803937));
#10384=CARTESIAN_POINT('',(34.442404492493,9.56310146578422,9.14462737803937));
#10385=CARTESIAN_POINT('',(34.442404492493,18.4784652833746,7.11262737803937));
#10386=CARTESIAN_POINT('',(34.442404492493,18.4784652833746,7.11262737803937));
#10387=CARTESIAN_POINT('',(34.442404492493,-0.647734716625374,7.11262737803937));
#10388=CARTESIAN_POINT('',(34.442404492493,-0.647734716625374,7.11262737803937));
#10389=CARTESIAN_POINT('',(35.636204492493,-12.3570985342158,0.838827378039364));
#10390=CARTESIAN_POINT('',(35.636204492493,-12.8650985342158,0.838827378039364));
#10391=CARTESIAN_POINT('',(36.017204492493,11.4681014657842,0.838827378039364));
#10392=CARTESIAN_POINT('',(35.636204492493,6.26110146578422,0.838827378039364));
#10393=CARTESIAN_POINT('',(-36.017195507507,-11.4680985342158,0.838827378039364));
#10394=CARTESIAN_POINT('',(-31.7350829431223,-11.4680985342158,0.838827378039371));
#10395=CARTESIAN_POINT('',(-35.636195507507,12.3571014657842,0.838827378039364));
#10396=CARTESIAN_POINT('',(-31.7350829431223,7.65810146578423,0.838827378039364));
#10397=CARTESIAN_POINT('',(-35.636195507507,7.65810146578424,0.838827378039364));
#10398=CARTESIAN_POINT('',(-35.636195507507,12.8651014657842,0.838827378039364));
#10399=CARTESIAN_POINT('',(34.442404492493,18.4784652833746,7.11262737803937));
#10400=CARTESIAN_POINT('',(34.442404492493,-19.8881985342158,7.11262737803937));
#10401=CARTESIAN_POINT('',(34.442404492493,-19.8881985342158,7.11262737803937));
#10402=CARTESIAN_POINT('',(34.442404492493,18.4784652833746,7.11262737803937));
#10403=CARTESIAN_POINT('',(-26.161995507507,-17.5005985342158,-1.77737262196064));
#10404=CARTESIAN_POINT('',(-27.622495507507,-17.5005985342158,-1.77737262196064));
#10405=CARTESIAN_POINT('',(-27.622495507507,-17.5005985342158,0.000627378039366744));
#10406=CARTESIAN_POINT('',(-27.622495507507,-17.5005985342158,-1.98057262196064));
#10407=CARTESIAN_POINT('',(-27.622495507507,-17.5005985342158,-2.10757262196063));
#10408=CARTESIAN_POINT('',(-27.622495507507,-17.5005985342158,-3.42837262196063));
#10409=CARTESIAN_POINT('',(-27.622495507507,-17.5005985342158,-3.42837262196063));
#10410=CARTESIAN_POINT('',(26.162004492493,17.5006014657842,-1.77737262196064));
#10411=CARTESIAN_POINT('',(27.622504492493,17.5006014657842,-1.77737262196064));
#10412=CARTESIAN_POINT('',(27.622504492493,17.5006014657842,0.000627378039366744));
#10413=CARTESIAN_POINT('',(27.622504492493,17.5006014657842,-1.98057262196064));
#10414=CARTESIAN_POINT('',(27.622504492493,17.5006014657842,-2.10757262196063));
#10415=CARTESIAN_POINT('',(27.622504492493,17.5006014657842,-3.42837262196063));
#10416=CARTESIAN_POINT('',(27.622504492493,17.5006014657842,-3.42837262196063));
#10417=CARTESIAN_POINT('',(-38.557195507507,11.4681014657842,0.838827378039364));
#10418=CARTESIAN_POINT('',(-38.557196873925,11.4681014657842,0.000627378039373683));
#10419=CARTESIAN_POINT('',(-35.636204492493,11.4681014657842,0.000627378039359805));
#10420=CARTESIAN_POINT('',(-35.636204492493,11.4681014657842,1.01662737803936));
#10421=CARTESIAN_POINT('',(-38.557195507507,7.65810146578424,0.838827378039364));
#10422=CARTESIAN_POINT('',(-35.636204492493,7.65810146578424,1.01662737803936));
#10423=CARTESIAN_POINT('',(-35.636204492493,7.65810146578424,0.000627378039359805));
#10424=CARTESIAN_POINT('',(-38.557196873925,7.65810146578423,0.000627378039373683));
#10425=CARTESIAN_POINT('',(-35.636195507507,12.8651014657842,0.838827378039364));
#10426=CARTESIAN_POINT('',(-35.636204492493,7.65810146578424,0.000627378039359805));
#10427=CARTESIAN_POINT('',(-38.557195507507,-7.65809853421578,0.838827378039364));
#10428=CARTESIAN_POINT('',(-38.557196873925,-7.65809853421576,0.000627378039366744));
#10429=CARTESIAN_POINT('',(-38.557195507507,-11.4680985342158,0.838827378039364));
#10430=CARTESIAN_POINT('',(-38.557196873925,-11.4680985342158,0.000627378039366744));
#10431=CARTESIAN_POINT('',(35.636204492493,6.26110146578422,0.838827378039364));
#10432=CARTESIAN_POINT('',(35.636204492493,7.65810146578423,0.000627378039359805));
#10433=CARTESIAN_POINT('',(35.636204492493,-12.8650985342158,0.838827378039364));
#10434=CARTESIAN_POINT('',(35.636204492493,-11.4680985342158,0.000627378039359805));
#10435=CARTESIAN_POINT('',(34.442404492493,-19.8881985342158,0.000627378039366744));
#10436=CARTESIAN_POINT('',(0.,0.,0.));
#10437=CARTESIAN_POINT('',(-35.9663993691918,0.482600019572915,-2.59012389732292));
#10438=CARTESIAN_POINT('',(-36.2711993691918,0.482600019572915,-2.59012389732292));
#10439=CARTESIAN_POINT('',(-36.2711993691918,-0.0253999804270814,-2.59012389732292));
#10440=CARTESIAN_POINT('',(-36.2711993691918,0.0254000195729153,-2.59012389732292));
#10441=CARTESIAN_POINT('',(-36.271199369192,-0.0253999804270814,-2.59012389732292));
#10442=CARTESIAN_POINT('',(-35.9663993691916,-0.0253999804270814,-2.59012389732295));
#10443=CARTESIAN_POINT('',(-35.9663993691918,0.482600019572915,-2.59012389732292));
#10444=CARTESIAN_POINT('',(-35.9663993691918,0.0254000195729153,-2.59012389732292));
#10445=CARTESIAN_POINT('',(-36.2711993691918,0.0254000195729153,-2.59012389732292));
#10446=CARTESIAN_POINT('',(-35.9663993691918,0.482600019572915,-0.0501238973229234));
#10447=CARTESIAN_POINT('',(-35.9663993691918,0.482600019572915,-0.0501238973229234));
#10448=CARTESIAN_POINT('',(-35.9663993691918,0.0254000195729153,-0.0501238973229234));
#10449=CARTESIAN_POINT('',(-35.9663993691918,-0.0253999804270849,-0.0501238973229234));
#10450=CARTESIAN_POINT('',(-36.2711993691918,-0.0253999804270849,-0.0501238973229217));
#10451=CARTESIAN_POINT('',(-36.2711993691918,-0.0253999804270849,-0.0501238973229234));
#10452=CARTESIAN_POINT('',(-36.2711993691918,0.482600019572915,-0.0501238973229234));
#10453=CARTESIAN_POINT('',(-36.2711993691918,0.0254000195729153,-0.0501238973229234));
#10454=CARTESIAN_POINT('',(-36.2711993691918,0.0254000195729153,-0.0501238973229234));
#10455=CARTESIAN_POINT('',(-35.9663993691918,1.95729152062008E-8,-3.12352389732292));
#10456=CARTESIAN_POINT('',(-36.2711993691918,1.95729151977409E-8,-3.12352389732292));
#10457=CARTESIAN_POINT('',(-36.2711993691918,0.482600019572915,-3.12352389732292));
#10458=CARTESIAN_POINT('',(-36.2711993691918,-0.482599980427085,-3.12352389732292));
#10459=CARTESIAN_POINT('',(-35.9663993691918,0.482600019572915,-3.12352389732292));
#10460=CARTESIAN_POINT('',(-35.9663993691918,0.482600019572915,-3.12352389732292));
#10461=CARTESIAN_POINT('',(-35.9663993691918,1.95729152062008E-8,-3.12352389732292));
#10462=CARTESIAN_POINT('',(-35.9663993691918,-0.482599980427084,-3.12352389732292));
#10463=CARTESIAN_POINT('',(-35.9663993691918,-0.482599980427084,-3.12352389732292));
#10464=CARTESIAN_POINT('',(-35.9663993691918,0.482600019572915,-3.12352389732292));
#10465=CARTESIAN_POINT('',(-36.2711993691918,0.482600019572915,-3.12352389732292));
#10466=CARTESIAN_POINT('',(-36.2711993691918,0.482600019572915,-2.59012389732292));
#10467=CARTESIAN_POINT('',(-32.9067285620036,0.482600019572915,-1.32012389732292));
#10468=CARTESIAN_POINT('',(-36.2711993691918,0.482600019572915,-0.0501238973229234));
#10469=CARTESIAN_POINT('',(-36.2711993691918,0.482600019572915,-0.0501238973229234));
#10470=CARTESIAN_POINT('',(-36.2711993691918,0.482600019572915,0.711876102677077));
#10471=CARTESIAN_POINT('',(-35.9663993691918,0.482600019572915,0.711876102677077));
#10472=CARTESIAN_POINT('',(-35.9663993691918,0.482600019572915,0.711876102677077));
#10473=CARTESIAN_POINT('',(-35.9663993691918,0.482600019572915,-0.0501238973229234));
#10474=CARTESIAN_POINT('',(-35.9663993691918,0.482600019572915,-0.0501238973229234));
#10475=CARTESIAN_POINT('',(-36.2711993691918,0.482600019572915,-0.0501238973229113));
#10476=CARTESIAN_POINT('',(-35.9860388399686,0.482600019572915,-0.157764561447473));
#10477=CARTESIAN_POINT('',(-32.9067285620036,0.482600019572915,-1.32012389732292));
#10478=CARTESIAN_POINT('',(-35.9860388399686,0.482600019572915,-2.48248323319837));
#10479=CARTESIAN_POINT('',(-36.2711993691917,0.482600019572915,-2.59012389732291));
#10480=CARTESIAN_POINT('',(-35.9663993691918,0.482600019572915,-2.59012389732292));
#10481=CARTESIAN_POINT('',(-35.9663993691918,0.482600019572915,-3.12352389732292));
#10482=CARTESIAN_POINT('',(-35.9663993691918,-0.482599980427084,-3.12352389732292));
#10483=CARTESIAN_POINT('',(-36.2711993691918,-0.482599980427085,-3.12352389732292));
#10484=CARTESIAN_POINT('',(-36.2711993691918,-0.482599980427081,-2.59012389732292));
#10485=CARTESIAN_POINT('',(-35.9663993691918,-0.482599980427084,-3.12352389732292));
#10486=CARTESIAN_POINT('',(-35.9663993691916,-0.482599980427081,-2.59012389732295));
#10487=CARTESIAN_POINT('',(-39.3798771469695,-0.482599980427083,-1.32012389732292));
#10488=CARTESIAN_POINT('',(-35.9663993691918,-0.482599980427084,-0.0501238973229234));
#10489=CARTESIAN_POINT('',(-35.9663993691918,-0.482599980427084,-0.0501238973229234));
#10490=CARTESIAN_POINT('',(-35.9663993691918,-0.482599980427084,0.711876102677077));
#10491=CARTESIAN_POINT('',(-35.9663993691918,-0.482599980427084,0.711876102677077));
#10492=CARTESIAN_POINT('',(-36.2711993691918,-0.482599980427085,0.711876102677077));
#10493=CARTESIAN_POINT('',(-36.2711993691918,-0.482599980427085,-0.0501238973229234));
#10494=CARTESIAN_POINT('',(-36.2711993691918,-0.482599980427085,-0.0501238973229234));
#10495=CARTESIAN_POINT('',(-35.9663993691916,-0.482599980427084,-0.0501238973228992));
#10496=CARTESIAN_POINT('',(-36.2520681797303,-0.482599980427085,-0.156408283219863));
#10497=CARTESIAN_POINT('',(-39.3798771469695,-0.482599980427083,-1.32012389732292));
#10498=CARTESIAN_POINT('',(-36.2520681797303,-0.482599980427083,-2.48383951142597));
#10499=CARTESIAN_POINT('',(-35.9663993691916,-0.482599980427081,-2.59012389732295));
#10500=CARTESIAN_POINT('',(-35.9663993691918,1.95729152062008E-8,-3.12352389732292));
#10501=CARTESIAN_POINT('',(-35.9663993691918,0.0254000195729153,-2.59012389732292));
#10502=CARTESIAN_POINT('',(-35.9663993691918,0.482600019572915,-2.59012389732292));
#10503=CARTESIAN_POINT('',(-36.2711993691918,1.95729151977409E-8,-3.12352389732292));
#10504=CARTESIAN_POINT('',(-36.2711993691918,0.482600019572915,-2.59012389732292));
#10505=CARTESIAN_POINT('',(-36.2711993691918,0.0254000195729153,-2.59012389732292));
#10506=CARTESIAN_POINT('',(-32.9067285620036,0.0254000195729154,-1.32012389732292));
#10507=CARTESIAN_POINT('',(-35.9860388399686,0.0254000195729153,-0.157764561447473));
#10508=CARTESIAN_POINT('',(-35.9860388399686,0.0254000195729153,-0.157764561447473));
#10509=CARTESIAN_POINT('',(-32.9067285620036,0.0254000195729154,-1.32012389732292));
#10510=CARTESIAN_POINT('',(-35.9860388399686,0.0254000195729153,-2.48248323319837));
#10511=CARTESIAN_POINT('',(-35.9860388399686,0.0254000195729153,-2.48248323319837));
#10512=CARTESIAN_POINT('',(-36.2711993691918,0.0254000195729153,-0.0501238973229113));
#10513=CARTESIAN_POINT('',(-35.9663993691918,0.0254000195729153,-0.0501238973229234));
#10514=CARTESIAN_POINT('',(-36.2711993691918,0.0254000195729153,-0.0501238973229113));
#10515=CARTESIAN_POINT('',(-32.9067285620036,0.0254000195729154,-1.32012389732292));
#10516=CARTESIAN_POINT('',(-32.9067285620036,0.0254000195729154,-1.32012389732292));
#10517=CARTESIAN_POINT('',(-36.2711993691918,0.0254000195729153,-0.0501238973229234));
#10518=CARTESIAN_POINT('',(-36.2711993691917,0.0254000195729153,-2.59012389732291));
#10519=CARTESIAN_POINT('',(-36.2711993691917,0.0254000195729153,-2.59012389732291));
#10520=CARTESIAN_POINT('',(-36.2711993691918,0.0254000195729153,0.711876102677077));
#10521=CARTESIAN_POINT('',(-35.9663993691918,3.17500001957292,0.711876102677077));
#10522=CARTESIAN_POINT('',(-35.9663993690781,1.95729117367538E-8,9.72887610267707));
#10523=CARTESIAN_POINT('',(-35.9663993690781,-1.72271179614091,9.72887610267707));
#10524=CARTESIAN_POINT('',(-35.9663993691918,-3.17499998042709,0.711876102677077));
#10525=CARTESIAN_POINT('',(-35.9663993691918,-3.17499998042709,0.711876102677077));
#10526=CARTESIAN_POINT('',(-35.9663993691918,-3.17499998042709,14.5548761026771));
#10527=CARTESIAN_POINT('',(-35.9663993691918,3.17500001957292,0.711876102677077));
#10528=CARTESIAN_POINT('',(-35.9663993691918,-0.0253999804270849,-0.0501238973229217));
#10529=CARTESIAN_POINT('',(-35.9663993691918,3.17500001957292,0.711876102677077));
#10530=CARTESIAN_POINT('',(-35.9663993691918,3.17500001957292,0.711876102677077));
#10531=CARTESIAN_POINT('',(-35.9663993691918,3.17500001957292,0.711876102677077));
#10532=CARTESIAN_POINT('',(-35.9663993691918,3.17500001957292,14.5548761026771));
#10533=CARTESIAN_POINT('',(-35.9663993691918,3.17500001957292,14.5548761026771));
#10534=CARTESIAN_POINT('',(-35.9663993691918,3.17500001957292,14.5548761026771));
#10535=CARTESIAN_POINT('',(-35.9663993691918,-3.17499998042709,14.5548761026771));
#10536=CARTESIAN_POINT('',(-36.2711993691918,-3.17499998042709,14.5548761026771));
#10537=CARTESIAN_POINT('',(-35.9663993691918,3.17500001957292,14.5548761026771));
#10538=CARTESIAN_POINT('',(-36.2711993691918,3.17500001957292,14.5548761026771));
#10539=CARTESIAN_POINT('',(-36.2711993691918,3.17500001957292,14.5548761026771));
#10540=CARTESIAN_POINT('',(-36.2711993691918,3.17500001957292,14.5548761026771));
#10541=CARTESIAN_POINT('',(-36.2711993691918,3.17500001957292,0.711876102677077));
#10542=CARTESIAN_POINT('',(-36.2711993691918,3.17500001957292,0.711876102677077));
#10543=CARTESIAN_POINT('',(-36.2711993691918,3.17500001957292,0.711876102677077));
#10544=CARTESIAN_POINT('',(-36.2711993691918,-3.17499998042709,14.5548761026771));
#10545=CARTESIAN_POINT('',(-36.2711993691918,-3.17499998042709,0.711876102677077));
#10546=CARTESIAN_POINT('',(-36.2711993691918,-3.17499998042709,0.711876102677077));
#10547=CARTESIAN_POINT('',(-36.2711993691918,-3.17499998042709,0.711876102677077));
#10548=CARTESIAN_POINT('',(-36.8426993690781,1.95729117124316E-8,9.72887610267707));
#10549=CARTESIAN_POINT('',(-36.0745542077877,1.95729117337519E-8,9.72887610267707));
#10550=CARTESIAN_POINT('',(-36.0745542077877,1.95729117337519E-8,11.1181598250269));
#10551=CARTESIAN_POINT('',(-35.8901993690781,1.95729117388688E-8,9.72887610267707));
#10552=CARTESIAN_POINT('',(-36.2711993690781,1.95729117282939E-8,9.72887610267707));
#10553=CARTESIAN_POINT('',(-36.2711993690781,1.95729117282939E-8,11.4515879183909));
#10554=CARTESIAN_POINT('',(-36.8426993690781,1.95729117124316E-8,9.72887610267707));
#10555=CARTESIAN_POINT('',(-35.92707033682,1.95729117378454E-8,9.72887610267707));
#10556=CARTESIAN_POINT('',(-35.92707033682,-1.65602617746811,9.72887610267707));
#10557=CARTESIAN_POINT('',(-35.8901993690781,1.95729117388688E-8,9.72887610267707));
#10558=CARTESIAN_POINT('',(-39.3798771469695,-0.0253999804270832,-1.32012389732292));
#10559=CARTESIAN_POINT('',(-36.2520681797303,-0.0253999804270849,-0.156408283219861));
#10560=CARTESIAN_POINT('',(-36.2520681797303,-0.0253999804270849,-0.156408283219861));
#10561=CARTESIAN_POINT('',(-39.3798771469695,-0.0253999804270832,-1.32012389732292));
#10562=CARTESIAN_POINT('',(-36.2520681797303,-0.0253999804270814,-2.48383951142597));
#10563=CARTESIAN_POINT('',(-36.2520681797303,-0.0253999804270814,-2.48383951142597));
#10564=CARTESIAN_POINT('',(-35.9663993691916,-0.0253999804270849,-0.0501238973228992));
#10565=CARTESIAN_POINT('',(-36.2711993691918,-0.0253999804270849,-0.0501238973229217));
#10566=CARTESIAN_POINT('',(-35.9663993691916,-0.0253999804270849,-0.0501238973228992));
#10567=CARTESIAN_POINT('',(-39.3798771469695,-0.0253999804270832,-1.32012389732292));
#10568=CARTESIAN_POINT('',(-39.3798771469695,-0.0253999804270832,-1.32012389732292));
#10569=CARTESIAN_POINT('',(-35.9663993691916,-0.0253999804270814,-2.59012389732295));
#10570=CARTESIAN_POINT('',(-35.9663993691916,-0.0253999804270814,-2.59012389732295));
#10571=CARTESIAN_POINT('',(-36.2711993691918,-0.0253999804270849,0.711876102677077));
#10572=CARTESIAN_POINT('',(-36.2711993691918,3.17500001957292,0.711876102677077));
#10573=CARTESIAN_POINT('',(-36.2711993691918,3.17500001957292,0.711876102677077));
#10574=CARTESIAN_POINT('',(-36.2711993691918,3.17500001957292,0.711876102677077));
#10575=CARTESIAN_POINT('',(-36.2711993691918,3.17500001957292,0.711876102677077));
#10576=CARTESIAN_POINT('',(-36.2711993691918,3.17500001957292,0.711876102677077));
#10577=CARTESIAN_POINT('',(0.32,9.56,0.));
#10578=CARTESIAN_POINT('',(35.9664006308082,-0.482599980427083,0.711876102677077));
#10579=CARTESIAN_POINT('',(36.2712006308082,-0.482599980427082,0.711876102677077));
#10580=CARTESIAN_POINT('',(36.2712006308082,-0.482599980427082,0.711876102677077));
#10581=CARTESIAN_POINT('',(36.2712006308082,-3.17499998042708,0.711876102677077));
#10582=CARTESIAN_POINT('',(35.9664006308082,-3.17499998042708,0.711876102677077));
#10583=CARTESIAN_POINT('',(35.9664006308082,-3.17499998042708,0.711876102677077));
#10584=CARTESIAN_POINT('',(35.9664006308082,-0.482599980427083,0.711876102677077));
#10585=CARTESIAN_POINT('',(35.9664006308082,-0.482599980427083,0.711876102677077));
#10586=CARTESIAN_POINT('',(35.9664006308082,-0.482599980427083,0.711876102677077));
#10587=CARTESIAN_POINT('',(35.9664006308082,0.482600019572917,0.711876102677077));
#10588=CARTESIAN_POINT('',(35.9664006308082,3.17500001957292,0.711876102677077));
#10589=CARTESIAN_POINT('',(35.9664006308082,3.17500001957292,0.711876102677077));
#10590=CARTESIAN_POINT('',(36.2712006308082,3.17500001957292,0.711876102677077));
#10591=CARTESIAN_POINT('',(36.2712006308082,0.482600019572917,0.711876102677077));
#10592=CARTESIAN_POINT('',(36.2712006308082,0.482600019572917,0.711876102677077));
#10593=CARTESIAN_POINT('',(35.9664006308082,0.482600019572917,0.711876102677077));
#10594=CARTESIAN_POINT('',(35.9664006308082,0.482600019572917,0.711876102677077));
#10595=CARTESIAN_POINT('',(35.9664006308082,0.482600019572917,0.711876102677077));
#10596=CARTESIAN_POINT('',(36.2712006308082,-3.17499998042708,-3.60612389732292));
#10597=CARTESIAN_POINT('',(36.2712006308082,3.17500001957292,-3.60612389732292));
#10598=CARTESIAN_POINT('',(36.2712006308082,3.17500001957292,13.6150761026771));
#10599=CARTESIAN_POINT('',(36.2712006308082,-3.17499998042708,13.6150761026771));
#10600=CARTESIAN_POINT('',(36.2712006308082,-3.17499998042708,13.6150761026771));
#10601=CARTESIAN_POINT('',(36.2712006308082,-3.17499998042708,-3.60612389732292));
#10602=CARTESIAN_POINT('',(36.2712006308082,-0.482599980427082,-3.12352389732293));
#10603=CARTESIAN_POINT('',(36.2712006308082,-0.482599980427082,-0.558123897322923));
#10604=CARTESIAN_POINT('',(36.2712006308082,-3.17499998042708,-0.558123897322923));
#10605=CARTESIAN_POINT('',(36.2712005630999,1.95729154764735E-8,-0.558124384823192));
#10606=CARTESIAN_POINT('',(36.2712006308082,-3.17499998042708,-0.558123897322923));
#10607=CARTESIAN_POINT('',(36.2712006308082,0.482600019572917,-0.558123897322923));
#10608=CARTESIAN_POINT('',(36.2712006308082,0.482600019572917,-3.12352389732293));
#10609=CARTESIAN_POINT('',(38.7096751668936,-0.241299980427076,-1.70112389732292));
#10610=CARTESIAN_POINT('',(35.9664006308082,-3.17499998042708,-0.558123897322923));
#10611=CARTESIAN_POINT('',(35.9664006308082,-0.482599980427083,-0.558123897322923));
#10612=CARTESIAN_POINT('',(35.9664006985166,1.95729154680136E-8,-0.558124384823336));
#10613=CARTESIAN_POINT('',(35.966400766225,1.95729154680136E-8,-0.558124222323394));
#10614=CARTESIAN_POINT('',(35.6616104617672,1.95729171942774E-8,-1.28962030302147));
#10615=CARTESIAN_POINT('',(35.6616104617672,1.95729171942774E-8,-2.11262749162438));
#10616=CARTESIAN_POINT('',(35.9664006308082,1.9572917202737E-8,-2.84412389732292));
#10617=CARTESIAN_POINT('',(35.9664006308082,1.9572917202737E-8,-2.84412357232268));
#10618=CARTESIAN_POINT('',(35.9664006308082,1.9572917202737E-8,-2.84412389732292));
#10619=CARTESIAN_POINT('',(35.9664006308082,-0.04021664709375,-2.84412389732292));
#10620=CARTESIAN_POINT('',(35.9664006308082,-0.120649980427083,-2.84412389732292));
#10621=CARTESIAN_POINT('',(35.9664006308082,-0.241299980427083,-2.84412389732292));
#10622=CARTESIAN_POINT('',(35.9664006308082,-0.361949980427083,-2.84412389732292));
#10623=CARTESIAN_POINT('',(35.9664006308082,-0.442383313760415,-2.84412389732292));
#10624=CARTESIAN_POINT('',(35.9664006308082,-0.482617480427082,-2.84412389732292));
#10625=CARTESIAN_POINT('',(35.9664006308082,-0.482600253864708,-2.84412389732292));
#10626=CARTESIAN_POINT('',(35.9664006308082,-0.482599980427083,-0.558123897322923));
#10627=CARTESIAN_POINT('',(35.66333340168,-0.482599980427082,-1.28548524723056));
#10628=CARTESIAN_POINT('',(35.662792902445,-0.482599980427082,-2.11546534925105));
#10629=CARTESIAN_POINT('',(35.9664006308082,-0.482599980427083,-2.84412389732292));
#10630=CARTESIAN_POINT('',(39.0144751668934,-0.24129998042707,-1.70112389732292));
#10631=CARTESIAN_POINT('',(36.2712006308082,-0.482599980427082,-0.558123897322923));
#10632=CARTESIAN_POINT('',(35.9664104617672,-0.482599980427083,-1.28962030302147));
#10633=CARTESIAN_POINT('',(35.9664104617672,-0.482599980427083,-2.11262749162438));
#10634=CARTESIAN_POINT('',(36.2712006308082,-0.482599980427082,-2.84412389732292));
#10635=CARTESIAN_POINT('',(36.2712006308082,-0.482599980427082,-2.84412389732292));
#10636=CARTESIAN_POINT('',(36.2712006308082,-0.482599980427082,-2.84412389732292));
#10637=CARTESIAN_POINT('',(36.2712006308082,-0.442383313760415,-2.84412389732292));
#10638=CARTESIAN_POINT('',(36.2712006308082,-0.361949980427083,-2.84412389732292));
#10639=CARTESIAN_POINT('',(36.2712006308082,-0.241299980427083,-2.84412389732292));
#10640=CARTESIAN_POINT('',(36.2712006308082,-0.120649980427083,-2.84412389732292));
#10641=CARTESIAN_POINT('',(36.2712006308082,-0.04021664709375,-2.84412389732292));
#10642=CARTESIAN_POINT('',(36.2712006308082,1.95729172111969E-8,-2.84412389732292));
#10643=CARTESIAN_POINT('',(36.2712006308083,1.95729172111969E-8,-2.84412357232268));
#10644=CARTESIAN_POINT('',(36.1188006307706,1.9572917206967E-8,-2.36981959834021));
#10645=CARTESIAN_POINT('',(36.1559880513254,1.95729172079991E-8,-2.53085644899095));
#10646=CARTESIAN_POINT('',(36.2067880513379,1.95729172094091E-8,-2.68953370659413));
#10647=CARTESIAN_POINT('',(36.2712006308082,1.95729172111969E-8,-2.84412389732292));
#10648=CARTESIAN_POINT('',(36.1188006307706,1.9572917206967E-8,-2.36981959834098));
#10649=CARTESIAN_POINT('',(36.1188006308886,1.95729154722435E-8,-1.03242819649041));
#10650=CARTESIAN_POINT('',(36.0172104617797,1.95729172041473E-8,-1.47235547890034));
#10651=CARTESIAN_POINT('',(36.0172104617797,1.95729172041473E-8,-1.92989231574557));
#10652=CARTESIAN_POINT('',(36.1188006307706,1.9572917206967E-8,-2.36981959834021));
#10653=CARTESIAN_POINT('',(36.1188006308886,1.95729154722435E-8,-1.03242819648968));
#10654=CARTESIAN_POINT('',(36.2712004953915,1.95729154764735E-8,-0.558124222323104));
#10655=CARTESIAN_POINT('',(36.206788051318,1.95729154746856E-8,-0.712714088099547));
#10656=CARTESIAN_POINT('',(36.1559880512939,1.95729154732757E-8,-0.871391345753094));
#10657=CARTESIAN_POINT('',(36.1188006308886,1.95729154722435E-8,-1.03242819649041));
#10658=CARTESIAN_POINT('',(35.9664006308082,1.95729154680136E-8,-0.558123897322923));
#10659=CARTESIAN_POINT('',(35.9664006308082,1.9572917202737E-8,-2.84412389732292));
#10660=CARTESIAN_POINT('',(36.0308132103032,1.95729172045248E-8,-2.68953370653503));
#10661=CARTESIAN_POINT('',(36.08161321033,1.95729172059348E-8,-2.53085644886962));
#10662=CARTESIAN_POINT('',(36.1188006307706,1.9572917206967E-8,-2.36981959834021));
#10663=CARTESIAN_POINT('',(36.1188006308886,1.95729154722435E-8,-1.03242819649041));
#10664=CARTESIAN_POINT('',(36.08161321033,1.95729172059348E-8,-0.871391345776228));
#10665=CARTESIAN_POINT('',(36.0308132103032,1.95729172045248E-8,-0.712714088110815));
#10666=CARTESIAN_POINT('',(35.966400766225,1.95729154680136E-8,-0.558124222323394));
#10667=CARTESIAN_POINT('',(35.9664006308082,-3.17499998042708,-3.60612389732292));
#10668=CARTESIAN_POINT('',(35.9664006308082,0.482600019572917,-2.84412389732292));
#10669=CARTESIAN_POINT('',(35.9664006308082,0.44238335290625,-2.84412389732292));
#10670=CARTESIAN_POINT('',(35.9664006308082,0.361950019572917,-2.84412389732292));
#10671=CARTESIAN_POINT('',(35.9664006308082,0.241300019572917,-2.84412389732292));
#10672=CARTESIAN_POINT('',(35.9664006308082,0.120650019572917,-2.84412389732292));
#10673=CARTESIAN_POINT('',(35.9664006308082,0.0402166862395844,-2.84412389732292));
#10674=CARTESIAN_POINT('',(35.9664006308082,1.9572917202737E-8,-2.84412389732292));
#10675=CARTESIAN_POINT('',(35.9664006308082,0.482600019572917,-2.84412389732292));
#10676=CARTESIAN_POINT('',(35.9664006308082,0.482600019572917,-3.12352389732293));
#10677=CARTESIAN_POINT('',(35.9664006308082,0.482600019572917,-3.12352389732293));
#10678=CARTESIAN_POINT('',(35.9664006308082,1.9572917202737E-8,-3.12352389732293));
#10679=CARTESIAN_POINT('',(35.9664006308082,-0.482599980427083,-3.12352389732293));
#10680=CARTESIAN_POINT('',(35.9664006308082,-0.482599980427083,-3.12352389732293));
#10681=CARTESIAN_POINT('',(36.2712006308082,-3.17499998042708,-3.60612389732292));
#10682=CARTESIAN_POINT('',(36.2712006308082,0.482600019572917,-3.12352389732293));
#10683=CARTESIAN_POINT('',(36.2712006308082,0.482600019572917,-2.84412389732292));
#10684=CARTESIAN_POINT('',(36.2712006308082,0.482600019572917,-3.12352389732293));
#10685=CARTESIAN_POINT('',(36.2712006308082,1.95729172111969E-8,-2.84412389732292));
#10686=CARTESIAN_POINT('',(36.2712006308082,0.0402166862395844,-2.84412389732292));
#10687=CARTESIAN_POINT('',(36.2712006308082,0.120650019572917,-2.84412389732292));
#10688=CARTESIAN_POINT('',(36.2712006308082,0.241300019572917,-2.84412389732292));
#10689=CARTESIAN_POINT('',(36.2712006308082,0.361950019572917,-2.84412389732292));
#10690=CARTESIAN_POINT('',(36.2712006308082,0.442383352906251,-2.84412389732292));
#10691=CARTESIAN_POINT('',(36.2712006308082,0.482600019572917,-2.84412389732292));
#10692=CARTESIAN_POINT('',(36.2712006308082,-0.482599980427082,-3.12352389732293));
#10693=CARTESIAN_POINT('',(36.2712006308082,-0.482599980427082,-3.12352389732293));
#10694=CARTESIAN_POINT('',(36.2712006308082,1.95729172111969E-8,-3.12352389732293));
#10695=CARTESIAN_POINT('',(35.9664006308082,1.9572917202737E-8,-3.12352389732293));
#10696=CARTESIAN_POINT('',(35.9664006308082,-0.482599980427083,-3.12352389732293));
#10697=CARTESIAN_POINT('',(35.9664006308082,0.482600019572917,-3.12352389732293));
#10698=CARTESIAN_POINT('',(33.2231260947229,0.241300019572912,-1.70112389732292));
#10699=CARTESIAN_POINT('',(36.1188006307706,1.9572917206967E-8,-2.36981959834021));
#10700=CARTESIAN_POINT('',(36.2203907998225,1.95729172097867E-8,-1.92989231567898));
#10701=CARTESIAN_POINT('',(36.2203907998225,1.95729172097867E-8,-1.47235547896679));
#10702=CARTESIAN_POINT('',(36.1188006308886,1.95729154722435E-8,-1.03242819649041));
#10703=CARTESIAN_POINT('',(35.9664006308082,1.95729154680136E-8,-0.558123897322923));
#10704=CARTESIAN_POINT('',(35.9664006308082,0.482600019572917,-0.558123897322923));
#10705=CARTESIAN_POINT('',(35.9664006308082,0.482600019572917,-2.84412389732292));
#10706=CARTESIAN_POINT('',(36.2711907998493,0.482600019572917,-2.11262749162438));
#10707=CARTESIAN_POINT('',(36.2711907998493,0.482600019572917,-1.28962030302147));
#10708=CARTESIAN_POINT('',(35.9664006308082,0.482600019572917,-0.558123897322923));
#10709=CARTESIAN_POINT('',(33.527926094723,0.24130001957291,-1.70112389732292));
#10710=CARTESIAN_POINT('',(36.2712006308082,0.482600019572917,-2.84412389732292));
#10711=CARTESIAN_POINT('',(36.5759907998493,0.482600019572917,-2.11262749162438));
#10712=CARTESIAN_POINT('',(36.5759907998493,0.482600019572917,-1.28962030302147));
#10713=CARTESIAN_POINT('',(36.2712006308082,0.482600019572917,-0.558123897322923));
#10714=CARTESIAN_POINT('',(36.2712006308082,1.95729172111969E-8,-2.84412389732292));
#10715=CARTESIAN_POINT('',(36.5759907998493,1.95729172196566E-8,-2.11262749162438));
#10716=CARTESIAN_POINT('',(36.5759907998493,1.95729172196566E-8,-1.28962030302147));
#10717=CARTESIAN_POINT('',(36.2712004953915,1.95729154764735E-8,-0.558124222323104));
#10718=CARTESIAN_POINT('',(33.2486006308082,3.17500001957292,9.80507610267708));
#10719=CARTESIAN_POINT('',(35.9664006308082,3.17500001957292,-3.60612389732292));
#10720=CARTESIAN_POINT('',(35.9664006308082,3.17500001957292,13.6150761026771));
#10721=CARTESIAN_POINT('',(35.3314006308082,3.17500001957292,13.6150761026771));
#10722=CARTESIAN_POINT('',(34.7742210981459,3.17500001957292,13.9196675805325));
#10723=CARTESIAN_POINT('',(34.7742210981459,3.17500001957292,13.9196675805325));
#10724=CARTESIAN_POINT('',(32.6914210981459,3.17500001957292,10.1096675805325));
#10725=CARTESIAN_POINT('',(33.2486006308082,3.17500001957292,9.80507610267708));
#10726=CARTESIAN_POINT('',(32.6136006308082,3.17500001957292,9.80507610267708));
#10727=CARTESIAN_POINT('',(32.6136006308082,3.17500001957292,9.80507610267708));
#10728=CARTESIAN_POINT('',(32.6136006308082,3.17500001957292,6.90947610267708));
#10729=CARTESIAN_POINT('',(32.6136006308082,3.17500001957292,6.90947610267708));
#10730=CARTESIAN_POINT('',(32.3088006308082,3.17500001957292,6.90947610267708));
#10731=CARTESIAN_POINT('',(32.3088006308082,3.17500001957292,9.80507610267707));
#10732=CARTESIAN_POINT('',(32.3088006308082,3.17500001957292,9.80507610267707));
#10733=CARTESIAN_POINT('',(33.2486006308082,3.17500001957292,9.80507610267708));
#10734=CARTESIAN_POINT('',(32.4239749224679,3.17500001957292,10.2558714899031));
#10735=CARTESIAN_POINT('',(34.5067749224679,3.17500001957292,14.0658714899031));
#10736=CARTESIAN_POINT('',(34.5067749224679,3.17500001957292,14.0658714899031));
#10737=CARTESIAN_POINT('',(35.3314006308082,3.17500001957292,13.6150761026771));
#10738=CARTESIAN_POINT('',(33.2486006308082,-3.17499998042708,9.80507610267708));
#10739=CARTESIAN_POINT('',(32.3088006308082,-3.17499998042708,9.80507610267707));
#10740=CARTESIAN_POINT('',(32.3088006308082,-3.17499998042708,9.80507610267707));
#10741=CARTESIAN_POINT('',(32.3088006308082,-3.17499998042708,6.90947610267708));
#10742=CARTESIAN_POINT('',(32.6136006308082,-3.17499998042708,6.90947610267708));
#10743=CARTESIAN_POINT('',(32.6136006308082,-3.17499998042708,6.90947610267708));
#10744=CARTESIAN_POINT('',(32.6136006308082,-3.17499998042708,9.80507610267708));
#10745=CARTESIAN_POINT('',(32.6136006308082,-3.17499998042708,9.80507610267708));
#10746=CARTESIAN_POINT('',(33.2486006308082,-3.17499998042708,9.80507610267708));
#10747=CARTESIAN_POINT('',(32.6914210981459,-3.17499998042708,10.1096675805325));
#10748=CARTESIAN_POINT('',(34.7742210981459,-3.17499998042708,13.9196675805325));
#10749=CARTESIAN_POINT('',(34.7742210981459,-3.17499998042708,13.9196675805325));
#10750=CARTESIAN_POINT('',(35.3314006308082,-3.17499998042708,13.6150761026771));
#10751=CARTESIAN_POINT('',(35.9664006308082,-3.17499998042708,13.6150761026771));
#10752=CARTESIAN_POINT('',(35.9664006308082,-3.17499998042708,-3.60612389732292));
#10753=CARTESIAN_POINT('',(35.3314006308082,-3.17499998042708,13.6150761026771));
#10754=CARTESIAN_POINT('',(34.5067749224679,-3.17499998042708,14.0658714899031));
#10755=CARTESIAN_POINT('',(34.5067749224679,-3.17499998042708,14.0658714899031));
#10756=CARTESIAN_POINT('',(32.4239749224679,-3.17499998042708,10.2558714899031));
#10757=CARTESIAN_POINT('',(33.2486006308082,-3.17499998042708,9.80507610267708));
#10758=CARTESIAN_POINT('',(33.2486006308082,-3.17499998042708,9.80507610267708));
#10759=CARTESIAN_POINT('',(32.3088006308082,-3.17499998042708,9.80507610267707));
#10760=CARTESIAN_POINT('',(32.4239749224679,-3.17499998042708,10.2558714899031));
#10761=CARTESIAN_POINT('',(34.5067749224679,-3.17499998042708,14.0658714899031));
#10762=CARTESIAN_POINT('',(34.5067749224679,-3.17499998042708,14.0658714899031));
#10763=CARTESIAN_POINT('',(35.3314006308082,-3.17499998042708,13.6150761026771));
#10764=CARTESIAN_POINT('',(35.3314006308082,-3.17499998042708,13.6150761026771));
#10765=CARTESIAN_POINT('',(35.9664006308082,-3.17499998042708,13.6150761026771));
#10766=CARTESIAN_POINT('',(34.7742210981459,-3.17499998042708,13.9196675805325));
#10767=CARTESIAN_POINT('',(34.7742210981459,-3.17499998042708,13.9196675805325));
#10768=CARTESIAN_POINT('',(32.6914210981459,-3.17499998042708,10.1096675805325));
#10769=CARTESIAN_POINT('',(33.2486006308082,-3.17499998042708,9.80507610267708));
#10770=CARTESIAN_POINT('',(32.6136006308082,-3.17499998042708,9.80507610267708));
#10771=CARTESIAN_POINT('',(32.6136006308082,-3.17499998042708,9.80507610267708));
#10772=CARTESIAN_POINT('',(32.6136006308082,-3.17499998042708,6.90947610267708));
#10773=CARTESIAN_POINT('',(32.6136006308082,-3.17499998042708,6.90947610267708));
#10774=CARTESIAN_POINT('',(32.3088006308082,-3.17499998042708,6.90947610267708));
#10775=CARTESIAN_POINT('',(32.3088006308082,-3.17499998042708,9.80507610267707));
#10776=CARTESIAN_POINT('',(35.9664006308082,-0.482599980427083,-3.12352389732293));
#10777=CARTESIAN_POINT('',(35.9664006308082,-0.482599980427083,-3.12352389732293));
#10778=CARTESIAN_POINT('',(35.9664006308082,0.482600019572917,-3.12352389732293));
#10779=CARTESIAN_POINT('',(35.9664006308082,0.482600019572917,-3.12352389732293));
#10780=CARTESIAN_POINT('',(35.9664006308082,-3.17499998042708,-3.60612389732292));
#10781=CARTESIAN_POINT('',(35.9664006308082,1.9572917202737E-8,-2.84412389732292));
#10782=CARTESIAN_POINT('',(0.32,-9.56,0.));
#10783=CARTESIAN_POINT('',(-0.32,9.56,0.));
#10784=CARTESIAN_POINT('',(-0.32,-9.56,0.));
#10785=MECHANICAL_DESIGN_GEOMETRIC_PRESENTATION_REPRESENTATION('',(#5200,
#5201,#5202,#5203,#5204,#5205,#5206,#5207,#5208,#5209,#5210,#5211,#5212,
#5213,#5214,#5215,#5216,#5217,#5218,#5219,#5220,#5221,#5222,#5223,#5224,
#5225,#5226,#5227,#5228,#5229,#5230,#5231,#5232,#5233,#5234,#5235,#5236,
#5237,#5238,#5239,#5240,#5241,#5242,#5243,#5244,#5245,#5246,#5247,#5248,
#5249,#5250,#5251,#5252,#5253,#5254,#5255,#5256,#5257,#5258,#5259,#5260,
#5261,#5262,#5263,#5264,#5265,#5266,#5267,#5268,#5269,#5270,#5271,#5272,
#5273,#5274,#5275,#5276,#5277,#5278,#5279,#5280,#5281,#5282,#5283,#5284,
#5285,#5286,#5287,#5288,#5289,#5290,#5291,#5292,#5293,#5294,#5295,#5296,
#5297,#5298,#5299,#5300,#5301,#5302,#5303,#5304,#5305,#5306,#5307,#5308,
#5309,#5310,#5311,#5312,#5313,#5314,#5315,#5316,#5317,#5318,#5319,#5320,
#5321,#5322,#5323,#5324,#5325,#5326,#5327,#5328,#5329,#5330,#5331,#5332,
#5333,#5334,#5335,#5336,#5337,#5338,#5339,#5340,#5341,#5342,#5343,#5344,
#5345,#5346,#5347,#5348,#5349,#5350,#5351,#5352,#5353,#5354,#5355,#5356,
#5357,#5358,#5359,#5360,#5361,#5362,#5363,#5364,#5365,#5366,#5367,#5368,
#5369,#5370,#5371,#5372,#5373,#5374,#5375,#5376,#5377,#5378,#5379,#5380,
#5381,#5382,#5383,#5384,#5385,#5386,#5387,#5388,#5389,#5390,#5391,#5392,
#5393,#5394,#5395,#5396,#5397,#5398,#5399,#5400,#5401,#5402,#5403,#5404,
#5405,#5406,#5407,#5408,#5409,#5410,#5411,#5412,#5413,#5414,#5415,#5416,
#5417,#5418,#5419,#5420,#5421,#5422,#5423,#5424,#5425,#5426,#5427,#5428,
#5429,#5430,#5431),#10786);
#10786=(
GEOMETRIC_REPRESENTATION_CONTEXT(3)
GLOBAL_UNCERTAINTY_ASSIGNED_CONTEXT((#10790))
GLOBAL_UNIT_ASSIGNED_CONTEXT((#10796,#10795,#10794))
REPRESENTATION_CONTEXT('KEYST_1049P','TOP_LEVEL_ASSEMBLY_PART')
);
#10787=(
GEOMETRIC_REPRESENTATION_CONTEXT(3)
GLOBAL_UNCERTAINTY_ASSIGNED_CONTEXT((#10791))
GLOBAL_UNIT_ASSIGNED_CONTEXT((#10796,#10795,#10794))
REPRESENTATION_CONTEXT('1134_body','COMPONENT_PART')
);
#10788=(
GEOMETRIC_REPRESENTATION_CONTEXT(3)
GLOBAL_UNCERTAINTY_ASSIGNED_CONTEXT((#10792))
GLOBAL_UNIT_ASSIGNED_CONTEXT((#10796,#10795,#10794))
REPRESENTATION_CONTEXT('1043P_pin_type1','COMPONENT_PART')
);
#10789=(
GEOMETRIC_REPRESENTATION_CONTEXT(3)
GLOBAL_UNCERTAINTY_ASSIGNED_CONTEXT((#10793))
GLOBAL_UNIT_ASSIGNED_CONTEXT((#10796,#10795,#10794))
REPRESENTATION_CONTEXT('1043P_pin_type2','COMPONENT_PART')
);
#10790=UNCERTAINTY_MEASURE_WITH_UNIT(LENGTH_MEASURE(0.005),#10796,
'DISTANCE_ACCURACY_VALUE','Maximum Tolerance applied to model');
#10791=UNCERTAINTY_MEASURE_WITH_UNIT(LENGTH_MEASURE(0.005),#10796,
'DISTANCE_ACCURACY_VALUE','Maximum Tolerance applied to model');
#10792=UNCERTAINTY_MEASURE_WITH_UNIT(LENGTH_MEASURE(0.005),#10796,
'DISTANCE_ACCURACY_VALUE','Maximum Tolerance applied to model');
#10793=UNCERTAINTY_MEASURE_WITH_UNIT(LENGTH_MEASURE(0.005),#10796,
'DISTANCE_ACCURACY_VALUE','Maximum Tolerance applied to model');
#10794=(
NAMED_UNIT(*)
SI_UNIT($,.STERADIAN.)
SOLID_ANGLE_UNIT()
);
#10795=(
NAMED_UNIT(*)
PLANE_ANGLE_UNIT()
SI_UNIT($,.RADIAN.)
);
#10796=(
LENGTH_UNIT()
NAMED_UNIT(*)
SI_UNIT(.MILLI.,.METRE.)
);
#10797=PRODUCT_DEFINITION_SHAPE('','',#10806);
#10798=PRODUCT_DEFINITION_SHAPE('','',#10807);
#10799=PRODUCT_DEFINITION_SHAPE(' ','NAUO PRDDFN',#23);
#10800=PRODUCT_DEFINITION_SHAPE('','',#10808);
#10801=PRODUCT_DEFINITION_SHAPE(' ','NAUO PRDDFN',#24);
#10802=PRODUCT_DEFINITION_SHAPE('','',#10809);
#10803=PRODUCT_DEFINITION_SHAPE(' ','NAUO PRDDFN',#25);
#10804=PRODUCT_DEFINITION_SHAPE(' ','NAUO PRDDFN',#26);
#10805=PRODUCT_DEFINITION_SHAPE(' ','NAUO PRDDFN',#27);
#10806=PRODUCT_DEFINITION('','',#10814,#10810);
#10807=PRODUCT_DEFINITION('','',#10815,#10811);
#10808=PRODUCT_DEFINITION('','',#10816,#10812);
#10809=PRODUCT_DEFINITION('','',#10817,#10813);
#10810=PRODUCT_DEFINITION_CONTEXT('',#10835,'design');
#10811=PRODUCT_DEFINITION_CONTEXT('',#10835,'design');
#10812=PRODUCT_DEFINITION_CONTEXT('',#10835,'design');
#10813=PRODUCT_DEFINITION_CONTEXT('',#10835,'design');
#10814=PRODUCT_DEFINITION_FORMATION_WITH_SPECIFIED_SOURCE('','',#10822,
 .NOT_KNOWN.);
#10815=PRODUCT_DEFINITION_FORMATION_WITH_SPECIFIED_SOURCE('','',#10823,
 .NOT_KNOWN.);
#10816=PRODUCT_DEFINITION_FORMATION_WITH_SPECIFIED_SOURCE('','',#10824,
 .NOT_KNOWN.);
#10817=PRODUCT_DEFINITION_FORMATION_WITH_SPECIFIED_SOURCE('','',#10825,
 .NOT_KNOWN.);
#10818=PRODUCT_RELATED_PRODUCT_CATEGORY('','',(#10822));
#10819=PRODUCT_RELATED_PRODUCT_CATEGORY('','',(#10823));
#10820=PRODUCT_RELATED_PRODUCT_CATEGORY('','',(#10824));
#10821=PRODUCT_RELATED_PRODUCT_CATEGORY('','',(#10825));
#10822=PRODUCT('KEYST_1049P','KEYST_1049P','KEYST_1049P',(#10830));
#10823=PRODUCT('1134_body','1134_body','1134_body',(#10831));
#10824=PRODUCT('1043P_pin_type1','1043P_pin_type1','1043P_pin_type1',(#10832));
#10825=PRODUCT('1043P_pin_type2','1043P_pin_type2','1043P_pin_type2',(#10833));
#10826=PRODUCT_CATEGORY('','');
#10827=PRODUCT_CATEGORY('','');
#10828=PRODUCT_CATEGORY('','');
#10829=PRODUCT_CATEGORY('','');
#10830=PRODUCT_CONTEXT('',#10835,'mechanical');
#10831=PRODUCT_CONTEXT('',#10835,'mechanical');
#10832=PRODUCT_CONTEXT('',#10835,'mechanical');
#10833=PRODUCT_CONTEXT('',#10835,'mechanical');
#10834=APPLICATION_PROTOCOL_DEFINITION('international standard',
'automotive_design',2010,#10835);
#10835=APPLICATION_CONTEXT(
'core data for automotive mechanical design processes');
ENDSEC;
END-ISO-10303-21;
