ISO-10303-21;
HEADER;
/* Generated by software containing ST-Developer
 * from STEP Tools, Inc. (www.steptools.com) 
 */
/* OPTION: strings as raw bytes, not using required /X/ escapes */

FILE_DESCRIPTION(
/* description */ ('Unknown'),
/* implementation_level */ '2;1');

FILE_NAME(
/* name */ 'KEYST_1048',
/* time_stamp */ '2025-10-17T12:08:19+03:00',
/* author */ ('Unknown'),
/* organization */ ('Unknown'),
/* preprocessor_version */ 'ST-DEVELOPER v19.4',
/* originating_system */ 'Solid Edge',
/* authorisation */ 'Unknown');

FILE_SCHEMA (('AUTOMOTIVE_DESIGN {1 0 10303 214 3 1 1}'));
ENDSEC;

DATA;
#10=PROPERTY_DEFINITION_REPRESENTATION(#14,#12);
#11=PROPERTY_DEFINITION_REPRESENTATION(#15,#13);
#12=REPRESENTATION('',(#16),#10102);
#13=REPRESENTATION('',(#17),#10102);
#14=PROPERTY_DEFINITION('pmi validation property','',#10111);
#15=PROPERTY_DEFINITION('pmi validation property','',#10111);
#16=VALUE_REPRESENTATION_ITEM('number of annotations',COUNT_MEASURE(0.));
#17=VALUE_REPRESENTATION_ITEM('number of views',COUNT_MEASURE(0.));
#18=CONTEXT_DEPENDENT_SHAPE_REPRESENTATION(#28,#10113);
#19=CONTEXT_DEPENDENT_SHAPE_REPRESENTATION(#29,#10115);
#20=CONTEXT_DEPENDENT_SHAPE_REPRESENTATION(#30,#10116);
#21=CONTEXT_DEPENDENT_SHAPE_REPRESENTATION(#31,#10117);
#22=CONTEXT_DEPENDENT_SHAPE_REPRESENTATION(#32,#10118);
#23=NEXT_ASSEMBLY_USAGE_OCCURRENCE('1134_body','1134_body','1134_body',
#10119,#10120,'');
#24=NEXT_ASSEMBLY_USAGE_OCCURRENCE('1042P_pin_type2','1042P_pin_type2',
'1042P_pin_type2',#10119,#10121,'');
#25=NEXT_ASSEMBLY_USAGE_OCCURRENCE('1042P_pin_type2','1042P_pin_type2',
'1042P_pin_type2',#10119,#10121,'');
#26=NEXT_ASSEMBLY_USAGE_OCCURRENCE('1042P_pin_type2','1042P_pin_type2',
'1042P_pin_type2',#10119,#10121,'');
#27=NEXT_ASSEMBLY_USAGE_OCCURRENCE('1042P_pin_type2','1042P_pin_type2',
'1042P_pin_type2',#10119,#10121,'');
#28=(
REPRESENTATION_RELATIONSHIP(' ',' ',#6752,#6753)
REPRESENTATION_RELATIONSHIP_WITH_TRANSFORMATION(#33)
SHAPE_REPRESENTATION_RELATIONSHIP()
);
#29=(
REPRESENTATION_RELATIONSHIP(' ',' ',#6754,#6753)
REPRESENTATION_RELATIONSHIP_WITH_TRANSFORMATION(#34)
SHAPE_REPRESENTATION_RELATIONSHIP()
);
#30=(
REPRESENTATION_RELATIONSHIP(' ',' ',#6754,#6753)
REPRESENTATION_RELATIONSHIP_WITH_TRANSFORMATION(#35)
SHAPE_REPRESENTATION_RELATIONSHIP()
);
#31=(
REPRESENTATION_RELATIONSHIP(' ',' ',#6754,#6753)
REPRESENTATION_RELATIONSHIP_WITH_TRANSFORMATION(#36)
SHAPE_REPRESENTATION_RELATIONSHIP()
);
#32=(
REPRESENTATION_RELATIONSHIP(' ',' ',#6754,#6753)
REPRESENTATION_RELATIONSHIP_WITH_TRANSFORMATION(#37)
SHAPE_REPRESENTATION_RELATIONSHIP()
);
#33=ITEM_DEFINED_TRANSFORMATION(' ',' ',#6755,#7076);
#34=ITEM_DEFINED_TRANSFORMATION(' ',' ',#6755,#7120);
#35=ITEM_DEFINED_TRANSFORMATION(' ',' ',#6755,#7121);
#36=ITEM_DEFINED_TRANSFORMATION(' ',' ',#6755,#7122);
#37=ITEM_DEFINED_TRANSFORMATION(' ',' ',#6755,#7123);
#38=SHAPE_REPRESENTATION_RELATIONSHIP('','',#6752,#40);
#39=SHAPE_REPRESENTATION_RELATIONSHIP('','',#6754,#41);
#40=ADVANCED_BREP_SHAPE_REPRESENTATION('',(#6747),#10103);
#41=ADVANCED_BREP_SHAPE_REPRESENTATION('',(#6748),#10104);
#42=SPHERICAL_SURFACE('',#6953,0.7874);
#43=(
BOUNDED_CURVE()
B_SPLINE_CURVE(3,(#9086,#9087,#9088,#9089),.UNSPECIFIED.,.F.,.F.)
B_SPLINE_CURVE_WITH_KNOTS((4,4),(1.58824961931485,3.14159265358979),
 .UNSPECIFIED.)
CURVE()
GEOMETRIC_REPRESENTATION_ITEM()
RATIONAL_B_SPLINE_CURVE((1.,0.808833632769456,0.808833632769456,1.))
REPRESENTATION_ITEM('')
);
#44=(
BOUNDED_CURVE()
B_SPLINE_CURVE(3,(#9112,#9113,#9114,#9115),.UNSPECIFIED.,.F.,.F.)
B_SPLINE_CURVE_WITH_KNOTS((4,4),(0.,1.55334303427494),.UNSPECIFIED.)
CURVE()
GEOMETRIC_REPRESENTATION_ITEM()
RATIONAL_B_SPLINE_CURVE((1.,0.808833632769457,0.808833632769457,1.))
REPRESENTATION_ITEM('')
);
#45=(
BOUNDED_CURVE()
B_SPLINE_CURVE(3,(#9124,#9125,#9126,#9127),.UNSPECIFIED.,.F.,.F.)
B_SPLINE_CURVE_WITH_KNOTS((4,4),(0.,1.55334303427494),.UNSPECIFIED.)
CURVE()
GEOMETRIC_REPRESENTATION_ITEM()
RATIONAL_B_SPLINE_CURVE((1.,0.808833632769456,0.808833632769456,1.))
REPRESENTATION_ITEM('')
);
#46=(
BOUNDED_CURVE()
B_SPLINE_CURVE(3,(#9140,#9141,#9142,#9143),.UNSPECIFIED.,.F.,.F.)
B_SPLINE_CURVE_WITH_KNOTS((4,4),(1.58824961931485,3.14159265358979),
 .UNSPECIFIED.)
CURVE()
GEOMETRIC_REPRESENTATION_ITEM()
RATIONAL_B_SPLINE_CURVE((1.,0.808833632769456,0.808833632769456,1.))
REPRESENTATION_ITEM('')
);
#47=(
BOUNDED_CURVE()
B_SPLINE_CURVE(3,(#9621,#9622,#9623,#9624),.UNSPECIFIED.,.F.,.F.)
B_SPLINE_CURVE_WITH_KNOTS((4,4),(4.27965444611772,4.71238898038469),
 .UNSPECIFIED.)
CURVE()
GEOMETRIC_REPRESENTATION_ITEM()
RATIONAL_B_SPLINE_CURVE((1.,0.984455852121228,0.984455852121228,1.))
REPRESENTATION_ITEM('')
);
#48=(
BOUNDED_CURVE()
B_SPLINE_CURVE(3,(#9630,#9631,#9632,#9633),.UNSPECIFIED.,.F.,.F.)
B_SPLINE_CURVE_WITH_KNOTS((4,4),(4.71238898038469,5.14512351465166),
 .UNSPECIFIED.)
CURVE()
GEOMETRIC_REPRESENTATION_ITEM()
RATIONAL_B_SPLINE_CURVE((1.,0.984455852121228,0.984455852121228,1.))
REPRESENTATION_ITEM('')
);
#49=(
BOUNDED_CURVE()
B_SPLINE_CURVE(3,(#9673,#9674,#9675,#9676),.UNSPECIFIED.,.F.,.F.)
B_SPLINE_CURVE_WITH_KNOTS((4,4),(1.5707963267949,2.00353086106186),
 .UNSPECIFIED.)
CURVE()
GEOMETRIC_REPRESENTATION_ITEM()
RATIONAL_B_SPLINE_CURVE((1.,0.984455852121228,0.984455852121228,1.))
REPRESENTATION_ITEM('')
);
#50=(
BOUNDED_CURVE()
B_SPLINE_CURVE(3,(#9698,#9699,#9700,#9701),.UNSPECIFIED.,.F.,.F.)
B_SPLINE_CURVE_WITH_KNOTS((4,4),(1.13806179252793,1.5707963267949),
 .UNSPECIFIED.)
CURVE()
GEOMETRIC_REPRESENTATION_ITEM()
RATIONAL_B_SPLINE_CURVE((1.,0.984455852121228,0.984455852121228,1.))
REPRESENTATION_ITEM('')
);
#51=DEGENERATE_TOROIDAL_SURFACE('',#6788,0.526819947667876,1.3208,.T.);
#52=DEGENERATE_TOROIDAL_SURFACE('',#6798,0.526819947667873,1.3208,.T.);
#53=DEGENERATE_TOROIDAL_SURFACE('',#7058,0.526819947667873,1.3208,.T.);
#54=DEGENERATE_TOROIDAL_SURFACE('',#7065,0.526819947667876,1.3208,.T.);
#55=CYLINDRICAL_SURFACE('',#6781,1.4605);
#56=CYLINDRICAL_SURFACE('',#6786,1.8415);
#57=CYLINDRICAL_SURFACE('',#6791,1.4605);
#58=CYLINDRICAL_SURFACE('',#6796,1.8415);
#59=CYLINDRICAL_SURFACE('',#6808,10.3251);
#60=CYLINDRICAL_SURFACE('',#6816,10.3251);
#61=CYLINDRICAL_SURFACE('',#6824,10.3251);
#62=CYLINDRICAL_SURFACE('',#6831,10.3251);
#63=CYLINDRICAL_SURFACE('',#6849,1.5875);
#64=CYLINDRICAL_SURFACE('',#6852,1.5875);
#65=CYLINDRICAL_SURFACE('',#6899,1.016);
#66=CYLINDRICAL_SURFACE('',#6901,1.016);
#67=CYLINDRICAL_SURFACE('',#6904,1.016);
#68=CYLINDRICAL_SURFACE('',#6906,1.016);
#69=CYLINDRICAL_SURFACE('',#6908,1.016);
#70=CYLINDRICAL_SURFACE('',#6911,1.016);
#71=CYLINDRICAL_SURFACE('',#6955,0.787400000000001);
#72=CYLINDRICAL_SURFACE('',#6993,1.5748);
#73=CYLINDRICAL_SURFACE('',#6995,1.5748);
#74=CYLINDRICAL_SURFACE('',#6997,1.5748);
#75=CYLINDRICAL_SURFACE('',#6999,1.5748);
#76=CYLINDRICAL_SURFACE('',#7001,1.5748);
#77=CYLINDRICAL_SURFACE('',#7002,1.5748);
#78=CYLINDRICAL_SURFACE('',#7014,9.144);
#79=CYLINDRICAL_SURFACE('',#7018,9.144);
#80=CYLINDRICAL_SURFACE('',#7042,9.144);
#81=CYLINDRICAL_SURFACE('',#7043,9.144);
#82=CYLINDRICAL_SURFACE('',#7056,1.8415);
#83=CYLINDRICAL_SURFACE('',#7063,1.8415);
#84=CYLINDRICAL_SURFACE('',#7077,0.3048);
#85=CYLINDRICAL_SURFACE('',#7080,0.304800000000001);
#86=CYLINDRICAL_SURFACE('',#7089,0.939800000000005);
#87=CYLINDRICAL_SURFACE('',#7093,0.634999999999997);
#88=CYLINDRICAL_SURFACE('',#7118,1.10682422229153);
#89=CYLINDRICAL_SURFACE('',#7119,0.802024222291538);
#90=B_SPLINE_CURVE_WITH_KNOTS('',3,(#8501,#8502,#8503,#8504,#8505),
 .UNSPECIFIED.,.F.,.F.,(4,1,4),(0.,0.5,1.),.UNSPECIFIED.);
#91=B_SPLINE_CURVE_WITH_KNOTS('',3,(#8514,#8515,#8516,#8517,#8518),
 .UNSPECIFIED.,.F.,.F.,(4,1,4),(0.,0.5,1.),.UNSPECIFIED.);
#92=B_SPLINE_CURVE_WITH_KNOTS('',3,(#8527,#8528,#8529,#8530,#8531),
 .UNSPECIFIED.,.F.,.F.,(4,1,4),(0.,0.5,1.),.UNSPECIFIED.);
#93=B_SPLINE_CURVE_WITH_KNOTS('',3,(#8540,#8541,#8542,#8543,#8544),
 .UNSPECIFIED.,.F.,.F.,(4,1,4),(0.,0.5,1.),.UNSPECIFIED.);
#94=B_SPLINE_CURVE_WITH_KNOTS('',3,(#8553,#8554,#8555,#8556,#8557),
 .UNSPECIFIED.,.F.,.F.,(4,1,4),(0.,0.5,1.),.UNSPECIFIED.);
#95=B_SPLINE_CURVE_WITH_KNOTS('',3,(#8566,#8567,#8568,#8569,#8570),
 .UNSPECIFIED.,.F.,.F.,(4,1,4),(0.,0.5,1.),.UNSPECIFIED.);
#96=B_SPLINE_CURVE_WITH_KNOTS('',3,(#8579,#8580,#8581,#8582,#8583),
 .UNSPECIFIED.,.F.,.F.,(4,1,4),(0.,0.5,1.),.UNSPECIFIED.);
#97=B_SPLINE_CURVE_WITH_KNOTS('',3,(#8592,#8593,#8594,#8595,#8596),
 .UNSPECIFIED.,.F.,.F.,(4,1,4),(0.,0.5,1.),.UNSPECIFIED.);
#98=B_SPLINE_CURVE_WITH_KNOTS('',3,(#8607,#8608,#8609,#8610,#8611),
 .UNSPECIFIED.,.F.,.F.,(4,1,4),(0.,0.5,1.),.UNSPECIFIED.);
#99=B_SPLINE_CURVE_WITH_KNOTS('',3,(#8619,#8620,#8621,#8622),
 .UNSPECIFIED.,.F.,.F.,(4,4),(0.,1.),.UNSPECIFIED.);
#100=B_SPLINE_CURVE_WITH_KNOTS('',3,(#8628,#8629,#8630,#8631),
 .UNSPECIFIED.,.F.,.F.,(4,4),(0.,1.),.UNSPECIFIED.);
#101=B_SPLINE_CURVE_WITH_KNOTS('',3,(#8635,#8636,#8637,#8638,#8639),
 .UNSPECIFIED.,.F.,.F.,(4,1,4),(0.,0.5,1.),.UNSPECIFIED.);
#102=B_SPLINE_CURVE_WITH_KNOTS('',3,(#8654,#8655,#8656,#8657,#8658),
 .UNSPECIFIED.,.F.,.F.,(4,1,4),(0.,0.5,1.),.UNSPECIFIED.);
#103=B_SPLINE_CURVE_WITH_KNOTS('',3,(#8666,#8667,#8668,#8669),
 .UNSPECIFIED.,.F.,.F.,(4,4),(0.,1.),.UNSPECIFIED.);
#104=B_SPLINE_CURVE_WITH_KNOTS('',3,(#8675,#8676,#8677,#8678),
 .UNSPECIFIED.,.F.,.F.,(4,4),(0.,1.),.UNSPECIFIED.);
#105=B_SPLINE_CURVE_WITH_KNOTS('',3,(#8682,#8683,#8684,#8685,#8686),
 .UNSPECIFIED.,.F.,.F.,(4,1,4),(0.,0.5,1.),.UNSPECIFIED.);
#106=B_SPLINE_CURVE_WITH_KNOTS('',3,(#9607,#9608,#9609,#9610,#9611,#9612,
#9613,#9614,#9615,#9616),.UNSPECIFIED.,.F.,.F.,(4,1,1,1,1,1,1,4),(0.,0.125,
0.25,0.375,0.5,0.625,0.75,1.),.UNSPECIFIED.);
#107=B_SPLINE_CURVE_WITH_KNOTS('',3,(#9638,#9639,#9640,#9641,#9642,#9643,
#9644,#9645,#9646,#9647,#9648,#9649),.UNSPECIFIED.,.F.,.F.,(4,1,1,1,1,1,
1,1,1,4),(0.,0.125,0.25,0.3125,0.375,0.5,0.625,0.75,0.875,1.),
 .UNSPECIFIED.);
#108=B_SPLINE_CURVE_WITH_KNOTS('',3,(#9655,#9656,#9657,#9658,#9659,#9660,
#9661,#9662,#9663,#9664,#9665,#9666),.UNSPECIFIED.,.F.,.F.,(4,1,1,1,1,1,
1,1,1,4),(0.,0.125,0.25,0.3125,0.375,0.5,0.625,0.75,0.875,1.),
 .UNSPECIFIED.);
#109=B_SPLINE_CURVE_WITH_KNOTS('',3,(#9685,#9686,#9687,#9688,#9689,#9690,
#9691,#9692,#9693,#9694),.UNSPECIFIED.,.F.,.F.,(4,1,1,1,1,1,1,4),(0.,0.125,
0.25,0.375,0.5,0.625,0.75,1.),.UNSPECIFIED.);
#110=B_SPLINE_CURVE_WITH_KNOTS('',3,(#9703,#9704,#9705,#9706,#9707,#9708,
#9709,#9710,#9711,#9712,#9713,#9714),.UNSPECIFIED.,.F.,.F.,(4,1,1,1,1,1,
1,1,1,4),(0.,0.125,0.25,0.3125,0.375,0.5,0.625,0.75,0.875,1.),
 .UNSPECIFIED.);
#111=B_SPLINE_CURVE_WITH_KNOTS('',3,(#9719,#9720,#9721,#9722,#9723,#9724,
#9725,#9726,#9727,#9728),.UNSPECIFIED.,.F.,.F.,(4,1,1,1,1,1,1,4),(0.,0.125,
0.25,0.375,0.5,0.625,0.75,1.),.UNSPECIFIED.);
#112=B_SPLINE_CURVE_WITH_KNOTS('',3,(#9732,#9733,#9734,#9735,#9736,#9737,
#9738,#9739,#9740,#9741),.UNSPECIFIED.,.F.,.F.,(4,1,1,1,1,1,1,4),(0.,0.125,
0.25,0.375,0.5,0.625,0.75,1.),.UNSPECIFIED.);
#113=B_SPLINE_CURVE_WITH_KNOTS('',3,(#9746,#9747,#9748,#9749,#9750,#9751,
#9752,#9753,#9754,#9755,#9756,#9757),.UNSPECIFIED.,.F.,.F.,(4,1,1,1,1,1,
1,1,1,4),(0.,0.125,0.25,0.3125,0.375,0.5,0.625,0.75,0.875,1.),
 .UNSPECIFIED.);
#114=CIRCLE('',#6758,1.4605);
#115=CIRCLE('',#6759,2.2225);
#116=CIRCLE('',#6761,1.4605);
#117=CIRCLE('',#6762,2.2225);
#118=CIRCLE('',#6772,1.4605);
#119=CIRCLE('',#6773,1.4605);
#120=CIRCLE('',#6777,1.4605);
#121=CIRCLE('',#6778,1.4605);
#122=CIRCLE('',#6782,1.4605);
#123=CIRCLE('',#6783,1.4605);
#124=CIRCLE('',#6785,1.8415);
#125=CIRCLE('',#6787,1.8415);
#126=CIRCLE('',#6789,0.526819947667873);
#127=CIRCLE('',#6792,1.4605);
#128=CIRCLE('',#6793,1.4605);
#129=CIRCLE('',#6795,1.8415);
#130=CIRCLE('',#6797,1.8415);
#131=CIRCLE('',#6799,0.526819947667873);
#132=CIRCLE('',#6802,10.3251);
#133=CIRCLE('',#6803,9.144);
#134=CIRCLE('',#6805,10.3251);
#135=CIRCLE('',#6806,9.144);
#136=CIRCLE('',#6810,9.144);
#137=CIRCLE('',#6811,10.3251);
#138=CIRCLE('',#6813,9.144);
#139=CIRCLE('',#6814,10.3251);
#140=CIRCLE('',#6818,10.3251);
#141=CIRCLE('',#6819,9.144);
#142=CIRCLE('',#6821,10.3251);
#143=CIRCLE('',#6822,9.144);
#144=CIRCLE('',#6826,9.144);
#145=CIRCLE('',#6827,10.3251);
#146=CIRCLE('',#6829,9.144);
#147=CIRCLE('',#6830,10.3251);
#148=CIRCLE('',#6850,1.5875);
#149=CIRCLE('',#6851,1.5875);
#150=CIRCLE('',#6853,1.5875);
#151=CIRCLE('',#6854,1.5875);
#152=CIRCLE('',#6857,9.144);
#153=CIRCLE('',#6858,9.144);
#154=CIRCLE('',#6860,9.144);
#155=CIRCLE('',#6861,9.144);
#156=CIRCLE('',#6866,9.144);
#157=CIRCLE('',#6867,9.144);
#158=CIRCLE('',#6869,9.144);
#159=CIRCLE('',#6870,9.144);
#160=CIRCLE('',#6876,9.144);
#161=CIRCLE('',#6879,9.144);
#162=CIRCLE('',#6882,9.144);
#163=CIRCLE('',#6885,9.144);
#164=CIRCLE('',#6888,9.144);
#165=CIRCLE('',#6891,9.144);
#166=CIRCLE('',#6894,9.144);
#167=CIRCLE('',#6897,9.144);
#168=CIRCLE('',#6900,1.016);
#169=CIRCLE('',#6902,1.016);
#170=CIRCLE('',#6903,1.016);
#171=CIRCLE('',#6905,1.016);
#172=CIRCLE('',#6907,1.016);
#173=CIRCLE('',#6909,1.016);
#174=CIRCLE('',#6910,1.016);
#175=CIRCLE('',#6912,1.016);
#176=CIRCLE('',#6922,9.144);
#177=CIRCLE('',#6925,9.144);
#178=CIRCLE('',#6928,9.144);
#179=CIRCLE('',#6931,9.144);
#180=CIRCLE('',#6934,9.144);
#181=CIRCLE('',#6937,9.144);
#182=CIRCLE('',#6940,9.144);
#183=CIRCLE('',#6943,9.144);
#184=CIRCLE('',#6954,0.787400000000001);
#185=CIRCLE('',#6956,0.787400000000001);
#186=CIRCLE('',#6994,1.5748);
#187=CIRCLE('',#6996,1.5748);
#188=CIRCLE('',#6998,1.5748);
#189=CIRCLE('',#7000,1.5748);
#190=CIRCLE('',#7007,9.144);
#191=CIRCLE('',#7008,9.144);
#192=CIRCLE('',#7009,9.144);
#193=CIRCLE('',#7010,9.144);
#194=CIRCLE('',#7015,9.144);
#195=CIRCLE('',#7019,9.144);
#196=CIRCLE('',#7028,9.144);
#197=CIRCLE('',#7029,9.144);
#198=CIRCLE('',#7055,1.8415);
#199=CIRCLE('',#7057,1.8415);
#200=CIRCLE('',#7059,0.526819947667873);
#201=CIRCLE('',#7062,1.8415);
#202=CIRCLE('',#7064,1.8415);
#203=CIRCLE('',#7066,0.526819947667873);
#204=CIRCLE('',#7078,0.3048);
#205=CIRCLE('',#7079,0.304800000000001);
#206=CIRCLE('',#7081,0.304800000000001);
#207=CIRCLE('',#7082,0.304800000000001);
#208=CIRCLE('',#7090,0.939800000000005);
#209=CIRCLE('',#7091,0.939800000000005);
#210=CIRCLE('',#7094,0.634999999999997);
#211=CIRCLE('',#7095,0.634999999999997);
#212=CIRCLE('',#7108,0.802024222291538);
#213=CIRCLE('',#7109,1.10682422229153);
#214=CIRCLE('',#7114,1.10682422229153);
#215=CIRCLE('',#7115,0.802024222291538);
#216=TOROIDAL_SURFACE('',#6757,2.2225,0.762);
#217=TOROIDAL_SURFACE('',#6760,2.2225,0.762);
#218=ORIENTED_EDGE('',*,*,#1676,.F.);
#219=ORIENTED_EDGE('',*,*,#1677,.F.);
#220=ORIENTED_EDGE('',*,*,#1678,.T.);
#221=ORIENTED_EDGE('',*,*,#1679,.F.);
#222=ORIENTED_EDGE('',*,*,#1680,.F.);
#223=ORIENTED_EDGE('',*,*,#1681,.F.);
#224=ORIENTED_EDGE('',*,*,#1682,.T.);
#225=ORIENTED_EDGE('',*,*,#1683,.F.);
#226=ORIENTED_EDGE('',*,*,#1684,.F.);
#227=ORIENTED_EDGE('',*,*,#1685,.F.);
#228=ORIENTED_EDGE('',*,*,#1686,.T.);
#229=ORIENTED_EDGE('',*,*,#1687,.T.);
#230=ORIENTED_EDGE('',*,*,#1688,.F.);
#231=ORIENTED_EDGE('',*,*,#1689,.F.);
#232=ORIENTED_EDGE('',*,*,#1690,.F.);
#233=ORIENTED_EDGE('',*,*,#1691,.F.);
#234=ORIENTED_EDGE('',*,*,#1692,.F.);
#235=ORIENTED_EDGE('',*,*,#1693,.F.);
#236=ORIENTED_EDGE('',*,*,#1694,.F.);
#237=ORIENTED_EDGE('',*,*,#1695,.F.);
#238=ORIENTED_EDGE('',*,*,#1696,.F.);
#239=ORIENTED_EDGE('',*,*,#1697,.F.);
#240=ORIENTED_EDGE('',*,*,#1698,.F.);
#241=ORIENTED_EDGE('',*,*,#1699,.F.);
#242=ORIENTED_EDGE('',*,*,#1700,.F.);
#243=ORIENTED_EDGE('',*,*,#1701,.F.);
#244=ORIENTED_EDGE('',*,*,#1702,.F.);
#245=ORIENTED_EDGE('',*,*,#1703,.F.);
#246=ORIENTED_EDGE('',*,*,#1704,.F.);
#247=ORIENTED_EDGE('',*,*,#1705,.F.);
#248=ORIENTED_EDGE('',*,*,#1706,.F.);
#249=ORIENTED_EDGE('',*,*,#1707,.F.);
#250=ORIENTED_EDGE('',*,*,#1708,.F.);
#251=ORIENTED_EDGE('',*,*,#1709,.F.);
#252=ORIENTED_EDGE('',*,*,#1710,.F.);
#253=ORIENTED_EDGE('',*,*,#1711,.F.);
#254=ORIENTED_EDGE('',*,*,#1712,.F.);
#255=ORIENTED_EDGE('',*,*,#1713,.F.);
#256=ORIENTED_EDGE('',*,*,#1714,.F.);
#257=ORIENTED_EDGE('',*,*,#1715,.F.);
#258=ORIENTED_EDGE('',*,*,#1716,.F.);
#259=ORIENTED_EDGE('',*,*,#1717,.F.);
#260=ORIENTED_EDGE('',*,*,#1718,.F.);
#261=ORIENTED_EDGE('',*,*,#1719,.F.);
#262=ORIENTED_EDGE('',*,*,#1720,.F.);
#263=ORIENTED_EDGE('',*,*,#1721,.F.);
#264=ORIENTED_EDGE('',*,*,#1722,.F.);
#265=ORIENTED_EDGE('',*,*,#1723,.F.);
#266=ORIENTED_EDGE('',*,*,#1724,.T.);
#267=ORIENTED_EDGE('',*,*,#1725,.T.);
#268=ORIENTED_EDGE('',*,*,#1726,.T.);
#269=ORIENTED_EDGE('',*,*,#1727,.T.);
#270=ORIENTED_EDGE('',*,*,#1728,.F.);
#271=ORIENTED_EDGE('',*,*,#1714,.T.);
#272=ORIENTED_EDGE('',*,*,#1729,.F.);
#273=ORIENTED_EDGE('',*,*,#1730,.F.);
#274=ORIENTED_EDGE('',*,*,#1725,.F.);
#275=ORIENTED_EDGE('',*,*,#1731,.F.);
#276=ORIENTED_EDGE('',*,*,#1732,.F.);
#277=ORIENTED_EDGE('',*,*,#1720,.T.);
#278=ORIENTED_EDGE('',*,*,#1733,.F.);
#279=ORIENTED_EDGE('',*,*,#1734,.T.);
#280=ORIENTED_EDGE('',*,*,#1735,.F.);
#281=ORIENTED_EDGE('',*,*,#1708,.T.);
#282=ORIENTED_EDGE('',*,*,#1736,.F.);
#283=ORIENTED_EDGE('',*,*,#1737,.T.);
#284=ORIENTED_EDGE('',*,*,#1738,.F.);
#285=ORIENTED_EDGE('',*,*,#1718,.T.);
#286=ORIENTED_EDGE('',*,*,#1739,.F.);
#287=ORIENTED_EDGE('',*,*,#1740,.F.);
#288=ORIENTED_EDGE('',*,*,#1727,.F.);
#289=ORIENTED_EDGE('',*,*,#1741,.F.);
#290=ORIENTED_EDGE('',*,*,#1742,.T.);
#291=ORIENTED_EDGE('',*,*,#1743,.F.);
#292=ORIENTED_EDGE('',*,*,#1744,.T.);
#293=ORIENTED_EDGE('',*,*,#1745,.F.);
#294=ORIENTED_EDGE('',*,*,#1746,.F.);
#295=ORIENTED_EDGE('',*,*,#1698,.T.);
#296=ORIENTED_EDGE('',*,*,#1747,.F.);
#297=ORIENTED_EDGE('',*,*,#1748,.F.);
#298=ORIENTED_EDGE('',*,*,#1742,.F.);
#299=ORIENTED_EDGE('',*,*,#1749,.F.);
#300=ORIENTED_EDGE('',*,*,#1750,.F.);
#301=ORIENTED_EDGE('',*,*,#1704,.T.);
#302=ORIENTED_EDGE('',*,*,#1751,.F.);
#303=ORIENTED_EDGE('',*,*,#1752,.T.);
#304=ORIENTED_EDGE('',*,*,#1753,.F.);
#305=ORIENTED_EDGE('',*,*,#1692,.T.);
#306=ORIENTED_EDGE('',*,*,#1754,.F.);
#307=ORIENTED_EDGE('',*,*,#1755,.T.);
#308=ORIENTED_EDGE('',*,*,#1756,.F.);
#309=ORIENTED_EDGE('',*,*,#1702,.T.);
#310=ORIENTED_EDGE('',*,*,#1757,.F.);
#311=ORIENTED_EDGE('',*,*,#1758,.F.);
#312=ORIENTED_EDGE('',*,*,#1744,.F.);
#313=ORIENTED_EDGE('',*,*,#1759,.F.);
#314=ORIENTED_EDGE('',*,*,#1724,.F.);
#315=ORIENTED_EDGE('',*,*,#1740,.T.);
#316=ORIENTED_EDGE('',*,*,#1760,.T.);
#317=ORIENTED_EDGE('',*,*,#1741,.T.);
#318=ORIENTED_EDGE('',*,*,#1726,.F.);
#319=ORIENTED_EDGE('',*,*,#1730,.T.);
#320=ORIENTED_EDGE('',*,*,#1761,.T.);
#321=ORIENTED_EDGE('',*,*,#1731,.T.);
#322=ORIENTED_EDGE('',*,*,#1688,.T.);
#323=ORIENTED_EDGE('',*,*,#1729,.T.);
#324=ORIENTED_EDGE('',*,*,#1713,.T.);
#325=ORIENTED_EDGE('',*,*,#1762,.T.);
#326=ORIENTED_EDGE('',*,*,#1721,.T.);
#327=ORIENTED_EDGE('',*,*,#1732,.T.);
#328=ORIENTED_EDGE('',*,*,#1761,.F.);
#329=ORIENTED_EDGE('',*,*,#1762,.F.);
#330=ORIENTED_EDGE('',*,*,#1712,.T.);
#331=ORIENTED_EDGE('',*,*,#1763,.T.);
#332=ORIENTED_EDGE('',*,*,#1722,.T.);
#333=ORIENTED_EDGE('',*,*,#1763,.F.);
#334=ORIENTED_EDGE('',*,*,#1715,.T.);
#335=ORIENTED_EDGE('',*,*,#1728,.T.);
#336=ORIENTED_EDGE('',*,*,#1764,.T.);
#337=ORIENTED_EDGE('',*,*,#1733,.T.);
#338=ORIENTED_EDGE('',*,*,#1723,.T.);
#339=ORIENTED_EDGE('',*,*,#1764,.F.);
#340=ORIENTED_EDGE('',*,*,#1734,.F.);
#341=ORIENTED_EDGE('',*,*,#1745,.T.);
#342=ORIENTED_EDGE('',*,*,#1758,.T.);
#343=ORIENTED_EDGE('',*,*,#1765,.T.);
#344=ORIENTED_EDGE('',*,*,#1759,.T.);
#345=ORIENTED_EDGE('',*,*,#1743,.T.);
#346=ORIENTED_EDGE('',*,*,#1748,.T.);
#347=ORIENTED_EDGE('',*,*,#1766,.T.);
#348=ORIENTED_EDGE('',*,*,#1749,.T.);
#349=ORIENTED_EDGE('',*,*,#1690,.T.);
#350=ORIENTED_EDGE('',*,*,#1747,.T.);
#351=ORIENTED_EDGE('',*,*,#1697,.T.);
#352=ORIENTED_EDGE('',*,*,#1767,.T.);
#353=ORIENTED_EDGE('',*,*,#1705,.T.);
#354=ORIENTED_EDGE('',*,*,#1750,.T.);
#355=ORIENTED_EDGE('',*,*,#1766,.F.);
#356=ORIENTED_EDGE('',*,*,#1767,.F.);
#357=ORIENTED_EDGE('',*,*,#1696,.T.);
#358=ORIENTED_EDGE('',*,*,#1768,.T.);
#359=ORIENTED_EDGE('',*,*,#1706,.T.);
#360=ORIENTED_EDGE('',*,*,#1768,.F.);
#361=ORIENTED_EDGE('',*,*,#1699,.T.);
#362=ORIENTED_EDGE('',*,*,#1746,.T.);
#363=ORIENTED_EDGE('',*,*,#1769,.T.);
#364=ORIENTED_EDGE('',*,*,#1751,.T.);
#365=ORIENTED_EDGE('',*,*,#1707,.T.);
#366=ORIENTED_EDGE('',*,*,#1769,.F.);
#367=ORIENTED_EDGE('',*,*,#1752,.F.);
#368=ORIENTED_EDGE('',*,*,#1770,.T.);
#369=ORIENTED_EDGE('',*,*,#1771,.T.);
#370=ORIENTED_EDGE('',*,*,#1772,.T.);
#371=ORIENTED_EDGE('',*,*,#1773,.T.);
#372=ORIENTED_EDGE('',*,*,#1774,.F.);
#373=ORIENTED_EDGE('',*,*,#1775,.F.);
#374=ORIENTED_EDGE('',*,*,#1776,.F.);
#375=ORIENTED_EDGE('',*,*,#1777,.F.);
#376=ORIENTED_EDGE('',*,*,#1773,.F.);
#377=ORIENTED_EDGE('',*,*,#1778,.F.);
#378=ORIENTED_EDGE('',*,*,#1775,.T.);
#379=ORIENTED_EDGE('',*,*,#1779,.T.);
#380=ORIENTED_EDGE('',*,*,#1770,.F.);
#381=ORIENTED_EDGE('',*,*,#1779,.F.);
#382=ORIENTED_EDGE('',*,*,#1774,.T.);
#383=ORIENTED_EDGE('',*,*,#1780,.T.);
#384=ORIENTED_EDGE('',*,*,#1781,.F.);
#385=ORIENTED_EDGE('',*,*,#1782,.F.);
#386=ORIENTED_EDGE('',*,*,#1783,.F.);
#387=ORIENTED_EDGE('',*,*,#1784,.F.);
#388=ORIENTED_EDGE('',*,*,#1785,.T.);
#389=ORIENTED_EDGE('',*,*,#1786,.T.);
#390=ORIENTED_EDGE('',*,*,#1787,.T.);
#391=ORIENTED_EDGE('',*,*,#1788,.T.);
#392=ORIENTED_EDGE('',*,*,#1782,.T.);
#393=ORIENTED_EDGE('',*,*,#1789,.F.);
#394=ORIENTED_EDGE('',*,*,#1788,.F.);
#395=ORIENTED_EDGE('',*,*,#1790,.T.);
#396=ORIENTED_EDGE('',*,*,#1783,.T.);
#397=ORIENTED_EDGE('',*,*,#1790,.F.);
#398=ORIENTED_EDGE('',*,*,#1787,.F.);
#399=ORIENTED_EDGE('',*,*,#1791,.T.);
#400=ORIENTED_EDGE('',*,*,#1792,.F.);
#401=ORIENTED_EDGE('',*,*,#1793,.F.);
#402=ORIENTED_EDGE('',*,*,#1794,.F.);
#403=ORIENTED_EDGE('',*,*,#1795,.F.);
#404=ORIENTED_EDGE('',*,*,#1796,.T.);
#405=ORIENTED_EDGE('',*,*,#1797,.T.);
#406=ORIENTED_EDGE('',*,*,#1798,.T.);
#407=ORIENTED_EDGE('',*,*,#1799,.T.);
#408=ORIENTED_EDGE('',*,*,#1793,.T.);
#409=ORIENTED_EDGE('',*,*,#1800,.F.);
#410=ORIENTED_EDGE('',*,*,#1799,.F.);
#411=ORIENTED_EDGE('',*,*,#1801,.T.);
#412=ORIENTED_EDGE('',*,*,#1792,.T.);
#413=ORIENTED_EDGE('',*,*,#1802,.F.);
#414=ORIENTED_EDGE('',*,*,#1796,.F.);
#415=ORIENTED_EDGE('',*,*,#1800,.T.);
#416=ORIENTED_EDGE('',*,*,#1803,.T.);
#417=ORIENTED_EDGE('',*,*,#1804,.T.);
#418=ORIENTED_EDGE('',*,*,#1805,.T.);
#419=ORIENTED_EDGE('',*,*,#1806,.T.);
#420=ORIENTED_EDGE('',*,*,#1807,.F.);
#421=ORIENTED_EDGE('',*,*,#1808,.F.);
#422=ORIENTED_EDGE('',*,*,#1809,.F.);
#423=ORIENTED_EDGE('',*,*,#1810,.F.);
#424=ORIENTED_EDGE('',*,*,#1805,.F.);
#425=ORIENTED_EDGE('',*,*,#1811,.F.);
#426=ORIENTED_EDGE('',*,*,#1809,.T.);
#427=ORIENTED_EDGE('',*,*,#1812,.T.);
#428=ORIENTED_EDGE('',*,*,#1806,.F.);
#429=ORIENTED_EDGE('',*,*,#1812,.F.);
#430=ORIENTED_EDGE('',*,*,#1808,.T.);
#431=ORIENTED_EDGE('',*,*,#1813,.T.);
#432=ORIENTED_EDGE('',*,*,#1814,.F.);
#433=ORIENTED_EDGE('',*,*,#1815,.F.);
#434=ORIENTED_EDGE('',*,*,#1816,.F.);
#435=ORIENTED_EDGE('',*,*,#1817,.F.);
#436=ORIENTED_EDGE('',*,*,#1818,.F.);
#437=ORIENTED_EDGE('',*,*,#1819,.F.);
#438=ORIENTED_EDGE('',*,*,#1820,.F.);
#439=ORIENTED_EDGE('',*,*,#1814,.T.);
#440=ORIENTED_EDGE('',*,*,#1821,.T.);
#441=ORIENTED_EDGE('',*,*,#1822,.F.);
#442=ORIENTED_EDGE('',*,*,#1823,.T.);
#443=ORIENTED_EDGE('',*,*,#1821,.F.);
#444=ORIENTED_EDGE('',*,*,#1817,.T.);
#445=ORIENTED_EDGE('',*,*,#1824,.T.);
#446=ORIENTED_EDGE('',*,*,#1825,.F.);
#447=ORIENTED_EDGE('',*,*,#1826,.F.);
#448=ORIENTED_EDGE('',*,*,#1815,.T.);
#449=ORIENTED_EDGE('',*,*,#1820,.T.);
#450=ORIENTED_EDGE('',*,*,#1827,.F.);
#451=ORIENTED_EDGE('',*,*,#1828,.F.);
#452=ORIENTED_EDGE('',*,*,#1829,.F.);
#453=ORIENTED_EDGE('',*,*,#1830,.F.);
#454=ORIENTED_EDGE('',*,*,#1831,.F.);
#455=ORIENTED_EDGE('',*,*,#1832,.F.);
#456=ORIENTED_EDGE('',*,*,#1833,.F.);
#457=ORIENTED_EDGE('',*,*,#1830,.T.);
#458=ORIENTED_EDGE('',*,*,#1834,.T.);
#459=ORIENTED_EDGE('',*,*,#1835,.F.);
#460=ORIENTED_EDGE('',*,*,#1836,.F.);
#461=ORIENTED_EDGE('',*,*,#1837,.F.);
#462=ORIENTED_EDGE('',*,*,#1827,.T.);
#463=ORIENTED_EDGE('',*,*,#1833,.T.);
#464=ORIENTED_EDGE('',*,*,#1838,.T.);
#465=ORIENTED_EDGE('',*,*,#1834,.F.);
#466=ORIENTED_EDGE('',*,*,#1829,.T.);
#467=ORIENTED_EDGE('',*,*,#1839,.T.);
#468=ORIENTED_EDGE('',*,*,#1840,.F.);
#469=ORIENTED_EDGE('',*,*,#1841,.F.);
#470=ORIENTED_EDGE('',*,*,#1842,.F.);
#471=ORIENTED_EDGE('',*,*,#1843,.F.);
#472=ORIENTED_EDGE('',*,*,#1844,.F.);
#473=ORIENTED_EDGE('',*,*,#1845,.F.);
#474=ORIENTED_EDGE('',*,*,#1846,.F.);
#475=ORIENTED_EDGE('',*,*,#1840,.T.);
#476=ORIENTED_EDGE('',*,*,#1847,.T.);
#477=ORIENTED_EDGE('',*,*,#1848,.T.);
#478=ORIENTED_EDGE('',*,*,#1849,.F.);
#479=ORIENTED_EDGE('',*,*,#1847,.F.);
#480=ORIENTED_EDGE('',*,*,#1843,.T.);
#481=ORIENTED_EDGE('',*,*,#1850,.T.);
#482=ORIENTED_EDGE('',*,*,#1851,.F.);
#483=ORIENTED_EDGE('',*,*,#1852,.F.);
#484=ORIENTED_EDGE('',*,*,#1841,.T.);
#485=ORIENTED_EDGE('',*,*,#1846,.T.);
#486=ORIENTED_EDGE('',*,*,#1853,.F.);
#487=ORIENTED_EDGE('',*,*,#1854,.F.);
#488=ORIENTED_EDGE('',*,*,#1855,.F.);
#489=ORIENTED_EDGE('',*,*,#1856,.F.);
#490=ORIENTED_EDGE('',*,*,#1857,.F.);
#491=ORIENTED_EDGE('',*,*,#1858,.F.);
#492=ORIENTED_EDGE('',*,*,#1859,.F.);
#493=ORIENTED_EDGE('',*,*,#1856,.T.);
#494=ORIENTED_EDGE('',*,*,#1860,.T.);
#495=ORIENTED_EDGE('',*,*,#1861,.T.);
#496=ORIENTED_EDGE('',*,*,#1862,.F.);
#497=ORIENTED_EDGE('',*,*,#1860,.F.);
#498=ORIENTED_EDGE('',*,*,#1855,.T.);
#499=ORIENTED_EDGE('',*,*,#1863,.T.);
#500=ORIENTED_EDGE('',*,*,#1864,.F.);
#501=ORIENTED_EDGE('',*,*,#1865,.F.);
#502=ORIENTED_EDGE('',*,*,#1853,.T.);
#503=ORIENTED_EDGE('',*,*,#1859,.T.);
#504=ORIENTED_EDGE('',*,*,#1866,.F.);
#505=ORIENTED_EDGE('',*,*,#1867,.T.);
#506=ORIENTED_EDGE('',*,*,#1868,.F.);
#507=ORIENTED_EDGE('',*,*,#1869,.T.);
#508=ORIENTED_EDGE('',*,*,#1870,.T.);
#509=ORIENTED_EDGE('',*,*,#1871,.T.);
#510=ORIENTED_EDGE('',*,*,#1872,.T.);
#511=ORIENTED_EDGE('',*,*,#1873,.T.);
#512=ORIENTED_EDGE('',*,*,#1867,.F.);
#513=ORIENTED_EDGE('',*,*,#1874,.F.);
#514=ORIENTED_EDGE('',*,*,#1875,.F.);
#515=ORIENTED_EDGE('',*,*,#1876,.F.);
#516=ORIENTED_EDGE('',*,*,#1871,.F.);
#517=ORIENTED_EDGE('',*,*,#1877,.T.);
#518=ORIENTED_EDGE('',*,*,#1878,.F.);
#519=ORIENTED_EDGE('',*,*,#1879,.F.);
#520=ORIENTED_EDGE('',*,*,#1873,.F.);
#521=ORIENTED_EDGE('',*,*,#1880,.T.);
#522=ORIENTED_EDGE('',*,*,#1881,.F.);
#523=ORIENTED_EDGE('',*,*,#1882,.F.);
#524=ORIENTED_EDGE('',*,*,#1883,.F.);
#525=ORIENTED_EDGE('',*,*,#1880,.F.);
#526=ORIENTED_EDGE('',*,*,#1872,.F.);
#527=ORIENTED_EDGE('',*,*,#1876,.T.);
#528=ORIENTED_EDGE('',*,*,#1884,.F.);
#529=ORIENTED_EDGE('',*,*,#1877,.F.);
#530=ORIENTED_EDGE('',*,*,#1870,.F.);
#531=ORIENTED_EDGE('',*,*,#1879,.T.);
#532=ORIENTED_EDGE('',*,*,#1885,.F.);
#533=ORIENTED_EDGE('',*,*,#1886,.T.);
#534=ORIENTED_EDGE('',*,*,#1887,.T.);
#535=ORIENTED_EDGE('',*,*,#1888,.T.);
#536=ORIENTED_EDGE('',*,*,#1889,.T.);
#537=ORIENTED_EDGE('',*,*,#1869,.F.);
#538=ORIENTED_EDGE('',*,*,#1890,.F.);
#539=ORIENTED_EDGE('',*,*,#1891,.F.);
#540=ORIENTED_EDGE('',*,*,#1892,.F.);
#541=ORIENTED_EDGE('',*,*,#1887,.F.);
#542=ORIENTED_EDGE('',*,*,#1893,.T.);
#543=ORIENTED_EDGE('',*,*,#1894,.F.);
#544=ORIENTED_EDGE('',*,*,#1895,.F.);
#545=ORIENTED_EDGE('',*,*,#1889,.F.);
#546=ORIENTED_EDGE('',*,*,#1896,.T.);
#547=ORIENTED_EDGE('',*,*,#1897,.F.);
#548=ORIENTED_EDGE('',*,*,#1898,.F.);
#549=ORIENTED_EDGE('',*,*,#1899,.F.);
#550=ORIENTED_EDGE('',*,*,#1896,.F.);
#551=ORIENTED_EDGE('',*,*,#1888,.F.);
#552=ORIENTED_EDGE('',*,*,#1892,.T.);
#553=ORIENTED_EDGE('',*,*,#1900,.F.);
#554=ORIENTED_EDGE('',*,*,#1893,.F.);
#555=ORIENTED_EDGE('',*,*,#1886,.F.);
#556=ORIENTED_EDGE('',*,*,#1895,.T.);
#557=ORIENTED_EDGE('',*,*,#1901,.F.);
#558=ORIENTED_EDGE('',*,*,#1902,.T.);
#559=ORIENTED_EDGE('',*,*,#1903,.T.);
#560=ORIENTED_EDGE('',*,*,#1904,.T.);
#561=ORIENTED_EDGE('',*,*,#1905,.T.);
#562=ORIENTED_EDGE('',*,*,#1906,.T.);
#563=ORIENTED_EDGE('',*,*,#1907,.T.);
#564=ORIENTED_EDGE('',*,*,#1905,.F.);
#565=ORIENTED_EDGE('',*,*,#1908,.F.);
#566=ORIENTED_EDGE('',*,*,#1909,.T.);
#567=ORIENTED_EDGE('',*,*,#1908,.T.);
#568=ORIENTED_EDGE('',*,*,#1904,.F.);
#569=ORIENTED_EDGE('',*,*,#1910,.F.);
#570=ORIENTED_EDGE('',*,*,#1911,.T.);
#571=ORIENTED_EDGE('',*,*,#1910,.T.);
#572=ORIENTED_EDGE('',*,*,#1903,.F.);
#573=ORIENTED_EDGE('',*,*,#1912,.F.);
#574=ORIENTED_EDGE('',*,*,#1913,.T.);
#575=ORIENTED_EDGE('',*,*,#1912,.T.);
#576=ORIENTED_EDGE('',*,*,#1902,.F.);
#577=ORIENTED_EDGE('',*,*,#1907,.F.);
#578=ORIENTED_EDGE('',*,*,#1914,.T.);
#579=ORIENTED_EDGE('',*,*,#1915,.T.);
#580=ORIENTED_EDGE('',*,*,#1916,.T.);
#581=ORIENTED_EDGE('',*,*,#1917,.T.);
#582=ORIENTED_EDGE('',*,*,#1918,.T.);
#583=ORIENTED_EDGE('',*,*,#1919,.T.);
#584=ORIENTED_EDGE('',*,*,#1920,.T.);
#585=ORIENTED_EDGE('',*,*,#1921,.T.);
#586=ORIENTED_EDGE('',*,*,#1922,.T.);
#587=ORIENTED_EDGE('',*,*,#1923,.T.);
#588=ORIENTED_EDGE('',*,*,#1924,.T.);
#589=ORIENTED_EDGE('',*,*,#1925,.T.);
#590=ORIENTED_EDGE('',*,*,#1926,.T.);
#591=ORIENTED_EDGE('',*,*,#1927,.T.);
#592=ORIENTED_EDGE('',*,*,#1925,.F.);
#593=ORIENTED_EDGE('',*,*,#1928,.F.);
#594=ORIENTED_EDGE('',*,*,#1929,.T.);
#595=ORIENTED_EDGE('',*,*,#1928,.T.);
#596=ORIENTED_EDGE('',*,*,#1924,.F.);
#597=ORIENTED_EDGE('',*,*,#1930,.F.);
#598=ORIENTED_EDGE('',*,*,#1931,.T.);
#599=ORIENTED_EDGE('',*,*,#1930,.T.);
#600=ORIENTED_EDGE('',*,*,#1923,.F.);
#601=ORIENTED_EDGE('',*,*,#1932,.F.);
#602=ORIENTED_EDGE('',*,*,#1933,.T.);
#603=ORIENTED_EDGE('',*,*,#1932,.T.);
#604=ORIENTED_EDGE('',*,*,#1922,.F.);
#605=ORIENTED_EDGE('',*,*,#1934,.F.);
#606=ORIENTED_EDGE('',*,*,#1935,.T.);
#607=ORIENTED_EDGE('',*,*,#1934,.T.);
#608=ORIENTED_EDGE('',*,*,#1921,.F.);
#609=ORIENTED_EDGE('',*,*,#1936,.F.);
#610=ORIENTED_EDGE('',*,*,#1937,.T.);
#611=ORIENTED_EDGE('',*,*,#1936,.T.);
#612=ORIENTED_EDGE('',*,*,#1920,.F.);
#613=ORIENTED_EDGE('',*,*,#1938,.F.);
#614=ORIENTED_EDGE('',*,*,#1939,.T.);
#615=ORIENTED_EDGE('',*,*,#1938,.T.);
#616=ORIENTED_EDGE('',*,*,#1919,.F.);
#617=ORIENTED_EDGE('',*,*,#1940,.F.);
#618=ORIENTED_EDGE('',*,*,#1941,.T.);
#619=ORIENTED_EDGE('',*,*,#1940,.T.);
#620=ORIENTED_EDGE('',*,*,#1918,.F.);
#621=ORIENTED_EDGE('',*,*,#1942,.F.);
#622=ORIENTED_EDGE('',*,*,#1943,.T.);
#623=ORIENTED_EDGE('',*,*,#1942,.T.);
#624=ORIENTED_EDGE('',*,*,#1917,.F.);
#625=ORIENTED_EDGE('',*,*,#1944,.F.);
#626=ORIENTED_EDGE('',*,*,#1945,.T.);
#627=ORIENTED_EDGE('',*,*,#1944,.T.);
#628=ORIENTED_EDGE('',*,*,#1916,.F.);
#629=ORIENTED_EDGE('',*,*,#1946,.F.);
#630=ORIENTED_EDGE('',*,*,#1947,.T.);
#631=ORIENTED_EDGE('',*,*,#1946,.T.);
#632=ORIENTED_EDGE('',*,*,#1915,.F.);
#633=ORIENTED_EDGE('',*,*,#1948,.F.);
#634=ORIENTED_EDGE('',*,*,#1949,.T.);
#635=ORIENTED_EDGE('',*,*,#1948,.T.);
#636=ORIENTED_EDGE('',*,*,#1914,.F.);
#637=ORIENTED_EDGE('',*,*,#1927,.F.);
#638=ORIENTED_EDGE('',*,*,#1950,.F.);
#639=ORIENTED_EDGE('',*,*,#1951,.F.);
#640=ORIENTED_EDGE('',*,*,#1952,.F.);
#641=ORIENTED_EDGE('',*,*,#1953,.F.);
#642=ORIENTED_EDGE('',*,*,#1954,.F.);
#643=ORIENTED_EDGE('',*,*,#1955,.F.);
#644=ORIENTED_EDGE('',*,*,#1956,.F.);
#645=ORIENTED_EDGE('',*,*,#1957,.F.);
#646=ORIENTED_EDGE('',*,*,#1958,.F.);
#647=ORIENTED_EDGE('',*,*,#1959,.F.);
#648=ORIENTED_EDGE('',*,*,#1960,.F.);
#649=ORIENTED_EDGE('',*,*,#1961,.F.);
#650=ORIENTED_EDGE('',*,*,#1962,.F.);
#651=ORIENTED_EDGE('',*,*,#1963,.F.);
#652=ORIENTED_EDGE('',*,*,#1964,.F.);
#653=ORIENTED_EDGE('',*,*,#1965,.F.);
#654=ORIENTED_EDGE('',*,*,#1966,.F.);
#655=ORIENTED_EDGE('',*,*,#1967,.F.);
#656=ORIENTED_EDGE('',*,*,#1968,.F.);
#657=ORIENTED_EDGE('',*,*,#1969,.F.);
#658=ORIENTED_EDGE('',*,*,#1970,.F.);
#659=ORIENTED_EDGE('',*,*,#1971,.F.);
#660=ORIENTED_EDGE('',*,*,#1972,.F.);
#661=ORIENTED_EDGE('',*,*,#1973,.F.);
#662=ORIENTED_EDGE('',*,*,#1974,.F.);
#663=ORIENTED_EDGE('',*,*,#1951,.T.);
#664=ORIENTED_EDGE('',*,*,#1975,.F.);
#665=ORIENTED_EDGE('',*,*,#1976,.F.);
#666=ORIENTED_EDGE('',*,*,#1977,.F.);
#667=ORIENTED_EDGE('',*,*,#1978,.F.);
#668=ORIENTED_EDGE('',*,*,#1955,.T.);
#669=ORIENTED_EDGE('',*,*,#1979,.F.);
#670=ORIENTED_EDGE('',*,*,#1980,.F.);
#671=ORIENTED_EDGE('',*,*,#1981,.F.);
#672=ORIENTED_EDGE('',*,*,#1959,.T.);
#673=ORIENTED_EDGE('',*,*,#1982,.F.);
#674=ORIENTED_EDGE('',*,*,#1983,.F.);
#675=ORIENTED_EDGE('',*,*,#1984,.F.);
#676=ORIENTED_EDGE('',*,*,#1985,.F.);
#677=ORIENTED_EDGE('',*,*,#1963,.T.);
#678=ORIENTED_EDGE('',*,*,#1986,.F.);
#679=ORIENTED_EDGE('',*,*,#1987,.F.);
#680=ORIENTED_EDGE('',*,*,#1988,.F.);
#681=ORIENTED_EDGE('',*,*,#1989,.F.);
#682=ORIENTED_EDGE('',*,*,#1967,.T.);
#683=ORIENTED_EDGE('',*,*,#1990,.F.);
#684=ORIENTED_EDGE('',*,*,#1991,.F.);
#685=ORIENTED_EDGE('',*,*,#1992,.F.);
#686=ORIENTED_EDGE('',*,*,#1971,.T.);
#687=ORIENTED_EDGE('',*,*,#1993,.F.);
#688=ORIENTED_EDGE('',*,*,#1994,.F.);
#689=ORIENTED_EDGE('',*,*,#1995,.F.);
#690=ORIENTED_EDGE('',*,*,#1996,.F.);
#691=ORIENTED_EDGE('',*,*,#1997,.F.);
#692=ORIENTED_EDGE('',*,*,#1998,.F.);
#693=ORIENTED_EDGE('',*,*,#1999,.F.);
#694=ORIENTED_EDGE('',*,*,#2000,.T.);
#695=ORIENTED_EDGE('',*,*,#2001,.F.);
#696=ORIENTED_EDGE('',*,*,#1997,.T.);
#697=ORIENTED_EDGE('',*,*,#2002,.T.);
#698=ORIENTED_EDGE('',*,*,#2003,.T.);
#699=ORIENTED_EDGE('',*,*,#2004,.F.);
#700=ORIENTED_EDGE('',*,*,#1998,.T.);
#701=ORIENTED_EDGE('',*,*,#2001,.T.);
#702=ORIENTED_EDGE('',*,*,#2005,.T.);
#703=ORIENTED_EDGE('',*,*,#2006,.F.);
#704=ORIENTED_EDGE('',*,*,#1999,.T.);
#705=ORIENTED_EDGE('',*,*,#2004,.T.);
#706=ORIENTED_EDGE('',*,*,#2007,.T.);
#707=ORIENTED_EDGE('',*,*,#2002,.F.);
#708=ORIENTED_EDGE('',*,*,#1996,.T.);
#709=ORIENTED_EDGE('',*,*,#2006,.T.);
#710=ORIENTED_EDGE('',*,*,#2008,.F.);
#711=ORIENTED_EDGE('',*,*,#2009,.F.);
#712=ORIENTED_EDGE('',*,*,#2010,.F.);
#713=ORIENTED_EDGE('',*,*,#2011,.F.);
#714=ORIENTED_EDGE('',*,*,#2012,.F.);
#715=ORIENTED_EDGE('',*,*,#2013,.F.);
#716=ORIENTED_EDGE('',*,*,#2014,.F.);
#717=ORIENTED_EDGE('',*,*,#2015,.F.);
#718=ORIENTED_EDGE('',*,*,#2016,.F.);
#719=ORIENTED_EDGE('',*,*,#2017,.F.);
#720=ORIENTED_EDGE('',*,*,#2018,.F.);
#721=ORIENTED_EDGE('',*,*,#2019,.F.);
#722=ORIENTED_EDGE('',*,*,#2020,.T.);
#723=ORIENTED_EDGE('',*,*,#2021,.F.);
#724=ORIENTED_EDGE('',*,*,#2009,.T.);
#725=ORIENTED_EDGE('',*,*,#2022,.T.);
#726=ORIENTED_EDGE('',*,*,#2023,.T.);
#727=ORIENTED_EDGE('',*,*,#2024,.F.);
#728=ORIENTED_EDGE('',*,*,#2010,.T.);
#729=ORIENTED_EDGE('',*,*,#2021,.T.);
#730=ORIENTED_EDGE('',*,*,#2025,.T.);
#731=ORIENTED_EDGE('',*,*,#2026,.F.);
#732=ORIENTED_EDGE('',*,*,#2011,.T.);
#733=ORIENTED_EDGE('',*,*,#2024,.T.);
#734=ORIENTED_EDGE('',*,*,#2027,.T.);
#735=ORIENTED_EDGE('',*,*,#2028,.F.);
#736=ORIENTED_EDGE('',*,*,#2012,.T.);
#737=ORIENTED_EDGE('',*,*,#2026,.T.);
#738=ORIENTED_EDGE('',*,*,#2029,.T.);
#739=ORIENTED_EDGE('',*,*,#2030,.F.);
#740=ORIENTED_EDGE('',*,*,#2013,.T.);
#741=ORIENTED_EDGE('',*,*,#2028,.T.);
#742=ORIENTED_EDGE('',*,*,#2031,.T.);
#743=ORIENTED_EDGE('',*,*,#2032,.F.);
#744=ORIENTED_EDGE('',*,*,#2014,.T.);
#745=ORIENTED_EDGE('',*,*,#2030,.T.);
#746=ORIENTED_EDGE('',*,*,#2033,.T.);
#747=ORIENTED_EDGE('',*,*,#2034,.F.);
#748=ORIENTED_EDGE('',*,*,#2015,.T.);
#749=ORIENTED_EDGE('',*,*,#2032,.T.);
#750=ORIENTED_EDGE('',*,*,#2035,.T.);
#751=ORIENTED_EDGE('',*,*,#2036,.F.);
#752=ORIENTED_EDGE('',*,*,#2016,.T.);
#753=ORIENTED_EDGE('',*,*,#2034,.T.);
#754=ORIENTED_EDGE('',*,*,#2037,.T.);
#755=ORIENTED_EDGE('',*,*,#2038,.F.);
#756=ORIENTED_EDGE('',*,*,#2017,.T.);
#757=ORIENTED_EDGE('',*,*,#2036,.T.);
#758=ORIENTED_EDGE('',*,*,#2039,.T.);
#759=ORIENTED_EDGE('',*,*,#2040,.F.);
#760=ORIENTED_EDGE('',*,*,#2018,.T.);
#761=ORIENTED_EDGE('',*,*,#2038,.T.);
#762=ORIENTED_EDGE('',*,*,#2041,.T.);
#763=ORIENTED_EDGE('',*,*,#2042,.F.);
#764=ORIENTED_EDGE('',*,*,#2019,.T.);
#765=ORIENTED_EDGE('',*,*,#2040,.T.);
#766=ORIENTED_EDGE('',*,*,#2043,.T.);
#767=ORIENTED_EDGE('',*,*,#2022,.F.);
#768=ORIENTED_EDGE('',*,*,#2008,.T.);
#769=ORIENTED_EDGE('',*,*,#2042,.T.);
#770=ORIENTED_EDGE('',*,*,#2044,.T.);
#771=ORIENTED_EDGE('',*,*,#2045,.T.);
#772=ORIENTED_EDGE('',*,*,#1683,.T.);
#773=ORIENTED_EDGE('',*,*,#2046,.F.);
#774=ORIENTED_EDGE('',*,*,#2047,.F.);
#775=ORIENTED_EDGE('',*,*,#1679,.T.);
#776=ORIENTED_EDGE('',*,*,#2048,.T.);
#777=ORIENTED_EDGE('',*,*,#2049,.T.);
#778=ORIENTED_EDGE('',*,*,#2050,.T.);
#779=ORIENTED_EDGE('',*,*,#2051,.T.);
#780=ORIENTED_EDGE('',*,*,#2052,.T.);
#781=ORIENTED_EDGE('',*,*,#2053,.T.);
#782=ORIENTED_EDGE('',*,*,#2054,.T.);
#783=ORIENTED_EDGE('',*,*,#2055,.T.);
#784=ORIENTED_EDGE('',*,*,#2056,.T.);
#785=ORIENTED_EDGE('',*,*,#2057,.T.);
#786=ORIENTED_EDGE('',*,*,#2058,.T.);
#787=ORIENTED_EDGE('',*,*,#2059,.T.);
#788=ORIENTED_EDGE('',*,*,#2060,.T.);
#789=ORIENTED_EDGE('',*,*,#2061,.T.);
#790=ORIENTED_EDGE('',*,*,#2062,.T.);
#791=ORIENTED_EDGE('',*,*,#2063,.T.);
#792=ORIENTED_EDGE('',*,*,#2064,.T.);
#793=ORIENTED_EDGE('',*,*,#2065,.T.);
#794=ORIENTED_EDGE('',*,*,#2066,.T.);
#795=ORIENTED_EDGE('',*,*,#2067,.T.);
#796=ORIENTED_EDGE('',*,*,#2068,.T.);
#797=ORIENTED_EDGE('',*,*,#2069,.F.);
#798=ORIENTED_EDGE('',*,*,#2070,.T.);
#799=ORIENTED_EDGE('',*,*,#2071,.T.);
#800=ORIENTED_EDGE('',*,*,#2072,.T.);
#801=ORIENTED_EDGE('',*,*,#2073,.F.);
#802=ORIENTED_EDGE('',*,*,#2074,.F.);
#803=ORIENTED_EDGE('',*,*,#2075,.T.);
#804=ORIENTED_EDGE('',*,*,#2074,.T.);
#805=ORIENTED_EDGE('',*,*,#2076,.T.);
#806=ORIENTED_EDGE('',*,*,#2077,.F.);
#807=ORIENTED_EDGE('',*,*,#2078,.F.);
#808=ORIENTED_EDGE('',*,*,#2079,.T.);
#809=ORIENTED_EDGE('',*,*,#2080,.T.);
#810=ORIENTED_EDGE('',*,*,#2081,.F.);
#811=ORIENTED_EDGE('',*,*,#2082,.F.);
#812=ORIENTED_EDGE('',*,*,#2083,.T.);
#813=ORIENTED_EDGE('',*,*,#2084,.F.);
#814=ORIENTED_EDGE('',*,*,#2085,.F.);
#815=ORIENTED_EDGE('',*,*,#2086,.T.);
#816=ORIENTED_EDGE('',*,*,#2087,.T.);
#817=ORIENTED_EDGE('',*,*,#2088,.F.);
#818=ORIENTED_EDGE('',*,*,#2089,.F.);
#819=ORIENTED_EDGE('',*,*,#1681,.T.);
#820=ORIENTED_EDGE('',*,*,#2090,.T.);
#821=ORIENTED_EDGE('',*,*,#2091,.T.);
#822=ORIENTED_EDGE('',*,*,#2092,.F.);
#823=ORIENTED_EDGE('',*,*,#2093,.F.);
#824=ORIENTED_EDGE('',*,*,#2094,.T.);
#825=ORIENTED_EDGE('',*,*,#2095,.T.);
#826=ORIENTED_EDGE('',*,*,#2096,.F.);
#827=ORIENTED_EDGE('',*,*,#2048,.F.);
#828=ORIENTED_EDGE('',*,*,#1678,.F.);
#829=ORIENTED_EDGE('',*,*,#2097,.F.);
#830=ORIENTED_EDGE('',*,*,#2092,.T.);
#831=ORIENTED_EDGE('',*,*,#1680,.T.);
#832=ORIENTED_EDGE('',*,*,#2047,.T.);
#833=ORIENTED_EDGE('',*,*,#2098,.F.);
#834=ORIENTED_EDGE('',*,*,#2090,.F.);
#835=ORIENTED_EDGE('',*,*,#2099,.T.);
#836=ORIENTED_EDGE('',*,*,#2046,.T.);
#837=ORIENTED_EDGE('',*,*,#1682,.F.);
#838=ORIENTED_EDGE('',*,*,#2089,.T.);
#839=ORIENTED_EDGE('',*,*,#2100,.T.);
#840=ORIENTED_EDGE('',*,*,#2101,.F.);
#841=ORIENTED_EDGE('',*,*,#2102,.F.);
#842=ORIENTED_EDGE('',*,*,#1684,.T.);
#843=ORIENTED_EDGE('',*,*,#2045,.F.);
#844=ORIENTED_EDGE('',*,*,#2103,.T.);
#845=ORIENTED_EDGE('',*,*,#2104,.T.);
#846=ORIENTED_EDGE('',*,*,#2105,.F.);
#847=ORIENTED_EDGE('',*,*,#2106,.F.);
#848=ORIENTED_EDGE('',*,*,#2101,.T.);
#849=ORIENTED_EDGE('',*,*,#2107,.F.);
#850=ORIENTED_EDGE('',*,*,#2108,.T.);
#851=ORIENTED_EDGE('',*,*,#2109,.T.);
#852=ORIENTED_EDGE('',*,*,#2110,.T.);
#853=ORIENTED_EDGE('',*,*,#2111,.T.);
#854=ORIENTED_EDGE('',*,*,#2112,.F.);
#855=ORIENTED_EDGE('',*,*,#2109,.F.);
#856=ORIENTED_EDGE('',*,*,#2113,.T.);
#857=ORIENTED_EDGE('',*,*,#2056,.F.);
#858=ORIENTED_EDGE('',*,*,#2114,.T.);
#859=ORIENTED_EDGE('',*,*,#2115,.T.);
#860=ORIENTED_EDGE('',*,*,#2116,.F.);
#861=ORIENTED_EDGE('',*,*,#2110,.F.);
#862=ORIENTED_EDGE('',*,*,#2112,.T.);
#863=ORIENTED_EDGE('',*,*,#2117,.T.);
#864=ORIENTED_EDGE('',*,*,#2118,.F.);
#865=ORIENTED_EDGE('',*,*,#2119,.F.);
#866=ORIENTED_EDGE('',*,*,#2120,.T.);
#867=ORIENTED_EDGE('',*,*,#2121,.T.);
#868=ORIENTED_EDGE('',*,*,#2122,.F.);
#869=ORIENTED_EDGE('',*,*,#2052,.F.);
#870=ORIENTED_EDGE('',*,*,#2123,.F.);
#871=ORIENTED_EDGE('',*,*,#2124,.F.);
#872=ORIENTED_EDGE('',*,*,#2118,.T.);
#873=ORIENTED_EDGE('',*,*,#2125,.T.);
#874=ORIENTED_EDGE('',*,*,#2126,.F.);
#875=ORIENTED_EDGE('',*,*,#2127,.F.);
#876=ORIENTED_EDGE('',*,*,#2128,.T.);
#877=ORIENTED_EDGE('',*,*,#2064,.F.);
#878=ORIENTED_EDGE('',*,*,#2129,.T.);
#879=ORIENTED_EDGE('',*,*,#2130,.T.);
#880=ORIENTED_EDGE('',*,*,#2131,.F.);
#881=ORIENTED_EDGE('',*,*,#2132,.F.);
#882=ORIENTED_EDGE('',*,*,#2126,.T.);
#883=ORIENTED_EDGE('',*,*,#2133,.T.);
#884=ORIENTED_EDGE('',*,*,#2131,.T.);
#885=ORIENTED_EDGE('',*,*,#2134,.T.);
#886=ORIENTED_EDGE('',*,*,#1952,.T.);
#887=ORIENTED_EDGE('',*,*,#1974,.T.);
#888=ORIENTED_EDGE('',*,*,#2135,.T.);
#889=ORIENTED_EDGE('',*,*,#2136,.F.);
#890=ORIENTED_EDGE('',*,*,#2137,.F.);
#891=ORIENTED_EDGE('',*,*,#2138,.T.);
#892=ORIENTED_EDGE('',*,*,#2139,.T.);
#893=ORIENTED_EDGE('',*,*,#1979,.T.);
#894=ORIENTED_EDGE('',*,*,#1954,.T.);
#895=ORIENTED_EDGE('',*,*,#2140,.T.);
#896=ORIENTED_EDGE('',*,*,#2141,.F.);
#897=ORIENTED_EDGE('',*,*,#2142,.T.);
#898=ORIENTED_EDGE('',*,*,#2143,.F.);
#899=ORIENTED_EDGE('',*,*,#2144,.F.);
#900=ORIENTED_EDGE('',*,*,#2141,.T.);
#901=ORIENTED_EDGE('',*,*,#2145,.T.);
#902=ORIENTED_EDGE('',*,*,#2146,.F.);
#903=ORIENTED_EDGE('',*,*,#2060,.F.);
#904=ORIENTED_EDGE('',*,*,#2147,.F.);
#905=ORIENTED_EDGE('',*,*,#2148,.F.);
#906=ORIENTED_EDGE('',*,*,#2143,.T.);
#907=ORIENTED_EDGE('',*,*,#2149,.T.);
#908=ORIENTED_EDGE('',*,*,#2150,.F.);
#909=ORIENTED_EDGE('',*,*,#2151,.T.);
#910=ORIENTED_EDGE('',*,*,#2152,.T.);
#911=ORIENTED_EDGE('',*,*,#2153,.T.);
#912=ORIENTED_EDGE('',*,*,#2154,.F.);
#913=ORIENTED_EDGE('',*,*,#2155,.F.);
#914=ORIENTED_EDGE('',*,*,#2156,.T.);
#915=ORIENTED_EDGE('',*,*,#2157,.T.);
#916=ORIENTED_EDGE('',*,*,#2158,.F.);
#917=ORIENTED_EDGE('',*,*,#2071,.F.);
#918=ORIENTED_EDGE('',*,*,#2159,.F.);
#919=ORIENTED_EDGE('',*,*,#2160,.F.);
#920=ORIENTED_EDGE('',*,*,#2154,.T.);
#921=ORIENTED_EDGE('',*,*,#2161,.T.);
#922=ORIENTED_EDGE('',*,*,#2162,.F.);
#923=ORIENTED_EDGE('',*,*,#2152,.F.);
#924=ORIENTED_EDGE('',*,*,#2163,.T.);
#925=ORIENTED_EDGE('',*,*,#2067,.F.);
#926=ORIENTED_EDGE('',*,*,#2164,.T.);
#927=ORIENTED_EDGE('',*,*,#2165,.T.);
#928=ORIENTED_EDGE('',*,*,#2166,.F.);
#929=ORIENTED_EDGE('',*,*,#2149,.F.);
#930=ORIENTED_EDGE('',*,*,#2162,.T.);
#931=ORIENTED_EDGE('',*,*,#2150,.T.);
#932=ORIENTED_EDGE('',*,*,#2166,.T.);
#933=ORIENTED_EDGE('',*,*,#2167,.T.);
#934=ORIENTED_EDGE('',*,*,#1956,.T.);
#935=ORIENTED_EDGE('',*,*,#1978,.T.);
#936=ORIENTED_EDGE('',*,*,#2168,.T.);
#937=ORIENTED_EDGE('',*,*,#2169,.F.);
#938=ORIENTED_EDGE('',*,*,#2170,.F.);
#939=ORIENTED_EDGE('',*,*,#2171,.T.);
#940=ORIENTED_EDGE('',*,*,#2172,.T.);
#941=ORIENTED_EDGE('',*,*,#1982,.T.);
#942=ORIENTED_EDGE('',*,*,#1958,.T.);
#943=ORIENTED_EDGE('',*,*,#2173,.T.);
#944=ORIENTED_EDGE('',*,*,#2156,.F.);
#945=ORIENTED_EDGE('',*,*,#2174,.T.);
#946=ORIENTED_EDGE('',*,*,#2175,.T.);
#947=ORIENTED_EDGE('',*,*,#2176,.T.);
#948=ORIENTED_EDGE('',*,*,#2177,.T.);
#949=ORIENTED_EDGE('',*,*,#2178,.T.);
#950=ORIENTED_EDGE('',*,*,#2179,.F.);
#951=ORIENTED_EDGE('',*,*,#2175,.F.);
#952=ORIENTED_EDGE('',*,*,#2180,.T.);
#953=ORIENTED_EDGE('',*,*,#2181,.T.);
#954=ORIENTED_EDGE('',*,*,#2182,.F.);
#955=ORIENTED_EDGE('',*,*,#2176,.F.);
#956=ORIENTED_EDGE('',*,*,#2179,.T.);
#957=ORIENTED_EDGE('',*,*,#2183,.T.);
#958=ORIENTED_EDGE('',*,*,#2184,.F.);
#959=ORIENTED_EDGE('',*,*,#2177,.F.);
#960=ORIENTED_EDGE('',*,*,#2182,.T.);
#961=ORIENTED_EDGE('',*,*,#2185,.T.);
#962=ORIENTED_EDGE('',*,*,#2186,.T.);
#963=ORIENTED_EDGE('',*,*,#2187,.T.);
#964=ORIENTED_EDGE('',*,*,#2188,.T.);
#965=ORIENTED_EDGE('',*,*,#2189,.T.);
#966=ORIENTED_EDGE('',*,*,#2190,.F.);
#967=ORIENTED_EDGE('',*,*,#2187,.F.);
#968=ORIENTED_EDGE('',*,*,#2191,.T.);
#969=ORIENTED_EDGE('',*,*,#2192,.T.);
#970=ORIENTED_EDGE('',*,*,#2193,.F.);
#971=ORIENTED_EDGE('',*,*,#2188,.F.);
#972=ORIENTED_EDGE('',*,*,#2190,.T.);
#973=ORIENTED_EDGE('',*,*,#2194,.T.);
#974=ORIENTED_EDGE('',*,*,#2195,.F.);
#975=ORIENTED_EDGE('',*,*,#2185,.F.);
#976=ORIENTED_EDGE('',*,*,#2193,.T.);
#977=ORIENTED_EDGE('',*,*,#2196,.F.);
#978=ORIENTED_EDGE('',*,*,#2197,.F.);
#979=ORIENTED_EDGE('',*,*,#2198,.F.);
#980=ORIENTED_EDGE('',*,*,#2199,.F.);
#981=ORIENTED_EDGE('',*,*,#2200,.F.);
#982=ORIENTED_EDGE('',*,*,#2201,.F.);
#983=ORIENTED_EDGE('',*,*,#2202,.F.);
#984=ORIENTED_EDGE('',*,*,#2203,.F.);
#985=ORIENTED_EDGE('',*,*,#2204,.F.);
#986=ORIENTED_EDGE('',*,*,#2205,.F.);
#987=ORIENTED_EDGE('',*,*,#2206,.F.);
#988=ORIENTED_EDGE('',*,*,#2207,.F.);
#989=ORIENTED_EDGE('',*,*,#2208,.F.);
#990=ORIENTED_EDGE('',*,*,#2209,.F.);
#991=ORIENTED_EDGE('',*,*,#2210,.F.);
#992=ORIENTED_EDGE('',*,*,#2211,.F.);
#993=ORIENTED_EDGE('',*,*,#2212,.F.);
#994=ORIENTED_EDGE('',*,*,#2213,.F.);
#995=ORIENTED_EDGE('',*,*,#2214,.F.);
#996=ORIENTED_EDGE('',*,*,#2215,.F.);
#997=ORIENTED_EDGE('',*,*,#2216,.F.);
#998=ORIENTED_EDGE('',*,*,#2217,.F.);
#999=ORIENTED_EDGE('',*,*,#2218,.F.);
#1000=ORIENTED_EDGE('',*,*,#2219,.F.);
#1001=ORIENTED_EDGE('',*,*,#2220,.F.);
#1002=ORIENTED_EDGE('',*,*,#2221,.F.);
#1003=ORIENTED_EDGE('',*,*,#2222,.F.);
#1004=ORIENTED_EDGE('',*,*,#2223,.F.);
#1005=ORIENTED_EDGE('',*,*,#1993,.T.);
#1006=ORIENTED_EDGE('',*,*,#1970,.T.);
#1007=ORIENTED_EDGE('',*,*,#2224,.T.);
#1008=ORIENTED_EDGE('',*,*,#2225,.F.);
#1009=ORIENTED_EDGE('',*,*,#2201,.T.);
#1010=ORIENTED_EDGE('',*,*,#2226,.F.);
#1011=ORIENTED_EDGE('',*,*,#2224,.F.);
#1012=ORIENTED_EDGE('',*,*,#1973,.T.);
#1013=ORIENTED_EDGE('',*,*,#2227,.F.);
#1014=ORIENTED_EDGE('',*,*,#2115,.F.);
#1015=ORIENTED_EDGE('',*,*,#2111,.F.);
#1016=ORIENTED_EDGE('',*,*,#2228,.F.);
#1017=ORIENTED_EDGE('',*,*,#2229,.F.);
#1018=ORIENTED_EDGE('',*,*,#1964,.T.);
#1019=ORIENTED_EDGE('',*,*,#1985,.T.);
#1020=ORIENTED_EDGE('',*,*,#2230,.T.);
#1021=ORIENTED_EDGE('',*,*,#2198,.T.);
#1022=ORIENTED_EDGE('',*,*,#2231,.F.);
#1023=ORIENTED_EDGE('',*,*,#1842,.T.);
#1024=ORIENTED_EDGE('',*,*,#1852,.T.);
#1025=ORIENTED_EDGE('',*,*,#2232,.F.);
#1026=ORIENTED_EDGE('',*,*,#2202,.T.);
#1027=ORIENTED_EDGE('',*,*,#2225,.T.);
#1028=ORIENTED_EDGE('',*,*,#2228,.T.);
#1029=ORIENTED_EDGE('',*,*,#2114,.F.);
#1030=ORIENTED_EDGE('',*,*,#2055,.F.);
#1031=ORIENTED_EDGE('',*,*,#2233,.F.);
#1032=ORIENTED_EDGE('',*,*,#2084,.T.);
#1033=ORIENTED_EDGE('',*,*,#2234,.T.);
#1034=ORIENTED_EDGE('',*,*,#2053,.F.);
#1035=ORIENTED_EDGE('',*,*,#2122,.T.);
#1036=ORIENTED_EDGE('',*,*,#2235,.T.);
#1037=ORIENTED_EDGE('',*,*,#2103,.F.);
#1038=ORIENTED_EDGE('',*,*,#2044,.F.);
#1039=ORIENTED_EDGE('',*,*,#2099,.F.);
#1040=ORIENTED_EDGE('',*,*,#2088,.T.);
#1041=ORIENTED_EDGE('',*,*,#2098,.T.);
#1042=ORIENTED_EDGE('',*,*,#2049,.F.);
#1043=ORIENTED_EDGE('',*,*,#2096,.T.);
#1044=ORIENTED_EDGE('',*,*,#2236,.T.);
#1045=ORIENTED_EDGE('',*,*,#2231,.T.);
#1046=ORIENTED_EDGE('',*,*,#2197,.T.);
#1047=ORIENTED_EDGE('',*,*,#2237,.F.);
#1048=ORIENTED_EDGE('',*,*,#1863,.F.);
#1049=ORIENTED_EDGE('',*,*,#1854,.T.);
#1050=ORIENTED_EDGE('',*,*,#1865,.T.);
#1051=ORIENTED_EDGE('',*,*,#2238,.F.);
#1052=ORIENTED_EDGE('',*,*,#2221,.T.);
#1053=ORIENTED_EDGE('',*,*,#2239,.F.);
#1054=ORIENTED_EDGE('',*,*,#1850,.F.);
#1055=ORIENTED_EDGE('',*,*,#2240,.T.);
#1056=ORIENTED_EDGE('',*,*,#1804,.F.);
#1057=ORIENTED_EDGE('',*,*,#2241,.F.);
#1058=ORIENTED_EDGE('',*,*,#2212,.T.);
#1059=ORIENTED_EDGE('',*,*,#2242,.F.);
#1060=ORIENTED_EDGE('',*,*,#1835,.T.);
#1061=ORIENTED_EDGE('',*,*,#2243,.T.);
#1062=ORIENTED_EDGE('',*,*,#1845,.T.);
#1063=ORIENTED_EDGE('',*,*,#2244,.T.);
#1064=ORIENTED_EDGE('',*,*,#1874,.T.);
#1065=ORIENTED_EDGE('',*,*,#2245,.F.);
#1066=ORIENTED_EDGE('',*,*,#2217,.T.);
#1067=ORIENTED_EDGE('',*,*,#2246,.F.);
#1068=ORIENTED_EDGE('',*,*,#1881,.T.);
#1069=ORIENTED_EDGE('',*,*,#1884,.T.);
#1070=ORIENTED_EDGE('',*,*,#1875,.T.);
#1071=ORIENTED_EDGE('',*,*,#2244,.F.);
#1072=ORIENTED_EDGE('',*,*,#2216,.T.);
#1073=ORIENTED_EDGE('',*,*,#2247,.F.);
#1074=ORIENTED_EDGE('',*,*,#1836,.T.);
#1075=ORIENTED_EDGE('',*,*,#2248,.T.);
#1076=ORIENTED_EDGE('',*,*,#1849,.T.);
#1077=ORIENTED_EDGE('',*,*,#2239,.T.);
#1078=ORIENTED_EDGE('',*,*,#2220,.T.);
#1079=ORIENTED_EDGE('',*,*,#2249,.F.);
#1080=ORIENTED_EDGE('',*,*,#1897,.T.);
#1081=ORIENTED_EDGE('',*,*,#1900,.T.);
#1082=ORIENTED_EDGE('',*,*,#1891,.T.);
#1083=ORIENTED_EDGE('',*,*,#2248,.F.);
#1084=ORIENTED_EDGE('',*,*,#1832,.T.);
#1085=ORIENTED_EDGE('',*,*,#2250,.T.);
#1086=ORIENTED_EDGE('',*,*,#1848,.F.);
#1087=ORIENTED_EDGE('',*,*,#2251,.F.);
#1088=ORIENTED_EDGE('',*,*,#1822,.T.);
#1089=ORIENTED_EDGE('',*,*,#2252,.T.);
#1090=ORIENTED_EDGE('',*,*,#1858,.T.);
#1091=ORIENTED_EDGE('',*,*,#1885,.T.);
#1092=ORIENTED_EDGE('',*,*,#1883,.T.);
#1093=ORIENTED_EDGE('',*,*,#2253,.T.);
#1094=ORIENTED_EDGE('',*,*,#1894,.T.);
#1095=ORIENTED_EDGE('',*,*,#1901,.T.);
#1096=ORIENTED_EDGE('',*,*,#1899,.T.);
#1097=ORIENTED_EDGE('',*,*,#2254,.T.);
#1098=ORIENTED_EDGE('',*,*,#2222,.T.);
#1099=ORIENTED_EDGE('',*,*,#2238,.T.);
#1100=ORIENTED_EDGE('',*,*,#1864,.T.);
#1101=ORIENTED_EDGE('',*,*,#2252,.F.);
#1102=ORIENTED_EDGE('',*,*,#1823,.F.);
#1103=ORIENTED_EDGE('',*,*,#2255,.F.);
#1104=ORIENTED_EDGE('',*,*,#2218,.T.);
#1105=ORIENTED_EDGE('',*,*,#2245,.T.);
#1106=ORIENTED_EDGE('',*,*,#1878,.T.);
#1107=ORIENTED_EDGE('',*,*,#2173,.F.);
#1108=ORIENTED_EDGE('',*,*,#1961,.T.);
#1109=ORIENTED_EDGE('',*,*,#2256,.T.);
#1110=ORIENTED_EDGE('',*,*,#2257,.T.);
#1111=ORIENTED_EDGE('',*,*,#2157,.F.);
#1112=ORIENTED_EDGE('',*,*,#2153,.F.);
#1113=ORIENTED_EDGE('',*,*,#2256,.F.);
#1114=ORIENTED_EDGE('',*,*,#1960,.T.);
#1115=ORIENTED_EDGE('',*,*,#1981,.T.);
#1116=ORIENTED_EDGE('',*,*,#2258,.T.);
#1117=ORIENTED_EDGE('',*,*,#2215,.T.);
#1118=ORIENTED_EDGE('',*,*,#2259,.T.);
#1119=ORIENTED_EDGE('',*,*,#2260,.T.);
#1120=ORIENTED_EDGE('',*,*,#1994,.T.);
#1121=ORIENTED_EDGE('',*,*,#2226,.T.);
#1122=ORIENTED_EDGE('',*,*,#2205,.T.);
#1123=ORIENTED_EDGE('',*,*,#2261,.F.);
#1124=ORIENTED_EDGE('',*,*,#1780,.F.);
#1125=ORIENTED_EDGE('',*,*,#2262,.F.);
#1126=ORIENTED_EDGE('',*,*,#1811,.T.);
#1127=ORIENTED_EDGE('',*,*,#2240,.F.);
#1128=ORIENTED_EDGE('',*,*,#2211,.T.);
#1129=ORIENTED_EDGE('',*,*,#2258,.F.);
#1130=ORIENTED_EDGE('',*,*,#1984,.T.);
#1131=ORIENTED_EDGE('',*,*,#2263,.T.);
#1132=ORIENTED_EDGE('',*,*,#2191,.F.);
#1133=ORIENTED_EDGE('',*,*,#2186,.F.);
#1134=ORIENTED_EDGE('',*,*,#2195,.T.);
#1135=ORIENTED_EDGE('',*,*,#1975,.T.);
#1136=ORIENTED_EDGE('',*,*,#1950,.T.);
#1137=ORIENTED_EDGE('',*,*,#2264,.T.);
#1138=ORIENTED_EDGE('',*,*,#2265,.T.);
#1139=ORIENTED_EDGE('',*,*,#2209,.T.);
#1140=ORIENTED_EDGE('',*,*,#2266,.F.);
#1141=ORIENTED_EDGE('',*,*,#2230,.F.);
#1142=ORIENTED_EDGE('',*,*,#1988,.T.);
#1143=ORIENTED_EDGE('',*,*,#2267,.F.);
#1144=ORIENTED_EDGE('',*,*,#2180,.F.);
#1145=ORIENTED_EDGE('',*,*,#2174,.F.);
#1146=ORIENTED_EDGE('',*,*,#2184,.T.);
#1147=ORIENTED_EDGE('',*,*,#2268,.F.);
#1148=ORIENTED_EDGE('',*,*,#1976,.T.);
#1149=ORIENTED_EDGE('',*,*,#2266,.T.);
#1150=ORIENTED_EDGE('',*,*,#2208,.T.);
#1151=ORIENTED_EDGE('',*,*,#2269,.T.);
#1152=ORIENTED_EDGE('',*,*,#1791,.F.);
#1153=ORIENTED_EDGE('',*,*,#2270,.T.);
#1154=ORIENTED_EDGE('',*,*,#1802,.T.);
#1155=ORIENTED_EDGE('',*,*,#2271,.T.);
#1156=ORIENTED_EDGE('',*,*,#2199,.T.);
#1157=ORIENTED_EDGE('',*,*,#2271,.F.);
#1158=ORIENTED_EDGE('',*,*,#1795,.T.);
#1159=ORIENTED_EDGE('',*,*,#2272,.T.);
#1160=ORIENTED_EDGE('',*,*,#2200,.T.);
#1161=ORIENTED_EDGE('',*,*,#2273,.F.);
#1162=ORIENTED_EDGE('',*,*,#1819,.T.);
#1163=ORIENTED_EDGE('',*,*,#2274,.T.);
#1164=ORIENTED_EDGE('',*,*,#1861,.F.);
#1165=ORIENTED_EDGE('',*,*,#1816,.T.);
#1166=ORIENTED_EDGE('',*,*,#1826,.T.);
#1167=ORIENTED_EDGE('',*,*,#2275,.T.);
#1168=ORIENTED_EDGE('',*,*,#2210,.T.);
#1169=ORIENTED_EDGE('',*,*,#2265,.F.);
#1170=ORIENTED_EDGE('',*,*,#2276,.F.);
#1171=ORIENTED_EDGE('',*,*,#2129,.F.);
#1172=ORIENTED_EDGE('',*,*,#2063,.F.);
#1173=ORIENTED_EDGE('',*,*,#2277,.F.);
#1174=ORIENTED_EDGE('',*,*,#2080,.F.);
#1175=ORIENTED_EDGE('',*,*,#2278,.T.);
#1176=ORIENTED_EDGE('',*,*,#2061,.F.);
#1177=ORIENTED_EDGE('',*,*,#2146,.T.);
#1178=ORIENTED_EDGE('',*,*,#2279,.F.);
#1179=ORIENTED_EDGE('',*,*,#2164,.F.);
#1180=ORIENTED_EDGE('',*,*,#2066,.F.);
#1181=ORIENTED_EDGE('',*,*,#2280,.F.);
#1182=ORIENTED_EDGE('',*,*,#2076,.F.);
#1183=ORIENTED_EDGE('',*,*,#2281,.T.);
#1184=ORIENTED_EDGE('',*,*,#2072,.F.);
#1185=ORIENTED_EDGE('',*,*,#2158,.T.);
#1186=ORIENTED_EDGE('',*,*,#2257,.F.);
#1187=ORIENTED_EDGE('',*,*,#2259,.F.);
#1188=ORIENTED_EDGE('',*,*,#2214,.T.);
#1189=ORIENTED_EDGE('',*,*,#2282,.T.);
#1190=ORIENTED_EDGE('',*,*,#1839,.F.);
#1191=ORIENTED_EDGE('',*,*,#1828,.T.);
#1192=ORIENTED_EDGE('',*,*,#1837,.T.);
#1193=ORIENTED_EDGE('',*,*,#2247,.T.);
#1194=ORIENTED_EDGE('',*,*,#2219,.T.);
#1195=ORIENTED_EDGE('',*,*,#2255,.T.);
#1196=ORIENTED_EDGE('',*,*,#1824,.F.);
#1197=ORIENTED_EDGE('',*,*,#2264,.F.);
#1198=ORIENTED_EDGE('',*,*,#1953,.T.);
#1199=ORIENTED_EDGE('',*,*,#2134,.F.);
#1200=ORIENTED_EDGE('',*,*,#2130,.F.);
#1201=ORIENTED_EDGE('',*,*,#2125,.F.);
#1202=ORIENTED_EDGE('',*,*,#2276,.T.);
#1203=ORIENTED_EDGE('',*,*,#2140,.F.);
#1204=ORIENTED_EDGE('',*,*,#1957,.T.);
#1205=ORIENTED_EDGE('',*,*,#2167,.F.);
#1206=ORIENTED_EDGE('',*,*,#2165,.F.);
#1207=ORIENTED_EDGE('',*,*,#2161,.F.);
#1208=ORIENTED_EDGE('',*,*,#2279,.T.);
#1209=ORIENTED_EDGE('',*,*,#2145,.F.);
#1210=ORIENTED_EDGE('',*,*,#2142,.F.);
#1211=ORIENTED_EDGE('',*,*,#2283,.F.);
#1212=ORIENTED_EDGE('',*,*,#1965,.T.);
#1213=ORIENTED_EDGE('',*,*,#2229,.T.);
#1214=ORIENTED_EDGE('',*,*,#2236,.F.);
#1215=ORIENTED_EDGE('',*,*,#2095,.F.);
#1216=ORIENTED_EDGE('',*,*,#2091,.F.);
#1217=ORIENTED_EDGE('',*,*,#2284,.F.);
#1218=ORIENTED_EDGE('',*,*,#1969,.T.);
#1219=ORIENTED_EDGE('',*,*,#2285,.F.);
#1220=ORIENTED_EDGE('',*,*,#2104,.F.);
#1221=ORIENTED_EDGE('',*,*,#2100,.F.);
#1222=ORIENTED_EDGE('',*,*,#2235,.F.);
#1223=ORIENTED_EDGE('',*,*,#2121,.F.);
#1224=ORIENTED_EDGE('',*,*,#2117,.F.);
#1225=ORIENTED_EDGE('',*,*,#2106,.T.);
#1226=ORIENTED_EDGE('',*,*,#2286,.F.);
#1227=ORIENTED_EDGE('',*,*,#1685,.T.);
#1228=ORIENTED_EDGE('',*,*,#2102,.T.);
#1229=ORIENTED_EDGE('',*,*,#2133,.F.);
#1230=ORIENTED_EDGE('',*,*,#2287,.T.);
#1231=ORIENTED_EDGE('',*,*,#2127,.T.);
#1232=ORIENTED_EDGE('',*,*,#2132,.T.);
#1233=ORIENTED_EDGE('',*,*,#2288,.T.);
#1234=ORIENTED_EDGE('',*,*,#2073,.T.);
#1235=ORIENTED_EDGE('',*,*,#2281,.F.);
#1236=ORIENTED_EDGE('',*,*,#2079,.F.);
#1237=ORIENTED_EDGE('',*,*,#2280,.T.);
#1238=ORIENTED_EDGE('',*,*,#2069,.T.);
#1239=ORIENTED_EDGE('',*,*,#2289,.F.);
#1240=ORIENTED_EDGE('',*,*,#2077,.T.);
#1241=ORIENTED_EDGE('',*,*,#2058,.F.);
#1242=ORIENTED_EDGE('',*,*,#2278,.F.);
#1243=ORIENTED_EDGE('',*,*,#2083,.F.);
#1244=ORIENTED_EDGE('',*,*,#2290,.T.);
#1245=ORIENTED_EDGE('',*,*,#2062,.F.);
#1246=ORIENTED_EDGE('',*,*,#2291,.F.);
#1247=ORIENTED_EDGE('',*,*,#2081,.T.);
#1248=ORIENTED_EDGE('',*,*,#2277,.T.);
#1249=ORIENTED_EDGE('',*,*,#2050,.F.);
#1250=ORIENTED_EDGE('',*,*,#2234,.F.);
#1251=ORIENTED_EDGE('',*,*,#2087,.F.);
#1252=ORIENTED_EDGE('',*,*,#2292,.T.);
#1253=ORIENTED_EDGE('',*,*,#2054,.F.);
#1254=ORIENTED_EDGE('',*,*,#2293,.F.);
#1255=ORIENTED_EDGE('',*,*,#2085,.T.);
#1256=ORIENTED_EDGE('',*,*,#2233,.T.);
#1257=ORIENTED_EDGE('',*,*,#2007,.F.);
#1258=ORIENTED_EDGE('',*,*,#2005,.F.);
#1259=ORIENTED_EDGE('',*,*,#2003,.F.);
#1260=ORIENTED_EDGE('',*,*,#2000,.F.);
#1261=ORIENTED_EDGE('',*,*,#2237,.T.);
#1262=ORIENTED_EDGE('',*,*,#2196,.T.);
#1263=ORIENTED_EDGE('',*,*,#2272,.F.);
#1264=ORIENTED_EDGE('',*,*,#1794,.T.);
#1265=ORIENTED_EDGE('',*,*,#1801,.F.);
#1266=ORIENTED_EDGE('',*,*,#1798,.F.);
#1267=ORIENTED_EDGE('',*,*,#2294,.F.);
#1268=ORIENTED_EDGE('',*,*,#1785,.F.);
#1269=ORIENTED_EDGE('',*,*,#1789,.T.);
#1270=ORIENTED_EDGE('',*,*,#1781,.T.);
#1271=ORIENTED_EDGE('',*,*,#2295,.F.);
#1272=ORIENTED_EDGE('',*,*,#2206,.T.);
#1273=ORIENTED_EDGE('',*,*,#2275,.F.);
#1274=ORIENTED_EDGE('',*,*,#1825,.T.);
#1275=ORIENTED_EDGE('',*,*,#2273,.T.);
#1276=ORIENTED_EDGE('',*,*,#1862,.T.);
#1277=ORIENTED_EDGE('',*,*,#2043,.F.);
#1278=ORIENTED_EDGE('',*,*,#2041,.F.);
#1279=ORIENTED_EDGE('',*,*,#2039,.F.);
#1280=ORIENTED_EDGE('',*,*,#2037,.F.);
#1281=ORIENTED_EDGE('',*,*,#2035,.F.);
#1282=ORIENTED_EDGE('',*,*,#2033,.F.);
#1283=ORIENTED_EDGE('',*,*,#2031,.F.);
#1284=ORIENTED_EDGE('',*,*,#2029,.F.);
#1285=ORIENTED_EDGE('',*,*,#2027,.F.);
#1286=ORIENTED_EDGE('',*,*,#2025,.F.);
#1287=ORIENTED_EDGE('',*,*,#2023,.F.);
#1288=ORIENTED_EDGE('',*,*,#2020,.F.);
#1289=ORIENTED_EDGE('',*,*,#1913,.F.);
#1290=ORIENTED_EDGE('',*,*,#1906,.F.);
#1291=ORIENTED_EDGE('',*,*,#1909,.F.);
#1292=ORIENTED_EDGE('',*,*,#1911,.F.);
#1293=ORIENTED_EDGE('',*,*,#2232,.T.);
#1294=ORIENTED_EDGE('',*,*,#1851,.T.);
#1295=ORIENTED_EDGE('',*,*,#2243,.F.);
#1296=ORIENTED_EDGE('',*,*,#1838,.F.);
#1297=ORIENTED_EDGE('',*,*,#2282,.F.);
#1298=ORIENTED_EDGE('',*,*,#2213,.T.);
#1299=ORIENTED_EDGE('',*,*,#2241,.T.);
#1300=ORIENTED_EDGE('',*,*,#1803,.F.);
#1301=ORIENTED_EDGE('',*,*,#1813,.F.);
#1302=ORIENTED_EDGE('',*,*,#1807,.T.);
#1303=ORIENTED_EDGE('',*,*,#2296,.T.);
#1304=ORIENTED_EDGE('',*,*,#1776,.T.);
#1305=ORIENTED_EDGE('',*,*,#1778,.T.);
#1306=ORIENTED_EDGE('',*,*,#1772,.F.);
#1307=ORIENTED_EDGE('',*,*,#2297,.T.);
#1308=ORIENTED_EDGE('',*,*,#2203,.T.);
#1309=ORIENTED_EDGE('',*,*,#1949,.F.);
#1310=ORIENTED_EDGE('',*,*,#1926,.F.);
#1311=ORIENTED_EDGE('',*,*,#1929,.F.);
#1312=ORIENTED_EDGE('',*,*,#1931,.F.);
#1313=ORIENTED_EDGE('',*,*,#1933,.F.);
#1314=ORIENTED_EDGE('',*,*,#1935,.F.);
#1315=ORIENTED_EDGE('',*,*,#1937,.F.);
#1316=ORIENTED_EDGE('',*,*,#1939,.F.);
#1317=ORIENTED_EDGE('',*,*,#1941,.F.);
#1318=ORIENTED_EDGE('',*,*,#1943,.F.);
#1319=ORIENTED_EDGE('',*,*,#1945,.F.);
#1320=ORIENTED_EDGE('',*,*,#1947,.F.);
#1321=ORIENTED_EDGE('',*,*,#2254,.F.);
#1322=ORIENTED_EDGE('',*,*,#1898,.T.);
#1323=ORIENTED_EDGE('',*,*,#2249,.T.);
#1324=ORIENTED_EDGE('',*,*,#2223,.T.);
#1325=ORIENTED_EDGE('',*,*,#2253,.F.);
#1326=ORIENTED_EDGE('',*,*,#1882,.T.);
#1327=ORIENTED_EDGE('',*,*,#2246,.T.);
#1328=ORIENTED_EDGE('',*,*,#1890,.T.);
#1329=ORIENTED_EDGE('',*,*,#2137,.T.);
#1330=ORIENTED_EDGE('',*,*,#2144,.T.);
#1331=ORIENTED_EDGE('',*,*,#2148,.T.);
#1332=ORIENTED_EDGE('',*,*,#2298,.T.);
#1333=ORIENTED_EDGE('',*,*,#2299,.T.);
#1334=ORIENTED_EDGE('',*,*,#2170,.T.);
#1335=ORIENTED_EDGE('',*,*,#2155,.T.);
#1336=ORIENTED_EDGE('',*,*,#2160,.T.);
#1337=ORIENTED_EDGE('',*,*,#1677,.T.);
#1338=ORIENTED_EDGE('',*,*,#2300,.T.);
#1339=ORIENTED_EDGE('',*,*,#2093,.T.);
#1340=ORIENTED_EDGE('',*,*,#2097,.T.);
#1341=ORIENTED_EDGE('',*,*,#2301,.T.);
#1342=ORIENTED_EDGE('',*,*,#2119,.T.);
#1343=ORIENTED_EDGE('',*,*,#2124,.T.);
#1344=ORIENTED_EDGE('',*,*,#2302,.T.);
#1345=ORIENTED_EDGE('',*,*,#2297,.F.);
#1346=ORIENTED_EDGE('',*,*,#1771,.F.);
#1347=ORIENTED_EDGE('',*,*,#2261,.T.);
#1348=ORIENTED_EDGE('',*,*,#2204,.T.);
#1349=ORIENTED_EDGE('',*,*,#2295,.T.);
#1350=ORIENTED_EDGE('',*,*,#1784,.T.);
#1351=ORIENTED_EDGE('',*,*,#2269,.F.);
#1352=ORIENTED_EDGE('',*,*,#2207,.T.);
#1353=ORIENTED_EDGE('',*,*,#1786,.F.);
#1354=ORIENTED_EDGE('',*,*,#2294,.T.);
#1355=ORIENTED_EDGE('',*,*,#1797,.F.);
#1356=ORIENTED_EDGE('',*,*,#2270,.F.);
#1357=ORIENTED_EDGE('',*,*,#1777,.T.);
#1358=ORIENTED_EDGE('',*,*,#2296,.F.);
#1359=ORIENTED_EDGE('',*,*,#1810,.T.);
#1360=ORIENTED_EDGE('',*,*,#2262,.T.);
#1361=ORIENTED_EDGE('',*,*,#2303,.T.);
#1362=ORIENTED_EDGE('',*,*,#1693,.T.);
#1363=ORIENTED_EDGE('',*,*,#1753,.T.);
#1364=ORIENTED_EDGE('',*,*,#1765,.F.);
#1365=ORIENTED_EDGE('',*,*,#1757,.T.);
#1366=ORIENTED_EDGE('',*,*,#1701,.T.);
#1367=ORIENTED_EDGE('',*,*,#2304,.T.);
#1368=ORIENTED_EDGE('',*,*,#1694,.T.);
#1369=ORIENTED_EDGE('',*,*,#2303,.F.);
#1370=ORIENTED_EDGE('',*,*,#1700,.T.);
#1371=ORIENTED_EDGE('',*,*,#1754,.T.);
#1372=ORIENTED_EDGE('',*,*,#1695,.T.);
#1373=ORIENTED_EDGE('',*,*,#2304,.F.);
#1374=ORIENTED_EDGE('',*,*,#1703,.T.);
#1375=ORIENTED_EDGE('',*,*,#1756,.T.);
#1376=ORIENTED_EDGE('',*,*,#2305,.T.);
#1377=ORIENTED_EDGE('',*,*,#2305,.F.);
#1378=ORIENTED_EDGE('',*,*,#1755,.F.);
#1379=ORIENTED_EDGE('',*,*,#2306,.T.);
#1380=ORIENTED_EDGE('',*,*,#1709,.T.);
#1381=ORIENTED_EDGE('',*,*,#1735,.T.);
#1382=ORIENTED_EDGE('',*,*,#1760,.F.);
#1383=ORIENTED_EDGE('',*,*,#1739,.T.);
#1384=ORIENTED_EDGE('',*,*,#1717,.T.);
#1385=ORIENTED_EDGE('',*,*,#2307,.T.);
#1386=ORIENTED_EDGE('',*,*,#1710,.T.);
#1387=ORIENTED_EDGE('',*,*,#2306,.F.);
#1388=ORIENTED_EDGE('',*,*,#1716,.T.);
#1389=ORIENTED_EDGE('',*,*,#1736,.T.);
#1390=ORIENTED_EDGE('',*,*,#1711,.T.);
#1391=ORIENTED_EDGE('',*,*,#2307,.F.);
#1392=ORIENTED_EDGE('',*,*,#1719,.T.);
#1393=ORIENTED_EDGE('',*,*,#1738,.T.);
#1394=ORIENTED_EDGE('',*,*,#2308,.T.);
#1395=ORIENTED_EDGE('',*,*,#2308,.F.);
#1396=ORIENTED_EDGE('',*,*,#1737,.F.);
#1397=ORIENTED_EDGE('',*,*,#2107,.T.);
#1398=ORIENTED_EDGE('',*,*,#2116,.T.);
#1399=ORIENTED_EDGE('',*,*,#2227,.T.);
#1400=ORIENTED_EDGE('',*,*,#1972,.T.);
#1401=ORIENTED_EDGE('',*,*,#1992,.T.);
#1402=ORIENTED_EDGE('',*,*,#2309,.T.);
#1403=ORIENTED_EDGE('',*,*,#2310,.F.);
#1404=ORIENTED_EDGE('',*,*,#2301,.F.);
#1405=ORIENTED_EDGE('',*,*,#2311,.T.);
#1406=ORIENTED_EDGE('',*,*,#2312,.T.);
#1407=ORIENTED_EDGE('',*,*,#1990,.T.);
#1408=ORIENTED_EDGE('',*,*,#1966,.T.);
#1409=ORIENTED_EDGE('',*,*,#2284,.T.);
#1410=ORIENTED_EDGE('',*,*,#2120,.F.);
#1411=ORIENTED_EDGE('',*,*,#2311,.F.);
#1412=ORIENTED_EDGE('',*,*,#2302,.F.);
#1413=ORIENTED_EDGE('',*,*,#2123,.T.);
#1414=ORIENTED_EDGE('',*,*,#2051,.F.);
#1415=ORIENTED_EDGE('',*,*,#2292,.F.);
#1416=ORIENTED_EDGE('',*,*,#2086,.F.);
#1417=ORIENTED_EDGE('',*,*,#2293,.T.);
#1418=ORIENTED_EDGE('',*,*,#2057,.F.);
#1419=ORIENTED_EDGE('',*,*,#2113,.F.);
#1420=ORIENTED_EDGE('',*,*,#2108,.F.);
#1421=ORIENTED_EDGE('',*,*,#2310,.T.);
#1422=ORIENTED_EDGE('',*,*,#2313,.T.);
#1423=ORIENTED_EDGE('',*,*,#2286,.T.);
#1424=ORIENTED_EDGE('',*,*,#2105,.T.);
#1425=ORIENTED_EDGE('',*,*,#2285,.T.);
#1426=ORIENTED_EDGE('',*,*,#1968,.T.);
#1427=ORIENTED_EDGE('',*,*,#1989,.T.);
#1428=ORIENTED_EDGE('',*,*,#2314,.T.);
#1429=ORIENTED_EDGE('',*,*,#1686,.F.);
#1430=ORIENTED_EDGE('',*,*,#2300,.F.);
#1431=ORIENTED_EDGE('',*,*,#1676,.T.);
#1432=ORIENTED_EDGE('',*,*,#2315,.T.);
#1433=ORIENTED_EDGE('',*,*,#1986,.T.);
#1434=ORIENTED_EDGE('',*,*,#1962,.T.);
#1435=ORIENTED_EDGE('',*,*,#2283,.T.);
#1436=ORIENTED_EDGE('',*,*,#2094,.F.);
#1437=ORIENTED_EDGE('',*,*,#2151,.F.);
#1438=ORIENTED_EDGE('',*,*,#2169,.T.);
#1439=ORIENTED_EDGE('',*,*,#2316,.F.);
#1440=ORIENTED_EDGE('',*,*,#2171,.F.);
#1441=ORIENTED_EDGE('',*,*,#2299,.F.);
#1442=ORIENTED_EDGE('',*,*,#2159,.T.);
#1443=ORIENTED_EDGE('',*,*,#2070,.F.);
#1444=ORIENTED_EDGE('',*,*,#2288,.F.);
#1445=ORIENTED_EDGE('',*,*,#2078,.T.);
#1446=ORIENTED_EDGE('',*,*,#2289,.T.);
#1447=ORIENTED_EDGE('',*,*,#2068,.F.);
#1448=ORIENTED_EDGE('',*,*,#2163,.F.);
#1449=ORIENTED_EDGE('',*,*,#2287,.F.);
#1450=ORIENTED_EDGE('',*,*,#2136,.T.);
#1451=ORIENTED_EDGE('',*,*,#2317,.F.);
#1452=ORIENTED_EDGE('',*,*,#2138,.F.);
#1453=ORIENTED_EDGE('',*,*,#2298,.F.);
#1454=ORIENTED_EDGE('',*,*,#2147,.T.);
#1455=ORIENTED_EDGE('',*,*,#2059,.F.);
#1456=ORIENTED_EDGE('',*,*,#2290,.F.);
#1457=ORIENTED_EDGE('',*,*,#2082,.T.);
#1458=ORIENTED_EDGE('',*,*,#2291,.T.);
#1459=ORIENTED_EDGE('',*,*,#2065,.F.);
#1460=ORIENTED_EDGE('',*,*,#2128,.F.);
#1461=ORIENTED_EDGE('',*,*,#2139,.F.);
#1462=ORIENTED_EDGE('',*,*,#2317,.T.);
#1463=ORIENTED_EDGE('',*,*,#2135,.F.);
#1464=ORIENTED_EDGE('',*,*,#1977,.T.);
#1465=ORIENTED_EDGE('',*,*,#2268,.T.);
#1466=ORIENTED_EDGE('',*,*,#2183,.F.);
#1467=ORIENTED_EDGE('',*,*,#2181,.F.);
#1468=ORIENTED_EDGE('',*,*,#2178,.F.);
#1469=ORIENTED_EDGE('',*,*,#2267,.T.);
#1470=ORIENTED_EDGE('',*,*,#1987,.T.);
#1471=ORIENTED_EDGE('',*,*,#2315,.F.);
#1472=ORIENTED_EDGE('',*,*,#1687,.F.);
#1473=ORIENTED_EDGE('',*,*,#2314,.F.);
#1474=ORIENTED_EDGE('',*,*,#1991,.T.);
#1475=ORIENTED_EDGE('',*,*,#2312,.F.);
#1476=ORIENTED_EDGE('',*,*,#2313,.F.);
#1477=ORIENTED_EDGE('',*,*,#2309,.F.);
#1478=ORIENTED_EDGE('',*,*,#1995,.T.);
#1479=ORIENTED_EDGE('',*,*,#2260,.F.);
#1480=ORIENTED_EDGE('',*,*,#2194,.F.);
#1481=ORIENTED_EDGE('',*,*,#2192,.F.);
#1482=ORIENTED_EDGE('',*,*,#2189,.F.);
#1483=ORIENTED_EDGE('',*,*,#2263,.F.);
#1484=ORIENTED_EDGE('',*,*,#1983,.T.);
#1485=ORIENTED_EDGE('',*,*,#2172,.F.);
#1486=ORIENTED_EDGE('',*,*,#2316,.T.);
#1487=ORIENTED_EDGE('',*,*,#2168,.F.);
#1488=ORIENTED_EDGE('',*,*,#1980,.T.);
#1489=ORIENTED_EDGE('',*,*,#2075,.F.);
#1490=ORIENTED_EDGE('',*,*,#1868,.T.);
#1491=ORIENTED_EDGE('',*,*,#1866,.T.);
#1492=ORIENTED_EDGE('',*,*,#2250,.F.);
#1493=ORIENTED_EDGE('',*,*,#1831,.T.);
#1494=ORIENTED_EDGE('',*,*,#2242,.T.);
#1495=ORIENTED_EDGE('',*,*,#1844,.T.);
#1496=ORIENTED_EDGE('',*,*,#2274,.F.);
#1497=ORIENTED_EDGE('',*,*,#1818,.T.);
#1498=ORIENTED_EDGE('',*,*,#2251,.T.);
#1499=ORIENTED_EDGE('',*,*,#1857,.T.);
#1500=ORIENTED_EDGE('',*,*,#1689,.T.);
#1501=ORIENTED_EDGE('',*,*,#1691,.T.);
#1502=ORIENTED_EDGE('',*,*,#2318,.F.);
#1503=ORIENTED_EDGE('',*,*,#2319,.T.);
#1504=ORIENTED_EDGE('',*,*,#2320,.F.);
#1505=ORIENTED_EDGE('',*,*,#2321,.F.);
#1506=ORIENTED_EDGE('',*,*,#2322,.F.);
#1507=ORIENTED_EDGE('',*,*,#2323,.F.);
#1508=ORIENTED_EDGE('',*,*,#2324,.F.);
#1509=ORIENTED_EDGE('',*,*,#2325,.F.);
#1510=ORIENTED_EDGE('',*,*,#2326,.T.);
#1511=ORIENTED_EDGE('',*,*,#2327,.T.);
#1512=ORIENTED_EDGE('',*,*,#2328,.F.);
#1513=ORIENTED_EDGE('',*,*,#2329,.F.);
#1514=ORIENTED_EDGE('',*,*,#2330,.T.);
#1515=ORIENTED_EDGE('',*,*,#2331,.F.);
#1516=ORIENTED_EDGE('',*,*,#2332,.F.);
#1517=ORIENTED_EDGE('',*,*,#2333,.T.);
#1518=ORIENTED_EDGE('',*,*,#2334,.T.);
#1519=ORIENTED_EDGE('',*,*,#2335,.F.);
#1520=ORIENTED_EDGE('',*,*,#2336,.F.);
#1521=ORIENTED_EDGE('',*,*,#2337,.T.);
#1522=ORIENTED_EDGE('',*,*,#2338,.T.);
#1523=ORIENTED_EDGE('',*,*,#2337,.F.);
#1524=ORIENTED_EDGE('',*,*,#2339,.F.);
#1525=ORIENTED_EDGE('',*,*,#2340,.T.);
#1526=ORIENTED_EDGE('',*,*,#2341,.T.);
#1527=ORIENTED_EDGE('',*,*,#2340,.F.);
#1528=ORIENTED_EDGE('',*,*,#2342,.F.);
#1529=ORIENTED_EDGE('',*,*,#2343,.T.);
#1530=ORIENTED_EDGE('',*,*,#2344,.T.);
#1531=ORIENTED_EDGE('',*,*,#2345,.F.);
#1532=ORIENTED_EDGE('',*,*,#2346,.F.);
#1533=ORIENTED_EDGE('',*,*,#2347,.T.);
#1534=ORIENTED_EDGE('',*,*,#2348,.T.);
#1535=ORIENTED_EDGE('',*,*,#2347,.F.);
#1536=ORIENTED_EDGE('',*,*,#2349,.F.);
#1537=ORIENTED_EDGE('',*,*,#2350,.T.);
#1538=ORIENTED_EDGE('',*,*,#2351,.F.);
#1539=ORIENTED_EDGE('',*,*,#2352,.T.);
#1540=ORIENTED_EDGE('',*,*,#2350,.F.);
#1541=ORIENTED_EDGE('',*,*,#2353,.F.);
#1542=ORIENTED_EDGE('',*,*,#2354,.T.);
#1543=ORIENTED_EDGE('',*,*,#2355,.T.);
#1544=ORIENTED_EDGE('',*,*,#2356,.F.);
#1545=ORIENTED_EDGE('',*,*,#2331,.T.);
#1546=ORIENTED_EDGE('',*,*,#2357,.T.);
#1547=ORIENTED_EDGE('',*,*,#2358,.F.);
#1548=ORIENTED_EDGE('',*,*,#2359,.F.);
#1549=ORIENTED_EDGE('',*,*,#2360,.T.);
#1550=ORIENTED_EDGE('',*,*,#2361,.T.);
#1551=ORIENTED_EDGE('',*,*,#2362,.F.);
#1552=ORIENTED_EDGE('',*,*,#2363,.F.);
#1553=ORIENTED_EDGE('',*,*,#2358,.T.);
#1554=ORIENTED_EDGE('',*,*,#2364,.T.);
#1555=ORIENTED_EDGE('',*,*,#2365,.F.);
#1556=ORIENTED_EDGE('',*,*,#2366,.F.);
#1557=ORIENTED_EDGE('',*,*,#2362,.T.);
#1558=ORIENTED_EDGE('',*,*,#2367,.T.);
#1559=ORIENTED_EDGE('',*,*,#2360,.F.);
#1560=ORIENTED_EDGE('',*,*,#2368,.F.);
#1561=ORIENTED_EDGE('',*,*,#2365,.T.);
#1562=ORIENTED_EDGE('',*,*,#2323,.T.);
#1563=ORIENTED_EDGE('',*,*,#2369,.F.);
#1564=ORIENTED_EDGE('',*,*,#2370,.F.);
#1565=ORIENTED_EDGE('',*,*,#2371,.F.);
#1566=ORIENTED_EDGE('',*,*,#2372,.F.);
#1567=ORIENTED_EDGE('',*,*,#2373,.F.);
#1568=ORIENTED_EDGE('',*,*,#2374,.F.);
#1569=ORIENTED_EDGE('',*,*,#2375,.F.);
#1570=ORIENTED_EDGE('',*,*,#2368,.T.);
#1571=ORIENTED_EDGE('',*,*,#2359,.T.);
#1572=ORIENTED_EDGE('',*,*,#2363,.T.);
#1573=ORIENTED_EDGE('',*,*,#2366,.T.);
#1574=ORIENTED_EDGE('',*,*,#2376,.F.);
#1575=ORIENTED_EDGE('',*,*,#2377,.F.);
#1576=ORIENTED_EDGE('',*,*,#2372,.T.);
#1577=ORIENTED_EDGE('',*,*,#2378,.T.);
#1578=ORIENTED_EDGE('',*,*,#2379,.F.);
#1579=ORIENTED_EDGE('',*,*,#2378,.F.);
#1580=ORIENTED_EDGE('',*,*,#2371,.T.);
#1581=ORIENTED_EDGE('',*,*,#2380,.T.);
#1582=ORIENTED_EDGE('',*,*,#2381,.F.);
#1583=ORIENTED_EDGE('',*,*,#2380,.F.);
#1584=ORIENTED_EDGE('',*,*,#2370,.T.);
#1585=ORIENTED_EDGE('',*,*,#2382,.T.);
#1586=ORIENTED_EDGE('',*,*,#2383,.F.);
#1587=ORIENTED_EDGE('',*,*,#2384,.F.);
#1588=ORIENTED_EDGE('',*,*,#2374,.T.);
#1589=ORIENTED_EDGE('',*,*,#2385,.T.);
#1590=ORIENTED_EDGE('',*,*,#2386,.F.);
#1591=ORIENTED_EDGE('',*,*,#2385,.F.);
#1592=ORIENTED_EDGE('',*,*,#2373,.T.);
#1593=ORIENTED_EDGE('',*,*,#2377,.T.);
#1594=ORIENTED_EDGE('',*,*,#2387,.F.);
#1595=ORIENTED_EDGE('',*,*,#2327,.F.);
#1596=ORIENTED_EDGE('',*,*,#2388,.F.);
#1597=ORIENTED_EDGE('',*,*,#2355,.F.);
#1598=ORIENTED_EDGE('',*,*,#2389,.F.);
#1599=ORIENTED_EDGE('',*,*,#2390,.F.);
#1600=ORIENTED_EDGE('',*,*,#2391,.T.);
#1601=ORIENTED_EDGE('',*,*,#2320,.T.);
#1602=ORIENTED_EDGE('',*,*,#2392,.T.);
#1603=ORIENTED_EDGE('',*,*,#2389,.T.);
#1604=ORIENTED_EDGE('',*,*,#2354,.F.);
#1605=ORIENTED_EDGE('',*,*,#2330,.F.);
#1606=ORIENTED_EDGE('',*,*,#2393,.F.);
#1607=ORIENTED_EDGE('',*,*,#2334,.F.);
#1608=ORIENTED_EDGE('',*,*,#2338,.F.);
#1609=ORIENTED_EDGE('',*,*,#2341,.F.);
#1610=ORIENTED_EDGE('',*,*,#2394,.F.);
#1611=ORIENTED_EDGE('',*,*,#2344,.F.);
#1612=ORIENTED_EDGE('',*,*,#2348,.F.);
#1613=ORIENTED_EDGE('',*,*,#2352,.F.);
#1614=ORIENTED_EDGE('',*,*,#2395,.F.);
#1615=ORIENTED_EDGE('',*,*,#2396,.T.);
#1616=ORIENTED_EDGE('',*,*,#2321,.T.);
#1617=ORIENTED_EDGE('',*,*,#2391,.F.);
#1618=ORIENTED_EDGE('',*,*,#2397,.F.);
#1619=ORIENTED_EDGE('',*,*,#2398,.F.);
#1620=ORIENTED_EDGE('',*,*,#2324,.T.);
#1621=ORIENTED_EDGE('',*,*,#2375,.T.);
#1622=ORIENTED_EDGE('',*,*,#2384,.T.);
#1623=ORIENTED_EDGE('',*,*,#2369,.T.);
#1624=ORIENTED_EDGE('',*,*,#2322,.T.);
#1625=ORIENTED_EDGE('',*,*,#2399,.F.);
#1626=ORIENTED_EDGE('',*,*,#2328,.T.);
#1627=ORIENTED_EDGE('',*,*,#2387,.T.);
#1628=ORIENTED_EDGE('',*,*,#2319,.F.);
#1629=ORIENTED_EDGE('',*,*,#2400,.T.);
#1630=ORIENTED_EDGE('',*,*,#2382,.F.);
#1631=ORIENTED_EDGE('',*,*,#2397,.T.);
#1632=ORIENTED_EDGE('',*,*,#2390,.T.);
#1633=ORIENTED_EDGE('',*,*,#2392,.F.);
#1634=ORIENTED_EDGE('',*,*,#2401,.F.);
#1635=ORIENTED_EDGE('',*,*,#2356,.T.);
#1636=ORIENTED_EDGE('',*,*,#2388,.T.);
#1637=ORIENTED_EDGE('',*,*,#2326,.F.);
#1638=ORIENTED_EDGE('',*,*,#2402,.F.);
#1639=ORIENTED_EDGE('',*,*,#2353,.T.);
#1640=ORIENTED_EDGE('',*,*,#2349,.T.);
#1641=ORIENTED_EDGE('',*,*,#2346,.T.);
#1642=ORIENTED_EDGE('',*,*,#2403,.T.);
#1643=ORIENTED_EDGE('',*,*,#2342,.T.);
#1644=ORIENTED_EDGE('',*,*,#2339,.T.);
#1645=ORIENTED_EDGE('',*,*,#2336,.T.);
#1646=ORIENTED_EDGE('',*,*,#2404,.T.);
#1647=ORIENTED_EDGE('',*,*,#2332,.T.);
#1648=ORIENTED_EDGE('',*,*,#2329,.T.);
#1649=ORIENTED_EDGE('',*,*,#2399,.T.);
#1650=ORIENTED_EDGE('',*,*,#2325,.T.);
#1651=ORIENTED_EDGE('',*,*,#2398,.T.);
#1652=ORIENTED_EDGE('',*,*,#2401,.T.);
#1653=ORIENTED_EDGE('',*,*,#2395,.T.);
#1654=ORIENTED_EDGE('',*,*,#2351,.T.);
#1655=ORIENTED_EDGE('',*,*,#2402,.T.);
#1656=ORIENTED_EDGE('',*,*,#2357,.F.);
#1657=ORIENTED_EDGE('',*,*,#2367,.F.);
#1658=ORIENTED_EDGE('',*,*,#2364,.F.);
#1659=ORIENTED_EDGE('',*,*,#2361,.F.);
#1660=ORIENTED_EDGE('',*,*,#2400,.F.);
#1661=ORIENTED_EDGE('',*,*,#2318,.T.);
#1662=ORIENTED_EDGE('',*,*,#2396,.F.);
#1663=ORIENTED_EDGE('',*,*,#2383,.T.);
#1664=ORIENTED_EDGE('',*,*,#2386,.T.);
#1665=ORIENTED_EDGE('',*,*,#2376,.T.);
#1666=ORIENTED_EDGE('',*,*,#2379,.T.);
#1667=ORIENTED_EDGE('',*,*,#2381,.T.);
#1668=ORIENTED_EDGE('',*,*,#2403,.F.);
#1669=ORIENTED_EDGE('',*,*,#2345,.T.);
#1670=ORIENTED_EDGE('',*,*,#2394,.T.);
#1671=ORIENTED_EDGE('',*,*,#2343,.F.);
#1672=ORIENTED_EDGE('',*,*,#2404,.F.);
#1673=ORIENTED_EDGE('',*,*,#2335,.T.);
#1674=ORIENTED_EDGE('',*,*,#2393,.T.);
#1675=ORIENTED_EDGE('',*,*,#2333,.F.);
#1676=EDGE_CURVE('',#2405,#2406,#2889,.T.);
#1677=EDGE_CURVE('',#2407,#2405,#2890,.T.);
#1678=EDGE_CURVE('',#2407,#2408,#2891,.T.);
#1679=EDGE_CURVE('',#2409,#2408,#2892,.T.);
#1680=EDGE_CURVE('',#2410,#2409,#2893,.T.);
#1681=EDGE_CURVE('',#2411,#2410,#2894,.T.);
#1682=EDGE_CURVE('',#2411,#2412,#2895,.T.);
#1683=EDGE_CURVE('',#2413,#2412,#2896,.T.);
#1684=EDGE_CURVE('',#2414,#2413,#2897,.T.);
#1685=EDGE_CURVE('',#2415,#2414,#2898,.T.);
#1686=EDGE_CURVE('',#2415,#2416,#2899,.T.);
#1687=EDGE_CURVE('',#2416,#2406,#2900,.T.);
#1688=EDGE_CURVE('',#2417,#2417,#114,.T.);
#1689=EDGE_CURVE('',#2418,#2418,#115,.T.);
#1690=EDGE_CURVE('',#2419,#2419,#116,.T.);
#1691=EDGE_CURVE('',#2420,#2420,#117,.T.);
#1692=EDGE_CURVE('',#2421,#2422,#2901,.T.);
#1693=EDGE_CURVE('',#2423,#2421,#2902,.T.);
#1694=EDGE_CURVE('',#2424,#2423,#2903,.T.);
#1695=EDGE_CURVE('',#2422,#2424,#90,.F.);
#1696=EDGE_CURVE('',#2425,#2426,#2904,.T.);
#1697=EDGE_CURVE('',#2427,#2425,#2905,.T.);
#1698=EDGE_CURVE('',#2428,#2427,#2906,.T.);
#1699=EDGE_CURVE('',#2426,#2428,#91,.F.);
#1700=EDGE_CURVE('',#2429,#2430,#2907,.T.);
#1701=EDGE_CURVE('',#2431,#2429,#2908,.T.);
#1702=EDGE_CURVE('',#2432,#2431,#2909,.T.);
#1703=EDGE_CURVE('',#2430,#2432,#92,.F.);
#1704=EDGE_CURVE('',#2433,#2434,#2910,.T.);
#1705=EDGE_CURVE('',#2435,#2433,#2911,.T.);
#1706=EDGE_CURVE('',#2436,#2435,#2912,.T.);
#1707=EDGE_CURVE('',#2434,#2436,#93,.F.);
#1708=EDGE_CURVE('',#2437,#2438,#2913,.T.);
#1709=EDGE_CURVE('',#2439,#2437,#2914,.T.);
#1710=EDGE_CURVE('',#2440,#2439,#2915,.T.);
#1711=EDGE_CURVE('',#2438,#2440,#94,.F.);
#1712=EDGE_CURVE('',#2441,#2442,#2916,.T.);
#1713=EDGE_CURVE('',#2443,#2441,#2917,.T.);
#1714=EDGE_CURVE('',#2444,#2443,#2918,.T.);
#1715=EDGE_CURVE('',#2442,#2444,#95,.F.);
#1716=EDGE_CURVE('',#2445,#2446,#2919,.T.);
#1717=EDGE_CURVE('',#2447,#2445,#2920,.T.);
#1718=EDGE_CURVE('',#2448,#2447,#2921,.T.);
#1719=EDGE_CURVE('',#2446,#2448,#96,.F.);
#1720=EDGE_CURVE('',#2449,#2450,#2922,.T.);
#1721=EDGE_CURVE('',#2451,#2449,#2923,.T.);
#1722=EDGE_CURVE('',#2452,#2451,#2924,.T.);
#1723=EDGE_CURVE('',#2450,#2452,#97,.F.);
#1724=EDGE_CURVE('',#2453,#2454,#118,.T.);
#1725=EDGE_CURVE('',#2454,#2455,#2925,.T.);
#1726=EDGE_CURVE('',#2455,#2456,#119,.T.);
#1727=EDGE_CURVE('',#2456,#2453,#2926,.T.);
#1728=EDGE_CURVE('',#2444,#2457,#98,.F.);
#1729=EDGE_CURVE('',#2458,#2443,#2927,.T.);
#1730=EDGE_CURVE('',#2455,#2458,#2928,.T.);
#1731=EDGE_CURVE('',#2459,#2454,#2929,.T.);
#1732=EDGE_CURVE('',#2449,#2459,#2930,.T.);
#1733=EDGE_CURVE('',#2460,#2450,#99,.F.);
#1734=EDGE_CURVE('',#2460,#2457,#2931,.T.);
#1735=EDGE_CURVE('',#2437,#2461,#2932,.T.);
#1736=EDGE_CURVE('',#2462,#2438,#100,.F.);
#1737=EDGE_CURVE('',#2462,#2463,#2933,.T.);
#1738=EDGE_CURVE('',#2448,#2463,#101,.F.);
#1739=EDGE_CURVE('',#2464,#2447,#2934,.T.);
#1740=EDGE_CURVE('',#2453,#2464,#2935,.T.);
#1741=EDGE_CURVE('',#2461,#2456,#2936,.T.);
#1742=EDGE_CURVE('',#2465,#2466,#2937,.T.);
#1743=EDGE_CURVE('',#2467,#2466,#120,.T.);
#1744=EDGE_CURVE('',#2467,#2468,#2938,.T.);
#1745=EDGE_CURVE('',#2465,#2468,#121,.T.);
#1746=EDGE_CURVE('',#2428,#2469,#102,.F.);
#1747=EDGE_CURVE('',#2470,#2427,#2939,.T.);
#1748=EDGE_CURVE('',#2466,#2470,#2940,.T.);
#1749=EDGE_CURVE('',#2471,#2465,#2941,.T.);
#1750=EDGE_CURVE('',#2433,#2471,#2942,.T.);
#1751=EDGE_CURVE('',#2472,#2434,#103,.F.);
#1752=EDGE_CURVE('',#2472,#2469,#2943,.T.);
#1753=EDGE_CURVE('',#2421,#2473,#2944,.T.);
#1754=EDGE_CURVE('',#2474,#2422,#104,.F.);
#1755=EDGE_CURVE('',#2474,#2475,#2945,.T.);
#1756=EDGE_CURVE('',#2432,#2475,#105,.F.);
#1757=EDGE_CURVE('',#2476,#2431,#2946,.T.);
#1758=EDGE_CURVE('',#2468,#2476,#2947,.T.);
#1759=EDGE_CURVE('',#2473,#2467,#2948,.T.);
#1760=EDGE_CURVE('',#2464,#2461,#122,.T.);
#1761=EDGE_CURVE('',#2458,#2459,#123,.T.);
#1762=EDGE_CURVE('',#2441,#2451,#124,.T.);
#1763=EDGE_CURVE('',#2442,#2452,#125,.T.);
#1764=EDGE_CURVE('',#2457,#2460,#126,.T.);
#1765=EDGE_CURVE('',#2476,#2473,#127,.T.);
#1766=EDGE_CURVE('',#2470,#2471,#128,.T.);
#1767=EDGE_CURVE('',#2425,#2435,#129,.T.);
#1768=EDGE_CURVE('',#2426,#2436,#130,.T.);
#1769=EDGE_CURVE('',#2469,#2472,#131,.T.);
#1770=EDGE_CURVE('',#2477,#2478,#132,.T.);
#1771=EDGE_CURVE('',#2478,#2479,#2949,.T.);
#1772=EDGE_CURVE('',#2479,#2480,#133,.T.);
#1773=EDGE_CURVE('',#2480,#2477,#2950,.T.);
#1774=EDGE_CURVE('',#2481,#2482,#134,.T.);
#1775=EDGE_CURVE('',#2483,#2481,#2951,.T.);
#1776=EDGE_CURVE('',#2484,#2483,#135,.T.);
#1777=EDGE_CURVE('',#2482,#2484,#2952,.T.);
#1778=EDGE_CURVE('',#2483,#2480,#2953,.T.);
#1779=EDGE_CURVE('',#2481,#2477,#2954,.T.);
#1780=EDGE_CURVE('',#2482,#2478,#2955,.T.);
#1781=EDGE_CURVE('',#2485,#2486,#136,.T.);
#1782=EDGE_CURVE('',#2487,#2485,#2956,.T.);
#1783=EDGE_CURVE('',#2488,#2487,#137,.T.);
#1784=EDGE_CURVE('',#2486,#2488,#2957,.T.);
#1785=EDGE_CURVE('',#2489,#2490,#138,.T.);
#1786=EDGE_CURVE('',#2490,#2491,#2958,.T.);
#1787=EDGE_CURVE('',#2491,#2492,#139,.T.);
#1788=EDGE_CURVE('',#2492,#2489,#2959,.T.);
#1789=EDGE_CURVE('',#2489,#2485,#2960,.T.);
#1790=EDGE_CURVE('',#2492,#2487,#2961,.T.);
#1791=EDGE_CURVE('',#2491,#2488,#2962,.T.);
#1792=EDGE_CURVE('',#2493,#2494,#140,.T.);
#1793=EDGE_CURVE('',#2495,#2493,#2963,.T.);
#1794=EDGE_CURVE('',#2496,#2495,#141,.T.);
#1795=EDGE_CURVE('',#2494,#2496,#2964,.T.);
#1796=EDGE_CURVE('',#2497,#2498,#142,.T.);
#1797=EDGE_CURVE('',#2498,#2499,#2965,.T.);
#1798=EDGE_CURVE('',#2499,#2500,#143,.T.);
#1799=EDGE_CURVE('',#2500,#2497,#2966,.T.);
#1800=EDGE_CURVE('',#2497,#2493,#2967,.T.);
#1801=EDGE_CURVE('',#2500,#2495,#2968,.T.);
#1802=EDGE_CURVE('',#2498,#2494,#2969,.T.);
#1803=EDGE_CURVE('',#2501,#2502,#144,.T.);
#1804=EDGE_CURVE('',#2502,#2503,#2970,.T.);
#1805=EDGE_CURVE('',#2503,#2504,#145,.T.);
#1806=EDGE_CURVE('',#2504,#2501,#2971,.T.);
#1807=EDGE_CURVE('',#2505,#2506,#146,.T.);
#1808=EDGE_CURVE('',#2507,#2505,#2972,.T.);
#1809=EDGE_CURVE('',#2508,#2507,#147,.T.);
#1810=EDGE_CURVE('',#2506,#2508,#2973,.T.);
#1811=EDGE_CURVE('',#2508,#2503,#2974,.T.);
#1812=EDGE_CURVE('',#2507,#2504,#2975,.T.);
#1813=EDGE_CURVE('',#2505,#2501,#2976,.T.);
#1814=EDGE_CURVE('',#2509,#2510,#2977,.T.);
#1815=EDGE_CURVE('',#2511,#2509,#2978,.T.);
#1816=EDGE_CURVE('',#2512,#2511,#2979,.T.);
#1817=EDGE_CURVE('',#2510,#2512,#2980,.T.);
#1818=EDGE_CURVE('',#2513,#2514,#2981,.T.);
#1819=EDGE_CURVE('',#2515,#2513,#2982,.T.);
#1820=EDGE_CURVE('',#2509,#2515,#2983,.T.);
#1821=EDGE_CURVE('',#2510,#2516,#2984,.T.);
#1822=EDGE_CURVE('',#2514,#2516,#2985,.T.);
#1823=EDGE_CURVE('',#2517,#2516,#2986,.T.);
#1824=EDGE_CURVE('',#2512,#2517,#2987,.T.);
#1825=EDGE_CURVE('',#2518,#2515,#2988,.T.);
#1826=EDGE_CURVE('',#2511,#2518,#2989,.T.);
#1827=EDGE_CURVE('',#2519,#2520,#2990,.T.);
#1828=EDGE_CURVE('',#2521,#2519,#2991,.T.);
#1829=EDGE_CURVE('',#2522,#2521,#2992,.T.);
#1830=EDGE_CURVE('',#2520,#2522,#2993,.T.);
#1831=EDGE_CURVE('',#2523,#2524,#2994,.T.);
#1832=EDGE_CURVE('',#2525,#2523,#2995,.T.);
#1833=EDGE_CURVE('',#2520,#2525,#2996,.T.);
#1834=EDGE_CURVE('',#2522,#2526,#2997,.T.);
#1835=EDGE_CURVE('',#2524,#2526,#2998,.T.);
#1836=EDGE_CURVE('',#2527,#2525,#2999,.T.);
#1837=EDGE_CURVE('',#2519,#2527,#3000,.T.);
#1838=EDGE_CURVE('',#2528,#2526,#3001,.T.);
#1839=EDGE_CURVE('',#2521,#2528,#3002,.T.);
#1840=EDGE_CURVE('',#2529,#2530,#3003,.T.);
#1841=EDGE_CURVE('',#2531,#2529,#3004,.T.);
#1842=EDGE_CURVE('',#2532,#2531,#3005,.T.);
#1843=EDGE_CURVE('',#2530,#2532,#3006,.T.);
#1844=EDGE_CURVE('',#2533,#2534,#3007,.T.);
#1845=EDGE_CURVE('',#2535,#2533,#3008,.T.);
#1846=EDGE_CURVE('',#2529,#2535,#3009,.T.);
#1847=EDGE_CURVE('',#2530,#2536,#3010,.T.);
#1848=EDGE_CURVE('',#2536,#2534,#3011,.T.);
#1849=EDGE_CURVE('',#2536,#2537,#3012,.T.);
#1850=EDGE_CURVE('',#2532,#2537,#3013,.T.);
#1851=EDGE_CURVE('',#2538,#2535,#3014,.T.);
#1852=EDGE_CURVE('',#2531,#2538,#3015,.T.);
#1853=EDGE_CURVE('',#2539,#2540,#3016,.T.);
#1854=EDGE_CURVE('',#2541,#2539,#3017,.T.);
#1855=EDGE_CURVE('',#2542,#2541,#3018,.T.);
#1856=EDGE_CURVE('',#2540,#2542,#3019,.T.);
#1857=EDGE_CURVE('',#2543,#2544,#3020,.T.);
#1858=EDGE_CURVE('',#2545,#2543,#3021,.T.);
#1859=EDGE_CURVE('',#2540,#2545,#3022,.T.);
#1860=EDGE_CURVE('',#2542,#2546,#3023,.T.);
#1861=EDGE_CURVE('',#2546,#2544,#3024,.T.);
#1862=EDGE_CURVE('',#2546,#2547,#3025,.T.);
#1863=EDGE_CURVE('',#2541,#2547,#3026,.T.);
#1864=EDGE_CURVE('',#2548,#2545,#3027,.T.);
#1865=EDGE_CURVE('',#2539,#2548,#3028,.T.);
#1866=EDGE_CURVE('',#2549,#2549,#148,.T.);
#1867=EDGE_CURVE('',#2550,#2550,#149,.T.);
#1868=EDGE_CURVE('',#2551,#2551,#150,.T.);
#1869=EDGE_CURVE('',#2552,#2552,#151,.T.);
#1870=EDGE_CURVE('',#2553,#2554,#3029,.T.);
#1871=EDGE_CURVE('',#2554,#2555,#3030,.T.);
#1872=EDGE_CURVE('',#2555,#2556,#3031,.T.);
#1873=EDGE_CURVE('',#2556,#2553,#3032,.T.);
#1874=EDGE_CURVE('',#2557,#2558,#3033,.T.);
#1875=EDGE_CURVE('',#2559,#2557,#152,.T.);
#1876=EDGE_CURVE('',#2555,#2559,#3034,.T.);
#1877=EDGE_CURVE('',#2554,#2560,#3035,.T.);
#1878=EDGE_CURVE('',#2558,#2560,#153,.T.);
#1879=EDGE_CURVE('',#2553,#2561,#3036,.T.);
#1880=EDGE_CURVE('',#2556,#2562,#3037,.T.);
#1881=EDGE_CURVE('',#2563,#2562,#154,.T.);
#1882=EDGE_CURVE('',#2564,#2563,#3038,.T.);
#1883=EDGE_CURVE('',#2561,#2564,#155,.T.);
#1884=EDGE_CURVE('',#2562,#2559,#3039,.T.);
#1885=EDGE_CURVE('',#2560,#2561,#3040,.T.);
#1886=EDGE_CURVE('',#2565,#2566,#3041,.T.);
#1887=EDGE_CURVE('',#2566,#2567,#3042,.T.);
#1888=EDGE_CURVE('',#2567,#2568,#3043,.T.);
#1889=EDGE_CURVE('',#2568,#2565,#3044,.T.);
#1890=EDGE_CURVE('',#2569,#2570,#3045,.T.);
#1891=EDGE_CURVE('',#2571,#2569,#156,.T.);
#1892=EDGE_CURVE('',#2567,#2571,#3046,.T.);
#1893=EDGE_CURVE('',#2566,#2572,#3047,.T.);
#1894=EDGE_CURVE('',#2570,#2572,#157,.T.);
#1895=EDGE_CURVE('',#2565,#2573,#3048,.T.);
#1896=EDGE_CURVE('',#2568,#2574,#3049,.T.);
#1897=EDGE_CURVE('',#2575,#2574,#158,.T.);
#1898=EDGE_CURVE('',#2576,#2575,#3050,.T.);
#1899=EDGE_CURVE('',#2573,#2576,#159,.T.);
#1900=EDGE_CURVE('',#2574,#2571,#3051,.T.);
#1901=EDGE_CURVE('',#2572,#2573,#3052,.T.);
#1902=EDGE_CURVE('',#2577,#2578,#3053,.T.);
#1903=EDGE_CURVE('',#2578,#2579,#3054,.T.);
#1904=EDGE_CURVE('',#2579,#2580,#3055,.T.);
#1905=EDGE_CURVE('',#2580,#2577,#3056,.T.);
#1906=EDGE_CURVE('',#2581,#2582,#3057,.T.);
#1907=EDGE_CURVE('',#2582,#2577,#3058,.T.);
#1908=EDGE_CURVE('',#2581,#2580,#3059,.T.);
#1909=EDGE_CURVE('',#2583,#2581,#160,.T.);
#1910=EDGE_CURVE('',#2583,#2579,#3060,.T.);
#1911=EDGE_CURVE('',#2584,#2583,#3061,.T.);
#1912=EDGE_CURVE('',#2584,#2578,#3062,.T.);
#1913=EDGE_CURVE('',#2582,#2584,#161,.T.);
#1914=EDGE_CURVE('',#2585,#2586,#3063,.T.);
#1915=EDGE_CURVE('',#2586,#2587,#3064,.T.);
#1916=EDGE_CURVE('',#2587,#2588,#3065,.T.);
#1917=EDGE_CURVE('',#2588,#2589,#3066,.T.);
#1918=EDGE_CURVE('',#2589,#2590,#3067,.T.);
#1919=EDGE_CURVE('',#2590,#2591,#3068,.T.);
#1920=EDGE_CURVE('',#2591,#2592,#3069,.T.);
#1921=EDGE_CURVE('',#2592,#2593,#3070,.T.);
#1922=EDGE_CURVE('',#2593,#2594,#3071,.T.);
#1923=EDGE_CURVE('',#2594,#2595,#3072,.T.);
#1924=EDGE_CURVE('',#2595,#2596,#3073,.T.);
#1925=EDGE_CURVE('',#2596,#2585,#3074,.T.);
#1926=EDGE_CURVE('',#2597,#2598,#162,.T.);
#1927=EDGE_CURVE('',#2598,#2585,#3075,.T.);
#1928=EDGE_CURVE('',#2597,#2596,#3076,.T.);
#1929=EDGE_CURVE('',#2599,#2597,#3077,.T.);
#1930=EDGE_CURVE('',#2599,#2595,#3078,.T.);
#1931=EDGE_CURVE('',#2600,#2599,#163,.T.);
#1932=EDGE_CURVE('',#2600,#2594,#3079,.T.);
#1933=EDGE_CURVE('',#2601,#2600,#3080,.T.);
#1934=EDGE_CURVE('',#2601,#2593,#3081,.T.);
#1935=EDGE_CURVE('',#2602,#2601,#164,.T.);
#1936=EDGE_CURVE('',#2602,#2592,#3082,.T.);
#1937=EDGE_CURVE('',#2603,#2602,#3083,.T.);
#1938=EDGE_CURVE('',#2603,#2591,#3084,.T.);
#1939=EDGE_CURVE('',#2604,#2603,#165,.T.);
#1940=EDGE_CURVE('',#2604,#2590,#3085,.T.);
#1941=EDGE_CURVE('',#2605,#2604,#3086,.T.);
#1942=EDGE_CURVE('',#2605,#2589,#3087,.T.);
#1943=EDGE_CURVE('',#2606,#2605,#166,.T.);
#1944=EDGE_CURVE('',#2606,#2588,#3088,.T.);
#1945=EDGE_CURVE('',#2607,#2606,#3089,.T.);
#1946=EDGE_CURVE('',#2607,#2587,#3090,.T.);
#1947=EDGE_CURVE('',#2608,#2607,#167,.T.);
#1948=EDGE_CURVE('',#2608,#2586,#3091,.T.);
#1949=EDGE_CURVE('',#2598,#2608,#3092,.T.);
#1950=EDGE_CURVE('',#2609,#2610,#43,.T.);
#1951=EDGE_CURVE('',#2611,#2609,#3093,.T.);
#1952=EDGE_CURVE('',#2612,#2611,#168,.T.);
#1953=EDGE_CURVE('',#2610,#2612,#3094,.T.);
#1954=EDGE_CURVE('',#2613,#2614,#169,.T.);
#1955=EDGE_CURVE('',#2615,#2613,#3095,.T.);
#1956=EDGE_CURVE('',#2616,#2615,#170,.T.);
#1957=EDGE_CURVE('',#2614,#2616,#3096,.T.);
#1958=EDGE_CURVE('',#2617,#2618,#171,.T.);
#1959=EDGE_CURVE('',#2619,#2617,#3097,.T.);
#1960=EDGE_CURVE('',#2620,#2619,#44,.T.);
#1961=EDGE_CURVE('',#2618,#2620,#3098,.T.);
#1962=EDGE_CURVE('',#2621,#2622,#172,.T.);
#1963=EDGE_CURVE('',#2623,#2621,#3099,.T.);
#1964=EDGE_CURVE('',#2624,#2623,#45,.T.);
#1965=EDGE_CURVE('',#2622,#2624,#3100,.T.);
#1966=EDGE_CURVE('',#2625,#2626,#173,.T.);
#1967=EDGE_CURVE('',#2627,#2625,#3101,.T.);
#1968=EDGE_CURVE('',#2628,#2627,#174,.T.);
#1969=EDGE_CURVE('',#2626,#2628,#3102,.T.);
#1970=EDGE_CURVE('',#2629,#2630,#46,.T.);
#1971=EDGE_CURVE('',#2631,#2629,#3103,.T.);
#1972=EDGE_CURVE('',#2632,#2631,#175,.T.);
#1973=EDGE_CURVE('',#2630,#2632,#3104,.T.);
#1974=EDGE_CURVE('',#2611,#2633,#3105,.T.);
#1975=EDGE_CURVE('',#2634,#2609,#3106,.T.);
#1976=EDGE_CURVE('',#2635,#2634,#3107,.T.);
#1977=EDGE_CURVE('',#2633,#2635,#3108,.T.);
#1978=EDGE_CURVE('',#2615,#2636,#3109,.T.);
#1979=EDGE_CURVE('',#2637,#2613,#3110,.T.);
#1980=EDGE_CURVE('',#2636,#2637,#3111,.T.);
#1981=EDGE_CURVE('',#2619,#2638,#3112,.T.);
#1982=EDGE_CURVE('',#2639,#2617,#3113,.T.);
#1983=EDGE_CURVE('',#2640,#2639,#3114,.T.);
#1984=EDGE_CURVE('',#2638,#2640,#3115,.T.);
#1985=EDGE_CURVE('',#2623,#2641,#3116,.T.);
#1986=EDGE_CURVE('',#2642,#2621,#3117,.T.);
#1987=EDGE_CURVE('',#2643,#2642,#3118,.T.);
#1988=EDGE_CURVE('',#2641,#2643,#3119,.T.);
#1989=EDGE_CURVE('',#2627,#2644,#3120,.T.);
#1990=EDGE_CURVE('',#2645,#2625,#3121,.T.);
#1991=EDGE_CURVE('',#2644,#2645,#3122,.T.);
#1992=EDGE_CURVE('',#2631,#2646,#3123,.T.);
#1993=EDGE_CURVE('',#2647,#2629,#3124,.T.);
#1994=EDGE_CURVE('',#2648,#2647,#3125,.T.);
#1995=EDGE_CURVE('',#2646,#2648,#3126,.T.);
#1996=EDGE_CURVE('',#2649,#2650,#3127,.T.);
#1997=EDGE_CURVE('',#2651,#2649,#3128,.T.);
#1998=EDGE_CURVE('',#2652,#2651,#3129,.T.);
#1999=EDGE_CURVE('',#2650,#2652,#3130,.T.);
#2000=EDGE_CURVE('',#2653,#2654,#3131,.T.);
#2001=EDGE_CURVE('',#2651,#2654,#3132,.T.);
#2002=EDGE_CURVE('',#2649,#2653,#3133,.T.);
#2003=EDGE_CURVE('',#2654,#2655,#176,.T.);
#2004=EDGE_CURVE('',#2652,#2655,#3134,.T.);
#2005=EDGE_CURVE('',#2655,#2656,#3135,.T.);
#2006=EDGE_CURVE('',#2650,#2656,#3136,.T.);
#2007=EDGE_CURVE('',#2656,#2653,#177,.T.);
#2008=EDGE_CURVE('',#2657,#2658,#3137,.T.);
#2009=EDGE_CURVE('',#2659,#2657,#3138,.T.);
#2010=EDGE_CURVE('',#2660,#2659,#3139,.T.);
#2011=EDGE_CURVE('',#2661,#2660,#3140,.T.);
#2012=EDGE_CURVE('',#2662,#2661,#3141,.T.);
#2013=EDGE_CURVE('',#2663,#2662,#3142,.T.);
#2014=EDGE_CURVE('',#2664,#2663,#3143,.T.);
#2015=EDGE_CURVE('',#2665,#2664,#3144,.T.);
#2016=EDGE_CURVE('',#2666,#2665,#3145,.T.);
#2017=EDGE_CURVE('',#2667,#2666,#3146,.T.);
#2018=EDGE_CURVE('',#2668,#2667,#3147,.T.);
#2019=EDGE_CURVE('',#2658,#2668,#3148,.T.);
#2020=EDGE_CURVE('',#2669,#2670,#178,.T.);
#2021=EDGE_CURVE('',#2659,#2670,#3149,.T.);
#2022=EDGE_CURVE('',#2657,#2669,#3150,.T.);
#2023=EDGE_CURVE('',#2670,#2671,#3151,.T.);
#2024=EDGE_CURVE('',#2660,#2671,#3152,.T.);
#2025=EDGE_CURVE('',#2671,#2672,#179,.T.);
#2026=EDGE_CURVE('',#2661,#2672,#3153,.T.);
#2027=EDGE_CURVE('',#2672,#2673,#3154,.T.);
#2028=EDGE_CURVE('',#2662,#2673,#3155,.T.);
#2029=EDGE_CURVE('',#2673,#2674,#180,.T.);
#2030=EDGE_CURVE('',#2663,#2674,#3156,.T.);
#2031=EDGE_CURVE('',#2674,#2675,#3157,.T.);
#2032=EDGE_CURVE('',#2664,#2675,#3158,.T.);
#2033=EDGE_CURVE('',#2675,#2676,#181,.T.);
#2034=EDGE_CURVE('',#2665,#2676,#3159,.T.);
#2035=EDGE_CURVE('',#2676,#2677,#3160,.T.);
#2036=EDGE_CURVE('',#2666,#2677,#3161,.T.);
#2037=EDGE_CURVE('',#2677,#2678,#182,.T.);
#2038=EDGE_CURVE('',#2667,#2678,#3162,.T.);
#2039=EDGE_CURVE('',#2678,#2679,#3163,.T.);
#2040=EDGE_CURVE('',#2668,#2679,#3164,.T.);
#2041=EDGE_CURVE('',#2679,#2680,#183,.T.);
#2042=EDGE_CURVE('',#2658,#2680,#3165,.T.);
#2043=EDGE_CURVE('',#2680,#2669,#3166,.T.);
#2044=EDGE_CURVE('',#2681,#2682,#3167,.T.);
#2045=EDGE_CURVE('',#2682,#2413,#3168,.T.);
#2046=EDGE_CURVE('',#2681,#2412,#3169,.T.);
#2047=EDGE_CURVE('',#2409,#2683,#3170,.T.);
#2048=EDGE_CURVE('',#2408,#2684,#3171,.T.);
#2049=EDGE_CURVE('',#2684,#2683,#3172,.T.);
#2050=EDGE_CURVE('',#2685,#2686,#3173,.T.);
#2051=EDGE_CURVE('',#2686,#2687,#3174,.T.);
#2052=EDGE_CURVE('',#2687,#2688,#3175,.T.);
#2053=EDGE_CURVE('',#2688,#2685,#3176,.T.);
#2054=EDGE_CURVE('',#2689,#2690,#3177,.T.);
#2055=EDGE_CURVE('',#2690,#2691,#3178,.T.);
#2056=EDGE_CURVE('',#2691,#2692,#3179,.T.);
#2057=EDGE_CURVE('',#2692,#2689,#3180,.T.);
#2058=EDGE_CURVE('',#2693,#2694,#3181,.T.);
#2059=EDGE_CURVE('',#2694,#2695,#3182,.T.);
#2060=EDGE_CURVE('',#2695,#2696,#3183,.T.);
#2061=EDGE_CURVE('',#2696,#2693,#3184,.T.);
#2062=EDGE_CURVE('',#2697,#2698,#3185,.T.);
#2063=EDGE_CURVE('',#2698,#2699,#3186,.T.);
#2064=EDGE_CURVE('',#2699,#2700,#3187,.T.);
#2065=EDGE_CURVE('',#2700,#2697,#3188,.T.);
#2066=EDGE_CURVE('',#2701,#2702,#3189,.T.);
#2067=EDGE_CURVE('',#2702,#2703,#3190,.T.);
#2068=EDGE_CURVE('',#2703,#2704,#3191,.T.);
#2069=EDGE_CURVE('',#2701,#2704,#3192,.T.);
#2070=EDGE_CURVE('',#2705,#2706,#3193,.T.);
#2071=EDGE_CURVE('',#2706,#2707,#3194,.T.);
#2072=EDGE_CURVE('',#2707,#2708,#3195,.T.);
#2073=EDGE_CURVE('',#2705,#2708,#3196,.T.);
#2074=EDGE_CURVE('',#2709,#2709,#184,.T.);
#2075=EDGE_CURVE('',#2710,#2710,#185,.T.);
#2076=EDGE_CURVE('',#2711,#2712,#3197,.T.);
#2077=EDGE_CURVE('',#2713,#2712,#3198,.T.);
#2078=EDGE_CURVE('',#2714,#2713,#3199,.T.);
#2079=EDGE_CURVE('',#2714,#2711,#3200,.T.);
#2080=EDGE_CURVE('',#2715,#2716,#3201,.T.);
#2081=EDGE_CURVE('',#2717,#2716,#3202,.T.);
#2082=EDGE_CURVE('',#2718,#2717,#3203,.T.);
#2083=EDGE_CURVE('',#2718,#2715,#3204,.T.);
#2084=EDGE_CURVE('',#2719,#2720,#3205,.T.);
#2085=EDGE_CURVE('',#2721,#2719,#3206,.T.);
#2086=EDGE_CURVE('',#2721,#2722,#3207,.T.);
#2087=EDGE_CURVE('',#2722,#2720,#3208,.T.);
#2088=EDGE_CURVE('',#2723,#2724,#3209,.T.);
#2089=EDGE_CURVE('',#2411,#2723,#3210,.T.);
#2090=EDGE_CURVE('',#2410,#2724,#3211,.T.);
#2091=EDGE_CURVE('',#2725,#2726,#3212,.T.);
#2092=EDGE_CURVE('',#2727,#2726,#3213,.T.);
#2093=EDGE_CURVE('',#2728,#2727,#3214,.T.);
#2094=EDGE_CURVE('',#2728,#2725,#3215,.T.);
#2095=EDGE_CURVE('',#2726,#2729,#3216,.T.);
#2096=EDGE_CURVE('',#2684,#2729,#3217,.T.);
#2097=EDGE_CURVE('',#2727,#2407,#3218,.T.);
#2098=EDGE_CURVE('',#2724,#2683,#3219,.T.);
#2099=EDGE_CURVE('',#2723,#2681,#3220,.T.);
#2100=EDGE_CURVE('',#2730,#2731,#3221,.T.);
#2101=EDGE_CURVE('',#2732,#2731,#3222,.T.);
#2102=EDGE_CURVE('',#2414,#2732,#3223,.T.);
#2103=EDGE_CURVE('',#2682,#2730,#3224,.T.);
#2104=EDGE_CURVE('',#2731,#2733,#3225,.T.);
#2105=EDGE_CURVE('',#2734,#2733,#3226,.T.);
#2106=EDGE_CURVE('',#2732,#2734,#3227,.T.);
#2107=EDGE_CURVE('',#2735,#2736,#3228,.T.);
#2108=EDGE_CURVE('',#2735,#2737,#3229,.T.);
#2109=EDGE_CURVE('',#2737,#2738,#3230,.T.);
#2110=EDGE_CURVE('',#2738,#2736,#3231,.T.);
#2111=EDGE_CURVE('',#2739,#2740,#3232,.T.);
#2112=EDGE_CURVE('',#2738,#2740,#3233,.T.);
#2113=EDGE_CURVE('',#2737,#2692,#3234,.T.);
#2114=EDGE_CURVE('',#2691,#2739,#3235,.T.);
#2115=EDGE_CURVE('',#2740,#2741,#3236,.T.);
#2116=EDGE_CURVE('',#2736,#2741,#3237,.T.);
#2117=EDGE_CURVE('',#2742,#2743,#3238,.T.);
#2118=EDGE_CURVE('',#2744,#2743,#3239,.T.);
#2119=EDGE_CURVE('',#2745,#2744,#3240,.T.);
#2120=EDGE_CURVE('',#2745,#2742,#3241,.T.);
#2121=EDGE_CURVE('',#2743,#2746,#3242,.T.);
#2122=EDGE_CURVE('',#2688,#2746,#3243,.T.);
#2123=EDGE_CURVE('',#2747,#2687,#3244,.T.);
#2124=EDGE_CURVE('',#2744,#2747,#3245,.T.);
#2125=EDGE_CURVE('',#2748,#2749,#3246,.T.);
#2126=EDGE_CURVE('',#2750,#2749,#3247,.T.);
#2127=EDGE_CURVE('',#2751,#2750,#3248,.T.);
#2128=EDGE_CURVE('',#2751,#2700,#3249,.T.);
#2129=EDGE_CURVE('',#2699,#2748,#3250,.T.);
#2130=EDGE_CURVE('',#2749,#2752,#3251,.T.);
#2131=EDGE_CURVE('',#2753,#2752,#3252,.T.);
#2132=EDGE_CURVE('',#2750,#2753,#3253,.T.);
#2133=EDGE_CURVE('',#2754,#2753,#3254,.T.);
#2134=EDGE_CURVE('',#2752,#2612,#3255,.T.);
#2135=EDGE_CURVE('',#2633,#2755,#3256,.T.);
#2136=EDGE_CURVE('',#2754,#2755,#3257,.T.);
#2137=EDGE_CURVE('',#2756,#2757,#3258,.T.);
#2138=EDGE_CURVE('',#2756,#2758,#3259,.T.);
#2139=EDGE_CURVE('',#2758,#2637,#3260,.T.);
#2140=EDGE_CURVE('',#2614,#2759,#3261,.T.);
#2141=EDGE_CURVE('',#2757,#2759,#3262,.T.);
#2142=EDGE_CURVE('',#2759,#2760,#3263,.T.);
#2143=EDGE_CURVE('',#2761,#2760,#3264,.T.);
#2144=EDGE_CURVE('',#2757,#2761,#3265,.T.);
#2145=EDGE_CURVE('',#2760,#2762,#3266,.T.);
#2146=EDGE_CURVE('',#2696,#2762,#3267,.T.);
#2147=EDGE_CURVE('',#2763,#2695,#3268,.T.);
#2148=EDGE_CURVE('',#2761,#2763,#3269,.T.);
#2149=EDGE_CURVE('',#2764,#2765,#3270,.T.);
#2150=EDGE_CURVE('',#2766,#2765,#3271,.T.);
#2151=EDGE_CURVE('',#2766,#2767,#3272,.T.);
#2152=EDGE_CURVE('',#2767,#2764,#3273,.T.);
#2153=EDGE_CURVE('',#2768,#2769,#3274,.T.);
#2154=EDGE_CURVE('',#2770,#2769,#3275,.T.);
#2155=EDGE_CURVE('',#2771,#2770,#3276,.T.);
#2156=EDGE_CURVE('',#2771,#2768,#3277,.T.);
#2157=EDGE_CURVE('',#2769,#2772,#3278,.T.);
#2158=EDGE_CURVE('',#2707,#2772,#3279,.T.);
#2159=EDGE_CURVE('',#2773,#2706,#3280,.T.);
#2160=EDGE_CURVE('',#2770,#2773,#3281,.T.);
#2161=EDGE_CURVE('',#2774,#2775,#3282,.T.);
#2162=EDGE_CURVE('',#2764,#2775,#3283,.T.);
#2163=EDGE_CURVE('',#2767,#2703,#3284,.T.);
#2164=EDGE_CURVE('',#2702,#2774,#3285,.T.);
#2165=EDGE_CURVE('',#2775,#2776,#3286,.T.);
#2166=EDGE_CURVE('',#2765,#2776,#3287,.T.);
#2167=EDGE_CURVE('',#2776,#2616,#3288,.T.);
#2168=EDGE_CURVE('',#2636,#2777,#3289,.T.);
#2169=EDGE_CURVE('',#2766,#2777,#3290,.T.);
#2170=EDGE_CURVE('',#2778,#2771,#3291,.T.);
#2171=EDGE_CURVE('',#2778,#2779,#3292,.T.);
#2172=EDGE_CURVE('',#2779,#2639,#3293,.T.);
#2173=EDGE_CURVE('',#2618,#2768,#3294,.T.);
#2174=EDGE_CURVE('',#2780,#2781,#3295,.T.);
#2175=EDGE_CURVE('',#2781,#2782,#3296,.T.);
#2176=EDGE_CURVE('',#2782,#2783,#3297,.T.);
#2177=EDGE_CURVE('',#2783,#2780,#3298,.T.);
#2178=EDGE_CURVE('',#2784,#2785,#3299,.T.);
#2179=EDGE_CURVE('',#2782,#2785,#3300,.T.);
#2180=EDGE_CURVE('',#2781,#2784,#3301,.T.);
#2181=EDGE_CURVE('',#2785,#2786,#3302,.T.);
#2182=EDGE_CURVE('',#2783,#2786,#3303,.T.);
#2183=EDGE_CURVE('',#2786,#2787,#3304,.T.);
#2184=EDGE_CURVE('',#2780,#2787,#3305,.T.);
#2185=EDGE_CURVE('',#2788,#2789,#3306,.T.);
#2186=EDGE_CURVE('',#2789,#2790,#3307,.T.);
#2187=EDGE_CURVE('',#2790,#2791,#3308,.T.);
#2188=EDGE_CURVE('',#2791,#2788,#3309,.T.);
#2189=EDGE_CURVE('',#2792,#2793,#3310,.T.);
#2190=EDGE_CURVE('',#2791,#2793,#3311,.T.);
#2191=EDGE_CURVE('',#2790,#2792,#3312,.T.);
#2192=EDGE_CURVE('',#2793,#2794,#3313,.T.);
#2193=EDGE_CURVE('',#2788,#2794,#3314,.T.);
#2194=EDGE_CURVE('',#2794,#2795,#3315,.T.);
#2195=EDGE_CURVE('',#2789,#2795,#3316,.T.);
#2196=EDGE_CURVE('',#2796,#2797,#106,.F.);
#2197=EDGE_CURVE('',#2798,#2796,#3317,.T.);
#2198=EDGE_CURVE('',#2799,#2798,#47,.T.);
#2199=EDGE_CURVE('',#2800,#2799,#186,.T.);
#2200=EDGE_CURVE('',#2797,#2800,#3318,.T.);
#2201=EDGE_CURVE('',#2801,#2802,#48,.T.);
#2202=EDGE_CURVE('',#2803,#2801,#3319,.T.);
#2203=EDGE_CURVE('',#2804,#2803,#107,.F.);
#2204=EDGE_CURVE('',#2805,#2804,#3320,.T.);
#2205=EDGE_CURVE('',#2802,#2805,#187,.T.);
#2206=EDGE_CURVE('',#2806,#2807,#108,.F.);
#2207=EDGE_CURVE('',#2808,#2806,#3321,.T.);
#2208=EDGE_CURVE('',#2809,#2808,#188,.T.);
#2209=EDGE_CURVE('',#2810,#2809,#49,.T.);
#2210=EDGE_CURVE('',#2807,#2810,#3322,.T.);
#2211=EDGE_CURVE('',#2811,#2812,#189,.T.);
#2212=EDGE_CURVE('',#2813,#2811,#3323,.T.);
#2213=EDGE_CURVE('',#2814,#2813,#109,.F.);
#2214=EDGE_CURVE('',#2815,#2814,#3324,.T.);
#2215=EDGE_CURVE('',#2812,#2815,#50,.T.);
#2216=EDGE_CURVE('',#2816,#2817,#110,.F.);
#2217=EDGE_CURVE('',#2818,#2816,#3325,.T.);
#2218=EDGE_CURVE('',#2819,#2818,#111,.F.);
#2219=EDGE_CURVE('',#2817,#2819,#3326,.T.);
#2220=EDGE_CURVE('',#2820,#2821,#112,.F.);
#2221=EDGE_CURVE('',#2822,#2820,#3327,.T.);
#2222=EDGE_CURVE('',#2823,#2822,#113,.F.);
#2223=EDGE_CURVE('',#2821,#2823,#3328,.T.);
#2224=EDGE_CURVE('',#2630,#2824,#3329,.T.);
#2225=EDGE_CURVE('',#2801,#2824,#3330,.T.);
#2226=EDGE_CURVE('',#2647,#2802,#3331,.T.);
#2227=EDGE_CURVE('',#2741,#2632,#3332,.T.);
#2228=EDGE_CURVE('',#2824,#2739,#3333,.T.);
#2229=EDGE_CURVE('',#2624,#2825,#3334,.T.);
#2230=EDGE_CURVE('',#2641,#2799,#3335,.T.);
#2231=EDGE_CURVE('',#2825,#2798,#3336,.T.);
#2232=EDGE_CURVE('',#2803,#2538,#190,.T.);
#2233=EDGE_CURVE('',#2719,#2690,#3337,.T.);
#2234=EDGE_CURVE('',#2720,#2685,#3338,.T.);
#2235=EDGE_CURVE('',#2746,#2730,#3339,.T.);
#2236=EDGE_CURVE('',#2729,#2825,#3340,.T.);
#2237=EDGE_CURVE('',#2547,#2796,#191,.T.);
#2238=EDGE_CURVE('',#2822,#2548,#192,.T.);
#2239=EDGE_CURVE('',#2537,#2820,#193,.T.);
#2240=EDGE_CURVE('',#2811,#2503,#3341,.T.);
#2241=EDGE_CURVE('',#2813,#2502,#3342,.T.);
#2242=EDGE_CURVE('',#2524,#2533,#3343,.T.);
#2243=EDGE_CURVE('',#2526,#2535,#3344,.T.);
#2244=EDGE_CURVE('',#2816,#2557,#3345,.T.);
#2245=EDGE_CURVE('',#2818,#2558,#3346,.T.);
#2246=EDGE_CURVE('',#2563,#2569,#3347,.T.);
#2247=EDGE_CURVE('',#2527,#2817,#194,.T.);
#2248=EDGE_CURVE('',#2525,#2536,#3348,.T.);
#2249=EDGE_CURVE('',#2575,#2821,#3349,.T.);
#2250=EDGE_CURVE('',#2523,#2534,#3350,.T.);
#2251=EDGE_CURVE('',#2514,#2543,#3351,.T.);
#2252=EDGE_CURVE('',#2516,#2545,#3352,.T.);
#2253=EDGE_CURVE('',#2564,#2570,#3353,.T.);
#2254=EDGE_CURVE('',#2576,#2823,#3354,.T.);
#2255=EDGE_CURVE('',#2819,#2517,#195,.T.);
#2256=EDGE_CURVE('',#2620,#2826,#3355,.T.);
#2257=EDGE_CURVE('',#2826,#2772,#3356,.T.);
#2258=EDGE_CURVE('',#2638,#2812,#3357,.T.);
#2259=EDGE_CURVE('',#2815,#2826,#3358,.T.);
#2260=EDGE_CURVE('',#2795,#2648,#3359,.T.);
#2261=EDGE_CURVE('',#2478,#2805,#3360,.T.);
#2262=EDGE_CURVE('',#2508,#2482,#3361,.T.);
#2263=EDGE_CURVE('',#2640,#2792,#3362,.T.);
#2264=EDGE_CURVE('',#2610,#2827,#3363,.T.);
#2265=EDGE_CURVE('',#2827,#2810,#3364,.T.);
#2266=EDGE_CURVE('',#2634,#2809,#3365,.T.);
#2267=EDGE_CURVE('',#2784,#2643,#3366,.T.);
#2268=EDGE_CURVE('',#2635,#2787,#3367,.T.);
#2269=EDGE_CURVE('',#2808,#2488,#3368,.T.);
#2270=EDGE_CURVE('',#2491,#2498,#3369,.T.);
#2271=EDGE_CURVE('',#2494,#2800,#3370,.T.);
#2272=EDGE_CURVE('',#2496,#2797,#3371,.T.);
#2273=EDGE_CURVE('',#2515,#2546,#3372,.T.);
#2274=EDGE_CURVE('',#2513,#2544,#3373,.T.);
#2275=EDGE_CURVE('',#2518,#2807,#196,.T.);
#2276=EDGE_CURVE('',#2748,#2827,#3374,.T.);
#2277=EDGE_CURVE('',#2716,#2698,#3375,.T.);
#2278=EDGE_CURVE('',#2715,#2693,#3376,.T.);
#2279=EDGE_CURVE('',#2774,#2762,#3377,.T.);
#2280=EDGE_CURVE('',#2712,#2701,#3378,.T.);
#2281=EDGE_CURVE('',#2711,#2708,#3379,.T.);
#2282=EDGE_CURVE('',#2814,#2528,#197,.T.);
#2283=EDGE_CURVE('',#2622,#2725,#3380,.T.);
#2284=EDGE_CURVE('',#2626,#2742,#3381,.T.);
#2285=EDGE_CURVE('',#2733,#2628,#3382,.T.);
#2286=EDGE_CURVE('',#2415,#2734,#3383,.T.);
#2287=EDGE_CURVE('',#2754,#2751,#3384,.T.);
#2288=EDGE_CURVE('',#2714,#2705,#3385,.T.);
#2289=EDGE_CURVE('',#2713,#2704,#3386,.T.);
#2290=EDGE_CURVE('',#2718,#2694,#3387,.T.);
#2291=EDGE_CURVE('',#2717,#2697,#3388,.T.);
#2292=EDGE_CURVE('',#2722,#2686,#3389,.T.);
#2293=EDGE_CURVE('',#2721,#2689,#3390,.T.);
#2294=EDGE_CURVE('',#2490,#2499,#3391,.T.);
#2295=EDGE_CURVE('',#2806,#2486,#3392,.T.);
#2296=EDGE_CURVE('',#2506,#2484,#3393,.T.);
#2297=EDGE_CURVE('',#2479,#2804,#3394,.T.);
#2298=EDGE_CURVE('',#2763,#2756,#3395,.T.);
#2299=EDGE_CURVE('',#2773,#2778,#3396,.T.);
#2300=EDGE_CURVE('',#2405,#2728,#3397,.T.);
#2301=EDGE_CURVE('',#2828,#2745,#3398,.T.);
#2302=EDGE_CURVE('',#2747,#2828,#3399,.T.);
#2303=EDGE_CURVE('',#2429,#2423,#198,.T.);
#2304=EDGE_CURVE('',#2430,#2424,#199,.T.);
#2305=EDGE_CURVE('',#2475,#2474,#200,.T.);
#2306=EDGE_CURVE('',#2445,#2439,#201,.T.);
#2307=EDGE_CURVE('',#2446,#2440,#202,.T.);
#2308=EDGE_CURVE('',#2463,#2462,#203,.T.);
#2309=EDGE_CURVE('',#2646,#2829,#3400,.T.);
#2310=EDGE_CURVE('',#2735,#2829,#3401,.T.);
#2311=EDGE_CURVE('',#2828,#2830,#3402,.T.);
#2312=EDGE_CURVE('',#2830,#2645,#3403,.T.);
#2313=EDGE_CURVE('',#2829,#2830,#3404,.T.);
#2314=EDGE_CURVE('',#2644,#2416,#3405,.T.);
#2315=EDGE_CURVE('',#2406,#2642,#3406,.T.);
#2316=EDGE_CURVE('',#2779,#2777,#3407,.T.);
#2317=EDGE_CURVE('',#2758,#2755,#3408,.T.);
#2318=EDGE_CURVE('',#2831,#2832,#3409,.T.);
#2319=EDGE_CURVE('',#2831,#2833,#204,.F.);
#2320=EDGE_CURVE('',#2834,#2833,#3410,.T.);
#2321=EDGE_CURVE('',#2832,#2834,#205,.T.);
#2322=EDGE_CURVE('',#2835,#2836,#206,.F.);
#2323=EDGE_CURVE('',#2837,#2835,#3411,.T.);
#2324=EDGE_CURVE('',#2838,#2837,#207,.T.);
#2325=EDGE_CURVE('',#2836,#2838,#3412,.T.);
#2326=EDGE_CURVE('',#2839,#2840,#3413,.T.);
#2327=EDGE_CURVE('',#2840,#2841,#3414,.T.);
#2328=EDGE_CURVE('',#2842,#2841,#3415,.T.);
#2329=EDGE_CURVE('',#2839,#2842,#3416,.T.);
#2330=EDGE_CURVE('',#2843,#2844,#3417,.T.);
#2331=EDGE_CURVE('',#2845,#2844,#3418,.T.);
#2332=EDGE_CURVE('',#2846,#2845,#3419,.T.);
#2333=EDGE_CURVE('',#2846,#2843,#3420,.T.);
#2334=EDGE_CURVE('',#2847,#2848,#3421,.T.);
#2335=EDGE_CURVE('',#2849,#2848,#3422,.T.);
#2336=EDGE_CURVE('',#2850,#2849,#3423,.T.);
#2337=EDGE_CURVE('',#2850,#2847,#3424,.T.);
#2338=EDGE_CURVE('',#2851,#2847,#3425,.T.);
#2339=EDGE_CURVE('',#2852,#2850,#3426,.T.);
#2340=EDGE_CURVE('',#2852,#2851,#3427,.T.);
#2341=EDGE_CURVE('',#2853,#2851,#3428,.T.);
#2342=EDGE_CURVE('',#2854,#2852,#3429,.T.);
#2343=EDGE_CURVE('',#2854,#2853,#3430,.T.);
#2344=EDGE_CURVE('',#2855,#2856,#3431,.T.);
#2345=EDGE_CURVE('',#2857,#2856,#3432,.T.);
#2346=EDGE_CURVE('',#2858,#2857,#3433,.T.);
#2347=EDGE_CURVE('',#2858,#2855,#3434,.T.);
#2348=EDGE_CURVE('',#2859,#2855,#208,.T.);
#2349=EDGE_CURVE('',#2860,#2858,#209,.T.);
#2350=EDGE_CURVE('',#2860,#2859,#3435,.T.);
#2351=EDGE_CURVE('',#2861,#2862,#3436,.T.);
#2352=EDGE_CURVE('',#2861,#2859,#3437,.T.);
#2353=EDGE_CURVE('',#2862,#2860,#3438,.T.);
#2354=EDGE_CURVE('',#2844,#2863,#210,.T.);
#2355=EDGE_CURVE('',#2863,#2864,#3439,.T.);
#2356=EDGE_CURVE('',#2845,#2864,#211,.T.);
#2357=EDGE_CURVE('',#2865,#2866,#3440,.T.);
#2358=EDGE_CURVE('',#2867,#2866,#3441,.T.);
#2359=EDGE_CURVE('',#2868,#2867,#3442,.T.);
#2360=EDGE_CURVE('',#2868,#2865,#3443,.T.);
#2361=EDGE_CURVE('',#2866,#2869,#3444,.T.);
#2362=EDGE_CURVE('',#2870,#2869,#3445,.T.);
#2363=EDGE_CURVE('',#2867,#2870,#3446,.T.);
#2364=EDGE_CURVE('',#2869,#2871,#3447,.T.);
#2365=EDGE_CURVE('',#2872,#2871,#3448,.T.);
#2366=EDGE_CURVE('',#2870,#2872,#3449,.T.);
#2367=EDGE_CURVE('',#2871,#2865,#3450,.T.);
#2368=EDGE_CURVE('',#2872,#2868,#3451,.T.);
#2369=EDGE_CURVE('',#2873,#2835,#3452,.T.);
#2370=EDGE_CURVE('',#2874,#2873,#3453,.T.);
#2371=EDGE_CURVE('',#2875,#2874,#3454,.T.);
#2372=EDGE_CURVE('',#2876,#2875,#3455,.T.);
#2373=EDGE_CURVE('',#2877,#2876,#3456,.T.);
#2374=EDGE_CURVE('',#2878,#2877,#3457,.T.);
#2375=EDGE_CURVE('',#2837,#2878,#3458,.T.);
#2376=EDGE_CURVE('',#2879,#2880,#3459,.T.);
#2377=EDGE_CURVE('',#2876,#2879,#3460,.T.);
#2378=EDGE_CURVE('',#2875,#2880,#3461,.T.);
#2379=EDGE_CURVE('',#2880,#2881,#3462,.T.);
#2380=EDGE_CURVE('',#2874,#2881,#3463,.T.);
#2381=EDGE_CURVE('',#2881,#2882,#3464,.T.);
#2382=EDGE_CURVE('',#2873,#2882,#3465,.T.);
#2383=EDGE_CURVE('',#2883,#2884,#3466,.T.);
#2384=EDGE_CURVE('',#2878,#2883,#3467,.T.);
#2385=EDGE_CURVE('',#2877,#2884,#3468,.T.);
#2386=EDGE_CURVE('',#2884,#2879,#3469,.T.);
#2387=EDGE_CURVE('',#2841,#2833,#3470,.T.);
#2388=EDGE_CURVE('',#2864,#2840,#3471,.T.);
#2389=EDGE_CURVE('',#2885,#2863,#3472,.T.);
#2390=EDGE_CURVE('',#2886,#2885,#3473,.T.);
#2391=EDGE_CURVE('',#2886,#2834,#3474,.T.);
#2392=EDGE_CURVE('',#2887,#2885,#3475,.T.);
#2393=EDGE_CURVE('',#2848,#2843,#212,.T.);
#2394=EDGE_CURVE('',#2856,#2853,#213,.T.);
#2395=EDGE_CURVE('',#2887,#2861,#3476,.T.);
#2396=EDGE_CURVE('',#2883,#2832,#3477,.T.);
#2397=EDGE_CURVE('',#2888,#2886,#3478,.T.);
#2398=EDGE_CURVE('',#2838,#2888,#3479,.T.);
#2399=EDGE_CURVE('',#2842,#2836,#3480,.T.);
#2400=EDGE_CURVE('',#2831,#2882,#3481,.T.);
#2401=EDGE_CURVE('',#2888,#2887,#3482,.T.);
#2402=EDGE_CURVE('',#2862,#2839,#3483,.T.);
#2403=EDGE_CURVE('',#2857,#2854,#214,.T.);
#2404=EDGE_CURVE('',#2849,#2846,#215,.T.);
#2405=VERTEX_POINT('',#8460);
#2406=VERTEX_POINT('',#8461);
#2407=VERTEX_POINT('',#8463);
#2408=VERTEX_POINT('',#8465);
#2409=VERTEX_POINT('',#8467);
#2410=VERTEX_POINT('',#8469);
#2411=VERTEX_POINT('',#8471);
#2412=VERTEX_POINT('',#8473);
#2413=VERTEX_POINT('',#8475);
#2414=VERTEX_POINT('',#8477);
#2415=VERTEX_POINT('',#8479);
#2416=VERTEX_POINT('',#8481);
#2417=VERTEX_POINT('',#8485);
#2418=VERTEX_POINT('',#8487);
#2419=VERTEX_POINT('',#8490);
#2420=VERTEX_POINT('',#8492);
#2421=VERTEX_POINT('',#8495);
#2422=VERTEX_POINT('',#8496);
#2423=VERTEX_POINT('',#8498);
#2424=VERTEX_POINT('',#8500);
#2425=VERTEX_POINT('',#8508);
#2426=VERTEX_POINT('',#8509);
#2427=VERTEX_POINT('',#8511);
#2428=VERTEX_POINT('',#8513);
#2429=VERTEX_POINT('',#8521);
#2430=VERTEX_POINT('',#8522);
#2431=VERTEX_POINT('',#8524);
#2432=VERTEX_POINT('',#8526);
#2433=VERTEX_POINT('',#8534);
#2434=VERTEX_POINT('',#8535);
#2435=VERTEX_POINT('',#8537);
#2436=VERTEX_POINT('',#8539);
#2437=VERTEX_POINT('',#8547);
#2438=VERTEX_POINT('',#8548);
#2439=VERTEX_POINT('',#8550);
#2440=VERTEX_POINT('',#8552);
#2441=VERTEX_POINT('',#8560);
#2442=VERTEX_POINT('',#8561);
#2443=VERTEX_POINT('',#8563);
#2444=VERTEX_POINT('',#8565);
#2445=VERTEX_POINT('',#8573);
#2446=VERTEX_POINT('',#8574);
#2447=VERTEX_POINT('',#8576);
#2448=VERTEX_POINT('',#8578);
#2449=VERTEX_POINT('',#8586);
#2450=VERTEX_POINT('',#8587);
#2451=VERTEX_POINT('',#8589);
#2452=VERTEX_POINT('',#8591);
#2453=VERTEX_POINT('',#8599);
#2454=VERTEX_POINT('',#8600);
#2455=VERTEX_POINT('',#8602);
#2456=VERTEX_POINT('',#8604);
#2457=VERTEX_POINT('',#8612);
#2458=VERTEX_POINT('',#8614);
#2459=VERTEX_POINT('',#8617);
#2460=VERTEX_POINT('',#8623);
#2461=VERTEX_POINT('',#8627);
#2462=VERTEX_POINT('',#8632);
#2463=VERTEX_POINT('',#8634);
#2464=VERTEX_POINT('',#8641);
#2465=VERTEX_POINT('',#8646);
#2466=VERTEX_POINT('',#8647);
#2467=VERTEX_POINT('',#8649);
#2468=VERTEX_POINT('',#8651);
#2469=VERTEX_POINT('',#8659);
#2470=VERTEX_POINT('',#8661);
#2471=VERTEX_POINT('',#8664);
#2472=VERTEX_POINT('',#8670);
#2473=VERTEX_POINT('',#8674);
#2474=VERTEX_POINT('',#8679);
#2475=VERTEX_POINT('',#8681);
#2476=VERTEX_POINT('',#8688);
#2477=VERTEX_POINT('',#8713);
#2478=VERTEX_POINT('',#8714);
#2479=VERTEX_POINT('',#8716);
#2480=VERTEX_POINT('',#8718);
#2481=VERTEX_POINT('',#8722);
#2482=VERTEX_POINT('',#8723);
#2483=VERTEX_POINT('',#8725);
#2484=VERTEX_POINT('',#8727);
#2485=VERTEX_POINT('',#8736);
#2486=VERTEX_POINT('',#8737);
#2487=VERTEX_POINT('',#8739);
#2488=VERTEX_POINT('',#8741);
#2489=VERTEX_POINT('',#8745);
#2490=VERTEX_POINT('',#8746);
#2491=VERTEX_POINT('',#8748);
#2492=VERTEX_POINT('',#8750);
#2493=VERTEX_POINT('',#8759);
#2494=VERTEX_POINT('',#8760);
#2495=VERTEX_POINT('',#8762);
#2496=VERTEX_POINT('',#8764);
#2497=VERTEX_POINT('',#8768);
#2498=VERTEX_POINT('',#8769);
#2499=VERTEX_POINT('',#8771);
#2500=VERTEX_POINT('',#8773);
#2501=VERTEX_POINT('',#8782);
#2502=VERTEX_POINT('',#8783);
#2503=VERTEX_POINT('',#8785);
#2504=VERTEX_POINT('',#8787);
#2505=VERTEX_POINT('',#8791);
#2506=VERTEX_POINT('',#8792);
#2507=VERTEX_POINT('',#8794);
#2508=VERTEX_POINT('',#8796);
#2509=VERTEX_POINT('',#8805);
#2510=VERTEX_POINT('',#8806);
#2511=VERTEX_POINT('',#8808);
#2512=VERTEX_POINT('',#8810);
#2513=VERTEX_POINT('',#8814);
#2514=VERTEX_POINT('',#8815);
#2515=VERTEX_POINT('',#8817);
#2516=VERTEX_POINT('',#8820);
#2517=VERTEX_POINT('',#8824);
#2518=VERTEX_POINT('',#8828);
#2519=VERTEX_POINT('',#8832);
#2520=VERTEX_POINT('',#8833);
#2521=VERTEX_POINT('',#8835);
#2522=VERTEX_POINT('',#8837);
#2523=VERTEX_POINT('',#8841);
#2524=VERTEX_POINT('',#8842);
#2525=VERTEX_POINT('',#8844);
#2526=VERTEX_POINT('',#8847);
#2527=VERTEX_POINT('',#8851);
#2528=VERTEX_POINT('',#8855);
#2529=VERTEX_POINT('',#8859);
#2530=VERTEX_POINT('',#8860);
#2531=VERTEX_POINT('',#8862);
#2532=VERTEX_POINT('',#8864);
#2533=VERTEX_POINT('',#8868);
#2534=VERTEX_POINT('',#8869);
#2535=VERTEX_POINT('',#8871);
#2536=VERTEX_POINT('',#8874);
#2537=VERTEX_POINT('',#8878);
#2538=VERTEX_POINT('',#8882);
#2539=VERTEX_POINT('',#8886);
#2540=VERTEX_POINT('',#8887);
#2541=VERTEX_POINT('',#8889);
#2542=VERTEX_POINT('',#8891);
#2543=VERTEX_POINT('',#8895);
#2544=VERTEX_POINT('',#8896);
#2545=VERTEX_POINT('',#8898);
#2546=VERTEX_POINT('',#8901);
#2547=VERTEX_POINT('',#8905);
#2548=VERTEX_POINT('',#8909);
#2549=VERTEX_POINT('',#8913);
#2550=VERTEX_POINT('',#8915);
#2551=VERTEX_POINT('',#8918);
#2552=VERTEX_POINT('',#8920);
#2553=VERTEX_POINT('',#8923);
#2554=VERTEX_POINT('',#8924);
#2555=VERTEX_POINT('',#8926);
#2556=VERTEX_POINT('',#8928);
#2557=VERTEX_POINT('',#8932);
#2558=VERTEX_POINT('',#8933);
#2559=VERTEX_POINT('',#8935);
#2560=VERTEX_POINT('',#8938);
#2561=VERTEX_POINT('',#8942);
#2562=VERTEX_POINT('',#8944);
#2563=VERTEX_POINT('',#8946);
#2564=VERTEX_POINT('',#8948);
#2565=VERTEX_POINT('',#8956);
#2566=VERTEX_POINT('',#8957);
#2567=VERTEX_POINT('',#8959);
#2568=VERTEX_POINT('',#8961);
#2569=VERTEX_POINT('',#8965);
#2570=VERTEX_POINT('',#8966);
#2571=VERTEX_POINT('',#8968);
#2572=VERTEX_POINT('',#8971);
#2573=VERTEX_POINT('',#8975);
#2574=VERTEX_POINT('',#8977);
#2575=VERTEX_POINT('',#8979);
#2576=VERTEX_POINT('',#8981);
#2577=VERTEX_POINT('',#8989);
#2578=VERTEX_POINT('',#8990);
#2579=VERTEX_POINT('',#8992);
#2580=VERTEX_POINT('',#8994);
#2581=VERTEX_POINT('',#8998);
#2582=VERTEX_POINT('',#8999);
#2583=VERTEX_POINT('',#9004);
#2584=VERTEX_POINT('',#9008);
#2585=VERTEX_POINT('',#9014);
#2586=VERTEX_POINT('',#9015);
#2587=VERTEX_POINT('',#9017);
#2588=VERTEX_POINT('',#9019);
#2589=VERTEX_POINT('',#9021);
#2590=VERTEX_POINT('',#9023);
#2591=VERTEX_POINT('',#9025);
#2592=VERTEX_POINT('',#9027);
#2593=VERTEX_POINT('',#9029);
#2594=VERTEX_POINT('',#9031);
#2595=VERTEX_POINT('',#9033);
#2596=VERTEX_POINT('',#9035);
#2597=VERTEX_POINT('',#9039);
#2598=VERTEX_POINT('',#9040);
#2599=VERTEX_POINT('',#9045);
#2600=VERTEX_POINT('',#9049);
#2601=VERTEX_POINT('',#9053);
#2602=VERTEX_POINT('',#9057);
#2603=VERTEX_POINT('',#9061);
#2604=VERTEX_POINT('',#9065);
#2605=VERTEX_POINT('',#9069);
#2606=VERTEX_POINT('',#9073);
#2607=VERTEX_POINT('',#9077);
#2608=VERTEX_POINT('',#9081);
#2609=VERTEX_POINT('',#9090);
#2610=VERTEX_POINT('',#9091);
#2611=VERTEX_POINT('',#9093);
#2612=VERTEX_POINT('',#9095);
#2613=VERTEX_POINT('',#9099);
#2614=VERTEX_POINT('',#9100);
#2615=VERTEX_POINT('',#9102);
#2616=VERTEX_POINT('',#9104);
#2617=VERTEX_POINT('',#9108);
#2618=VERTEX_POINT('',#9109);
#2619=VERTEX_POINT('',#9111);
#2620=VERTEX_POINT('',#9116);
#2621=VERTEX_POINT('',#9120);
#2622=VERTEX_POINT('',#9121);
#2623=VERTEX_POINT('',#9123);
#2624=VERTEX_POINT('',#9128);
#2625=VERTEX_POINT('',#9132);
#2626=VERTEX_POINT('',#9133);
#2627=VERTEX_POINT('',#9135);
#2628=VERTEX_POINT('',#9137);
#2629=VERTEX_POINT('',#9144);
#2630=VERTEX_POINT('',#9145);
#2631=VERTEX_POINT('',#9147);
#2632=VERTEX_POINT('',#9149);
#2633=VERTEX_POINT('',#9153);
#2634=VERTEX_POINT('',#9155);
#2635=VERTEX_POINT('',#9157);
#2636=VERTEX_POINT('',#9161);
#2637=VERTEX_POINT('',#9163);
#2638=VERTEX_POINT('',#9167);
#2639=VERTEX_POINT('',#9169);
#2640=VERTEX_POINT('',#9171);
#2641=VERTEX_POINT('',#9175);
#2642=VERTEX_POINT('',#9177);
#2643=VERTEX_POINT('',#9179);
#2644=VERTEX_POINT('',#9183);
#2645=VERTEX_POINT('',#9185);
#2646=VERTEX_POINT('',#9189);
#2647=VERTEX_POINT('',#9191);
#2648=VERTEX_POINT('',#9193);
#2649=VERTEX_POINT('',#9197);
#2650=VERTEX_POINT('',#9198);
#2651=VERTEX_POINT('',#9200);
#2652=VERTEX_POINT('',#9202);
#2653=VERTEX_POINT('',#9206);
#2654=VERTEX_POINT('',#9207);
#2655=VERTEX_POINT('',#9212);
#2656=VERTEX_POINT('',#9216);
#2657=VERTEX_POINT('',#9222);
#2658=VERTEX_POINT('',#9223);
#2659=VERTEX_POINT('',#9225);
#2660=VERTEX_POINT('',#9227);
#2661=VERTEX_POINT('',#9229);
#2662=VERTEX_POINT('',#9231);
#2663=VERTEX_POINT('',#9233);
#2664=VERTEX_POINT('',#9235);
#2665=VERTEX_POINT('',#9237);
#2666=VERTEX_POINT('',#9239);
#2667=VERTEX_POINT('',#9241);
#2668=VERTEX_POINT('',#9243);
#2669=VERTEX_POINT('',#9247);
#2670=VERTEX_POINT('',#9248);
#2671=VERTEX_POINT('',#9253);
#2672=VERTEX_POINT('',#9257);
#2673=VERTEX_POINT('',#9261);
#2674=VERTEX_POINT('',#9265);
#2675=VERTEX_POINT('',#9269);
#2676=VERTEX_POINT('',#9273);
#2677=VERTEX_POINT('',#9277);
#2678=VERTEX_POINT('',#9281);
#2679=VERTEX_POINT('',#9285);
#2680=VERTEX_POINT('',#9289);
#2681=VERTEX_POINT('',#9295);
#2682=VERTEX_POINT('',#9296);
#2683=VERTEX_POINT('',#9301);
#2684=VERTEX_POINT('',#9303);
#2685=VERTEX_POINT('',#9307);
#2686=VERTEX_POINT('',#9308);
#2687=VERTEX_POINT('',#9310);
#2688=VERTEX_POINT('',#9312);
#2689=VERTEX_POINT('',#9316);
#2690=VERTEX_POINT('',#9317);
#2691=VERTEX_POINT('',#9319);
#2692=VERTEX_POINT('',#9321);
#2693=VERTEX_POINT('',#9325);
#2694=VERTEX_POINT('',#9326);
#2695=VERTEX_POINT('',#9328);
#2696=VERTEX_POINT('',#9330);
#2697=VERTEX_POINT('',#9334);
#2698=VERTEX_POINT('',#9335);
#2699=VERTEX_POINT('',#9337);
#2700=VERTEX_POINT('',#9339);
#2701=VERTEX_POINT('',#9343);
#2702=VERTEX_POINT('',#9344);
#2703=VERTEX_POINT('',#9346);
#2704=VERTEX_POINT('',#9348);
#2705=VERTEX_POINT('',#9352);
#2706=VERTEX_POINT('',#9353);
#2707=VERTEX_POINT('',#9355);
#2708=VERTEX_POINT('',#9357);
#2709=VERTEX_POINT('',#9361);
#2710=VERTEX_POINT('',#9364);
#2711=VERTEX_POINT('',#9367);
#2712=VERTEX_POINT('',#9368);
#2713=VERTEX_POINT('',#9370);
#2714=VERTEX_POINT('',#9372);
#2715=VERTEX_POINT('',#9376);
#2716=VERTEX_POINT('',#9377);
#2717=VERTEX_POINT('',#9379);
#2718=VERTEX_POINT('',#9381);
#2719=VERTEX_POINT('',#9385);
#2720=VERTEX_POINT('',#9386);
#2721=VERTEX_POINT('',#9388);
#2722=VERTEX_POINT('',#9390);
#2723=VERTEX_POINT('',#9394);
#2724=VERTEX_POINT('',#9395);
#2725=VERTEX_POINT('',#9400);
#2726=VERTEX_POINT('',#9401);
#2727=VERTEX_POINT('',#9403);
#2728=VERTEX_POINT('',#9405);
#2729=VERTEX_POINT('',#9409);
#2730=VERTEX_POINT('',#9418);
#2731=VERTEX_POINT('',#9419);
#2732=VERTEX_POINT('',#9421);
#2733=VERTEX_POINT('',#9426);
#2734=VERTEX_POINT('',#9428);
#2735=VERTEX_POINT('',#9432);
#2736=VERTEX_POINT('',#9433);
#2737=VERTEX_POINT('',#9435);
#2738=VERTEX_POINT('',#9437);
#2739=VERTEX_POINT('',#9441);
#2740=VERTEX_POINT('',#9442);
#2741=VERTEX_POINT('',#9448);
#2742=VERTEX_POINT('',#9452);
#2743=VERTEX_POINT('',#9453);
#2744=VERTEX_POINT('',#9455);
#2745=VERTEX_POINT('',#9457);
#2746=VERTEX_POINT('',#9461);
#2747=VERTEX_POINT('',#9464);
#2748=VERTEX_POINT('',#9468);
#2749=VERTEX_POINT('',#9469);
#2750=VERTEX_POINT('',#9471);
#2751=VERTEX_POINT('',#9473);
#2752=VERTEX_POINT('',#9478);
#2753=VERTEX_POINT('',#9480);
#2754=VERTEX_POINT('',#9484);
#2755=VERTEX_POINT('',#9487);
#2756=VERTEX_POINT('',#9491);
#2757=VERTEX_POINT('',#9492);
#2758=VERTEX_POINT('',#9494);
#2759=VERTEX_POINT('',#9497);
#2760=VERTEX_POINT('',#9501);
#2761=VERTEX_POINT('',#9503);
#2762=VERTEX_POINT('',#9507);
#2763=VERTEX_POINT('',#9510);
#2764=VERTEX_POINT('',#9514);
#2765=VERTEX_POINT('',#9515);
#2766=VERTEX_POINT('',#9517);
#2767=VERTEX_POINT('',#9519);
#2768=VERTEX_POINT('',#9523);
#2769=VERTEX_POINT('',#9524);
#2770=VERTEX_POINT('',#9526);
#2771=VERTEX_POINT('',#9528);
#2772=VERTEX_POINT('',#9532);
#2773=VERTEX_POINT('',#9535);
#2774=VERTEX_POINT('',#9539);
#2775=VERTEX_POINT('',#9540);
#2776=VERTEX_POINT('',#9546);
#2777=VERTEX_POINT('',#9551);
#2778=VERTEX_POINT('',#9555);
#2779=VERTEX_POINT('',#9557);
#2780=VERTEX_POINT('',#9562);
#2781=VERTEX_POINT('',#9563);
#2782=VERTEX_POINT('',#9565);
#2783=VERTEX_POINT('',#9567);
#2784=VERTEX_POINT('',#9571);
#2785=VERTEX_POINT('',#9572);
#2786=VERTEX_POINT('',#9577);
#2787=VERTEX_POINT('',#9581);
#2788=VERTEX_POINT('',#9585);
#2789=VERTEX_POINT('',#9586);
#2790=VERTEX_POINT('',#9588);
#2791=VERTEX_POINT('',#9590);
#2792=VERTEX_POINT('',#9594);
#2793=VERTEX_POINT('',#9595);
#2794=VERTEX_POINT('',#9600);
#2795=VERTEX_POINT('',#9604);
#2796=VERTEX_POINT('',#9617);
#2797=VERTEX_POINT('',#9618);
#2798=VERTEX_POINT('',#9620);
#2799=VERTEX_POINT('',#9625);
#2800=VERTEX_POINT('',#9627);
#2801=VERTEX_POINT('',#9634);
#2802=VERTEX_POINT('',#9635);
#2803=VERTEX_POINT('',#9637);
#2804=VERTEX_POINT('',#9650);
#2805=VERTEX_POINT('',#9652);
#2806=VERTEX_POINT('',#9667);
#2807=VERTEX_POINT('',#9668);
#2808=VERTEX_POINT('',#9670);
#2809=VERTEX_POINT('',#9672);
#2810=VERTEX_POINT('',#9677);
#2811=VERTEX_POINT('',#9681);
#2812=VERTEX_POINT('',#9682);
#2813=VERTEX_POINT('',#9684);
#2814=VERTEX_POINT('',#9695);
#2815=VERTEX_POINT('',#9697);
#2816=VERTEX_POINT('',#9715);
#2817=VERTEX_POINT('',#9716);
#2818=VERTEX_POINT('',#9718);
#2819=VERTEX_POINT('',#9729);
#2820=VERTEX_POINT('',#9742);
#2821=VERTEX_POINT('',#9743);
#2822=VERTEX_POINT('',#9745);
#2823=VERTEX_POINT('',#9758);
#2824=VERTEX_POINT('',#9762);
#2825=VERTEX_POINT('',#9770);
#2826=VERTEX_POINT('',#9807);
#2827=VERTEX_POINT('',#9819);
#2828=VERTEX_POINT('',#9881);
#2829=VERTEX_POINT('',#9903);
#2830=VERTEX_POINT('',#9907);
#2831=VERTEX_POINT('',#9923);
#2832=VERTEX_POINT('',#9924);
#2833=VERTEX_POINT('',#9926);
#2834=VERTEX_POINT('',#9928);
#2835=VERTEX_POINT('',#9932);
#2836=VERTEX_POINT('',#9933);
#2837=VERTEX_POINT('',#9935);
#2838=VERTEX_POINT('',#9937);
#2839=VERTEX_POINT('',#9941);
#2840=VERTEX_POINT('',#9942);
#2841=VERTEX_POINT('',#9944);
#2842=VERTEX_POINT('',#9946);
#2843=VERTEX_POINT('',#9950);
#2844=VERTEX_POINT('',#9951);
#2845=VERTEX_POINT('',#9953);
#2846=VERTEX_POINT('',#9955);
#2847=VERTEX_POINT('',#9959);
#2848=VERTEX_POINT('',#9960);
#2849=VERTEX_POINT('',#9962);
#2850=VERTEX_POINT('',#9964);
#2851=VERTEX_POINT('',#9968);
#2852=VERTEX_POINT('',#9970);
#2853=VERTEX_POINT('',#9974);
#2854=VERTEX_POINT('',#9976);
#2855=VERTEX_POINT('',#9980);
#2856=VERTEX_POINT('',#9981);
#2857=VERTEX_POINT('',#9983);
#2858=VERTEX_POINT('',#9985);
#2859=VERTEX_POINT('',#9989);
#2860=VERTEX_POINT('',#9991);
#2861=VERTEX_POINT('',#9995);
#2862=VERTEX_POINT('',#9996);
#2863=VERTEX_POINT('',#10001);
#2864=VERTEX_POINT('',#10003);
#2865=VERTEX_POINT('',#10007);
#2866=VERTEX_POINT('',#10008);
#2867=VERTEX_POINT('',#10010);
#2868=VERTEX_POINT('',#10012);
#2869=VERTEX_POINT('',#10016);
#2870=VERTEX_POINT('',#10018);
#2871=VERTEX_POINT('',#10022);
#2872=VERTEX_POINT('',#10024);
#2873=VERTEX_POINT('',#10031);
#2874=VERTEX_POINT('',#10033);
#2875=VERTEX_POINT('',#10035);
#2876=VERTEX_POINT('',#10037);
#2877=VERTEX_POINT('',#10039);
#2878=VERTEX_POINT('',#10041);
#2879=VERTEX_POINT('',#10045);
#2880=VERTEX_POINT('',#10046);
#2881=VERTEX_POINT('',#10051);
#2882=VERTEX_POINT('',#10055);
#2883=VERTEX_POINT('',#10059);
#2884=VERTEX_POINT('',#10060);
#2885=VERTEX_POINT('',#10069);
#2886=VERTEX_POINT('',#10071);
#2887=VERTEX_POINT('',#10075);
#2888=VERTEX_POINT('',#10082);
#2889=LINE('',#8459,#3484);
#2890=LINE('',#8462,#3485);
#2891=LINE('',#8464,#3486);
#2892=LINE('',#8466,#3487);
#2893=LINE('',#8468,#3488);
#2894=LINE('',#8470,#3489);
#2895=LINE('',#8472,#3490);
#2896=LINE('',#8474,#3491);
#2897=LINE('',#8476,#3492);
#2898=LINE('',#8478,#3493);
#2899=LINE('',#8480,#3494);
#2900=LINE('',#8482,#3495);
#2901=LINE('',#8494,#3496);
#2902=LINE('',#8497,#3497);
#2903=LINE('',#8499,#3498);
#2904=LINE('',#8507,#3499);
#2905=LINE('',#8510,#3500);
#2906=LINE('',#8512,#3501);
#2907=LINE('',#8520,#3502);
#2908=LINE('',#8523,#3503);
#2909=LINE('',#8525,#3504);
#2910=LINE('',#8533,#3505);
#2911=LINE('',#8536,#3506);
#2912=LINE('',#8538,#3507);
#2913=LINE('',#8546,#3508);
#2914=LINE('',#8549,#3509);
#2915=LINE('',#8551,#3510);
#2916=LINE('',#8559,#3511);
#2917=LINE('',#8562,#3512);
#2918=LINE('',#8564,#3513);
#2919=LINE('',#8572,#3514);
#2920=LINE('',#8575,#3515);
#2921=LINE('',#8577,#3516);
#2922=LINE('',#8585,#3517);
#2923=LINE('',#8588,#3518);
#2924=LINE('',#8590,#3519);
#2925=LINE('',#8601,#3520);
#2926=LINE('',#8605,#3521);
#2927=LINE('',#8613,#3522);
#2928=LINE('',#8615,#3523);
#2929=LINE('',#8616,#3524);
#2930=LINE('',#8618,#3525);
#2931=LINE('',#8624,#3526);
#2932=LINE('',#8626,#3527);
#2933=LINE('',#8633,#3528);
#2934=LINE('',#8640,#3529);
#2935=LINE('',#8642,#3530);
#2936=LINE('',#8643,#3531);
#2937=LINE('',#8645,#3532);
#2938=LINE('',#8650,#3533);
#2939=LINE('',#8660,#3534);
#2940=LINE('',#8662,#3535);
#2941=LINE('',#8663,#3536);
#2942=LINE('',#8665,#3537);
#2943=LINE('',#8671,#3538);
#2944=LINE('',#8673,#3539);
#2945=LINE('',#8680,#3540);
#2946=LINE('',#8687,#3541);
#2947=LINE('',#8689,#3542);
#2948=LINE('',#8690,#3543);
#2949=LINE('',#8715,#3544);
#2950=LINE('',#8719,#3545);
#2951=LINE('',#8724,#3546);
#2952=LINE('',#8728,#3547);
#2953=LINE('',#8730,#3548);
#2954=LINE('',#8731,#3549);
#2955=LINE('',#8733,#3550);
#2956=LINE('',#8738,#3551);
#2957=LINE('',#8742,#3552);
#2958=LINE('',#8747,#3553);
#2959=LINE('',#8751,#3554);
#2960=LINE('',#8753,#3555);
#2961=LINE('',#8754,#3556);
#2962=LINE('',#8756,#3557);
#2963=LINE('',#8761,#3558);
#2964=LINE('',#8765,#3559);
#2965=LINE('',#8770,#3560);
#2966=LINE('',#8774,#3561);
#2967=LINE('',#8776,#3562);
#2968=LINE('',#8777,#3563);
#2969=LINE('',#8779,#3564);
#2970=LINE('',#8784,#3565);
#2971=LINE('',#8788,#3566);
#2972=LINE('',#8793,#3567);
#2973=LINE('',#8797,#3568);
#2974=LINE('',#8799,#3569);
#2975=LINE('',#8800,#3570);
#2976=LINE('',#8802,#3571);
#2977=LINE('',#8804,#3572);
#2978=LINE('',#8807,#3573);
#2979=LINE('',#8809,#3574);
#2980=LINE('',#8811,#3575);
#2981=LINE('',#8813,#3576);
#2982=LINE('',#8816,#3577);
#2983=LINE('',#8818,#3578);
#2984=LINE('',#8819,#3579);
#2985=LINE('',#8821,#3580);
#2986=LINE('',#8823,#3581);
#2987=LINE('',#8825,#3582);
#2988=LINE('',#8827,#3583);
#2989=LINE('',#8829,#3584);
#2990=LINE('',#8831,#3585);
#2991=LINE('',#8834,#3586);
#2992=LINE('',#8836,#3587);
#2993=LINE('',#8838,#3588);
#2994=LINE('',#8840,#3589);
#2995=LINE('',#8843,#3590);
#2996=LINE('',#8845,#3591);
#2997=LINE('',#8846,#3592);
#2998=LINE('',#8848,#3593);
#2999=LINE('',#8850,#3594);
#3000=LINE('',#8852,#3595);
#3001=LINE('',#8854,#3596);
#3002=LINE('',#8856,#3597);
#3003=LINE('',#8858,#3598);
#3004=LINE('',#8861,#3599);
#3005=LINE('',#8863,#3600);
#3006=LINE('',#8865,#3601);
#3007=LINE('',#8867,#3602);
#3008=LINE('',#8870,#3603);
#3009=LINE('',#8872,#3604);
#3010=LINE('',#8873,#3605);
#3011=LINE('',#8875,#3606);
#3012=LINE('',#8877,#3607);
#3013=LINE('',#8879,#3608);
#3014=LINE('',#8881,#3609);
#3015=LINE('',#8883,#3610);
#3016=LINE('',#8885,#3611);
#3017=LINE('',#8888,#3612);
#3018=LINE('',#8890,#3613);
#3019=LINE('',#8892,#3614);
#3020=LINE('',#8894,#3615);
#3021=LINE('',#8897,#3616);
#3022=LINE('',#8899,#3617);
#3023=LINE('',#8900,#3618);
#3024=LINE('',#8902,#3619);
#3025=LINE('',#8904,#3620);
#3026=LINE('',#8906,#3621);
#3027=LINE('',#8908,#3622);
#3028=LINE('',#8910,#3623);
#3029=LINE('',#8922,#3624);
#3030=LINE('',#8925,#3625);
#3031=LINE('',#8927,#3626);
#3032=LINE('',#8929,#3627);
#3033=LINE('',#8931,#3628);
#3034=LINE('',#8936,#3629);
#3035=LINE('',#8937,#3630);
#3036=LINE('',#8941,#3631);
#3037=LINE('',#8943,#3632);
#3038=LINE('',#8947,#3633);
#3039=LINE('',#8951,#3634);
#3040=LINE('',#8953,#3635);
#3041=LINE('',#8955,#3636);
#3042=LINE('',#8958,#3637);
#3043=LINE('',#8960,#3638);
#3044=LINE('',#8962,#3639);
#3045=LINE('',#8964,#3640);
#3046=LINE('',#8969,#3641);
#3047=LINE('',#8970,#3642);
#3048=LINE('',#8974,#3643);
#3049=LINE('',#8976,#3644);
#3050=LINE('',#8980,#3645);
#3051=LINE('',#8984,#3646);
#3052=LINE('',#8986,#3647);
#3053=LINE('',#8988,#3648);
#3054=LINE('',#8991,#3649);
#3055=LINE('',#8993,#3650);
#3056=LINE('',#8995,#3651);
#3057=LINE('',#8997,#3652);
#3058=LINE('',#9000,#3653);
#3059=LINE('',#9001,#3654);
#3060=LINE('',#9005,#3655);
#3061=LINE('',#9007,#3656);
#3062=LINE('',#9009,#3657);
#3063=LINE('',#9013,#3658);
#3064=LINE('',#9016,#3659);
#3065=LINE('',#9018,#3660);
#3066=LINE('',#9020,#3661);
#3067=LINE('',#9022,#3662);
#3068=LINE('',#9024,#3663);
#3069=LINE('',#9026,#3664);
#3070=LINE('',#9028,#3665);
#3071=LINE('',#9030,#3666);
#3072=LINE('',#9032,#3667);
#3073=LINE('',#9034,#3668);
#3074=LINE('',#9036,#3669);
#3075=LINE('',#9041,#3670);
#3076=LINE('',#9042,#3671);
#3077=LINE('',#9044,#3672);
#3078=LINE('',#9046,#3673);
#3079=LINE('',#9050,#3674);
#3080=LINE('',#9052,#3675);
#3081=LINE('',#9054,#3676);
#3082=LINE('',#9058,#3677);
#3083=LINE('',#9060,#3678);
#3084=LINE('',#9062,#3679);
#3085=LINE('',#9066,#3680);
#3086=LINE('',#9068,#3681);
#3087=LINE('',#9070,#3682);
#3088=LINE('',#9074,#3683);
#3089=LINE('',#9076,#3684);
#3090=LINE('',#9078,#3685);
#3091=LINE('',#9082,#3686);
#3092=LINE('',#9084,#3687);
#3093=LINE('',#9092,#3688);
#3094=LINE('',#9096,#3689);
#3095=LINE('',#9101,#3690);
#3096=LINE('',#9105,#3691);
#3097=LINE('',#9110,#3692);
#3098=LINE('',#9117,#3693);
#3099=LINE('',#9122,#3694);
#3100=LINE('',#9129,#3695);
#3101=LINE('',#9134,#3696);
#3102=LINE('',#9138,#3697);
#3103=LINE('',#9146,#3698);
#3104=LINE('',#9150,#3699);
#3105=LINE('',#9152,#3700);
#3106=LINE('',#9154,#3701);
#3107=LINE('',#9156,#3702);
#3108=LINE('',#9158,#3703);
#3109=LINE('',#9160,#3704);
#3110=LINE('',#9162,#3705);
#3111=LINE('',#9164,#3706);
#3112=LINE('',#9166,#3707);
#3113=LINE('',#9168,#3708);
#3114=LINE('',#9170,#3709);
#3115=LINE('',#9172,#3710);
#3116=LINE('',#9174,#3711);
#3117=LINE('',#9176,#3712);
#3118=LINE('',#9178,#3713);
#3119=LINE('',#9180,#3714);
#3120=LINE('',#9182,#3715);
#3121=LINE('',#9184,#3716);
#3122=LINE('',#9186,#3717);
#3123=LINE('',#9188,#3718);
#3124=LINE('',#9190,#3719);
#3125=LINE('',#9192,#3720);
#3126=LINE('',#9194,#3721);
#3127=LINE('',#9196,#3722);
#3128=LINE('',#9199,#3723);
#3129=LINE('',#9201,#3724);
#3130=LINE('',#9203,#3725);
#3131=LINE('',#9205,#3726);
#3132=LINE('',#9208,#3727);
#3133=LINE('',#9209,#3728);
#3134=LINE('',#9213,#3729);
#3135=LINE('',#9215,#3730);
#3136=LINE('',#9217,#3731);
#3137=LINE('',#9221,#3732);
#3138=LINE('',#9224,#3733);
#3139=LINE('',#9226,#3734);
#3140=LINE('',#9228,#3735);
#3141=LINE('',#9230,#3736);
#3142=LINE('',#9232,#3737);
#3143=LINE('',#9234,#3738);
#3144=LINE('',#9236,#3739);
#3145=LINE('',#9238,#3740);
#3146=LINE('',#9240,#3741);
#3147=LINE('',#9242,#3742);
#3148=LINE('',#9244,#3743);
#3149=LINE('',#9249,#3744);
#3150=LINE('',#9250,#3745);
#3151=LINE('',#9252,#3746);
#3152=LINE('',#9254,#3747);
#3153=LINE('',#9258,#3748);
#3154=LINE('',#9260,#3749);
#3155=LINE('',#9262,#3750);
#3156=LINE('',#9266,#3751);
#3157=LINE('',#9268,#3752);
#3158=LINE('',#9270,#3753);
#3159=LINE('',#9274,#3754);
#3160=LINE('',#9276,#3755);
#3161=LINE('',#9278,#3756);
#3162=LINE('',#9282,#3757);
#3163=LINE('',#9284,#3758);
#3164=LINE('',#9286,#3759);
#3165=LINE('',#9290,#3760);
#3166=LINE('',#9292,#3761);
#3167=LINE('',#9294,#3762);
#3168=LINE('',#9297,#3763);
#3169=LINE('',#9298,#3764);
#3170=LINE('',#9300,#3765);
#3171=LINE('',#9302,#3766);
#3172=LINE('',#9304,#3767);
#3173=LINE('',#9306,#3768);
#3174=LINE('',#9309,#3769);
#3175=LINE('',#9311,#3770);
#3176=LINE('',#9313,#3771);
#3177=LINE('',#9315,#3772);
#3178=LINE('',#9318,#3773);
#3179=LINE('',#9320,#3774);
#3180=LINE('',#9322,#3775);
#3181=LINE('',#9324,#3776);
#3182=LINE('',#9327,#3777);
#3183=LINE('',#9329,#3778);
#3184=LINE('',#9331,#3779);
#3185=LINE('',#9333,#3780);
#3186=LINE('',#9336,#3781);
#3187=LINE('',#9338,#3782);
#3188=LINE('',#9340,#3783);
#3189=LINE('',#9342,#3784);
#3190=LINE('',#9345,#3785);
#3191=LINE('',#9347,#3786);
#3192=LINE('',#9349,#3787);
#3193=LINE('',#9351,#3788);
#3194=LINE('',#9354,#3789);
#3195=LINE('',#9356,#3790);
#3196=LINE('',#9358,#3791);
#3197=LINE('',#9366,#3792);
#3198=LINE('',#9369,#3793);
#3199=LINE('',#9371,#3794);
#3200=LINE('',#9373,#3795);
#3201=LINE('',#9375,#3796);
#3202=LINE('',#9378,#3797);
#3203=LINE('',#9380,#3798);
#3204=LINE('',#9382,#3799);
#3205=LINE('',#9384,#3800);
#3206=LINE('',#9387,#3801);
#3207=LINE('',#9389,#3802);
#3208=LINE('',#9391,#3803);
#3209=LINE('',#9393,#3804);
#3210=LINE('',#9396,#3805);
#3211=LINE('',#9397,#3806);
#3212=LINE('',#9399,#3807);
#3213=LINE('',#9402,#3808);
#3214=LINE('',#9404,#3809);
#3215=LINE('',#9406,#3810);
#3216=LINE('',#9408,#3811);
#3217=LINE('',#9410,#3812);
#3218=LINE('',#9411,#3813);
#3219=LINE('',#9413,#3814);
#3220=LINE('',#9415,#3815);
#3221=LINE('',#9417,#3816);
#3222=LINE('',#9420,#3817);
#3223=LINE('',#9422,#3818);
#3224=LINE('',#9423,#3819);
#3225=LINE('',#9425,#3820);
#3226=LINE('',#9427,#3821);
#3227=LINE('',#9429,#3822);
#3228=LINE('',#9431,#3823);
#3229=LINE('',#9434,#3824);
#3230=LINE('',#9436,#3825);
#3231=LINE('',#9438,#3826);
#3232=LINE('',#9440,#3827);
#3233=LINE('',#9443,#3828);
#3234=LINE('',#9444,#3829);
#3235=LINE('',#9445,#3830);
#3236=LINE('',#9447,#3831);
#3237=LINE('',#9449,#3832);
#3238=LINE('',#9451,#3833);
#3239=LINE('',#9454,#3834);
#3240=LINE('',#9456,#3835);
#3241=LINE('',#9458,#3836);
#3242=LINE('',#9460,#3837);
#3243=LINE('',#9462,#3838);
#3244=LINE('',#9463,#3839);
#3245=LINE('',#9465,#3840);
#3246=LINE('',#9467,#3841);
#3247=LINE('',#9470,#3842);
#3248=LINE('',#9472,#3843);
#3249=LINE('',#9474,#3844);
#3250=LINE('',#9475,#3845);
#3251=LINE('',#9477,#3846);
#3252=LINE('',#9479,#3847);
#3253=LINE('',#9481,#3848);
#3254=LINE('',#9483,#3849);
#3255=LINE('',#9485,#3850);
#3256=LINE('',#9486,#3851);
#3257=LINE('',#9488,#3852);
#3258=LINE('',#9490,#3853);
#3259=LINE('',#9493,#3854);
#3260=LINE('',#9495,#3855);
#3261=LINE('',#9496,#3856);
#3262=LINE('',#9498,#3857);
#3263=LINE('',#9500,#3858);
#3264=LINE('',#9502,#3859);
#3265=LINE('',#9504,#3860);
#3266=LINE('',#9506,#3861);
#3267=LINE('',#9508,#3862);
#3268=LINE('',#9509,#3863);
#3269=LINE('',#9511,#3864);
#3270=LINE('',#9513,#3865);
#3271=LINE('',#9516,#3866);
#3272=LINE('',#9518,#3867);
#3273=LINE('',#9520,#3868);
#3274=LINE('',#9522,#3869);
#3275=LINE('',#9525,#3870);
#3276=LINE('',#9527,#3871);
#3277=LINE('',#9529,#3872);
#3278=LINE('',#9531,#3873);
#3279=LINE('',#9533,#3874);
#3280=LINE('',#9534,#3875);
#3281=LINE('',#9536,#3876);
#3282=LINE('',#9538,#3877);
#3283=LINE('',#9541,#3878);
#3284=LINE('',#9542,#3879);
#3285=LINE('',#9543,#3880);
#3286=LINE('',#9545,#3881);
#3287=LINE('',#9547,#3882);
#3288=LINE('',#9549,#3883);
#3289=LINE('',#9550,#3884);
#3290=LINE('',#9552,#3885);
#3291=LINE('',#9554,#3886);
#3292=LINE('',#9556,#3887);
#3293=LINE('',#9558,#3888);
#3294=LINE('',#9559,#3889);
#3295=LINE('',#9561,#3890);
#3296=LINE('',#9564,#3891);
#3297=LINE('',#9566,#3892);
#3298=LINE('',#9568,#3893);
#3299=LINE('',#9570,#3894);
#3300=LINE('',#9573,#3895);
#3301=LINE('',#9574,#3896);
#3302=LINE('',#9576,#3897);
#3303=LINE('',#9578,#3898);
#3304=LINE('',#9580,#3899);
#3305=LINE('',#9582,#3900);
#3306=LINE('',#9584,#3901);
#3307=LINE('',#9587,#3902);
#3308=LINE('',#9589,#3903);
#3309=LINE('',#9591,#3904);
#3310=LINE('',#9593,#3905);
#3311=LINE('',#9596,#3906);
#3312=LINE('',#9597,#3907);
#3313=LINE('',#9599,#3908);
#3314=LINE('',#9601,#3909);
#3315=LINE('',#9603,#3910);
#3316=LINE('',#9605,#3911);
#3317=LINE('',#9619,#3912);
#3318=LINE('',#9628,#3913);
#3319=LINE('',#9636,#3914);
#3320=LINE('',#9651,#3915);
#3321=LINE('',#9669,#3916);
#3322=LINE('',#9678,#3917);
#3323=LINE('',#9683,#3918);
#3324=LINE('',#9696,#3919);
#3325=LINE('',#9717,#3920);
#3326=LINE('',#9730,#3921);
#3327=LINE('',#9744,#3922);
#3328=LINE('',#9759,#3923);
#3329=LINE('',#9761,#3924);
#3330=LINE('',#9763,#3925);
#3331=LINE('',#9764,#3926);
#3332=LINE('',#9766,#3927);
#3333=LINE('',#9767,#3928);
#3334=LINE('',#9769,#3929);
#3335=LINE('',#9771,#3930);
#3336=LINE('',#9772,#3931);
#3337=LINE('',#9775,#3932);
#3338=LINE('',#9776,#3933);
#3339=LINE('',#9777,#3934);
#3340=LINE('',#9778,#3935);
#3341=LINE('',#9783,#3936);
#3342=LINE('',#9784,#3937);
#3343=LINE('',#9786,#3938);
#3344=LINE('',#9787,#3939);
#3345=LINE('',#9789,#3940);
#3346=LINE('',#9790,#3941);
#3347=LINE('',#9792,#3942);
#3348=LINE('',#9794,#3943);
#3349=LINE('',#9795,#3944);
#3350=LINE('',#9797,#3945);
#3351=LINE('',#9799,#3946);
#3352=LINE('',#9800,#3947);
#3353=LINE('',#9802,#3948);
#3354=LINE('',#9803,#3949);
#3355=LINE('',#9806,#3950);
#3356=LINE('',#9808,#3951);
#3357=LINE('',#9810,#3952);
#3358=LINE('',#9811,#3953);
#3359=LINE('',#9813,#3954);
#3360=LINE('',#9814,#3955);
#3361=LINE('',#9815,#3956);
#3362=LINE('',#9816,#3957);
#3363=LINE('',#9818,#3958);
#3364=LINE('',#9820,#3959);
#3365=LINE('',#9821,#3960);
#3366=LINE('',#9823,#3961);
#3367=LINE('',#9824,#3962);
#3368=LINE('',#9825,#3963);
#3369=LINE('',#9826,#3964);
#3370=LINE('',#9827,#3965);
#3371=LINE('',#9829,#3966);
#3372=LINE('',#9831,#3967);
#3373=LINE('',#9832,#3968);
#3374=LINE('',#9835,#3969);
#3375=LINE('',#9836,#3970);
#3376=LINE('',#9837,#3971);
#3377=LINE('',#9838,#3972);
#3378=LINE('',#9839,#3973);
#3379=LINE('',#9840,#3974);
#3380=LINE('',#9845,#3975);
#3381=LINE('',#9847,#3976);
#3382=LINE('',#9848,#3977);
#3383=LINE('',#9850,#3978);
#3384=LINE('',#9852,#3979);
#3385=LINE('',#9854,#3980);
#3386=LINE('',#9856,#3981);
#3387=LINE('',#9858,#3982);
#3388=LINE('',#9860,#3983);
#3389=LINE('',#9862,#3984);
#3390=LINE('',#9864,#3985);
#3391=LINE('',#9866,#3986);
#3392=LINE('',#9867,#3987);
#3393=LINE('',#9869,#3988);
#3394=LINE('',#9870,#3989);
#3395=LINE('',#9874,#3990);
#3396=LINE('',#9876,#3991);
#3397=LINE('',#9878,#3992);
#3398=LINE('',#9880,#3993);
#3399=LINE('',#9882,#3994);
#3400=LINE('',#9902,#3995);
#3401=LINE('',#9904,#3996);
#3402=LINE('',#9906,#3997);
#3403=LINE('',#9908,#3998);
#3404=LINE('',#9910,#3999);
#3405=LINE('',#9912,#4000);
#3406=LINE('',#9914,#4001);
#3407=LINE('',#9916,#4002);
#3408=LINE('',#9918,#4003);
#3409=LINE('',#9922,#4004);
#3410=LINE('',#9927,#4005);
#3411=LINE('',#9934,#4006);
#3412=LINE('',#9938,#4007);
#3413=LINE('',#9940,#4008);
#3414=LINE('',#9943,#4009);
#3415=LINE('',#9945,#4010);
#3416=LINE('',#9947,#4011);
#3417=LINE('',#9949,#4012);
#3418=LINE('',#9952,#4013);
#3419=LINE('',#9954,#4014);
#3420=LINE('',#9956,#4015);
#3421=LINE('',#9958,#4016);
#3422=LINE('',#9961,#4017);
#3423=LINE('',#9963,#4018);
#3424=LINE('',#9965,#4019);
#3425=LINE('',#9967,#4020);
#3426=LINE('',#9969,#4021);
#3427=LINE('',#9971,#4022);
#3428=LINE('',#9973,#4023);
#3429=LINE('',#9975,#4024);
#3430=LINE('',#9977,#4025);
#3431=LINE('',#9979,#4026);
#3432=LINE('',#9982,#4027);
#3433=LINE('',#9984,#4028);
#3434=LINE('',#9986,#4029);
#3435=LINE('',#9992,#4030);
#3436=LINE('',#9994,#4031);
#3437=LINE('',#9997,#4032);
#3438=LINE('',#9998,#4033);
#3439=LINE('',#10002,#4034);
#3440=LINE('',#10006,#4035);
#3441=LINE('',#10009,#4036);
#3442=LINE('',#10011,#4037);
#3443=LINE('',#10013,#4038);
#3444=LINE('',#10015,#4039);
#3445=LINE('',#10017,#4040);
#3446=LINE('',#10019,#4041);
#3447=LINE('',#10021,#4042);
#3448=LINE('',#10023,#4043);
#3449=LINE('',#10025,#4044);
#3450=LINE('',#10027,#4045);
#3451=LINE('',#10028,#4046);
#3452=LINE('',#10030,#4047);
#3453=LINE('',#10032,#4048);
#3454=LINE('',#10034,#4049);
#3455=LINE('',#10036,#4050);
#3456=LINE('',#10038,#4051);
#3457=LINE('',#10040,#4052);
#3458=LINE('',#10042,#4053);
#3459=LINE('',#10044,#4054);
#3460=LINE('',#10047,#4055);
#3461=LINE('',#10048,#4056);
#3462=LINE('',#10050,#4057);
#3463=LINE('',#10052,#4058);
#3464=LINE('',#10054,#4059);
#3465=LINE('',#10056,#4060);
#3466=LINE('',#10058,#4061);
#3467=LINE('',#10061,#4062);
#3468=LINE('',#10062,#4063);
#3469=LINE('',#10064,#4064);
#3470=LINE('',#10066,#4065);
#3471=LINE('',#10067,#4066);
#3472=LINE('',#10068,#4067);
#3473=LINE('',#10070,#4068);
#3474=LINE('',#10072,#4069);
#3475=LINE('',#10074,#4070);
#3476=LINE('',#10078,#4071);
#3477=LINE('',#10080,#4072);
#3478=LINE('',#10081,#4073);
#3479=LINE('',#10083,#4074);
#3480=LINE('',#10085,#4075);
#3481=LINE('',#10086,#4076);
#3482=LINE('',#10088,#4077);
#3483=LINE('',#10090,#4078);
#3484=VECTOR('',#7128,1000.);
#3485=VECTOR('',#7129,1000.);
#3486=VECTOR('',#7130,1000.);
#3487=VECTOR('',#7131,1000.);
#3488=VECTOR('',#7132,1000.);
#3489=VECTOR('',#7133,1000.);
#3490=VECTOR('',#7134,1000.);
#3491=VECTOR('',#7135,1000.);
#3492=VECTOR('',#7136,1000.);
#3493=VECTOR('',#7137,1000.);
#3494=VECTOR('',#7138,1000.);
#3495=VECTOR('',#7139,1000.);
#3496=VECTOR('',#7154,1000.);
#3497=VECTOR('',#7155,1000.);
#3498=VECTOR('',#7156,1000.);
#3499=VECTOR('',#7159,1000.);
#3500=VECTOR('',#7160,1000.);
#3501=VECTOR('',#7161,1000.);
#3502=VECTOR('',#7164,1000.);
#3503=VECTOR('',#7165,1000.);
#3504=VECTOR('',#7166,1000.);
#3505=VECTOR('',#7169,1000.);
#3506=VECTOR('',#7170,1000.);
#3507=VECTOR('',#7171,1000.);
#3508=VECTOR('',#7174,1000.);
#3509=VECTOR('',#7175,1000.);
#3510=VECTOR('',#7176,1000.);
#3511=VECTOR('',#7179,1000.);
#3512=VECTOR('',#7180,1000.);
#3513=VECTOR('',#7181,1000.);
#3514=VECTOR('',#7184,1000.);
#3515=VECTOR('',#7185,1000.);
#3516=VECTOR('',#7186,1000.);
#3517=VECTOR('',#7189,1000.);
#3518=VECTOR('',#7190,1000.);
#3519=VECTOR('',#7191,1000.);
#3520=VECTOR('',#7196,1000.);
#3521=VECTOR('',#7199,1000.);
#3522=VECTOR('',#7202,1000.);
#3523=VECTOR('',#7203,1000.);
#3524=VECTOR('',#7204,1000.);
#3525=VECTOR('',#7205,1000.);
#3526=VECTOR('',#7206,1000.);
#3527=VECTOR('',#7209,1000.);
#3528=VECTOR('',#7210,1000.);
#3529=VECTOR('',#7211,1000.);
#3530=VECTOR('',#7212,1000.);
#3531=VECTOR('',#7213,1000.);
#3532=VECTOR('',#7216,1000.);
#3533=VECTOR('',#7219,1000.);
#3534=VECTOR('',#7224,1000.);
#3535=VECTOR('',#7225,1000.);
#3536=VECTOR('',#7226,1000.);
#3537=VECTOR('',#7227,1000.);
#3538=VECTOR('',#7228,1000.);
#3539=VECTOR('',#7231,1000.);
#3540=VECTOR('',#7232,1000.);
#3541=VECTOR('',#7233,1000.);
#3542=VECTOR('',#7234,1000.);
#3543=VECTOR('',#7235,1000.);
#3544=VECTOR('',#7280,1000.);
#3545=VECTOR('',#7283,1000.);
#3546=VECTOR('',#7288,1000.);
#3547=VECTOR('',#7291,1000.);
#3548=VECTOR('',#7294,1000.);
#3549=VECTOR('',#7295,1000.);
#3550=VECTOR('',#7298,1000.);
#3551=VECTOR('',#7303,1000.);
#3552=VECTOR('',#7306,1000.);
#3553=VECTOR('',#7311,1000.);
#3554=VECTOR('',#7314,1000.);
#3555=VECTOR('',#7317,1000.);
#3556=VECTOR('',#7318,1000.);
#3557=VECTOR('',#7321,1000.);
#3558=VECTOR('',#7326,1000.);
#3559=VECTOR('',#7329,1000.);
#3560=VECTOR('',#7334,1000.);
#3561=VECTOR('',#7337,1000.);
#3562=VECTOR('',#7340,1000.);
#3563=VECTOR('',#7341,1000.);
#3564=VECTOR('',#7344,1000.);
#3565=VECTOR('',#7349,1000.);
#3566=VECTOR('',#7352,1000.);
#3567=VECTOR('',#7357,1000.);
#3568=VECTOR('',#7360,1000.);
#3569=VECTOR('',#7363,1000.);
#3570=VECTOR('',#7364,1000.);
#3571=VECTOR('',#7367,1000.);
#3572=VECTOR('',#7370,1000.);
#3573=VECTOR('',#7371,1000.);
#3574=VECTOR('',#7372,1000.);
#3575=VECTOR('',#7373,1000.);
#3576=VECTOR('',#7376,1000.);
#3577=VECTOR('',#7377,1000.);
#3578=VECTOR('',#7378,1000.);
#3579=VECTOR('',#7379,1000.);
#3580=VECTOR('',#7380,1000.);
#3581=VECTOR('',#7383,1000.);
#3582=VECTOR('',#7384,1000.);
#3583=VECTOR('',#7387,1000.);
#3584=VECTOR('',#7388,1000.);
#3585=VECTOR('',#7391,1000.);
#3586=VECTOR('',#7392,1000.);
#3587=VECTOR('',#7393,1000.);
#3588=VECTOR('',#7394,1000.);
#3589=VECTOR('',#7397,1000.);
#3590=VECTOR('',#7398,1000.);
#3591=VECTOR('',#7399,1000.);
#3592=VECTOR('',#7400,1000.);
#3593=VECTOR('',#7401,1000.);
#3594=VECTOR('',#7404,1000.);
#3595=VECTOR('',#7405,1000.);
#3596=VECTOR('',#7408,1000.);
#3597=VECTOR('',#7409,1000.);
#3598=VECTOR('',#7412,1000.);
#3599=VECTOR('',#7413,1000.);
#3600=VECTOR('',#7414,1000.);
#3601=VECTOR('',#7415,1000.);
#3602=VECTOR('',#7418,1000.);
#3603=VECTOR('',#7419,1000.);
#3604=VECTOR('',#7420,1000.);
#3605=VECTOR('',#7421,1000.);
#3606=VECTOR('',#7422,1000.);
#3607=VECTOR('',#7425,1000.);
#3608=VECTOR('',#7426,1000.);
#3609=VECTOR('',#7429,1000.);
#3610=VECTOR('',#7430,1000.);
#3611=VECTOR('',#7433,1000.);
#3612=VECTOR('',#7434,1000.);
#3613=VECTOR('',#7435,1000.);
#3614=VECTOR('',#7436,1000.);
#3615=VECTOR('',#7439,1000.);
#3616=VECTOR('',#7440,1000.);
#3617=VECTOR('',#7441,1000.);
#3618=VECTOR('',#7442,1000.);
#3619=VECTOR('',#7443,1000.);
#3620=VECTOR('',#7446,1000.);
#3621=VECTOR('',#7447,1000.);
#3622=VECTOR('',#7450,1000.);
#3623=VECTOR('',#7451,1000.);
#3624=VECTOR('',#7466,1000.);
#3625=VECTOR('',#7467,1000.);
#3626=VECTOR('',#7468,1000.);
#3627=VECTOR('',#7469,1000.);
#3628=VECTOR('',#7472,1000.);
#3629=VECTOR('',#7475,1000.);
#3630=VECTOR('',#7476,1000.);
#3631=VECTOR('',#7481,1000.);
#3632=VECTOR('',#7482,1000.);
#3633=VECTOR('',#7485,1000.);
#3634=VECTOR('',#7490,1000.);
#3635=VECTOR('',#7493,1000.);
#3636=VECTOR('',#7496,1000.);
#3637=VECTOR('',#7497,1000.);
#3638=VECTOR('',#7498,1000.);
#3639=VECTOR('',#7499,1000.);
#3640=VECTOR('',#7502,1000.);
#3641=VECTOR('',#7505,1000.);
#3642=VECTOR('',#7506,1000.);
#3643=VECTOR('',#7511,1000.);
#3644=VECTOR('',#7512,1000.);
#3645=VECTOR('',#7515,1000.);
#3646=VECTOR('',#7520,1000.);
#3647=VECTOR('',#7523,1000.);
#3648=VECTOR('',#7526,1000.);
#3649=VECTOR('',#7527,1000.);
#3650=VECTOR('',#7528,1000.);
#3651=VECTOR('',#7529,1000.);
#3652=VECTOR('',#7532,1000.);
#3653=VECTOR('',#7533,1000.);
#3654=VECTOR('',#7534,1000.);
#3655=VECTOR('',#7539,1000.);
#3656=VECTOR('',#7542,1000.);
#3657=VECTOR('',#7543,1000.);
#3658=VECTOR('',#7550,1000.);
#3659=VECTOR('',#7551,1000.);
#3660=VECTOR('',#7552,1000.);
#3661=VECTOR('',#7553,1000.);
#3662=VECTOR('',#7554,1000.);
#3663=VECTOR('',#7555,1000.);
#3664=VECTOR('',#7556,1000.);
#3665=VECTOR('',#7557,1000.);
#3666=VECTOR('',#7558,1000.);
#3667=VECTOR('',#7559,1000.);
#3668=VECTOR('',#7560,1000.);
#3669=VECTOR('',#7561,1000.);
#3670=VECTOR('',#7566,1000.);
#3671=VECTOR('',#7567,1000.);
#3672=VECTOR('',#7570,1000.);
#3673=VECTOR('',#7571,1000.);
#3674=VECTOR('',#7576,1000.);
#3675=VECTOR('',#7579,1000.);
#3676=VECTOR('',#7580,1000.);
#3677=VECTOR('',#7585,1000.);
#3678=VECTOR('',#7588,1000.);
#3679=VECTOR('',#7589,1000.);
#3680=VECTOR('',#7594,1000.);
#3681=VECTOR('',#7597,1000.);
#3682=VECTOR('',#7598,1000.);
#3683=VECTOR('',#7603,1000.);
#3684=VECTOR('',#7606,1000.);
#3685=VECTOR('',#7607,1000.);
#3686=VECTOR('',#7612,1000.);
#3687=VECTOR('',#7615,1000.);
#3688=VECTOR('',#7618,1000.);
#3689=VECTOR('',#7621,1000.);
#3690=VECTOR('',#7626,1000.);
#3691=VECTOR('',#7629,1000.);
#3692=VECTOR('',#7634,1000.);
#3693=VECTOR('',#7635,1000.);
#3694=VECTOR('',#7640,1000.);
#3695=VECTOR('',#7641,1000.);
#3696=VECTOR('',#7646,1000.);
#3697=VECTOR('',#7649,1000.);
#3698=VECTOR('',#7652,1000.);
#3699=VECTOR('',#7655,1000.);
#3700=VECTOR('',#7658,1000.);
#3701=VECTOR('',#7659,1000.);
#3702=VECTOR('',#7660,1000.);
#3703=VECTOR('',#7661,1000.);
#3704=VECTOR('',#7664,1000.);
#3705=VECTOR('',#7665,1000.);
#3706=VECTOR('',#7666,1000.);
#3707=VECTOR('',#7669,1000.);
#3708=VECTOR('',#7670,1000.);
#3709=VECTOR('',#7671,1000.);
#3710=VECTOR('',#7672,1000.);
#3711=VECTOR('',#7675,1000.);
#3712=VECTOR('',#7676,1000.);
#3713=VECTOR('',#7677,1000.);
#3714=VECTOR('',#7678,1000.);
#3715=VECTOR('',#7681,1000.);
#3716=VECTOR('',#7682,1000.);
#3717=VECTOR('',#7683,1000.);
#3718=VECTOR('',#7686,1000.);
#3719=VECTOR('',#7687,1000.);
#3720=VECTOR('',#7688,1000.);
#3721=VECTOR('',#7689,1000.);
#3722=VECTOR('',#7692,1000.);
#3723=VECTOR('',#7693,1000.);
#3724=VECTOR('',#7694,1000.);
#3725=VECTOR('',#7695,1000.);
#3726=VECTOR('',#7698,1000.);
#3727=VECTOR('',#7699,1000.);
#3728=VECTOR('',#7700,1000.);
#3729=VECTOR('',#7705,1000.);
#3730=VECTOR('',#7708,1000.);
#3731=VECTOR('',#7709,1000.);
#3732=VECTOR('',#7716,1000.);
#3733=VECTOR('',#7717,1000.);
#3734=VECTOR('',#7718,1000.);
#3735=VECTOR('',#7719,1000.);
#3736=VECTOR('',#7720,1000.);
#3737=VECTOR('',#7721,1000.);
#3738=VECTOR('',#7722,1000.);
#3739=VECTOR('',#7723,1000.);
#3740=VECTOR('',#7724,1000.);
#3741=VECTOR('',#7725,1000.);
#3742=VECTOR('',#7726,1000.);
#3743=VECTOR('',#7727,1000.);
#3744=VECTOR('',#7732,1000.);
#3745=VECTOR('',#7733,1000.);
#3746=VECTOR('',#7736,1000.);
#3747=VECTOR('',#7737,1000.);
#3748=VECTOR('',#7742,1000.);
#3749=VECTOR('',#7745,1000.);
#3750=VECTOR('',#7746,1000.);
#3751=VECTOR('',#7751,1000.);
#3752=VECTOR('',#7754,1000.);
#3753=VECTOR('',#7755,1000.);
#3754=VECTOR('',#7760,1000.);
#3755=VECTOR('',#7763,1000.);
#3756=VECTOR('',#7764,1000.);
#3757=VECTOR('',#7769,1000.);
#3758=VECTOR('',#7772,1000.);
#3759=VECTOR('',#7773,1000.);
#3760=VECTOR('',#7778,1000.);
#3761=VECTOR('',#7781,1000.);
#3762=VECTOR('',#7784,1000.);
#3763=VECTOR('',#7785,1000.);
#3764=VECTOR('',#7786,1000.);
#3765=VECTOR('',#7789,1000.);
#3766=VECTOR('',#7790,1000.);
#3767=VECTOR('',#7791,1000.);
#3768=VECTOR('',#7794,1000.);
#3769=VECTOR('',#7795,1000.);
#3770=VECTOR('',#7796,1000.);
#3771=VECTOR('',#7797,1000.);
#3772=VECTOR('',#7800,1000.);
#3773=VECTOR('',#7801,1000.);
#3774=VECTOR('',#7802,1000.);
#3775=VECTOR('',#7803,1000.);
#3776=VECTOR('',#7806,1000.);
#3777=VECTOR('',#7807,1000.);
#3778=VECTOR('',#7808,1000.);
#3779=VECTOR('',#7809,1000.);
#3780=VECTOR('',#7812,1000.);
#3781=VECTOR('',#7813,1000.);
#3782=VECTOR('',#7814,1000.);
#3783=VECTOR('',#7815,1000.);
#3784=VECTOR('',#7818,1000.);
#3785=VECTOR('',#7819,1000.);
#3786=VECTOR('',#7820,1000.);
#3787=VECTOR('',#7821,1000.);
#3788=VECTOR('',#7824,1000.);
#3789=VECTOR('',#7825,1000.);
#3790=VECTOR('',#7826,1000.);
#3791=VECTOR('',#7827,1000.);
#3792=VECTOR('',#7838,1000.);
#3793=VECTOR('',#7839,1000.);
#3794=VECTOR('',#7840,1000.);
#3795=VECTOR('',#7841,1000.);
#3796=VECTOR('',#7844,1000.);
#3797=VECTOR('',#7845,1000.);
#3798=VECTOR('',#7846,1000.);
#3799=VECTOR('',#7847,1000.);
#3800=VECTOR('',#7850,1000.);
#3801=VECTOR('',#7851,1000.);
#3802=VECTOR('',#7852,1000.);
#3803=VECTOR('',#7853,1000.);
#3804=VECTOR('',#7856,1000.);
#3805=VECTOR('',#7857,1000.);
#3806=VECTOR('',#7858,1000.);
#3807=VECTOR('',#7861,1000.);
#3808=VECTOR('',#7862,1000.);
#3809=VECTOR('',#7863,1000.);
#3810=VECTOR('',#7864,1000.);
#3811=VECTOR('',#7867,1000.);
#3812=VECTOR('',#7868,1000.);
#3813=VECTOR('',#7869,1000.);
#3814=VECTOR('',#7872,1000.);
#3815=VECTOR('',#7875,1000.);
#3816=VECTOR('',#7878,1000.);
#3817=VECTOR('',#7879,1000.);
#3818=VECTOR('',#7880,1000.);
#3819=VECTOR('',#7881,1000.);
#3820=VECTOR('',#7884,1000.);
#3821=VECTOR('',#7885,1000.);
#3822=VECTOR('',#7886,1000.);
#3823=VECTOR('',#7889,1000.);
#3824=VECTOR('',#7890,1000.);
#3825=VECTOR('',#7891,1000.);
#3826=VECTOR('',#7892,1000.);
#3827=VECTOR('',#7895,1000.);
#3828=VECTOR('',#7896,1000.);
#3829=VECTOR('',#7897,1000.);
#3830=VECTOR('',#7898,1000.);
#3831=VECTOR('',#7901,1000.);
#3832=VECTOR('',#7902,1000.);
#3833=VECTOR('',#7905,1000.);
#3834=VECTOR('',#7906,1000.);
#3835=VECTOR('',#7907,1000.);
#3836=VECTOR('',#7908,1000.);
#3837=VECTOR('',#7911,1000.);
#3838=VECTOR('',#7912,1000.);
#3839=VECTOR('',#7913,1000.);
#3840=VECTOR('',#7914,1000.);
#3841=VECTOR('',#7917,1000.);
#3842=VECTOR('',#7918,1000.);
#3843=VECTOR('',#7919,1000.);
#3844=VECTOR('',#7920,1000.);
#3845=VECTOR('',#7921,1000.);
#3846=VECTOR('',#7924,1000.);
#3847=VECTOR('',#7925,1000.);
#3848=VECTOR('',#7926,1000.);
#3849=VECTOR('',#7929,1000.);
#3850=VECTOR('',#7930,1000.);
#3851=VECTOR('',#7931,1000.);
#3852=VECTOR('',#7932,1000.);
#3853=VECTOR('',#7935,1000.);
#3854=VECTOR('',#7936,1000.);
#3855=VECTOR('',#7937,1000.);
#3856=VECTOR('',#7938,1000.);
#3857=VECTOR('',#7939,1000.);
#3858=VECTOR('',#7942,1000.);
#3859=VECTOR('',#7943,1000.);
#3860=VECTOR('',#7944,1000.);
#3861=VECTOR('',#7947,1000.);
#3862=VECTOR('',#7948,1000.);
#3863=VECTOR('',#7949,1000.);
#3864=VECTOR('',#7950,1000.);
#3865=VECTOR('',#7953,1000.);
#3866=VECTOR('',#7954,1000.);
#3867=VECTOR('',#7955,1000.);
#3868=VECTOR('',#7956,1000.);
#3869=VECTOR('',#7959,1000.);
#3870=VECTOR('',#7960,1000.);
#3871=VECTOR('',#7961,1000.);
#3872=VECTOR('',#7962,1000.);
#3873=VECTOR('',#7965,1000.);
#3874=VECTOR('',#7966,1000.);
#3875=VECTOR('',#7967,1000.);
#3876=VECTOR('',#7968,1000.);
#3877=VECTOR('',#7971,1000.);
#3878=VECTOR('',#7972,1000.);
#3879=VECTOR('',#7973,1000.);
#3880=VECTOR('',#7974,1000.);
#3881=VECTOR('',#7977,1000.);
#3882=VECTOR('',#7978,1000.);
#3883=VECTOR('',#7981,1000.);
#3884=VECTOR('',#7982,1000.);
#3885=VECTOR('',#7983,1000.);
#3886=VECTOR('',#7986,1000.);
#3887=VECTOR('',#7987,1000.);
#3888=VECTOR('',#7988,1000.);
#3889=VECTOR('',#7989,1000.);
#3890=VECTOR('',#7992,1000.);
#3891=VECTOR('',#7993,1000.);
#3892=VECTOR('',#7994,1000.);
#3893=VECTOR('',#7995,1000.);
#3894=VECTOR('',#7998,1000.);
#3895=VECTOR('',#7999,1000.);
#3896=VECTOR('',#8000,1000.);
#3897=VECTOR('',#8003,1000.);
#3898=VECTOR('',#8004,1000.);
#3899=VECTOR('',#8007,1000.);
#3900=VECTOR('',#8008,1000.);
#3901=VECTOR('',#8011,1000.);
#3902=VECTOR('',#8012,1000.);
#3903=VECTOR('',#8013,1000.);
#3904=VECTOR('',#8014,1000.);
#3905=VECTOR('',#8017,1000.);
#3906=VECTOR('',#8018,1000.);
#3907=VECTOR('',#8019,1000.);
#3908=VECTOR('',#8022,1000.);
#3909=VECTOR('',#8023,1000.);
#3910=VECTOR('',#8026,1000.);
#3911=VECTOR('',#8027,1000.);
#3912=VECTOR('',#8030,1000.);
#3913=VECTOR('',#8033,1000.);
#3914=VECTOR('',#8036,1000.);
#3915=VECTOR('',#8037,1000.);
#3916=VECTOR('',#8042,1000.);
#3917=VECTOR('',#8045,1000.);
#3918=VECTOR('',#8050,1000.);
#3919=VECTOR('',#8051,1000.);
#3920=VECTOR('',#8054,1000.);
#3921=VECTOR('',#8055,1000.);
#3922=VECTOR('',#8058,1000.);
#3923=VECTOR('',#8059,1000.);
#3924=VECTOR('',#8062,1000.);
#3925=VECTOR('',#8063,1000.);
#3926=VECTOR('',#8064,1000.);
#3927=VECTOR('',#8067,1000.);
#3928=VECTOR('',#8068,1000.);
#3929=VECTOR('',#8071,1000.);
#3930=VECTOR('',#8072,1000.);
#3931=VECTOR('',#8073,1000.);
#3932=VECTOR('',#8078,1000.);
#3933=VECTOR('',#8079,1000.);
#3934=VECTOR('',#8080,1000.);
#3935=VECTOR('',#8081,1000.);
#3936=VECTOR('',#8090,1000.);
#3937=VECTOR('',#8091,1000.);
#3938=VECTOR('',#8094,1000.);
#3939=VECTOR('',#8095,1000.);
#3940=VECTOR('',#8098,1000.);
#3941=VECTOR('',#8099,1000.);
#3942=VECTOR('',#8102,1000.);
#3943=VECTOR('',#8105,1000.);
#3944=VECTOR('',#8106,1000.);
#3945=VECTOR('',#8109,1000.);
#3946=VECTOR('',#8112,1000.);
#3947=VECTOR('',#8113,1000.);
#3948=VECTOR('',#8116,1000.);
#3949=VECTOR('',#8117,1000.);
#3950=VECTOR('',#8122,1000.);
#3951=VECTOR('',#8123,1000.);
#3952=VECTOR('',#8126,1000.);
#3953=VECTOR('',#8127,1000.);
#3954=VECTOR('',#8130,1000.);
#3955=VECTOR('',#8131,1000.);
#3956=VECTOR('',#8132,1000.);
#3957=VECTOR('',#8133,1000.);
#3958=VECTOR('',#8136,1000.);
#3959=VECTOR('',#8137,1000.);
#3960=VECTOR('',#8138,1000.);
#3961=VECTOR('',#8141,1000.);
#3962=VECTOR('',#8142,1000.);
#3963=VECTOR('',#8143,1000.);
#3964=VECTOR('',#8144,1000.);
#3965=VECTOR('',#8145,1000.);
#3966=VECTOR('',#8148,1000.);
#3967=VECTOR('',#8151,1000.);
#3968=VECTOR('',#8152,1000.);
#3969=VECTOR('',#8157,1000.);
#3970=VECTOR('',#8158,1000.);
#3971=VECTOR('',#8159,1000.);
#3972=VECTOR('',#8160,1000.);
#3973=VECTOR('',#8161,1000.);
#3974=VECTOR('',#8162,1000.);
#3975=VECTOR('',#8171,1000.);
#3976=VECTOR('',#8174,1000.);
#3977=VECTOR('',#8175,1000.);
#3978=VECTOR('',#8178,1000.);
#3979=VECTOR('',#8181,1000.);
#3980=VECTOR('',#8184,1000.);
#3981=VECTOR('',#8187,1000.);
#3982=VECTOR('',#8190,1000.);
#3983=VECTOR('',#8193,1000.);
#3984=VECTOR('',#8196,1000.);
#3985=VECTOR('',#8199,1000.);
#3986=VECTOR('',#8202,1000.);
#3987=VECTOR('',#8203,1000.);
#3988=VECTOR('',#8206,1000.);
#3989=VECTOR('',#8207,1000.);
#3990=VECTOR('',#8214,1000.);
#3991=VECTOR('',#8217,1000.);
#3992=VECTOR('',#8220,1000.);
#3993=VECTOR('',#8223,1000.);
#3994=VECTOR('',#8224,1000.);
#3995=VECTOR('',#8263,1000.);
#3996=VECTOR('',#8264,1000.);
#3997=VECTOR('',#8267,1000.);
#3998=VECTOR('',#8268,1000.);
#3999=VECTOR('',#8271,1000.);
#4000=VECTOR('',#8274,1000.);
#4001=VECTOR('',#8277,1000.);
#4002=VECTOR('',#8280,1000.);
#4003=VECTOR('',#8283,1000.);
#4004=VECTOR('',#8290,1000.);
#4005=VECTOR('',#8293,1000.);
#4006=VECTOR('',#8300,1000.);
#4007=VECTOR('',#8303,1000.);
#4008=VECTOR('',#8306,1000.);
#4009=VECTOR('',#8307,1000.);
#4010=VECTOR('',#8308,1000.);
#4011=VECTOR('',#8309,1000.);
#4012=VECTOR('',#8312,1000.);
#4013=VECTOR('',#8313,1000.);
#4014=VECTOR('',#8314,1000.);
#4015=VECTOR('',#8315,1000.);
#4016=VECTOR('',#8318,1000.);
#4017=VECTOR('',#8319,1000.);
#4018=VECTOR('',#8320,1000.);
#4019=VECTOR('',#8321,1000.);
#4020=VECTOR('',#8324,1000.);
#4021=VECTOR('',#8325,1000.);
#4022=VECTOR('',#8326,1000.);
#4023=VECTOR('',#8329,1000.);
#4024=VECTOR('',#8330,1000.);
#4025=VECTOR('',#8331,1000.);
#4026=VECTOR('',#8334,1000.);
#4027=VECTOR('',#8335,1000.);
#4028=VECTOR('',#8336,1000.);
#4029=VECTOR('',#8337,1000.);
#4030=VECTOR('',#8344,1000.);
#4031=VECTOR('',#8347,1000.);
#4032=VECTOR('',#8348,1000.);
#4033=VECTOR('',#8349,1000.);
#4034=VECTOR('',#8354,1000.);
#4035=VECTOR('',#8359,1000.);
#4036=VECTOR('',#8360,1000.);
#4037=VECTOR('',#8361,1000.);
#4038=VECTOR('',#8362,1000.);
#4039=VECTOR('',#8365,1000.);
#4040=VECTOR('',#8366,1000.);
#4041=VECTOR('',#8367,1000.);
#4042=VECTOR('',#8370,1000.);
#4043=VECTOR('',#8371,1000.);
#4044=VECTOR('',#8372,1000.);
#4045=VECTOR('',#8375,1000.);
#4046=VECTOR('',#8376,1000.);
#4047=VECTOR('',#8379,1000.);
#4048=VECTOR('',#8380,1000.);
#4049=VECTOR('',#8381,1000.);
#4050=VECTOR('',#8382,1000.);
#4051=VECTOR('',#8383,1000.);
#4052=VECTOR('',#8384,1000.);
#4053=VECTOR('',#8385,1000.);
#4054=VECTOR('',#8388,1000.);
#4055=VECTOR('',#8389,1000.);
#4056=VECTOR('',#8390,1000.);
#4057=VECTOR('',#8393,1000.);
#4058=VECTOR('',#8394,1000.);
#4059=VECTOR('',#8397,1000.);
#4060=VECTOR('',#8398,1000.);
#4061=VECTOR('',#8401,1000.);
#4062=VECTOR('',#8402,1000.);
#4063=VECTOR('',#8403,1000.);
#4064=VECTOR('',#8406,1000.);
#4065=VECTOR('',#8409,1000.);
#4066=VECTOR('',#8410,1000.);
#4067=VECTOR('',#8411,1000.);
#4068=VECTOR('',#8412,1000.);
#4069=VECTOR('',#8413,1000.);
#4070=VECTOR('',#8416,1000.);
#4071=VECTOR('',#8421,1000.);
#4072=VECTOR('',#8424,1000.);
#4073=VECTOR('',#8425,1000.);
#4074=VECTOR('',#8426,1000.);
#4075=VECTOR('',#8429,1000.);
#4076=VECTOR('',#8430,1000.);
#4077=VECTOR('',#8433,1000.);
#4078=VECTOR('',#8436,1000.);
#4079=EDGE_LOOP('',(#218,#219,#220,#221,#222,#223,#224,#225,#226,#227,#228,
#229));
#4080=EDGE_LOOP('',(#230));
#4081=EDGE_LOOP('',(#231));
#4082=EDGE_LOOP('',(#232));
#4083=EDGE_LOOP('',(#233));
#4084=EDGE_LOOP('',(#234,#235,#236,#237));
#4085=EDGE_LOOP('',(#238,#239,#240,#241));
#4086=EDGE_LOOP('',(#242,#243,#244,#245));
#4087=EDGE_LOOP('',(#246,#247,#248,#249));
#4088=EDGE_LOOP('',(#250,#251,#252,#253));
#4089=EDGE_LOOP('',(#254,#255,#256,#257));
#4090=EDGE_LOOP('',(#258,#259,#260,#261));
#4091=EDGE_LOOP('',(#262,#263,#264,#265));
#4092=EDGE_LOOP('',(#266,#267,#268,#269));
#4093=EDGE_LOOP('',(#270,#271,#272,#273,#274,#275,#276,#277,#278,#279));
#4094=EDGE_LOOP('',(#280,#281,#282,#283,#284,#285,#286,#287,#288,#289));
#4095=EDGE_LOOP('',(#290,#291,#292,#293));
#4096=EDGE_LOOP('',(#294,#295,#296,#297,#298,#299,#300,#301,#302,#303));
#4097=EDGE_LOOP('',(#304,#305,#306,#307,#308,#309,#310,#311,#312,#313));
#4098=EDGE_LOOP('',(#314,#315,#316,#317,#318,#319,#320,#321));
#4099=EDGE_LOOP('',(#322));
#4100=EDGE_LOOP('',(#323,#324,#325,#326,#327,#328));
#4101=EDGE_LOOP('',(#329,#330,#331,#332));
#4102=EDGE_LOOP('',(#333,#334,#335,#336,#337,#338));
#4103=EDGE_LOOP('',(#339,#340));
#4104=EDGE_LOOP('',(#341,#342,#343,#344,#345,#346,#347,#348));
#4105=EDGE_LOOP('',(#349));
#4106=EDGE_LOOP('',(#350,#351,#352,#353,#354,#355));
#4107=EDGE_LOOP('',(#356,#357,#358,#359));
#4108=EDGE_LOOP('',(#360,#361,#362,#363,#364,#365));
#4109=EDGE_LOOP('',(#366,#367));
#4110=EDGE_LOOP('',(#368,#369,#370,#371));
#4111=EDGE_LOOP('',(#372,#373,#374,#375));
#4112=EDGE_LOOP('',(#376,#377,#378,#379));
#4113=EDGE_LOOP('',(#380,#381,#382,#383));
#4114=EDGE_LOOP('',(#384,#385,#386,#387));
#4115=EDGE_LOOP('',(#388,#389,#390,#391));
#4116=EDGE_LOOP('',(#392,#393,#394,#395));
#4117=EDGE_LOOP('',(#396,#397,#398,#399));
#4118=EDGE_LOOP('',(#400,#401,#402,#403));
#4119=EDGE_LOOP('',(#404,#405,#406,#407));
#4120=EDGE_LOOP('',(#408,#409,#410,#411));
#4121=EDGE_LOOP('',(#412,#413,#414,#415));
#4122=EDGE_LOOP('',(#416,#417,#418,#419));
#4123=EDGE_LOOP('',(#420,#421,#422,#423));
#4124=EDGE_LOOP('',(#424,#425,#426,#427));
#4125=EDGE_LOOP('',(#428,#429,#430,#431));
#4126=EDGE_LOOP('',(#432,#433,#434,#435));
#4127=EDGE_LOOP('',(#436,#437,#438,#439,#440,#441));
#4128=EDGE_LOOP('',(#442,#443,#444,#445));
#4129=EDGE_LOOP('',(#446,#447,#448,#449));
#4130=EDGE_LOOP('',(#450,#451,#452,#453));
#4131=EDGE_LOOP('',(#454,#455,#456,#457,#458,#459));
#4132=EDGE_LOOP('',(#460,#461,#462,#463));
#4133=EDGE_LOOP('',(#464,#465,#466,#467));
#4134=EDGE_LOOP('',(#468,#469,#470,#471));
#4135=EDGE_LOOP('',(#472,#473,#474,#475,#476,#477));
#4136=EDGE_LOOP('',(#478,#479,#480,#481));
#4137=EDGE_LOOP('',(#482,#483,#484,#485));
#4138=EDGE_LOOP('',(#486,#487,#488,#489));
#4139=EDGE_LOOP('',(#490,#491,#492,#493,#494,#495));
#4140=EDGE_LOOP('',(#496,#497,#498,#499));
#4141=EDGE_LOOP('',(#500,#501,#502,#503));
#4142=EDGE_LOOP('',(#504));
#4143=EDGE_LOOP('',(#505));
#4144=EDGE_LOOP('',(#506));
#4145=EDGE_LOOP('',(#507));
#4146=EDGE_LOOP('',(#508,#509,#510,#511));
#4147=EDGE_LOOP('',(#512));
#4148=EDGE_LOOP('',(#513,#514,#515,#516,#517,#518));
#4149=EDGE_LOOP('',(#519,#520,#521,#522,#523,#524));
#4150=EDGE_LOOP('',(#525,#526,#527,#528));
#4151=EDGE_LOOP('',(#529,#530,#531,#532));
#4152=EDGE_LOOP('',(#533,#534,#535,#536));
#4153=EDGE_LOOP('',(#537));
#4154=EDGE_LOOP('',(#538,#539,#540,#541,#542,#543));
#4155=EDGE_LOOP('',(#544,#545,#546,#547,#548,#549));
#4156=EDGE_LOOP('',(#550,#551,#552,#553));
#4157=EDGE_LOOP('',(#554,#555,#556,#557));
#4158=EDGE_LOOP('',(#558,#559,#560,#561));
#4159=EDGE_LOOP('',(#562,#563,#564,#565));
#4160=EDGE_LOOP('',(#566,#567,#568,#569));
#4161=EDGE_LOOP('',(#570,#571,#572,#573));
#4162=EDGE_LOOP('',(#574,#575,#576,#577));
#4163=EDGE_LOOP('',(#578,#579,#580,#581,#582,#583,#584,#585,#586,#587,#588,
#589));
#4164=EDGE_LOOP('',(#590,#591,#592,#593));
#4165=EDGE_LOOP('',(#594,#595,#596,#597));
#4166=EDGE_LOOP('',(#598,#599,#600,#601));
#4167=EDGE_LOOP('',(#602,#603,#604,#605));
#4168=EDGE_LOOP('',(#606,#607,#608,#609));
#4169=EDGE_LOOP('',(#610,#611,#612,#613));
#4170=EDGE_LOOP('',(#614,#615,#616,#617));
#4171=EDGE_LOOP('',(#618,#619,#620,#621));
#4172=EDGE_LOOP('',(#622,#623,#624,#625));
#4173=EDGE_LOOP('',(#626,#627,#628,#629));
#4174=EDGE_LOOP('',(#630,#631,#632,#633));
#4175=EDGE_LOOP('',(#634,#635,#636,#637));
#4176=EDGE_LOOP('',(#638,#639,#640,#641));
#4177=EDGE_LOOP('',(#642,#643,#644,#645));
#4178=EDGE_LOOP('',(#646,#647,#648,#649));
#4179=EDGE_LOOP('',(#650,#651,#652,#653));
#4180=EDGE_LOOP('',(#654,#655,#656,#657));
#4181=EDGE_LOOP('',(#658,#659,#660,#661));
#4182=EDGE_LOOP('',(#662,#663,#664,#665,#666));
#4183=EDGE_LOOP('',(#667,#668,#669,#670));
#4184=EDGE_LOOP('',(#671,#672,#673,#674,#675));
#4185=EDGE_LOOP('',(#676,#677,#678,#679,#680));
#4186=EDGE_LOOP('',(#681,#682,#683,#684));
#4187=EDGE_LOOP('',(#685,#686,#687,#688,#689));
#4188=EDGE_LOOP('',(#690,#691,#692,#693));
#4189=EDGE_LOOP('',(#694,#695,#696,#697));
#4190=EDGE_LOOP('',(#698,#699,#700,#701));
#4191=EDGE_LOOP('',(#702,#703,#704,#705));
#4192=EDGE_LOOP('',(#706,#707,#708,#709));
#4193=EDGE_LOOP('',(#710,#711,#712,#713,#714,#715,#716,#717,#718,#719,#720,
#721));
#4194=EDGE_LOOP('',(#722,#723,#724,#725));
#4195=EDGE_LOOP('',(#726,#727,#728,#729));
#4196=EDGE_LOOP('',(#730,#731,#732,#733));
#4197=EDGE_LOOP('',(#734,#735,#736,#737));
#4198=EDGE_LOOP('',(#738,#739,#740,#741));
#4199=EDGE_LOOP('',(#742,#743,#744,#745));
#4200=EDGE_LOOP('',(#746,#747,#748,#749));
#4201=EDGE_LOOP('',(#750,#751,#752,#753));
#4202=EDGE_LOOP('',(#754,#755,#756,#757));
#4203=EDGE_LOOP('',(#758,#759,#760,#761));
#4204=EDGE_LOOP('',(#762,#763,#764,#765));
#4205=EDGE_LOOP('',(#766,#767,#768,#769));
#4206=EDGE_LOOP('',(#770,#771,#772,#773));
#4207=EDGE_LOOP('',(#774,#775,#776,#777));
#4208=EDGE_LOOP('',(#778,#779,#780,#781));
#4209=EDGE_LOOP('',(#782,#783,#784,#785));
#4210=EDGE_LOOP('',(#786,#787,#788,#789));
#4211=EDGE_LOOP('',(#790,#791,#792,#793));
#4212=EDGE_LOOP('',(#794,#795,#796,#797));
#4213=EDGE_LOOP('',(#798,#799,#800,#801));
#4214=EDGE_LOOP('',(#802));
#4215=EDGE_LOOP('',(#803));
#4216=EDGE_LOOP('',(#804));
#4217=EDGE_LOOP('',(#805,#806,#807,#808));
#4218=EDGE_LOOP('',(#809,#810,#811,#812));
#4219=EDGE_LOOP('',(#813,#814,#815,#816));
#4220=EDGE_LOOP('',(#817,#818,#819,#820));
#4221=EDGE_LOOP('',(#821,#822,#823,#824));
#4222=EDGE_LOOP('',(#825,#826,#827,#828,#829,#830));
#4223=EDGE_LOOP('',(#831,#832,#833,#834));
#4224=EDGE_LOOP('',(#835,#836,#837,#838));
#4225=EDGE_LOOP('',(#839,#840,#841,#842,#843,#844));
#4226=EDGE_LOOP('',(#845,#846,#847,#848));
#4227=EDGE_LOOP('',(#849,#850,#851,#852));
#4228=EDGE_LOOP('',(#853,#854,#855,#856,#857,#858));
#4229=EDGE_LOOP('',(#859,#860,#861,#862));
#4230=EDGE_LOOP('',(#863,#864,#865,#866));
#4231=EDGE_LOOP('',(#867,#868,#869,#870,#871,#872));
#4232=EDGE_LOOP('',(#873,#874,#875,#876,#877,#878));
#4233=EDGE_LOOP('',(#879,#880,#881,#882));
#4234=EDGE_LOOP('',(#883,#884,#885,#886,#887,#888,#889));
#4235=EDGE_LOOP('',(#890,#891,#892,#893,#894,#895,#896));
#4236=EDGE_LOOP('',(#897,#898,#899,#900));
#4237=EDGE_LOOP('',(#901,#902,#903,#904,#905,#906));
#4238=EDGE_LOOP('',(#907,#908,#909,#910));
#4239=EDGE_LOOP('',(#911,#912,#913,#914));
#4240=EDGE_LOOP('',(#915,#916,#917,#918,#919,#920));
#4241=EDGE_LOOP('',(#921,#922,#923,#924,#925,#926));
#4242=EDGE_LOOP('',(#927,#928,#929,#930));
#4243=EDGE_LOOP('',(#931,#932,#933,#934,#935,#936,#937));
#4244=EDGE_LOOP('',(#938,#939,#940,#941,#942,#943,#944));
#4245=EDGE_LOOP('',(#945,#946,#947,#948));
#4246=EDGE_LOOP('',(#949,#950,#951,#952));
#4247=EDGE_LOOP('',(#953,#954,#955,#956));
#4248=EDGE_LOOP('',(#957,#958,#959,#960));
#4249=EDGE_LOOP('',(#961,#962,#963,#964));
#4250=EDGE_LOOP('',(#965,#966,#967,#968));
#4251=EDGE_LOOP('',(#969,#970,#971,#972));
#4252=EDGE_LOOP('',(#973,#974,#975,#976));
#4253=EDGE_LOOP('',(#977,#978,#979,#980,#981));
#4254=EDGE_LOOP('',(#982,#983,#984,#985,#986));
#4255=EDGE_LOOP('',(#987,#988,#989,#990,#991));
#4256=EDGE_LOOP('',(#992,#993,#994,#995,#996));
#4257=EDGE_LOOP('',(#997,#998,#999,#1000));
#4258=EDGE_LOOP('',(#1001,#1002,#1003,#1004));
#4259=EDGE_LOOP('',(#1005,#1006,#1007,#1008,#1009,#1010));
#4260=EDGE_LOOP('',(#1011,#1012,#1013,#1014,#1015,#1016));
#4261=EDGE_LOOP('',(#1017,#1018,#1019,#1020,#1021,#1022));
#4262=EDGE_LOOP('',(#1023,#1024,#1025,#1026,#1027,#1028,#1029,#1030,#1031,
#1032,#1033,#1034,#1035,#1036,#1037,#1038,#1039,#1040,#1041,#1042,#1043,
#1044,#1045,#1046,#1047,#1048,#1049,#1050,#1051,#1052,#1053,#1054));
#4263=EDGE_LOOP('',(#1055,#1056,#1057,#1058));
#4264=EDGE_LOOP('',(#1059,#1060,#1061,#1062));
#4265=EDGE_LOOP('',(#1063,#1064,#1065,#1066));
#4266=EDGE_LOOP('',(#1067,#1068,#1069,#1070,#1071,#1072,#1073,#1074,#1075,
#1076,#1077,#1078,#1079,#1080,#1081,#1082));
#4267=EDGE_LOOP('',(#1083,#1084,#1085,#1086));
#4268=EDGE_LOOP('',(#1087,#1088,#1089,#1090));
#4269=EDGE_LOOP('',(#1091,#1092,#1093,#1094,#1095,#1096,#1097,#1098,#1099,
#1100,#1101,#1102,#1103,#1104,#1105,#1106));
#4270=EDGE_LOOP('',(#1107,#1108,#1109,#1110,#1111,#1112));
#4271=EDGE_LOOP('',(#1113,#1114,#1115,#1116,#1117,#1118));
#4272=EDGE_LOOP('',(#1119,#1120,#1121,#1122,#1123,#1124,#1125,#1126,#1127,
#1128,#1129,#1130,#1131,#1132,#1133,#1134));
#4273=EDGE_LOOP('',(#1135,#1136,#1137,#1138,#1139,#1140));
#4274=EDGE_LOOP('',(#1141,#1142,#1143,#1144,#1145,#1146,#1147,#1148,#1149,
#1150,#1151,#1152,#1153,#1154,#1155,#1156));
#4275=EDGE_LOOP('',(#1157,#1158,#1159,#1160));
#4276=EDGE_LOOP('',(#1161,#1162,#1163,#1164));
#4277=EDGE_LOOP('',(#1165,#1166,#1167,#1168,#1169,#1170,#1171,#1172,#1173,
#1174,#1175,#1176,#1177,#1178,#1179,#1180,#1181,#1182,#1183,#1184,#1185,
#1186,#1187,#1188,#1189,#1190,#1191,#1192,#1193,#1194,#1195,#1196));
#4278=EDGE_LOOP('',(#1197,#1198,#1199,#1200,#1201,#1202));
#4279=EDGE_LOOP('',(#1203,#1204,#1205,#1206,#1207,#1208,#1209,#1210));
#4280=EDGE_LOOP('',(#1211,#1212,#1213,#1214,#1215,#1216));
#4281=EDGE_LOOP('',(#1217,#1218,#1219,#1220,#1221,#1222,#1223,#1224));
#4282=EDGE_LOOP('',(#1225,#1226,#1227,#1228));
#4283=EDGE_LOOP('',(#1229,#1230,#1231,#1232));
#4284=EDGE_LOOP('',(#1233,#1234,#1235,#1236));
#4285=EDGE_LOOP('',(#1237,#1238,#1239,#1240));
#4286=EDGE_LOOP('',(#1241,#1242,#1243,#1244));
#4287=EDGE_LOOP('',(#1245,#1246,#1247,#1248));
#4288=EDGE_LOOP('',(#1249,#1250,#1251,#1252));
#4289=EDGE_LOOP('',(#1253,#1254,#1255,#1256));
#4290=EDGE_LOOP('',(#1257,#1258,#1259,#1260));
#4291=EDGE_LOOP('',(#1261,#1262,#1263,#1264,#1265,#1266,#1267,#1268,#1269,
#1270,#1271,#1272,#1273,#1274,#1275,#1276));
#4292=EDGE_LOOP('',(#1277,#1278,#1279,#1280,#1281,#1282,#1283,#1284,#1285,
#1286,#1287,#1288));
#4293=EDGE_LOOP('',(#1289,#1290,#1291,#1292));
#4294=EDGE_LOOP('',(#1293,#1294,#1295,#1296,#1297,#1298,#1299,#1300,#1301,
#1302,#1303,#1304,#1305,#1306,#1307,#1308));
#4295=EDGE_LOOP('',(#1309,#1310,#1311,#1312,#1313,#1314,#1315,#1316,#1317,
#1318,#1319,#1320));
#4296=EDGE_LOOP('',(#1321,#1322,#1323,#1324));
#4297=EDGE_LOOP('',(#1325,#1326,#1327,#1328));
#4298=EDGE_LOOP('',(#1329,#1330,#1331,#1332));
#4299=EDGE_LOOP('',(#1333,#1334,#1335,#1336));
#4300=EDGE_LOOP('',(#1337,#1338,#1339,#1340));
#4301=EDGE_LOOP('',(#1341,#1342,#1343,#1344));
#4302=EDGE_LOOP('',(#1345,#1346,#1347,#1348));
#4303=EDGE_LOOP('',(#1349,#1350,#1351,#1352));
#4304=EDGE_LOOP('',(#1353,#1354,#1355,#1356));
#4305=EDGE_LOOP('',(#1357,#1358,#1359,#1360));
#4306=EDGE_LOOP('',(#1361,#1362,#1363,#1364,#1365,#1366));
#4307=EDGE_LOOP('',(#1367,#1368,#1369,#1370));
#4308=EDGE_LOOP('',(#1371,#1372,#1373,#1374,#1375,#1376));
#4309=EDGE_LOOP('',(#1377,#1378));
#4310=EDGE_LOOP('',(#1379,#1380,#1381,#1382,#1383,#1384));
#4311=EDGE_LOOP('',(#1385,#1386,#1387,#1388));
#4312=EDGE_LOOP('',(#1389,#1390,#1391,#1392,#1393,#1394));
#4313=EDGE_LOOP('',(#1395,#1396));
#4314=EDGE_LOOP('',(#1397,#1398,#1399,#1400,#1401,#1402,#1403));
#4315=EDGE_LOOP('',(#1404,#1405,#1406,#1407,#1408,#1409,#1410));
#4316=EDGE_LOOP('',(#1411,#1412,#1413,#1414,#1415,#1416,#1417,#1418,#1419,
#1420,#1421,#1422));
#4317=EDGE_LOOP('',(#1423,#1424,#1425,#1426,#1427,#1428,#1429));
#4318=EDGE_LOOP('',(#1430,#1431,#1432,#1433,#1434,#1435,#1436));
#4319=EDGE_LOOP('',(#1437,#1438,#1439,#1440,#1441,#1442,#1443,#1444,#1445,
#1446,#1447,#1448));
#4320=EDGE_LOOP('',(#1449,#1450,#1451,#1452,#1453,#1454,#1455,#1456,#1457,
#1458,#1459,#1460));
#4321=EDGE_LOOP('',(#1461,#1462,#1463,#1464,#1465,#1466,#1467,#1468,#1469,
#1470,#1471,#1472,#1473,#1474,#1475,#1476,#1477,#1478,#1479,#1480,#1481,
#1482,#1483,#1484,#1485,#1486,#1487,#1488));
#4322=EDGE_LOOP('',(#1489));
#4323=EDGE_LOOP('',(#1490));
#4324=EDGE_LOOP('',(#1491));
#4325=EDGE_LOOP('',(#1492,#1493,#1494,#1495));
#4326=EDGE_LOOP('',(#1496,#1497,#1498,#1499));
#4327=EDGE_LOOP('',(#1500));
#4328=EDGE_LOOP('',(#1501));
#4329=EDGE_LOOP('',(#1502,#1503,#1504,#1505));
#4330=EDGE_LOOP('',(#1506,#1507,#1508,#1509));
#4331=EDGE_LOOP('',(#1510,#1511,#1512,#1513));
#4332=EDGE_LOOP('',(#1514,#1515,#1516,#1517));
#4333=EDGE_LOOP('',(#1518,#1519,#1520,#1521));
#4334=EDGE_LOOP('',(#1522,#1523,#1524,#1525));
#4335=EDGE_LOOP('',(#1526,#1527,#1528,#1529));
#4336=EDGE_LOOP('',(#1530,#1531,#1532,#1533));
#4337=EDGE_LOOP('',(#1534,#1535,#1536,#1537));
#4338=EDGE_LOOP('',(#1538,#1539,#1540,#1541));
#4339=EDGE_LOOP('',(#1542,#1543,#1544,#1545));
#4340=EDGE_LOOP('',(#1546,#1547,#1548,#1549));
#4341=EDGE_LOOP('',(#1550,#1551,#1552,#1553));
#4342=EDGE_LOOP('',(#1554,#1555,#1556,#1557));
#4343=EDGE_LOOP('',(#1558,#1559,#1560,#1561));
#4344=EDGE_LOOP('',(#1562,#1563,#1564,#1565,#1566,#1567,#1568,#1569));
#4345=EDGE_LOOP('',(#1570,#1571,#1572,#1573));
#4346=EDGE_LOOP('',(#1574,#1575,#1576,#1577));
#4347=EDGE_LOOP('',(#1578,#1579,#1580,#1581));
#4348=EDGE_LOOP('',(#1582,#1583,#1584,#1585));
#4349=EDGE_LOOP('',(#1586,#1587,#1588,#1589));
#4350=EDGE_LOOP('',(#1590,#1591,#1592,#1593));
#4351=EDGE_LOOP('',(#1594,#1595,#1596,#1597,#1598,#1599,#1600,#1601));
#4352=EDGE_LOOP('',(#1602,#1603,#1604,#1605,#1606,#1607,#1608,#1609,#1610,
#1611,#1612,#1613,#1614));
#4353=EDGE_LOOP('',(#1615,#1616,#1617,#1618,#1619,#1620,#1621,#1622));
#4354=EDGE_LOOP('',(#1623,#1624,#1625,#1626,#1627,#1628,#1629,#1630));
#4355=EDGE_LOOP('',(#1631,#1632,#1633,#1634));
#4356=EDGE_LOOP('',(#1635,#1636,#1637,#1638,#1639,#1640,#1641,#1642,#1643,
#1644,#1645,#1646,#1647));
#4357=EDGE_LOOP('',(#1648,#1649,#1650,#1651,#1652,#1653,#1654,#1655));
#4358=EDGE_LOOP('',(#1656,#1657,#1658,#1659));
#4359=EDGE_LOOP('',(#1660,#1661,#1662,#1663,#1664,#1665,#1666,#1667));
#4360=EDGE_LOOP('',(#1668,#1669,#1670,#1671));
#4361=EDGE_LOOP('',(#1672,#1673,#1674,#1675));
#4362=FACE_BOUND('',#4079,.T.);
#4363=FACE_BOUND('',#4080,.T.);
#4364=FACE_BOUND('',#4081,.T.);
#4365=FACE_BOUND('',#4082,.T.);
#4366=FACE_BOUND('',#4083,.T.);
#4367=FACE_BOUND('',#4084,.T.);
#4368=FACE_BOUND('',#4085,.T.);
#4369=FACE_BOUND('',#4086,.T.);
#4370=FACE_BOUND('',#4087,.T.);
#4371=FACE_BOUND('',#4088,.T.);
#4372=FACE_BOUND('',#4089,.T.);
#4373=FACE_BOUND('',#4090,.T.);
#4374=FACE_BOUND('',#4091,.T.);
#4375=FACE_BOUND('',#4092,.T.);
#4376=FACE_BOUND('',#4093,.T.);
#4377=FACE_BOUND('',#4094,.T.);
#4378=FACE_BOUND('',#4095,.T.);
#4379=FACE_BOUND('',#4096,.T.);
#4380=FACE_BOUND('',#4097,.T.);
#4381=FACE_BOUND('',#4098,.T.);
#4382=FACE_BOUND('',#4099,.T.);
#4383=FACE_BOUND('',#4100,.T.);
#4384=FACE_BOUND('',#4101,.T.);
#4385=FACE_BOUND('',#4102,.T.);
#4386=FACE_BOUND('',#4103,.T.);
#4387=FACE_BOUND('',#4104,.T.);
#4388=FACE_BOUND('',#4105,.T.);
#4389=FACE_BOUND('',#4106,.T.);
#4390=FACE_BOUND('',#4107,.T.);
#4391=FACE_BOUND('',#4108,.T.);
#4392=FACE_BOUND('',#4109,.T.);
#4393=FACE_BOUND('',#4110,.T.);
#4394=FACE_BOUND('',#4111,.T.);
#4395=FACE_BOUND('',#4112,.T.);
#4396=FACE_BOUND('',#4113,.T.);
#4397=FACE_BOUND('',#4114,.T.);
#4398=FACE_BOUND('',#4115,.T.);
#4399=FACE_BOUND('',#4116,.T.);
#4400=FACE_BOUND('',#4117,.T.);
#4401=FACE_BOUND('',#4118,.T.);
#4402=FACE_BOUND('',#4119,.T.);
#4403=FACE_BOUND('',#4120,.T.);
#4404=FACE_BOUND('',#4121,.T.);
#4405=FACE_BOUND('',#4122,.T.);
#4406=FACE_BOUND('',#4123,.T.);
#4407=FACE_BOUND('',#4124,.T.);
#4408=FACE_BOUND('',#4125,.T.);
#4409=FACE_BOUND('',#4126,.T.);
#4410=FACE_BOUND('',#4127,.T.);
#4411=FACE_BOUND('',#4128,.T.);
#4412=FACE_BOUND('',#4129,.T.);
#4413=FACE_BOUND('',#4130,.T.);
#4414=FACE_BOUND('',#4131,.T.);
#4415=FACE_BOUND('',#4132,.T.);
#4416=FACE_BOUND('',#4133,.T.);
#4417=FACE_BOUND('',#4134,.T.);
#4418=FACE_BOUND('',#4135,.T.);
#4419=FACE_BOUND('',#4136,.T.);
#4420=FACE_BOUND('',#4137,.T.);
#4421=FACE_BOUND('',#4138,.T.);
#4422=FACE_BOUND('',#4139,.T.);
#4423=FACE_BOUND('',#4140,.T.);
#4424=FACE_BOUND('',#4141,.T.);
#4425=FACE_BOUND('',#4142,.T.);
#4426=FACE_BOUND('',#4143,.T.);
#4427=FACE_BOUND('',#4144,.T.);
#4428=FACE_BOUND('',#4145,.T.);
#4429=FACE_BOUND('',#4146,.T.);
#4430=FACE_BOUND('',#4147,.T.);
#4431=FACE_BOUND('',#4148,.T.);
#4432=FACE_BOUND('',#4149,.T.);
#4433=FACE_BOUND('',#4150,.T.);
#4434=FACE_BOUND('',#4151,.T.);
#4435=FACE_BOUND('',#4152,.T.);
#4436=FACE_BOUND('',#4153,.T.);
#4437=FACE_BOUND('',#4154,.T.);
#4438=FACE_BOUND('',#4155,.T.);
#4439=FACE_BOUND('',#4156,.T.);
#4440=FACE_BOUND('',#4157,.T.);
#4441=FACE_BOUND('',#4158,.T.);
#4442=FACE_BOUND('',#4159,.T.);
#4443=FACE_BOUND('',#4160,.T.);
#4444=FACE_BOUND('',#4161,.T.);
#4445=FACE_BOUND('',#4162,.T.);
#4446=FACE_BOUND('',#4163,.T.);
#4447=FACE_BOUND('',#4164,.T.);
#4448=FACE_BOUND('',#4165,.T.);
#4449=FACE_BOUND('',#4166,.T.);
#4450=FACE_BOUND('',#4167,.T.);
#4451=FACE_BOUND('',#4168,.T.);
#4452=FACE_BOUND('',#4169,.T.);
#4453=FACE_BOUND('',#4170,.T.);
#4454=FACE_BOUND('',#4171,.T.);
#4455=FACE_BOUND('',#4172,.T.);
#4456=FACE_BOUND('',#4173,.T.);
#4457=FACE_BOUND('',#4174,.T.);
#4458=FACE_BOUND('',#4175,.T.);
#4459=FACE_BOUND('',#4176,.T.);
#4460=FACE_BOUND('',#4177,.T.);
#4461=FACE_BOUND('',#4178,.T.);
#4462=FACE_BOUND('',#4179,.T.);
#4463=FACE_BOUND('',#4180,.T.);
#4464=FACE_BOUND('',#4181,.T.);
#4465=FACE_BOUND('',#4182,.T.);
#4466=FACE_BOUND('',#4183,.T.);
#4467=FACE_BOUND('',#4184,.T.);
#4468=FACE_BOUND('',#4185,.T.);
#4469=FACE_BOUND('',#4186,.T.);
#4470=FACE_BOUND('',#4187,.T.);
#4471=FACE_BOUND('',#4188,.T.);
#4472=FACE_BOUND('',#4189,.T.);
#4473=FACE_BOUND('',#4190,.T.);
#4474=FACE_BOUND('',#4191,.T.);
#4475=FACE_BOUND('',#4192,.T.);
#4476=FACE_BOUND('',#4193,.T.);
#4477=FACE_BOUND('',#4194,.T.);
#4478=FACE_BOUND('',#4195,.T.);
#4479=FACE_BOUND('',#4196,.T.);
#4480=FACE_BOUND('',#4197,.T.);
#4481=FACE_BOUND('',#4198,.T.);
#4482=FACE_BOUND('',#4199,.T.);
#4483=FACE_BOUND('',#4200,.T.);
#4484=FACE_BOUND('',#4201,.T.);
#4485=FACE_BOUND('',#4202,.T.);
#4486=FACE_BOUND('',#4203,.T.);
#4487=FACE_BOUND('',#4204,.T.);
#4488=FACE_BOUND('',#4205,.T.);
#4489=FACE_BOUND('',#4206,.T.);
#4490=FACE_BOUND('',#4207,.T.);
#4491=FACE_BOUND('',#4208,.T.);
#4492=FACE_BOUND('',#4209,.T.);
#4493=FACE_BOUND('',#4210,.T.);
#4494=FACE_BOUND('',#4211,.T.);
#4495=FACE_BOUND('',#4212,.T.);
#4496=FACE_BOUND('',#4213,.T.);
#4497=FACE_BOUND('',#4214,.T.);
#4498=FACE_BOUND('',#4215,.T.);
#4499=FACE_BOUND('',#4216,.T.);
#4500=FACE_BOUND('',#4217,.T.);
#4501=FACE_BOUND('',#4218,.T.);
#4502=FACE_BOUND('',#4219,.T.);
#4503=FACE_BOUND('',#4220,.T.);
#4504=FACE_BOUND('',#4221,.T.);
#4505=FACE_BOUND('',#4222,.T.);
#4506=FACE_BOUND('',#4223,.T.);
#4507=FACE_BOUND('',#4224,.T.);
#4508=FACE_BOUND('',#4225,.T.);
#4509=FACE_BOUND('',#4226,.T.);
#4510=FACE_BOUND('',#4227,.T.);
#4511=FACE_BOUND('',#4228,.T.);
#4512=FACE_BOUND('',#4229,.T.);
#4513=FACE_BOUND('',#4230,.T.);
#4514=FACE_BOUND('',#4231,.T.);
#4515=FACE_BOUND('',#4232,.T.);
#4516=FACE_BOUND('',#4233,.T.);
#4517=FACE_BOUND('',#4234,.T.);
#4518=FACE_BOUND('',#4235,.T.);
#4519=FACE_BOUND('',#4236,.T.);
#4520=FACE_BOUND('',#4237,.T.);
#4521=FACE_BOUND('',#4238,.T.);
#4522=FACE_BOUND('',#4239,.T.);
#4523=FACE_BOUND('',#4240,.T.);
#4524=FACE_BOUND('',#4241,.T.);
#4525=FACE_BOUND('',#4242,.T.);
#4526=FACE_BOUND('',#4243,.T.);
#4527=FACE_BOUND('',#4244,.T.);
#4528=FACE_BOUND('',#4245,.T.);
#4529=FACE_BOUND('',#4246,.T.);
#4530=FACE_BOUND('',#4247,.T.);
#4531=FACE_BOUND('',#4248,.T.);
#4532=FACE_BOUND('',#4249,.T.);
#4533=FACE_BOUND('',#4250,.T.);
#4534=FACE_BOUND('',#4251,.T.);
#4535=FACE_BOUND('',#4252,.T.);
#4536=FACE_BOUND('',#4253,.T.);
#4537=FACE_BOUND('',#4254,.T.);
#4538=FACE_BOUND('',#4255,.T.);
#4539=FACE_BOUND('',#4256,.T.);
#4540=FACE_BOUND('',#4257,.T.);
#4541=FACE_BOUND('',#4258,.T.);
#4542=FACE_BOUND('',#4259,.T.);
#4543=FACE_BOUND('',#4260,.T.);
#4544=FACE_BOUND('',#4261,.T.);
#4545=FACE_BOUND('',#4262,.T.);
#4546=FACE_BOUND('',#4263,.T.);
#4547=FACE_BOUND('',#4264,.T.);
#4548=FACE_BOUND('',#4265,.T.);
#4549=FACE_BOUND('',#4266,.T.);
#4550=FACE_BOUND('',#4267,.T.);
#4551=FACE_BOUND('',#4268,.T.);
#4552=FACE_BOUND('',#4269,.T.);
#4553=FACE_BOUND('',#4270,.T.);
#4554=FACE_BOUND('',#4271,.T.);
#4555=FACE_BOUND('',#4272,.T.);
#4556=FACE_BOUND('',#4273,.T.);
#4557=FACE_BOUND('',#4274,.T.);
#4558=FACE_BOUND('',#4275,.T.);
#4559=FACE_BOUND('',#4276,.T.);
#4560=FACE_BOUND('',#4277,.T.);
#4561=FACE_BOUND('',#4278,.T.);
#4562=FACE_BOUND('',#4279,.T.);
#4563=FACE_BOUND('',#4280,.T.);
#4564=FACE_BOUND('',#4281,.T.);
#4565=FACE_BOUND('',#4282,.T.);
#4566=FACE_BOUND('',#4283,.T.);
#4567=FACE_BOUND('',#4284,.T.);
#4568=FACE_BOUND('',#4285,.T.);
#4569=FACE_BOUND('',#4286,.T.);
#4570=FACE_BOUND('',#4287,.T.);
#4571=FACE_BOUND('',#4288,.T.);
#4572=FACE_BOUND('',#4289,.T.);
#4573=FACE_BOUND('',#4290,.T.);
#4574=FACE_BOUND('',#4291,.T.);
#4575=FACE_BOUND('',#4292,.T.);
#4576=FACE_BOUND('',#4293,.T.);
#4577=FACE_BOUND('',#4294,.T.);
#4578=FACE_BOUND('',#4295,.T.);
#4579=FACE_BOUND('',#4296,.T.);
#4580=FACE_BOUND('',#4297,.T.);
#4581=FACE_BOUND('',#4298,.T.);
#4582=FACE_BOUND('',#4299,.T.);
#4583=FACE_BOUND('',#4300,.T.);
#4584=FACE_BOUND('',#4301,.T.);
#4585=FACE_BOUND('',#4302,.T.);
#4586=FACE_BOUND('',#4303,.T.);
#4587=FACE_BOUND('',#4304,.T.);
#4588=FACE_BOUND('',#4305,.T.);
#4589=FACE_BOUND('',#4306,.T.);
#4590=FACE_BOUND('',#4307,.T.);
#4591=FACE_BOUND('',#4308,.T.);
#4592=FACE_BOUND('',#4309,.T.);
#4593=FACE_BOUND('',#4310,.T.);
#4594=FACE_BOUND('',#4311,.T.);
#4595=FACE_BOUND('',#4312,.T.);
#4596=FACE_BOUND('',#4313,.T.);
#4597=FACE_BOUND('',#4314,.T.);
#4598=FACE_BOUND('',#4315,.T.);
#4599=FACE_BOUND('',#4316,.T.);
#4600=FACE_BOUND('',#4317,.T.);
#4601=FACE_BOUND('',#4318,.T.);
#4602=FACE_BOUND('',#4319,.T.);
#4603=FACE_BOUND('',#4320,.T.);
#4604=FACE_BOUND('',#4321,.T.);
#4605=FACE_BOUND('',#4322,.T.);
#4606=FACE_BOUND('',#4323,.T.);
#4607=FACE_BOUND('',#4324,.T.);
#4608=FACE_BOUND('',#4325,.T.);
#4609=FACE_BOUND('',#4326,.T.);
#4610=FACE_BOUND('',#4327,.T.);
#4611=FACE_BOUND('',#4328,.T.);
#4612=FACE_BOUND('',#4329,.T.);
#4613=FACE_BOUND('',#4330,.T.);
#4614=FACE_BOUND('',#4331,.T.);
#4615=FACE_BOUND('',#4332,.T.);
#4616=FACE_BOUND('',#4333,.T.);
#4617=FACE_BOUND('',#4334,.T.);
#4618=FACE_BOUND('',#4335,.T.);
#4619=FACE_BOUND('',#4336,.T.);
#4620=FACE_BOUND('',#4337,.T.);
#4621=FACE_BOUND('',#4338,.T.);
#4622=FACE_BOUND('',#4339,.T.);
#4623=FACE_BOUND('',#4340,.T.);
#4624=FACE_BOUND('',#4341,.T.);
#4625=FACE_BOUND('',#4342,.T.);
#4626=FACE_BOUND('',#4343,.T.);
#4627=FACE_BOUND('',#4344,.T.);
#4628=FACE_BOUND('',#4345,.T.);
#4629=FACE_BOUND('',#4346,.T.);
#4630=FACE_BOUND('',#4347,.T.);
#4631=FACE_BOUND('',#4348,.T.);
#4632=FACE_BOUND('',#4349,.T.);
#4633=FACE_BOUND('',#4350,.T.);
#4634=FACE_BOUND('',#4351,.T.);
#4635=FACE_BOUND('',#4352,.T.);
#4636=FACE_BOUND('',#4353,.T.);
#4637=FACE_BOUND('',#4354,.T.);
#4638=FACE_BOUND('',#4355,.T.);
#4639=FACE_BOUND('',#4356,.T.);
#4640=FACE_BOUND('',#4357,.T.);
#4641=FACE_BOUND('',#4358,.T.);
#4642=FACE_BOUND('',#4359,.T.);
#4643=FACE_BOUND('',#4360,.T.);
#4644=FACE_BOUND('',#4361,.T.);
#4645=PLANE('',#6756);
#4646=PLANE('',#6763);
#4647=PLANE('',#6764);
#4648=PLANE('',#6765);
#4649=PLANE('',#6766);
#4650=PLANE('',#6767);
#4651=PLANE('',#6768);
#4652=PLANE('',#6769);
#4653=PLANE('',#6770);
#4654=PLANE('',#6771);
#4655=PLANE('',#6774);
#4656=PLANE('',#6775);
#4657=PLANE('',#6776);
#4658=PLANE('',#6779);
#4659=PLANE('',#6780);
#4660=PLANE('',#6784);
#4661=PLANE('',#6790);
#4662=PLANE('',#6794);
#4663=PLANE('',#6800);
#4664=PLANE('',#6801);
#4665=PLANE('',#6804);
#4666=PLANE('',#6807);
#4667=PLANE('',#6809);
#4668=PLANE('',#6812);
#4669=PLANE('',#6815);
#4670=PLANE('',#6817);
#4671=PLANE('',#6820);
#4672=PLANE('',#6823);
#4673=PLANE('',#6825);
#4674=PLANE('',#6828);
#4675=PLANE('',#6832);
#4676=PLANE('',#6833);
#4677=PLANE('',#6834);
#4678=PLANE('',#6835);
#4679=PLANE('',#6836);
#4680=PLANE('',#6837);
#4681=PLANE('',#6838);
#4682=PLANE('',#6839);
#4683=PLANE('',#6840);
#4684=PLANE('',#6841);
#4685=PLANE('',#6842);
#4686=PLANE('',#6843);
#4687=PLANE('',#6844);
#4688=PLANE('',#6845);
#4689=PLANE('',#6846);
#4690=PLANE('',#6847);
#4691=PLANE('',#6848);
#4692=PLANE('',#6855);
#4693=PLANE('',#6856);
#4694=PLANE('',#6859);
#4695=PLANE('',#6862);
#4696=PLANE('',#6863);
#4697=PLANE('',#6864);
#4698=PLANE('',#6865);
#4699=PLANE('',#6868);
#4700=PLANE('',#6871);
#4701=PLANE('',#6872);
#4702=PLANE('',#6873);
#4703=PLANE('',#6874);
#4704=PLANE('',#6875);
#4705=PLANE('',#6877);
#4706=PLANE('',#6878);
#4707=PLANE('',#6880);
#4708=PLANE('',#6881);
#4709=PLANE('',#6883);
#4710=PLANE('',#6884);
#4711=PLANE('',#6886);
#4712=PLANE('',#6887);
#4713=PLANE('',#6889);
#4714=PLANE('',#6890);
#4715=PLANE('',#6892);
#4716=PLANE('',#6893);
#4717=PLANE('',#6895);
#4718=PLANE('',#6896);
#4719=PLANE('',#6898);
#4720=PLANE('',#6913);
#4721=PLANE('',#6914);
#4722=PLANE('',#6915);
#4723=PLANE('',#6916);
#4724=PLANE('',#6917);
#4725=PLANE('',#6918);
#4726=PLANE('',#6919);
#4727=PLANE('',#6920);
#4728=PLANE('',#6921);
#4729=PLANE('',#6923);
#4730=PLANE('',#6924);
#4731=PLANE('',#6926);
#4732=PLANE('',#6927);
#4733=PLANE('',#6929);
#4734=PLANE('',#6930);
#4735=PLANE('',#6932);
#4736=PLANE('',#6933);
#4737=PLANE('',#6935);
#4738=PLANE('',#6936);
#4739=PLANE('',#6938);
#4740=PLANE('',#6939);
#4741=PLANE('',#6941);
#4742=PLANE('',#6942);
#4743=PLANE('',#6944);
#4744=PLANE('',#6945);
#4745=PLANE('',#6946);
#4746=PLANE('',#6947);
#4747=PLANE('',#6948);
#4748=PLANE('',#6949);
#4749=PLANE('',#6950);
#4750=PLANE('',#6951);
#4751=PLANE('',#6952);
#4752=PLANE('',#6957);
#4753=PLANE('',#6958);
#4754=PLANE('',#6959);
#4755=PLANE('',#6960);
#4756=PLANE('',#6961);
#4757=PLANE('',#6962);
#4758=PLANE('',#6963);
#4759=PLANE('',#6964);
#4760=PLANE('',#6965);
#4761=PLANE('',#6966);
#4762=PLANE('',#6967);
#4763=PLANE('',#6968);
#4764=PLANE('',#6969);
#4765=PLANE('',#6970);
#4766=PLANE('',#6971);
#4767=PLANE('',#6972);
#4768=PLANE('',#6973);
#4769=PLANE('',#6974);
#4770=PLANE('',#6975);
#4771=PLANE('',#6976);
#4772=PLANE('',#6977);
#4773=PLANE('',#6978);
#4774=PLANE('',#6979);
#4775=PLANE('',#6980);
#4776=PLANE('',#6981);
#4777=PLANE('',#6982);
#4778=PLANE('',#6983);
#4779=PLANE('',#6984);
#4780=PLANE('',#6985);
#4781=PLANE('',#6986);
#4782=PLANE('',#6987);
#4783=PLANE('',#6988);
#4784=PLANE('',#6989);
#4785=PLANE('',#6990);
#4786=PLANE('',#6991);
#4787=PLANE('',#6992);
#4788=PLANE('',#7003);
#4789=PLANE('',#7004);
#4790=PLANE('',#7005);
#4791=PLANE('',#7006);
#4792=PLANE('',#7011);
#4793=PLANE('',#7012);
#4794=PLANE('',#7013);
#4795=PLANE('',#7016);
#4796=PLANE('',#7017);
#4797=PLANE('',#7020);
#4798=PLANE('',#7021);
#4799=PLANE('',#7022);
#4800=PLANE('',#7023);
#4801=PLANE('',#7024);
#4802=PLANE('',#7025);
#4803=PLANE('',#7026);
#4804=PLANE('',#7027);
#4805=PLANE('',#7030);
#4806=PLANE('',#7031);
#4807=PLANE('',#7032);
#4808=PLANE('',#7033);
#4809=PLANE('',#7034);
#4810=PLANE('',#7035);
#4811=PLANE('',#7036);
#4812=PLANE('',#7037);
#4813=PLANE('',#7038);
#4814=PLANE('',#7039);
#4815=PLANE('',#7040);
#4816=PLANE('',#7041);
#4817=PLANE('',#7044);
#4818=PLANE('',#7045);
#4819=PLANE('',#7046);
#4820=PLANE('',#7047);
#4821=PLANE('',#7048);
#4822=PLANE('',#7049);
#4823=PLANE('',#7050);
#4824=PLANE('',#7051);
#4825=PLANE('',#7052);
#4826=PLANE('',#7053);
#4827=PLANE('',#7054);
#4828=PLANE('',#7060);
#4829=PLANE('',#7061);
#4830=PLANE('',#7067);
#4831=PLANE('',#7068);
#4832=PLANE('',#7069);
#4833=PLANE('',#7070);
#4834=PLANE('',#7071);
#4835=PLANE('',#7072);
#4836=PLANE('',#7073);
#4837=PLANE('',#7074);
#4838=PLANE('',#7075);
#4839=PLANE('',#7083);
#4840=PLANE('',#7084);
#4841=PLANE('',#7085);
#4842=PLANE('',#7086);
#4843=PLANE('',#7087);
#4844=PLANE('',#7088);
#4845=PLANE('',#7092);
#4846=PLANE('',#7096);
#4847=PLANE('',#7097);
#4848=PLANE('',#7098);
#4849=PLANE('',#7099);
#4850=PLANE('',#7100);
#4851=PLANE('',#7101);
#4852=PLANE('',#7102);
#4853=PLANE('',#7103);
#4854=PLANE('',#7104);
#4855=PLANE('',#7105);
#4856=PLANE('',#7106);
#4857=PLANE('',#7107);
#4858=PLANE('',#7110);
#4859=PLANE('',#7111);
#4860=PLANE('',#7112);
#4861=PLANE('',#7113);
#4862=PLANE('',#7116);
#4863=PLANE('',#7117);
#4864=STYLED_ITEM('',(#5095),#6484);
#4865=STYLED_ITEM('',(#5096),#6485);
#4866=STYLED_ITEM('',(#5097),#6486);
#4867=STYLED_ITEM('',(#5098),#6487);
#4868=STYLED_ITEM('',(#5099),#6488);
#4869=STYLED_ITEM('',(#5100),#6489);
#4870=STYLED_ITEM('',(#5101),#6490);
#4871=STYLED_ITEM('',(#5102),#6491);
#4872=STYLED_ITEM('',(#5103),#6492);
#4873=STYLED_ITEM('',(#5104),#6493);
#4874=STYLED_ITEM('',(#5105),#6494);
#4875=STYLED_ITEM('',(#5106),#6495);
#4876=STYLED_ITEM('',(#5107),#6496);
#4877=STYLED_ITEM('',(#5108),#6497);
#4878=STYLED_ITEM('',(#5109),#6498);
#4879=STYLED_ITEM('',(#5110),#6499);
#4880=STYLED_ITEM('',(#5111),#6500);
#4881=STYLED_ITEM('',(#5112),#6501);
#4882=STYLED_ITEM('',(#5113),#6502);
#4883=STYLED_ITEM('',(#5114),#6503);
#4884=STYLED_ITEM('',(#5115),#6504);
#4885=STYLED_ITEM('',(#5116),#6505);
#4886=STYLED_ITEM('',(#5117),#6506);
#4887=STYLED_ITEM('',(#5118),#6507);
#4888=STYLED_ITEM('',(#5119),#6508);
#4889=STYLED_ITEM('',(#5120),#6509);
#4890=STYLED_ITEM('',(#5121),#6510);
#4891=STYLED_ITEM('',(#5122),#6511);
#4892=STYLED_ITEM('',(#5123),#6512);
#4893=STYLED_ITEM('',(#5124),#6513);
#4894=STYLED_ITEM('',(#5125),#6514);
#4895=STYLED_ITEM('',(#5126),#6515);
#4896=STYLED_ITEM('',(#5127),#6516);
#4897=STYLED_ITEM('',(#5128),#6517);
#4898=STYLED_ITEM('',(#5129),#6518);
#4899=STYLED_ITEM('',(#5130),#6519);
#4900=STYLED_ITEM('',(#5131),#6520);
#4901=STYLED_ITEM('',(#5132),#6521);
#4902=STYLED_ITEM('',(#5133),#6522);
#4903=STYLED_ITEM('',(#5134),#6523);
#4904=STYLED_ITEM('',(#5135),#6524);
#4905=STYLED_ITEM('',(#5136),#6525);
#4906=STYLED_ITEM('',(#5137),#6526);
#4907=STYLED_ITEM('',(#5138),#6527);
#4908=STYLED_ITEM('',(#5139),#6528);
#4909=STYLED_ITEM('',(#5140),#6529);
#4910=STYLED_ITEM('',(#5141),#6530);
#4911=STYLED_ITEM('',(#5142),#6531);
#4912=STYLED_ITEM('',(#5143),#6532);
#4913=STYLED_ITEM('',(#5144),#6533);
#4914=STYLED_ITEM('',(#5145),#6534);
#4915=STYLED_ITEM('',(#5146),#6535);
#4916=STYLED_ITEM('',(#5147),#6536);
#4917=STYLED_ITEM('',(#5148),#6537);
#4918=STYLED_ITEM('',(#5149),#6538);
#4919=STYLED_ITEM('',(#5150),#6539);
#4920=STYLED_ITEM('',(#5151),#6540);
#4921=STYLED_ITEM('',(#5152),#6541);
#4922=STYLED_ITEM('',(#5153),#6542);
#4923=STYLED_ITEM('',(#5154),#6543);
#4924=STYLED_ITEM('',(#5155),#6544);
#4925=STYLED_ITEM('',(#5156),#6545);
#4926=STYLED_ITEM('',(#5157),#6546);
#4927=STYLED_ITEM('',(#5158),#6547);
#4928=STYLED_ITEM('',(#5159),#6548);
#4929=STYLED_ITEM('',(#5160),#6549);
#4930=STYLED_ITEM('',(#5161),#6550);
#4931=STYLED_ITEM('',(#5162),#6551);
#4932=STYLED_ITEM('',(#5163),#6552);
#4933=STYLED_ITEM('',(#5164),#6553);
#4934=STYLED_ITEM('',(#5165),#6554);
#4935=STYLED_ITEM('',(#5166),#6555);
#4936=STYLED_ITEM('',(#5167),#6556);
#4937=STYLED_ITEM('',(#5168),#6557);
#4938=STYLED_ITEM('',(#5169),#6558);
#4939=STYLED_ITEM('',(#5170),#6559);
#4940=STYLED_ITEM('',(#5171),#6560);
#4941=STYLED_ITEM('',(#5172),#6561);
#4942=STYLED_ITEM('',(#5173),#6562);
#4943=STYLED_ITEM('',(#5174),#6563);
#4944=STYLED_ITEM('',(#5175),#6564);
#4945=STYLED_ITEM('',(#5176),#6565);
#4946=STYLED_ITEM('',(#5177),#6566);
#4947=STYLED_ITEM('',(#5178),#6567);
#4948=STYLED_ITEM('',(#5179),#6568);
#4949=STYLED_ITEM('',(#5180),#6569);
#4950=STYLED_ITEM('',(#5181),#6570);
#4951=STYLED_ITEM('',(#5182),#6571);
#4952=STYLED_ITEM('',(#5183),#6572);
#4953=STYLED_ITEM('',(#5184),#6573);
#4954=STYLED_ITEM('',(#5185),#6574);
#4955=STYLED_ITEM('',(#5186),#6575);
#4956=STYLED_ITEM('',(#5187),#6576);
#4957=STYLED_ITEM('',(#5188),#6577);
#4958=STYLED_ITEM('',(#5189),#6578);
#4959=STYLED_ITEM('',(#5190),#6579);
#4960=STYLED_ITEM('',(#5191),#6580);
#4961=STYLED_ITEM('',(#5192),#6581);
#4962=STYLED_ITEM('',(#5193),#6582);
#4963=STYLED_ITEM('',(#5194),#6583);
#4964=STYLED_ITEM('',(#5195),#6584);
#4965=STYLED_ITEM('',(#5196),#6585);
#4966=STYLED_ITEM('',(#5197),#6586);
#4967=STYLED_ITEM('',(#5198),#6587);
#4968=STYLED_ITEM('',(#5199),#6588);
#4969=STYLED_ITEM('',(#5200),#6589);
#4970=STYLED_ITEM('',(#5201),#6590);
#4971=STYLED_ITEM('',(#5202),#6591);
#4972=STYLED_ITEM('',(#5203),#6592);
#4973=STYLED_ITEM('',(#5204),#6593);
#4974=STYLED_ITEM('',(#5205),#6594);
#4975=STYLED_ITEM('',(#5206),#6595);
#4976=STYLED_ITEM('',(#5207),#6596);
#4977=STYLED_ITEM('',(#5208),#6597);
#4978=STYLED_ITEM('',(#5209),#6598);
#4979=STYLED_ITEM('',(#5210),#6599);
#4980=STYLED_ITEM('',(#5211),#6600);
#4981=STYLED_ITEM('',(#5212),#6601);
#4982=STYLED_ITEM('',(#5213),#6602);
#4983=STYLED_ITEM('',(#5214),#6603);
#4984=STYLED_ITEM('',(#5215),#6604);
#4985=STYLED_ITEM('',(#5216),#6605);
#4986=STYLED_ITEM('',(#5217),#6606);
#4987=STYLED_ITEM('',(#5218),#6607);
#4988=STYLED_ITEM('',(#5219),#6608);
#4989=STYLED_ITEM('',(#5220),#6609);
#4990=STYLED_ITEM('',(#5221),#6610);
#4991=STYLED_ITEM('',(#5222),#6611);
#4992=STYLED_ITEM('',(#5223),#6612);
#4993=STYLED_ITEM('',(#5224),#6613);
#4994=STYLED_ITEM('',(#5225),#6614);
#4995=STYLED_ITEM('',(#5226),#6615);
#4996=STYLED_ITEM('',(#5227),#6616);
#4997=STYLED_ITEM('',(#5228),#6617);
#4998=STYLED_ITEM('',(#5229),#6618);
#4999=STYLED_ITEM('',(#5230),#6619);
#5000=STYLED_ITEM('',(#5231),#6620);
#5001=STYLED_ITEM('',(#5232),#6621);
#5002=STYLED_ITEM('',(#5233),#6622);
#5003=STYLED_ITEM('',(#5234),#6623);
#5004=STYLED_ITEM('',(#5235),#6624);
#5005=STYLED_ITEM('',(#5236),#6625);
#5006=STYLED_ITEM('',(#5237),#6626);
#5007=STYLED_ITEM('',(#5238),#6627);
#5008=STYLED_ITEM('',(#5239),#6628);
#5009=STYLED_ITEM('',(#5240),#6629);
#5010=STYLED_ITEM('',(#5241),#6630);
#5011=STYLED_ITEM('',(#5242),#6631);
#5012=STYLED_ITEM('',(#5243),#6632);
#5013=STYLED_ITEM('',(#5244),#6633);
#5014=STYLED_ITEM('',(#5245),#6634);
#5015=STYLED_ITEM('',(#5246),#6635);
#5016=STYLED_ITEM('',(#5247),#6636);
#5017=STYLED_ITEM('',(#5248),#6637);
#5018=STYLED_ITEM('',(#5249),#6638);
#5019=STYLED_ITEM('',(#5250),#6639);
#5020=STYLED_ITEM('',(#5251),#6640);
#5021=STYLED_ITEM('',(#5252),#6641);
#5022=STYLED_ITEM('',(#5253),#6642);
#5023=STYLED_ITEM('',(#5254),#6643);
#5024=STYLED_ITEM('',(#5255),#6644);
#5025=STYLED_ITEM('',(#5256),#6645);
#5026=STYLED_ITEM('',(#5257),#6646);
#5027=STYLED_ITEM('',(#5258),#6647);
#5028=STYLED_ITEM('',(#5259),#6648);
#5029=STYLED_ITEM('',(#5260),#6649);
#5030=STYLED_ITEM('',(#5261),#6650);
#5031=STYLED_ITEM('',(#5262),#6651);
#5032=STYLED_ITEM('',(#5263),#6652);
#5033=STYLED_ITEM('',(#5264),#6653);
#5034=STYLED_ITEM('',(#5265),#6654);
#5035=STYLED_ITEM('',(#5266),#6655);
#5036=STYLED_ITEM('',(#5267),#6656);
#5037=STYLED_ITEM('',(#5268),#6657);
#5038=STYLED_ITEM('',(#5269),#6658);
#5039=STYLED_ITEM('',(#5270),#6659);
#5040=STYLED_ITEM('',(#5271),#6660);
#5041=STYLED_ITEM('',(#5272),#6661);
#5042=STYLED_ITEM('',(#5273),#6662);
#5043=STYLED_ITEM('',(#5274),#6663);
#5044=STYLED_ITEM('',(#5275),#6664);
#5045=STYLED_ITEM('',(#5276),#6665);
#5046=STYLED_ITEM('',(#5277),#6666);
#5047=STYLED_ITEM('',(#5278),#6667);
#5048=STYLED_ITEM('',(#5279),#6668);
#5049=STYLED_ITEM('',(#5280),#6669);
#5050=STYLED_ITEM('',(#5281),#6670);
#5051=STYLED_ITEM('',(#5282),#6671);
#5052=STYLED_ITEM('',(#5283),#6672);
#5053=STYLED_ITEM('',(#5284),#6673);
#5054=STYLED_ITEM('',(#5285),#6674);
#5055=STYLED_ITEM('',(#5286),#6675);
#5056=STYLED_ITEM('',(#5287),#6676);
#5057=STYLED_ITEM('',(#5288),#6677);
#5058=STYLED_ITEM('',(#5289),#6678);
#5059=STYLED_ITEM('',(#5290),#6679);
#5060=STYLED_ITEM('',(#5291),#6680);
#5061=STYLED_ITEM('',(#5292),#6681);
#5062=STYLED_ITEM('',(#5293),#6682);
#5063=STYLED_ITEM('',(#5294),#6683);
#5064=STYLED_ITEM('',(#5295),#6684);
#5065=STYLED_ITEM('',(#5296),#6685);
#5066=STYLED_ITEM('',(#5297),#6686);
#5067=STYLED_ITEM('',(#5298),#6687);
#5068=STYLED_ITEM('',(#5299),#6688);
#5069=STYLED_ITEM('',(#5300),#6689);
#5070=STYLED_ITEM('',(#5301),#6690);
#5071=STYLED_ITEM('',(#5302),#6691);
#5072=STYLED_ITEM('',(#5303),#6692);
#5073=STYLED_ITEM('',(#5304),#6693);
#5074=STYLED_ITEM('',(#5305),#6694);
#5075=STYLED_ITEM('',(#5306),#6695);
#5076=STYLED_ITEM('',(#5307),#6696);
#5077=STYLED_ITEM('',(#5308),#6697);
#5078=STYLED_ITEM('',(#5309),#6698);
#5079=STYLED_ITEM('',(#5310),#6699);
#5080=STYLED_ITEM('',(#5311),#6700);
#5081=STYLED_ITEM('',(#5312),#6701);
#5082=STYLED_ITEM('',(#5313),#6702);
#5083=STYLED_ITEM('',(#5314),#6703);
#5084=STYLED_ITEM('',(#5315),#6704);
#5085=STYLED_ITEM('',(#5316),#6705);
#5086=STYLED_ITEM('',(#5317),#6706);
#5087=STYLED_ITEM('',(#5318),#6707);
#5088=STYLED_ITEM('',(#5319),#6708);
#5089=STYLED_ITEM('',(#5320),#6709);
#5090=STYLED_ITEM('',(#5321),#6710);
#5091=STYLED_ITEM('',(#5322),#6711);
#5092=STYLED_ITEM('',(#5323),#6712);
#5093=STYLED_ITEM('',(#5324),#6713);
#5094=STYLED_ITEM('',(#5325),#6748);
#5095=PRESENTATION_STYLE_ASSIGNMENT((#5326));
#5096=PRESENTATION_STYLE_ASSIGNMENT((#5327));
#5097=PRESENTATION_STYLE_ASSIGNMENT((#5328));
#5098=PRESENTATION_STYLE_ASSIGNMENT((#5329));
#5099=PRESENTATION_STYLE_ASSIGNMENT((#5330));
#5100=PRESENTATION_STYLE_ASSIGNMENT((#5331));
#5101=PRESENTATION_STYLE_ASSIGNMENT((#5332));
#5102=PRESENTATION_STYLE_ASSIGNMENT((#5333));
#5103=PRESENTATION_STYLE_ASSIGNMENT((#5334));
#5104=PRESENTATION_STYLE_ASSIGNMENT((#5335));
#5105=PRESENTATION_STYLE_ASSIGNMENT((#5336));
#5106=PRESENTATION_STYLE_ASSIGNMENT((#5337));
#5107=PRESENTATION_STYLE_ASSIGNMENT((#5338));
#5108=PRESENTATION_STYLE_ASSIGNMENT((#5339));
#5109=PRESENTATION_STYLE_ASSIGNMENT((#5340));
#5110=PRESENTATION_STYLE_ASSIGNMENT((#5341));
#5111=PRESENTATION_STYLE_ASSIGNMENT((#5342));
#5112=PRESENTATION_STYLE_ASSIGNMENT((#5343));
#5113=PRESENTATION_STYLE_ASSIGNMENT((#5344));
#5114=PRESENTATION_STYLE_ASSIGNMENT((#5345));
#5115=PRESENTATION_STYLE_ASSIGNMENT((#5346));
#5116=PRESENTATION_STYLE_ASSIGNMENT((#5347));
#5117=PRESENTATION_STYLE_ASSIGNMENT((#5348));
#5118=PRESENTATION_STYLE_ASSIGNMENT((#5349));
#5119=PRESENTATION_STYLE_ASSIGNMENT((#5350));
#5120=PRESENTATION_STYLE_ASSIGNMENT((#5351));
#5121=PRESENTATION_STYLE_ASSIGNMENT((#5352));
#5122=PRESENTATION_STYLE_ASSIGNMENT((#5353));
#5123=PRESENTATION_STYLE_ASSIGNMENT((#5354));
#5124=PRESENTATION_STYLE_ASSIGNMENT((#5355));
#5125=PRESENTATION_STYLE_ASSIGNMENT((#5356));
#5126=PRESENTATION_STYLE_ASSIGNMENT((#5357));
#5127=PRESENTATION_STYLE_ASSIGNMENT((#5358));
#5128=PRESENTATION_STYLE_ASSIGNMENT((#5359));
#5129=PRESENTATION_STYLE_ASSIGNMENT((#5360));
#5130=PRESENTATION_STYLE_ASSIGNMENT((#5361));
#5131=PRESENTATION_STYLE_ASSIGNMENT((#5362));
#5132=PRESENTATION_STYLE_ASSIGNMENT((#5363));
#5133=PRESENTATION_STYLE_ASSIGNMENT((#5364));
#5134=PRESENTATION_STYLE_ASSIGNMENT((#5365));
#5135=PRESENTATION_STYLE_ASSIGNMENT((#5366));
#5136=PRESENTATION_STYLE_ASSIGNMENT((#5367));
#5137=PRESENTATION_STYLE_ASSIGNMENT((#5368));
#5138=PRESENTATION_STYLE_ASSIGNMENT((#5369));
#5139=PRESENTATION_STYLE_ASSIGNMENT((#5370));
#5140=PRESENTATION_STYLE_ASSIGNMENT((#5371));
#5141=PRESENTATION_STYLE_ASSIGNMENT((#5372));
#5142=PRESENTATION_STYLE_ASSIGNMENT((#5373));
#5143=PRESENTATION_STYLE_ASSIGNMENT((#5374));
#5144=PRESENTATION_STYLE_ASSIGNMENT((#5375));
#5145=PRESENTATION_STYLE_ASSIGNMENT((#5376));
#5146=PRESENTATION_STYLE_ASSIGNMENT((#5377));
#5147=PRESENTATION_STYLE_ASSIGNMENT((#5378));
#5148=PRESENTATION_STYLE_ASSIGNMENT((#5379));
#5149=PRESENTATION_STYLE_ASSIGNMENT((#5380));
#5150=PRESENTATION_STYLE_ASSIGNMENT((#5381));
#5151=PRESENTATION_STYLE_ASSIGNMENT((#5382));
#5152=PRESENTATION_STYLE_ASSIGNMENT((#5383));
#5153=PRESENTATION_STYLE_ASSIGNMENT((#5384));
#5154=PRESENTATION_STYLE_ASSIGNMENT((#5385));
#5155=PRESENTATION_STYLE_ASSIGNMENT((#5386));
#5156=PRESENTATION_STYLE_ASSIGNMENT((#5387));
#5157=PRESENTATION_STYLE_ASSIGNMENT((#5388));
#5158=PRESENTATION_STYLE_ASSIGNMENT((#5389));
#5159=PRESENTATION_STYLE_ASSIGNMENT((#5390));
#5160=PRESENTATION_STYLE_ASSIGNMENT((#5391));
#5161=PRESENTATION_STYLE_ASSIGNMENT((#5392));
#5162=PRESENTATION_STYLE_ASSIGNMENT((#5393));
#5163=PRESENTATION_STYLE_ASSIGNMENT((#5394));
#5164=PRESENTATION_STYLE_ASSIGNMENT((#5395));
#5165=PRESENTATION_STYLE_ASSIGNMENT((#5396));
#5166=PRESENTATION_STYLE_ASSIGNMENT((#5397));
#5167=PRESENTATION_STYLE_ASSIGNMENT((#5398));
#5168=PRESENTATION_STYLE_ASSIGNMENT((#5399));
#5169=PRESENTATION_STYLE_ASSIGNMENT((#5400));
#5170=PRESENTATION_STYLE_ASSIGNMENT((#5401));
#5171=PRESENTATION_STYLE_ASSIGNMENT((#5402));
#5172=PRESENTATION_STYLE_ASSIGNMENT((#5403));
#5173=PRESENTATION_STYLE_ASSIGNMENT((#5404));
#5174=PRESENTATION_STYLE_ASSIGNMENT((#5405));
#5175=PRESENTATION_STYLE_ASSIGNMENT((#5406));
#5176=PRESENTATION_STYLE_ASSIGNMENT((#5407));
#5177=PRESENTATION_STYLE_ASSIGNMENT((#5408));
#5178=PRESENTATION_STYLE_ASSIGNMENT((#5409));
#5179=PRESENTATION_STYLE_ASSIGNMENT((#5410));
#5180=PRESENTATION_STYLE_ASSIGNMENT((#5411));
#5181=PRESENTATION_STYLE_ASSIGNMENT((#5412));
#5182=PRESENTATION_STYLE_ASSIGNMENT((#5413));
#5183=PRESENTATION_STYLE_ASSIGNMENT((#5414));
#5184=PRESENTATION_STYLE_ASSIGNMENT((#5415));
#5185=PRESENTATION_STYLE_ASSIGNMENT((#5416));
#5186=PRESENTATION_STYLE_ASSIGNMENT((#5417));
#5187=PRESENTATION_STYLE_ASSIGNMENT((#5418));
#5188=PRESENTATION_STYLE_ASSIGNMENT((#5419));
#5189=PRESENTATION_STYLE_ASSIGNMENT((#5420));
#5190=PRESENTATION_STYLE_ASSIGNMENT((#5421));
#5191=PRESENTATION_STYLE_ASSIGNMENT((#5422));
#5192=PRESENTATION_STYLE_ASSIGNMENT((#5423));
#5193=PRESENTATION_STYLE_ASSIGNMENT((#5424));
#5194=PRESENTATION_STYLE_ASSIGNMENT((#5425));
#5195=PRESENTATION_STYLE_ASSIGNMENT((#5426));
#5196=PRESENTATION_STYLE_ASSIGNMENT((#5427));
#5197=PRESENTATION_STYLE_ASSIGNMENT((#5428));
#5198=PRESENTATION_STYLE_ASSIGNMENT((#5429));
#5199=PRESENTATION_STYLE_ASSIGNMENT((#5430));
#5200=PRESENTATION_STYLE_ASSIGNMENT((#5431));
#5201=PRESENTATION_STYLE_ASSIGNMENT((#5432));
#5202=PRESENTATION_STYLE_ASSIGNMENT((#5433));
#5203=PRESENTATION_STYLE_ASSIGNMENT((#5434));
#5204=PRESENTATION_STYLE_ASSIGNMENT((#5435));
#5205=PRESENTATION_STYLE_ASSIGNMENT((#5436));
#5206=PRESENTATION_STYLE_ASSIGNMENT((#5437));
#5207=PRESENTATION_STYLE_ASSIGNMENT((#5438));
#5208=PRESENTATION_STYLE_ASSIGNMENT((#5439));
#5209=PRESENTATION_STYLE_ASSIGNMENT((#5440));
#5210=PRESENTATION_STYLE_ASSIGNMENT((#5441));
#5211=PRESENTATION_STYLE_ASSIGNMENT((#5442));
#5212=PRESENTATION_STYLE_ASSIGNMENT((#5443));
#5213=PRESENTATION_STYLE_ASSIGNMENT((#5444));
#5214=PRESENTATION_STYLE_ASSIGNMENT((#5445));
#5215=PRESENTATION_STYLE_ASSIGNMENT((#5446));
#5216=PRESENTATION_STYLE_ASSIGNMENT((#5447));
#5217=PRESENTATION_STYLE_ASSIGNMENT((#5448));
#5218=PRESENTATION_STYLE_ASSIGNMENT((#5449));
#5219=PRESENTATION_STYLE_ASSIGNMENT((#5450));
#5220=PRESENTATION_STYLE_ASSIGNMENT((#5451));
#5221=PRESENTATION_STYLE_ASSIGNMENT((#5452));
#5222=PRESENTATION_STYLE_ASSIGNMENT((#5453));
#5223=PRESENTATION_STYLE_ASSIGNMENT((#5454));
#5224=PRESENTATION_STYLE_ASSIGNMENT((#5455));
#5225=PRESENTATION_STYLE_ASSIGNMENT((#5456));
#5226=PRESENTATION_STYLE_ASSIGNMENT((#5457));
#5227=PRESENTATION_STYLE_ASSIGNMENT((#5458));
#5228=PRESENTATION_STYLE_ASSIGNMENT((#5459));
#5229=PRESENTATION_STYLE_ASSIGNMENT((#5460));
#5230=PRESENTATION_STYLE_ASSIGNMENT((#5461));
#5231=PRESENTATION_STYLE_ASSIGNMENT((#5462));
#5232=PRESENTATION_STYLE_ASSIGNMENT((#5463));
#5233=PRESENTATION_STYLE_ASSIGNMENT((#5464));
#5234=PRESENTATION_STYLE_ASSIGNMENT((#5465));
#5235=PRESENTATION_STYLE_ASSIGNMENT((#5466));
#5236=PRESENTATION_STYLE_ASSIGNMENT((#5467));
#5237=PRESENTATION_STYLE_ASSIGNMENT((#5468));
#5238=PRESENTATION_STYLE_ASSIGNMENT((#5469));
#5239=PRESENTATION_STYLE_ASSIGNMENT((#5470));
#5240=PRESENTATION_STYLE_ASSIGNMENT((#5471));
#5241=PRESENTATION_STYLE_ASSIGNMENT((#5472));
#5242=PRESENTATION_STYLE_ASSIGNMENT((#5473));
#5243=PRESENTATION_STYLE_ASSIGNMENT((#5474));
#5244=PRESENTATION_STYLE_ASSIGNMENT((#5475));
#5245=PRESENTATION_STYLE_ASSIGNMENT((#5476));
#5246=PRESENTATION_STYLE_ASSIGNMENT((#5477));
#5247=PRESENTATION_STYLE_ASSIGNMENT((#5478));
#5248=PRESENTATION_STYLE_ASSIGNMENT((#5479));
#5249=PRESENTATION_STYLE_ASSIGNMENT((#5480));
#5250=PRESENTATION_STYLE_ASSIGNMENT((#5481));
#5251=PRESENTATION_STYLE_ASSIGNMENT((#5482));
#5252=PRESENTATION_STYLE_ASSIGNMENT((#5483));
#5253=PRESENTATION_STYLE_ASSIGNMENT((#5484));
#5254=PRESENTATION_STYLE_ASSIGNMENT((#5485));
#5255=PRESENTATION_STYLE_ASSIGNMENT((#5486));
#5256=PRESENTATION_STYLE_ASSIGNMENT((#5487));
#5257=PRESENTATION_STYLE_ASSIGNMENT((#5488));
#5258=PRESENTATION_STYLE_ASSIGNMENT((#5489));
#5259=PRESENTATION_STYLE_ASSIGNMENT((#5490));
#5260=PRESENTATION_STYLE_ASSIGNMENT((#5491));
#5261=PRESENTATION_STYLE_ASSIGNMENT((#5492));
#5262=PRESENTATION_STYLE_ASSIGNMENT((#5493));
#5263=PRESENTATION_STYLE_ASSIGNMENT((#5494));
#5264=PRESENTATION_STYLE_ASSIGNMENT((#5495));
#5265=PRESENTATION_STYLE_ASSIGNMENT((#5496));
#5266=PRESENTATION_STYLE_ASSIGNMENT((#5497));
#5267=PRESENTATION_STYLE_ASSIGNMENT((#5498));
#5268=PRESENTATION_STYLE_ASSIGNMENT((#5499));
#5269=PRESENTATION_STYLE_ASSIGNMENT((#5500));
#5270=PRESENTATION_STYLE_ASSIGNMENT((#5501));
#5271=PRESENTATION_STYLE_ASSIGNMENT((#5502));
#5272=PRESENTATION_STYLE_ASSIGNMENT((#5503));
#5273=PRESENTATION_STYLE_ASSIGNMENT((#5504));
#5274=PRESENTATION_STYLE_ASSIGNMENT((#5505));
#5275=PRESENTATION_STYLE_ASSIGNMENT((#5506));
#5276=PRESENTATION_STYLE_ASSIGNMENT((#5507));
#5277=PRESENTATION_STYLE_ASSIGNMENT((#5508));
#5278=PRESENTATION_STYLE_ASSIGNMENT((#5509));
#5279=PRESENTATION_STYLE_ASSIGNMENT((#5510));
#5280=PRESENTATION_STYLE_ASSIGNMENT((#5511));
#5281=PRESENTATION_STYLE_ASSIGNMENT((#5512));
#5282=PRESENTATION_STYLE_ASSIGNMENT((#5513));
#5283=PRESENTATION_STYLE_ASSIGNMENT((#5514));
#5284=PRESENTATION_STYLE_ASSIGNMENT((#5515));
#5285=PRESENTATION_STYLE_ASSIGNMENT((#5516));
#5286=PRESENTATION_STYLE_ASSIGNMENT((#5517));
#5287=PRESENTATION_STYLE_ASSIGNMENT((#5518));
#5288=PRESENTATION_STYLE_ASSIGNMENT((#5519));
#5289=PRESENTATION_STYLE_ASSIGNMENT((#5520));
#5290=PRESENTATION_STYLE_ASSIGNMENT((#5521));
#5291=PRESENTATION_STYLE_ASSIGNMENT((#5522));
#5292=PRESENTATION_STYLE_ASSIGNMENT((#5523));
#5293=PRESENTATION_STYLE_ASSIGNMENT((#5524));
#5294=PRESENTATION_STYLE_ASSIGNMENT((#5525));
#5295=PRESENTATION_STYLE_ASSIGNMENT((#5526));
#5296=PRESENTATION_STYLE_ASSIGNMENT((#5527));
#5297=PRESENTATION_STYLE_ASSIGNMENT((#5528));
#5298=PRESENTATION_STYLE_ASSIGNMENT((#5529));
#5299=PRESENTATION_STYLE_ASSIGNMENT((#5530));
#5300=PRESENTATION_STYLE_ASSIGNMENT((#5531));
#5301=PRESENTATION_STYLE_ASSIGNMENT((#5532));
#5302=PRESENTATION_STYLE_ASSIGNMENT((#5533));
#5303=PRESENTATION_STYLE_ASSIGNMENT((#5534));
#5304=PRESENTATION_STYLE_ASSIGNMENT((#5535));
#5305=PRESENTATION_STYLE_ASSIGNMENT((#5536));
#5306=PRESENTATION_STYLE_ASSIGNMENT((#5537));
#5307=PRESENTATION_STYLE_ASSIGNMENT((#5538));
#5308=PRESENTATION_STYLE_ASSIGNMENT((#5539));
#5309=PRESENTATION_STYLE_ASSIGNMENT((#5540));
#5310=PRESENTATION_STYLE_ASSIGNMENT((#5541));
#5311=PRESENTATION_STYLE_ASSIGNMENT((#5542));
#5312=PRESENTATION_STYLE_ASSIGNMENT((#5543));
#5313=PRESENTATION_STYLE_ASSIGNMENT((#5544));
#5314=PRESENTATION_STYLE_ASSIGNMENT((#5545));
#5315=PRESENTATION_STYLE_ASSIGNMENT((#5546));
#5316=PRESENTATION_STYLE_ASSIGNMENT((#5547));
#5317=PRESENTATION_STYLE_ASSIGNMENT((#5548));
#5318=PRESENTATION_STYLE_ASSIGNMENT((#5549));
#5319=PRESENTATION_STYLE_ASSIGNMENT((#5550));
#5320=PRESENTATION_STYLE_ASSIGNMENT((#5551));
#5321=PRESENTATION_STYLE_ASSIGNMENT((#5552));
#5322=PRESENTATION_STYLE_ASSIGNMENT((#5553));
#5323=PRESENTATION_STYLE_ASSIGNMENT((#5554));
#5324=PRESENTATION_STYLE_ASSIGNMENT((#5555));
#5325=PRESENTATION_STYLE_ASSIGNMENT((#5556));
#5326=SURFACE_STYLE_USAGE(.BOTH.,#5557);
#5327=SURFACE_STYLE_USAGE(.BOTH.,#5558);
#5328=SURFACE_STYLE_USAGE(.BOTH.,#5559);
#5329=SURFACE_STYLE_USAGE(.BOTH.,#5560);
#5330=SURFACE_STYLE_USAGE(.BOTH.,#5561);
#5331=SURFACE_STYLE_USAGE(.BOTH.,#5562);
#5332=SURFACE_STYLE_USAGE(.BOTH.,#5563);
#5333=SURFACE_STYLE_USAGE(.BOTH.,#5564);
#5334=SURFACE_STYLE_USAGE(.BOTH.,#5565);
#5335=SURFACE_STYLE_USAGE(.BOTH.,#5566);
#5336=SURFACE_STYLE_USAGE(.BOTH.,#5567);
#5337=SURFACE_STYLE_USAGE(.BOTH.,#5568);
#5338=SURFACE_STYLE_USAGE(.BOTH.,#5569);
#5339=SURFACE_STYLE_USAGE(.BOTH.,#5570);
#5340=SURFACE_STYLE_USAGE(.BOTH.,#5571);
#5341=SURFACE_STYLE_USAGE(.BOTH.,#5572);
#5342=SURFACE_STYLE_USAGE(.BOTH.,#5573);
#5343=SURFACE_STYLE_USAGE(.BOTH.,#5574);
#5344=SURFACE_STYLE_USAGE(.BOTH.,#5575);
#5345=SURFACE_STYLE_USAGE(.BOTH.,#5576);
#5346=SURFACE_STYLE_USAGE(.BOTH.,#5577);
#5347=SURFACE_STYLE_USAGE(.BOTH.,#5578);
#5348=SURFACE_STYLE_USAGE(.BOTH.,#5579);
#5349=SURFACE_STYLE_USAGE(.BOTH.,#5580);
#5350=SURFACE_STYLE_USAGE(.BOTH.,#5581);
#5351=SURFACE_STYLE_USAGE(.BOTH.,#5582);
#5352=SURFACE_STYLE_USAGE(.BOTH.,#5583);
#5353=SURFACE_STYLE_USAGE(.BOTH.,#5584);
#5354=SURFACE_STYLE_USAGE(.BOTH.,#5585);
#5355=SURFACE_STYLE_USAGE(.BOTH.,#5586);
#5356=SURFACE_STYLE_USAGE(.BOTH.,#5587);
#5357=SURFACE_STYLE_USAGE(.BOTH.,#5588);
#5358=SURFACE_STYLE_USAGE(.BOTH.,#5589);
#5359=SURFACE_STYLE_USAGE(.BOTH.,#5590);
#5360=SURFACE_STYLE_USAGE(.BOTH.,#5591);
#5361=SURFACE_STYLE_USAGE(.BOTH.,#5592);
#5362=SURFACE_STYLE_USAGE(.BOTH.,#5593);
#5363=SURFACE_STYLE_USAGE(.BOTH.,#5594);
#5364=SURFACE_STYLE_USAGE(.BOTH.,#5595);
#5365=SURFACE_STYLE_USAGE(.BOTH.,#5596);
#5366=SURFACE_STYLE_USAGE(.BOTH.,#5597);
#5367=SURFACE_STYLE_USAGE(.BOTH.,#5598);
#5368=SURFACE_STYLE_USAGE(.BOTH.,#5599);
#5369=SURFACE_STYLE_USAGE(.BOTH.,#5600);
#5370=SURFACE_STYLE_USAGE(.BOTH.,#5601);
#5371=SURFACE_STYLE_USAGE(.BOTH.,#5602);
#5372=SURFACE_STYLE_USAGE(.BOTH.,#5603);
#5373=SURFACE_STYLE_USAGE(.BOTH.,#5604);
#5374=SURFACE_STYLE_USAGE(.BOTH.,#5605);
#5375=SURFACE_STYLE_USAGE(.BOTH.,#5606);
#5376=SURFACE_STYLE_USAGE(.BOTH.,#5607);
#5377=SURFACE_STYLE_USAGE(.BOTH.,#5608);
#5378=SURFACE_STYLE_USAGE(.BOTH.,#5609);
#5379=SURFACE_STYLE_USAGE(.BOTH.,#5610);
#5380=SURFACE_STYLE_USAGE(.BOTH.,#5611);
#5381=SURFACE_STYLE_USAGE(.BOTH.,#5612);
#5382=SURFACE_STYLE_USAGE(.BOTH.,#5613);
#5383=SURFACE_STYLE_USAGE(.BOTH.,#5614);
#5384=SURFACE_STYLE_USAGE(.BOTH.,#5615);
#5385=SURFACE_STYLE_USAGE(.BOTH.,#5616);
#5386=SURFACE_STYLE_USAGE(.BOTH.,#5617);
#5387=SURFACE_STYLE_USAGE(.BOTH.,#5618);
#5388=SURFACE_STYLE_USAGE(.BOTH.,#5619);
#5389=SURFACE_STYLE_USAGE(.BOTH.,#5620);
#5390=SURFACE_STYLE_USAGE(.BOTH.,#5621);
#5391=SURFACE_STYLE_USAGE(.BOTH.,#5622);
#5392=SURFACE_STYLE_USAGE(.BOTH.,#5623);
#5393=SURFACE_STYLE_USAGE(.BOTH.,#5624);
#5394=SURFACE_STYLE_USAGE(.BOTH.,#5625);
#5395=SURFACE_STYLE_USAGE(.BOTH.,#5626);
#5396=SURFACE_STYLE_USAGE(.BOTH.,#5627);
#5397=SURFACE_STYLE_USAGE(.BOTH.,#5628);
#5398=SURFACE_STYLE_USAGE(.BOTH.,#5629);
#5399=SURFACE_STYLE_USAGE(.BOTH.,#5630);
#5400=SURFACE_STYLE_USAGE(.BOTH.,#5631);
#5401=SURFACE_STYLE_USAGE(.BOTH.,#5632);
#5402=SURFACE_STYLE_USAGE(.BOTH.,#5633);
#5403=SURFACE_STYLE_USAGE(.BOTH.,#5634);
#5404=SURFACE_STYLE_USAGE(.BOTH.,#5635);
#5405=SURFACE_STYLE_USAGE(.BOTH.,#5636);
#5406=SURFACE_STYLE_USAGE(.BOTH.,#5637);
#5407=SURFACE_STYLE_USAGE(.BOTH.,#5638);
#5408=SURFACE_STYLE_USAGE(.BOTH.,#5639);
#5409=SURFACE_STYLE_USAGE(.BOTH.,#5640);
#5410=SURFACE_STYLE_USAGE(.BOTH.,#5641);
#5411=SURFACE_STYLE_USAGE(.BOTH.,#5642);
#5412=SURFACE_STYLE_USAGE(.BOTH.,#5643);
#5413=SURFACE_STYLE_USAGE(.BOTH.,#5644);
#5414=SURFACE_STYLE_USAGE(.BOTH.,#5645);
#5415=SURFACE_STYLE_USAGE(.BOTH.,#5646);
#5416=SURFACE_STYLE_USAGE(.BOTH.,#5647);
#5417=SURFACE_STYLE_USAGE(.BOTH.,#5648);
#5418=SURFACE_STYLE_USAGE(.BOTH.,#5649);
#5419=SURFACE_STYLE_USAGE(.BOTH.,#5650);
#5420=SURFACE_STYLE_USAGE(.BOTH.,#5651);
#5421=SURFACE_STYLE_USAGE(.BOTH.,#5652);
#5422=SURFACE_STYLE_USAGE(.BOTH.,#5653);
#5423=SURFACE_STYLE_USAGE(.BOTH.,#5654);
#5424=SURFACE_STYLE_USAGE(.BOTH.,#5655);
#5425=SURFACE_STYLE_USAGE(.BOTH.,#5656);
#5426=SURFACE_STYLE_USAGE(.BOTH.,#5657);
#5427=SURFACE_STYLE_USAGE(.BOTH.,#5658);
#5428=SURFACE_STYLE_USAGE(.BOTH.,#5659);
#5429=SURFACE_STYLE_USAGE(.BOTH.,#5660);
#5430=SURFACE_STYLE_USAGE(.BOTH.,#5661);
#5431=SURFACE_STYLE_USAGE(.BOTH.,#5662);
#5432=SURFACE_STYLE_USAGE(.BOTH.,#5663);
#5433=SURFACE_STYLE_USAGE(.BOTH.,#5664);
#5434=SURFACE_STYLE_USAGE(.BOTH.,#5665);
#5435=SURFACE_STYLE_USAGE(.BOTH.,#5666);
#5436=SURFACE_STYLE_USAGE(.BOTH.,#5667);
#5437=SURFACE_STYLE_USAGE(.BOTH.,#5668);
#5438=SURFACE_STYLE_USAGE(.BOTH.,#5669);
#5439=SURFACE_STYLE_USAGE(.BOTH.,#5670);
#5440=SURFACE_STYLE_USAGE(.BOTH.,#5671);
#5441=SURFACE_STYLE_USAGE(.BOTH.,#5672);
#5442=SURFACE_STYLE_USAGE(.BOTH.,#5673);
#5443=SURFACE_STYLE_USAGE(.BOTH.,#5674);
#5444=SURFACE_STYLE_USAGE(.BOTH.,#5675);
#5445=SURFACE_STYLE_USAGE(.BOTH.,#5676);
#5446=SURFACE_STYLE_USAGE(.BOTH.,#5677);
#5447=SURFACE_STYLE_USAGE(.BOTH.,#5678);
#5448=SURFACE_STYLE_USAGE(.BOTH.,#5679);
#5449=SURFACE_STYLE_USAGE(.BOTH.,#5680);
#5450=SURFACE_STYLE_USAGE(.BOTH.,#5681);
#5451=SURFACE_STYLE_USAGE(.BOTH.,#5682);
#5452=SURFACE_STYLE_USAGE(.BOTH.,#5683);
#5453=SURFACE_STYLE_USAGE(.BOTH.,#5684);
#5454=SURFACE_STYLE_USAGE(.BOTH.,#5685);
#5455=SURFACE_STYLE_USAGE(.BOTH.,#5686);
#5456=SURFACE_STYLE_USAGE(.BOTH.,#5687);
#5457=SURFACE_STYLE_USAGE(.BOTH.,#5688);
#5458=SURFACE_STYLE_USAGE(.BOTH.,#5689);
#5459=SURFACE_STYLE_USAGE(.BOTH.,#5690);
#5460=SURFACE_STYLE_USAGE(.BOTH.,#5691);
#5461=SURFACE_STYLE_USAGE(.BOTH.,#5692);
#5462=SURFACE_STYLE_USAGE(.BOTH.,#5693);
#5463=SURFACE_STYLE_USAGE(.BOTH.,#5694);
#5464=SURFACE_STYLE_USAGE(.BOTH.,#5695);
#5465=SURFACE_STYLE_USAGE(.BOTH.,#5696);
#5466=SURFACE_STYLE_USAGE(.BOTH.,#5697);
#5467=SURFACE_STYLE_USAGE(.BOTH.,#5698);
#5468=SURFACE_STYLE_USAGE(.BOTH.,#5699);
#5469=SURFACE_STYLE_USAGE(.BOTH.,#5700);
#5470=SURFACE_STYLE_USAGE(.BOTH.,#5701);
#5471=SURFACE_STYLE_USAGE(.BOTH.,#5702);
#5472=SURFACE_STYLE_USAGE(.BOTH.,#5703);
#5473=SURFACE_STYLE_USAGE(.BOTH.,#5704);
#5474=SURFACE_STYLE_USAGE(.BOTH.,#5705);
#5475=SURFACE_STYLE_USAGE(.BOTH.,#5706);
#5476=SURFACE_STYLE_USAGE(.BOTH.,#5707);
#5477=SURFACE_STYLE_USAGE(.BOTH.,#5708);
#5478=SURFACE_STYLE_USAGE(.BOTH.,#5709);
#5479=SURFACE_STYLE_USAGE(.BOTH.,#5710);
#5480=SURFACE_STYLE_USAGE(.BOTH.,#5711);
#5481=SURFACE_STYLE_USAGE(.BOTH.,#5712);
#5482=SURFACE_STYLE_USAGE(.BOTH.,#5713);
#5483=SURFACE_STYLE_USAGE(.BOTH.,#5714);
#5484=SURFACE_STYLE_USAGE(.BOTH.,#5715);
#5485=SURFACE_STYLE_USAGE(.BOTH.,#5716);
#5486=SURFACE_STYLE_USAGE(.BOTH.,#5717);
#5487=SURFACE_STYLE_USAGE(.BOTH.,#5718);
#5488=SURFACE_STYLE_USAGE(.BOTH.,#5719);
#5489=SURFACE_STYLE_USAGE(.BOTH.,#5720);
#5490=SURFACE_STYLE_USAGE(.BOTH.,#5721);
#5491=SURFACE_STYLE_USAGE(.BOTH.,#5722);
#5492=SURFACE_STYLE_USAGE(.BOTH.,#5723);
#5493=SURFACE_STYLE_USAGE(.BOTH.,#5724);
#5494=SURFACE_STYLE_USAGE(.BOTH.,#5725);
#5495=SURFACE_STYLE_USAGE(.BOTH.,#5726);
#5496=SURFACE_STYLE_USAGE(.BOTH.,#5727);
#5497=SURFACE_STYLE_USAGE(.BOTH.,#5728);
#5498=SURFACE_STYLE_USAGE(.BOTH.,#5729);
#5499=SURFACE_STYLE_USAGE(.BOTH.,#5730);
#5500=SURFACE_STYLE_USAGE(.BOTH.,#5731);
#5501=SURFACE_STYLE_USAGE(.BOTH.,#5732);
#5502=SURFACE_STYLE_USAGE(.BOTH.,#5733);
#5503=SURFACE_STYLE_USAGE(.BOTH.,#5734);
#5504=SURFACE_STYLE_USAGE(.BOTH.,#5735);
#5505=SURFACE_STYLE_USAGE(.BOTH.,#5736);
#5506=SURFACE_STYLE_USAGE(.BOTH.,#5737);
#5507=SURFACE_STYLE_USAGE(.BOTH.,#5738);
#5508=SURFACE_STYLE_USAGE(.BOTH.,#5739);
#5509=SURFACE_STYLE_USAGE(.BOTH.,#5740);
#5510=SURFACE_STYLE_USAGE(.BOTH.,#5741);
#5511=SURFACE_STYLE_USAGE(.BOTH.,#5742);
#5512=SURFACE_STYLE_USAGE(.BOTH.,#5743);
#5513=SURFACE_STYLE_USAGE(.BOTH.,#5744);
#5514=SURFACE_STYLE_USAGE(.BOTH.,#5745);
#5515=SURFACE_STYLE_USAGE(.BOTH.,#5746);
#5516=SURFACE_STYLE_USAGE(.BOTH.,#5747);
#5517=SURFACE_STYLE_USAGE(.BOTH.,#5748);
#5518=SURFACE_STYLE_USAGE(.BOTH.,#5749);
#5519=SURFACE_STYLE_USAGE(.BOTH.,#5750);
#5520=SURFACE_STYLE_USAGE(.BOTH.,#5751);
#5521=SURFACE_STYLE_USAGE(.BOTH.,#5752);
#5522=SURFACE_STYLE_USAGE(.BOTH.,#5753);
#5523=SURFACE_STYLE_USAGE(.BOTH.,#5754);
#5524=SURFACE_STYLE_USAGE(.BOTH.,#5755);
#5525=SURFACE_STYLE_USAGE(.BOTH.,#5756);
#5526=SURFACE_STYLE_USAGE(.BOTH.,#5757);
#5527=SURFACE_STYLE_USAGE(.BOTH.,#5758);
#5528=SURFACE_STYLE_USAGE(.BOTH.,#5759);
#5529=SURFACE_STYLE_USAGE(.BOTH.,#5760);
#5530=SURFACE_STYLE_USAGE(.BOTH.,#5761);
#5531=SURFACE_STYLE_USAGE(.BOTH.,#5762);
#5532=SURFACE_STYLE_USAGE(.BOTH.,#5763);
#5533=SURFACE_STYLE_USAGE(.BOTH.,#5764);
#5534=SURFACE_STYLE_USAGE(.BOTH.,#5765);
#5535=SURFACE_STYLE_USAGE(.BOTH.,#5766);
#5536=SURFACE_STYLE_USAGE(.BOTH.,#5767);
#5537=SURFACE_STYLE_USAGE(.BOTH.,#5768);
#5538=SURFACE_STYLE_USAGE(.BOTH.,#5769);
#5539=SURFACE_STYLE_USAGE(.BOTH.,#5770);
#5540=SURFACE_STYLE_USAGE(.BOTH.,#5771);
#5541=SURFACE_STYLE_USAGE(.BOTH.,#5772);
#5542=SURFACE_STYLE_USAGE(.BOTH.,#5773);
#5543=SURFACE_STYLE_USAGE(.BOTH.,#5774);
#5544=SURFACE_STYLE_USAGE(.BOTH.,#5775);
#5545=SURFACE_STYLE_USAGE(.BOTH.,#5776);
#5546=SURFACE_STYLE_USAGE(.BOTH.,#5777);
#5547=SURFACE_STYLE_USAGE(.BOTH.,#5778);
#5548=SURFACE_STYLE_USAGE(.BOTH.,#5779);
#5549=SURFACE_STYLE_USAGE(.BOTH.,#5780);
#5550=SURFACE_STYLE_USAGE(.BOTH.,#5781);
#5551=SURFACE_STYLE_USAGE(.BOTH.,#5782);
#5552=SURFACE_STYLE_USAGE(.BOTH.,#5783);
#5553=SURFACE_STYLE_USAGE(.BOTH.,#5784);
#5554=SURFACE_STYLE_USAGE(.BOTH.,#5785);
#5555=SURFACE_STYLE_USAGE(.BOTH.,#5786);
#5556=SURFACE_STYLE_USAGE(.BOTH.,#5787);
#5557=SURFACE_SIDE_STYLE('',(#5788));
#5558=SURFACE_SIDE_STYLE('',(#5789));
#5559=SURFACE_SIDE_STYLE('',(#5790));
#5560=SURFACE_SIDE_STYLE('',(#5791));
#5561=SURFACE_SIDE_STYLE('',(#5792));
#5562=SURFACE_SIDE_STYLE('',(#5793));
#5563=SURFACE_SIDE_STYLE('',(#5794));
#5564=SURFACE_SIDE_STYLE('',(#5795));
#5565=SURFACE_SIDE_STYLE('',(#5796));
#5566=SURFACE_SIDE_STYLE('',(#5797));
#5567=SURFACE_SIDE_STYLE('',(#5798));
#5568=SURFACE_SIDE_STYLE('',(#5799));
#5569=SURFACE_SIDE_STYLE('',(#5800));
#5570=SURFACE_SIDE_STYLE('',(#5801));
#5571=SURFACE_SIDE_STYLE('',(#5802));
#5572=SURFACE_SIDE_STYLE('',(#5803));
#5573=SURFACE_SIDE_STYLE('',(#5804));
#5574=SURFACE_SIDE_STYLE('',(#5805));
#5575=SURFACE_SIDE_STYLE('',(#5806));
#5576=SURFACE_SIDE_STYLE('',(#5807));
#5577=SURFACE_SIDE_STYLE('',(#5808));
#5578=SURFACE_SIDE_STYLE('',(#5809));
#5579=SURFACE_SIDE_STYLE('',(#5810));
#5580=SURFACE_SIDE_STYLE('',(#5811));
#5581=SURFACE_SIDE_STYLE('',(#5812));
#5582=SURFACE_SIDE_STYLE('',(#5813));
#5583=SURFACE_SIDE_STYLE('',(#5814));
#5584=SURFACE_SIDE_STYLE('',(#5815));
#5585=SURFACE_SIDE_STYLE('',(#5816));
#5586=SURFACE_SIDE_STYLE('',(#5817));
#5587=SURFACE_SIDE_STYLE('',(#5818));
#5588=SURFACE_SIDE_STYLE('',(#5819));
#5589=SURFACE_SIDE_STYLE('',(#5820));
#5590=SURFACE_SIDE_STYLE('',(#5821));
#5591=SURFACE_SIDE_STYLE('',(#5822));
#5592=SURFACE_SIDE_STYLE('',(#5823));
#5593=SURFACE_SIDE_STYLE('',(#5824));
#5594=SURFACE_SIDE_STYLE('',(#5825));
#5595=SURFACE_SIDE_STYLE('',(#5826));
#5596=SURFACE_SIDE_STYLE('',(#5827));
#5597=SURFACE_SIDE_STYLE('',(#5828));
#5598=SURFACE_SIDE_STYLE('',(#5829));
#5599=SURFACE_SIDE_STYLE('',(#5830));
#5600=SURFACE_SIDE_STYLE('',(#5831));
#5601=SURFACE_SIDE_STYLE('',(#5832));
#5602=SURFACE_SIDE_STYLE('',(#5833));
#5603=SURFACE_SIDE_STYLE('',(#5834));
#5604=SURFACE_SIDE_STYLE('',(#5835));
#5605=SURFACE_SIDE_STYLE('',(#5836));
#5606=SURFACE_SIDE_STYLE('',(#5837));
#5607=SURFACE_SIDE_STYLE('',(#5838));
#5608=SURFACE_SIDE_STYLE('',(#5839));
#5609=SURFACE_SIDE_STYLE('',(#5840));
#5610=SURFACE_SIDE_STYLE('',(#5841));
#5611=SURFACE_SIDE_STYLE('',(#5842));
#5612=SURFACE_SIDE_STYLE('',(#5843));
#5613=SURFACE_SIDE_STYLE('',(#5844));
#5614=SURFACE_SIDE_STYLE('',(#5845));
#5615=SURFACE_SIDE_STYLE('',(#5846));
#5616=SURFACE_SIDE_STYLE('',(#5847));
#5617=SURFACE_SIDE_STYLE('',(#5848));
#5618=SURFACE_SIDE_STYLE('',(#5849));
#5619=SURFACE_SIDE_STYLE('',(#5850));
#5620=SURFACE_SIDE_STYLE('',(#5851));
#5621=SURFACE_SIDE_STYLE('',(#5852));
#5622=SURFACE_SIDE_STYLE('',(#5853));
#5623=SURFACE_SIDE_STYLE('',(#5854));
#5624=SURFACE_SIDE_STYLE('',(#5855));
#5625=SURFACE_SIDE_STYLE('',(#5856));
#5626=SURFACE_SIDE_STYLE('',(#5857));
#5627=SURFACE_SIDE_STYLE('',(#5858));
#5628=SURFACE_SIDE_STYLE('',(#5859));
#5629=SURFACE_SIDE_STYLE('',(#5860));
#5630=SURFACE_SIDE_STYLE('',(#5861));
#5631=SURFACE_SIDE_STYLE('',(#5862));
#5632=SURFACE_SIDE_STYLE('',(#5863));
#5633=SURFACE_SIDE_STYLE('',(#5864));
#5634=SURFACE_SIDE_STYLE('',(#5865));
#5635=SURFACE_SIDE_STYLE('',(#5866));
#5636=SURFACE_SIDE_STYLE('',(#5867));
#5637=SURFACE_SIDE_STYLE('',(#5868));
#5638=SURFACE_SIDE_STYLE('',(#5869));
#5639=SURFACE_SIDE_STYLE('',(#5870));
#5640=SURFACE_SIDE_STYLE('',(#5871));
#5641=SURFACE_SIDE_STYLE('',(#5872));
#5642=SURFACE_SIDE_STYLE('',(#5873));
#5643=SURFACE_SIDE_STYLE('',(#5874));
#5644=SURFACE_SIDE_STYLE('',(#5875));
#5645=SURFACE_SIDE_STYLE('',(#5876));
#5646=SURFACE_SIDE_STYLE('',(#5877));
#5647=SURFACE_SIDE_STYLE('',(#5878));
#5648=SURFACE_SIDE_STYLE('',(#5879));
#5649=SURFACE_SIDE_STYLE('',(#5880));
#5650=SURFACE_SIDE_STYLE('',(#5881));
#5651=SURFACE_SIDE_STYLE('',(#5882));
#5652=SURFACE_SIDE_STYLE('',(#5883));
#5653=SURFACE_SIDE_STYLE('',(#5884));
#5654=SURFACE_SIDE_STYLE('',(#5885));
#5655=SURFACE_SIDE_STYLE('',(#5886));
#5656=SURFACE_SIDE_STYLE('',(#5887));
#5657=SURFACE_SIDE_STYLE('',(#5888));
#5658=SURFACE_SIDE_STYLE('',(#5889));
#5659=SURFACE_SIDE_STYLE('',(#5890));
#5660=SURFACE_SIDE_STYLE('',(#5891));
#5661=SURFACE_SIDE_STYLE('',(#5892));
#5662=SURFACE_SIDE_STYLE('',(#5893));
#5663=SURFACE_SIDE_STYLE('',(#5894));
#5664=SURFACE_SIDE_STYLE('',(#5895));
#5665=SURFACE_SIDE_STYLE('',(#5896));
#5666=SURFACE_SIDE_STYLE('',(#5897));
#5667=SURFACE_SIDE_STYLE('',(#5898));
#5668=SURFACE_SIDE_STYLE('',(#5899));
#5669=SURFACE_SIDE_STYLE('',(#5900));
#5670=SURFACE_SIDE_STYLE('',(#5901));
#5671=SURFACE_SIDE_STYLE('',(#5902));
#5672=SURFACE_SIDE_STYLE('',(#5903));
#5673=SURFACE_SIDE_STYLE('',(#5904));
#5674=SURFACE_SIDE_STYLE('',(#5905));
#5675=SURFACE_SIDE_STYLE('',(#5906));
#5676=SURFACE_SIDE_STYLE('',(#5907));
#5677=SURFACE_SIDE_STYLE('',(#5908));
#5678=SURFACE_SIDE_STYLE('',(#5909));
#5679=SURFACE_SIDE_STYLE('',(#5910));
#5680=SURFACE_SIDE_STYLE('',(#5911));
#5681=SURFACE_SIDE_STYLE('',(#5912));
#5682=SURFACE_SIDE_STYLE('',(#5913));
#5683=SURFACE_SIDE_STYLE('',(#5914));
#5684=SURFACE_SIDE_STYLE('',(#5915));
#5685=SURFACE_SIDE_STYLE('',(#5916));
#5686=SURFACE_SIDE_STYLE('',(#5917));
#5687=SURFACE_SIDE_STYLE('',(#5918));
#5688=SURFACE_SIDE_STYLE('',(#5919));
#5689=SURFACE_SIDE_STYLE('',(#5920));
#5690=SURFACE_SIDE_STYLE('',(#5921));
#5691=SURFACE_SIDE_STYLE('',(#5922));
#5692=SURFACE_SIDE_STYLE('',(#5923));
#5693=SURFACE_SIDE_STYLE('',(#5924));
#5694=SURFACE_SIDE_STYLE('',(#5925));
#5695=SURFACE_SIDE_STYLE('',(#5926));
#5696=SURFACE_SIDE_STYLE('',(#5927));
#5697=SURFACE_SIDE_STYLE('',(#5928));
#5698=SURFACE_SIDE_STYLE('',(#5929));
#5699=SURFACE_SIDE_STYLE('',(#5930));
#5700=SURFACE_SIDE_STYLE('',(#5931));
#5701=SURFACE_SIDE_STYLE('',(#5932));
#5702=SURFACE_SIDE_STYLE('',(#5933));
#5703=SURFACE_SIDE_STYLE('',(#5934));
#5704=SURFACE_SIDE_STYLE('',(#5935));
#5705=SURFACE_SIDE_STYLE('',(#5936));
#5706=SURFACE_SIDE_STYLE('',(#5937));
#5707=SURFACE_SIDE_STYLE('',(#5938));
#5708=SURFACE_SIDE_STYLE('',(#5939));
#5709=SURFACE_SIDE_STYLE('',(#5940));
#5710=SURFACE_SIDE_STYLE('',(#5941));
#5711=SURFACE_SIDE_STYLE('',(#5942));
#5712=SURFACE_SIDE_STYLE('',(#5943));
#5713=SURFACE_SIDE_STYLE('',(#5944));
#5714=SURFACE_SIDE_STYLE('',(#5945));
#5715=SURFACE_SIDE_STYLE('',(#5946));
#5716=SURFACE_SIDE_STYLE('',(#5947));
#5717=SURFACE_SIDE_STYLE('',(#5948));
#5718=SURFACE_SIDE_STYLE('',(#5949));
#5719=SURFACE_SIDE_STYLE('',(#5950));
#5720=SURFACE_SIDE_STYLE('',(#5951));
#5721=SURFACE_SIDE_STYLE('',(#5952));
#5722=SURFACE_SIDE_STYLE('',(#5953));
#5723=SURFACE_SIDE_STYLE('',(#5954));
#5724=SURFACE_SIDE_STYLE('',(#5955));
#5725=SURFACE_SIDE_STYLE('',(#5956));
#5726=SURFACE_SIDE_STYLE('',(#5957));
#5727=SURFACE_SIDE_STYLE('',(#5958));
#5728=SURFACE_SIDE_STYLE('',(#5959));
#5729=SURFACE_SIDE_STYLE('',(#5960));
#5730=SURFACE_SIDE_STYLE('',(#5961));
#5731=SURFACE_SIDE_STYLE('',(#5962));
#5732=SURFACE_SIDE_STYLE('',(#5963));
#5733=SURFACE_SIDE_STYLE('',(#5964));
#5734=SURFACE_SIDE_STYLE('',(#5965));
#5735=SURFACE_SIDE_STYLE('',(#5966));
#5736=SURFACE_SIDE_STYLE('',(#5967));
#5737=SURFACE_SIDE_STYLE('',(#5968));
#5738=SURFACE_SIDE_STYLE('',(#5969));
#5739=SURFACE_SIDE_STYLE('',(#5970));
#5740=SURFACE_SIDE_STYLE('',(#5971));
#5741=SURFACE_SIDE_STYLE('',(#5972));
#5742=SURFACE_SIDE_STYLE('',(#5973));
#5743=SURFACE_SIDE_STYLE('',(#5974));
#5744=SURFACE_SIDE_STYLE('',(#5975));
#5745=SURFACE_SIDE_STYLE('',(#5976));
#5746=SURFACE_SIDE_STYLE('',(#5977));
#5747=SURFACE_SIDE_STYLE('',(#5978));
#5748=SURFACE_SIDE_STYLE('',(#5979));
#5749=SURFACE_SIDE_STYLE('',(#5980));
#5750=SURFACE_SIDE_STYLE('',(#5981));
#5751=SURFACE_SIDE_STYLE('',(#5982));
#5752=SURFACE_SIDE_STYLE('',(#5983));
#5753=SURFACE_SIDE_STYLE('',(#5984));
#5754=SURFACE_SIDE_STYLE('',(#5985));
#5755=SURFACE_SIDE_STYLE('',(#5986));
#5756=SURFACE_SIDE_STYLE('',(#5987));
#5757=SURFACE_SIDE_STYLE('',(#5988));
#5758=SURFACE_SIDE_STYLE('',(#5989));
#5759=SURFACE_SIDE_STYLE('',(#5990));
#5760=SURFACE_SIDE_STYLE('',(#5991));
#5761=SURFACE_SIDE_STYLE('',(#5992));
#5762=SURFACE_SIDE_STYLE('',(#5993));
#5763=SURFACE_SIDE_STYLE('',(#5994));
#5764=SURFACE_SIDE_STYLE('',(#5995));
#5765=SURFACE_SIDE_STYLE('',(#5996));
#5766=SURFACE_SIDE_STYLE('',(#5997));
#5767=SURFACE_SIDE_STYLE('',(#5998));
#5768=SURFACE_SIDE_STYLE('',(#5999));
#5769=SURFACE_SIDE_STYLE('',(#6000));
#5770=SURFACE_SIDE_STYLE('',(#6001));
#5771=SURFACE_SIDE_STYLE('',(#6002));
#5772=SURFACE_SIDE_STYLE('',(#6003));
#5773=SURFACE_SIDE_STYLE('',(#6004));
#5774=SURFACE_SIDE_STYLE('',(#6005));
#5775=SURFACE_SIDE_STYLE('',(#6006));
#5776=SURFACE_SIDE_STYLE('',(#6007));
#5777=SURFACE_SIDE_STYLE('',(#6008));
#5778=SURFACE_SIDE_STYLE('',(#6009));
#5779=SURFACE_SIDE_STYLE('',(#6010));
#5780=SURFACE_SIDE_STYLE('',(#6011));
#5781=SURFACE_SIDE_STYLE('',(#6012));
#5782=SURFACE_SIDE_STYLE('',(#6013));
#5783=SURFACE_SIDE_STYLE('',(#6014));
#5784=SURFACE_SIDE_STYLE('',(#6015));
#5785=SURFACE_SIDE_STYLE('',(#6016));
#5786=SURFACE_SIDE_STYLE('',(#6017));
#5787=SURFACE_SIDE_STYLE('',(#6018));
#5788=SURFACE_STYLE_FILL_AREA(#6019);
#5789=SURFACE_STYLE_FILL_AREA(#6020);
#5790=SURFACE_STYLE_FILL_AREA(#6021);
#5791=SURFACE_STYLE_FILL_AREA(#6022);
#5792=SURFACE_STYLE_FILL_AREA(#6023);
#5793=SURFACE_STYLE_FILL_AREA(#6024);
#5794=SURFACE_STYLE_FILL_AREA(#6025);
#5795=SURFACE_STYLE_FILL_AREA(#6026);
#5796=SURFACE_STYLE_FILL_AREA(#6027);
#5797=SURFACE_STYLE_FILL_AREA(#6028);
#5798=SURFACE_STYLE_FILL_AREA(#6029);
#5799=SURFACE_STYLE_FILL_AREA(#6030);
#5800=SURFACE_STYLE_FILL_AREA(#6031);
#5801=SURFACE_STYLE_FILL_AREA(#6032);
#5802=SURFACE_STYLE_FILL_AREA(#6033);
#5803=SURFACE_STYLE_FILL_AREA(#6034);
#5804=SURFACE_STYLE_FILL_AREA(#6035);
#5805=SURFACE_STYLE_FILL_AREA(#6036);
#5806=SURFACE_STYLE_FILL_AREA(#6037);
#5807=SURFACE_STYLE_FILL_AREA(#6038);
#5808=SURFACE_STYLE_FILL_AREA(#6039);
#5809=SURFACE_STYLE_FILL_AREA(#6040);
#5810=SURFACE_STYLE_FILL_AREA(#6041);
#5811=SURFACE_STYLE_FILL_AREA(#6042);
#5812=SURFACE_STYLE_FILL_AREA(#6043);
#5813=SURFACE_STYLE_FILL_AREA(#6044);
#5814=SURFACE_STYLE_FILL_AREA(#6045);
#5815=SURFACE_STYLE_FILL_AREA(#6046);
#5816=SURFACE_STYLE_FILL_AREA(#6047);
#5817=SURFACE_STYLE_FILL_AREA(#6048);
#5818=SURFACE_STYLE_FILL_AREA(#6049);
#5819=SURFACE_STYLE_FILL_AREA(#6050);
#5820=SURFACE_STYLE_FILL_AREA(#6051);
#5821=SURFACE_STYLE_FILL_AREA(#6052);
#5822=SURFACE_STYLE_FILL_AREA(#6053);
#5823=SURFACE_STYLE_FILL_AREA(#6054);
#5824=SURFACE_STYLE_FILL_AREA(#6055);
#5825=SURFACE_STYLE_FILL_AREA(#6056);
#5826=SURFACE_STYLE_FILL_AREA(#6057);
#5827=SURFACE_STYLE_FILL_AREA(#6058);
#5828=SURFACE_STYLE_FILL_AREA(#6059);
#5829=SURFACE_STYLE_FILL_AREA(#6060);
#5830=SURFACE_STYLE_FILL_AREA(#6061);
#5831=SURFACE_STYLE_FILL_AREA(#6062);
#5832=SURFACE_STYLE_FILL_AREA(#6063);
#5833=SURFACE_STYLE_FILL_AREA(#6064);
#5834=SURFACE_STYLE_FILL_AREA(#6065);
#5835=SURFACE_STYLE_FILL_AREA(#6066);
#5836=SURFACE_STYLE_FILL_AREA(#6067);
#5837=SURFACE_STYLE_FILL_AREA(#6068);
#5838=SURFACE_STYLE_FILL_AREA(#6069);
#5839=SURFACE_STYLE_FILL_AREA(#6070);
#5840=SURFACE_STYLE_FILL_AREA(#6071);
#5841=SURFACE_STYLE_FILL_AREA(#6072);
#5842=SURFACE_STYLE_FILL_AREA(#6073);
#5843=SURFACE_STYLE_FILL_AREA(#6074);
#5844=SURFACE_STYLE_FILL_AREA(#6075);
#5845=SURFACE_STYLE_FILL_AREA(#6076);
#5846=SURFACE_STYLE_FILL_AREA(#6077);
#5847=SURFACE_STYLE_FILL_AREA(#6078);
#5848=SURFACE_STYLE_FILL_AREA(#6079);
#5849=SURFACE_STYLE_FILL_AREA(#6080);
#5850=SURFACE_STYLE_FILL_AREA(#6081);
#5851=SURFACE_STYLE_FILL_AREA(#6082);
#5852=SURFACE_STYLE_FILL_AREA(#6083);
#5853=SURFACE_STYLE_FILL_AREA(#6084);
#5854=SURFACE_STYLE_FILL_AREA(#6085);
#5855=SURFACE_STYLE_FILL_AREA(#6086);
#5856=SURFACE_STYLE_FILL_AREA(#6087);
#5857=SURFACE_STYLE_FILL_AREA(#6088);
#5858=SURFACE_STYLE_FILL_AREA(#6089);
#5859=SURFACE_STYLE_FILL_AREA(#6090);
#5860=SURFACE_STYLE_FILL_AREA(#6091);
#5861=SURFACE_STYLE_FILL_AREA(#6092);
#5862=SURFACE_STYLE_FILL_AREA(#6093);
#5863=SURFACE_STYLE_FILL_AREA(#6094);
#5864=SURFACE_STYLE_FILL_AREA(#6095);
#5865=SURFACE_STYLE_FILL_AREA(#6096);
#5866=SURFACE_STYLE_FILL_AREA(#6097);
#5867=SURFACE_STYLE_FILL_AREA(#6098);
#5868=SURFACE_STYLE_FILL_AREA(#6099);
#5869=SURFACE_STYLE_FILL_AREA(#6100);
#5870=SURFACE_STYLE_FILL_AREA(#6101);
#5871=SURFACE_STYLE_FILL_AREA(#6102);
#5872=SURFACE_STYLE_FILL_AREA(#6103);
#5873=SURFACE_STYLE_FILL_AREA(#6104);
#5874=SURFACE_STYLE_FILL_AREA(#6105);
#5875=SURFACE_STYLE_FILL_AREA(#6106);
#5876=SURFACE_STYLE_FILL_AREA(#6107);
#5877=SURFACE_STYLE_FILL_AREA(#6108);
#5878=SURFACE_STYLE_FILL_AREA(#6109);
#5879=SURFACE_STYLE_FILL_AREA(#6110);
#5880=SURFACE_STYLE_FILL_AREA(#6111);
#5881=SURFACE_STYLE_FILL_AREA(#6112);
#5882=SURFACE_STYLE_FILL_AREA(#6113);
#5883=SURFACE_STYLE_FILL_AREA(#6114);
#5884=SURFACE_STYLE_FILL_AREA(#6115);
#5885=SURFACE_STYLE_FILL_AREA(#6116);
#5886=SURFACE_STYLE_FILL_AREA(#6117);
#5887=SURFACE_STYLE_FILL_AREA(#6118);
#5888=SURFACE_STYLE_FILL_AREA(#6119);
#5889=SURFACE_STYLE_FILL_AREA(#6120);
#5890=SURFACE_STYLE_FILL_AREA(#6121);
#5891=SURFACE_STYLE_FILL_AREA(#6122);
#5892=SURFACE_STYLE_FILL_AREA(#6123);
#5893=SURFACE_STYLE_FILL_AREA(#6124);
#5894=SURFACE_STYLE_FILL_AREA(#6125);
#5895=SURFACE_STYLE_FILL_AREA(#6126);
#5896=SURFACE_STYLE_FILL_AREA(#6127);
#5897=SURFACE_STYLE_FILL_AREA(#6128);
#5898=SURFACE_STYLE_FILL_AREA(#6129);
#5899=SURFACE_STYLE_FILL_AREA(#6130);
#5900=SURFACE_STYLE_FILL_AREA(#6131);
#5901=SURFACE_STYLE_FILL_AREA(#6132);
#5902=SURFACE_STYLE_FILL_AREA(#6133);
#5903=SURFACE_STYLE_FILL_AREA(#6134);
#5904=SURFACE_STYLE_FILL_AREA(#6135);
#5905=SURFACE_STYLE_FILL_AREA(#6136);
#5906=SURFACE_STYLE_FILL_AREA(#6137);
#5907=SURFACE_STYLE_FILL_AREA(#6138);
#5908=SURFACE_STYLE_FILL_AREA(#6139);
#5909=SURFACE_STYLE_FILL_AREA(#6140);
#5910=SURFACE_STYLE_FILL_AREA(#6141);
#5911=SURFACE_STYLE_FILL_AREA(#6142);
#5912=SURFACE_STYLE_FILL_AREA(#6143);
#5913=SURFACE_STYLE_FILL_AREA(#6144);
#5914=SURFACE_STYLE_FILL_AREA(#6145);
#5915=SURFACE_STYLE_FILL_AREA(#6146);
#5916=SURFACE_STYLE_FILL_AREA(#6147);
#5917=SURFACE_STYLE_FILL_AREA(#6148);
#5918=SURFACE_STYLE_FILL_AREA(#6149);
#5919=SURFACE_STYLE_FILL_AREA(#6150);
#5920=SURFACE_STYLE_FILL_AREA(#6151);
#5921=SURFACE_STYLE_FILL_AREA(#6152);
#5922=SURFACE_STYLE_FILL_AREA(#6153);
#5923=SURFACE_STYLE_FILL_AREA(#6154);
#5924=SURFACE_STYLE_FILL_AREA(#6155);
#5925=SURFACE_STYLE_FILL_AREA(#6156);
#5926=SURFACE_STYLE_FILL_AREA(#6157);
#5927=SURFACE_STYLE_FILL_AREA(#6158);
#5928=SURFACE_STYLE_FILL_AREA(#6159);
#5929=SURFACE_STYLE_FILL_AREA(#6160);
#5930=SURFACE_STYLE_FILL_AREA(#6161);
#5931=SURFACE_STYLE_FILL_AREA(#6162);
#5932=SURFACE_STYLE_FILL_AREA(#6163);
#5933=SURFACE_STYLE_FILL_AREA(#6164);
#5934=SURFACE_STYLE_FILL_AREA(#6165);
#5935=SURFACE_STYLE_FILL_AREA(#6166);
#5936=SURFACE_STYLE_FILL_AREA(#6167);
#5937=SURFACE_STYLE_FILL_AREA(#6168);
#5938=SURFACE_STYLE_FILL_AREA(#6169);
#5939=SURFACE_STYLE_FILL_AREA(#6170);
#5940=SURFACE_STYLE_FILL_AREA(#6171);
#5941=SURFACE_STYLE_FILL_AREA(#6172);
#5942=SURFACE_STYLE_FILL_AREA(#6173);
#5943=SURFACE_STYLE_FILL_AREA(#6174);
#5944=SURFACE_STYLE_FILL_AREA(#6175);
#5945=SURFACE_STYLE_FILL_AREA(#6176);
#5946=SURFACE_STYLE_FILL_AREA(#6177);
#5947=SURFACE_STYLE_FILL_AREA(#6178);
#5948=SURFACE_STYLE_FILL_AREA(#6179);
#5949=SURFACE_STYLE_FILL_AREA(#6180);
#5950=SURFACE_STYLE_FILL_AREA(#6181);
#5951=SURFACE_STYLE_FILL_AREA(#6182);
#5952=SURFACE_STYLE_FILL_AREA(#6183);
#5953=SURFACE_STYLE_FILL_AREA(#6184);
#5954=SURFACE_STYLE_FILL_AREA(#6185);
#5955=SURFACE_STYLE_FILL_AREA(#6186);
#5956=SURFACE_STYLE_FILL_AREA(#6187);
#5957=SURFACE_STYLE_FILL_AREA(#6188);
#5958=SURFACE_STYLE_FILL_AREA(#6189);
#5959=SURFACE_STYLE_FILL_AREA(#6190);
#5960=SURFACE_STYLE_FILL_AREA(#6191);
#5961=SURFACE_STYLE_FILL_AREA(#6192);
#5962=SURFACE_STYLE_FILL_AREA(#6193);
#5963=SURFACE_STYLE_FILL_AREA(#6194);
#5964=SURFACE_STYLE_FILL_AREA(#6195);
#5965=SURFACE_STYLE_FILL_AREA(#6196);
#5966=SURFACE_STYLE_FILL_AREA(#6197);
#5967=SURFACE_STYLE_FILL_AREA(#6198);
#5968=SURFACE_STYLE_FILL_AREA(#6199);
#5969=SURFACE_STYLE_FILL_AREA(#6200);
#5970=SURFACE_STYLE_FILL_AREA(#6201);
#5971=SURFACE_STYLE_FILL_AREA(#6202);
#5972=SURFACE_STYLE_FILL_AREA(#6203);
#5973=SURFACE_STYLE_FILL_AREA(#6204);
#5974=SURFACE_STYLE_FILL_AREA(#6205);
#5975=SURFACE_STYLE_FILL_AREA(#6206);
#5976=SURFACE_STYLE_FILL_AREA(#6207);
#5977=SURFACE_STYLE_FILL_AREA(#6208);
#5978=SURFACE_STYLE_FILL_AREA(#6209);
#5979=SURFACE_STYLE_FILL_AREA(#6210);
#5980=SURFACE_STYLE_FILL_AREA(#6211);
#5981=SURFACE_STYLE_FILL_AREA(#6212);
#5982=SURFACE_STYLE_FILL_AREA(#6213);
#5983=SURFACE_STYLE_FILL_AREA(#6214);
#5984=SURFACE_STYLE_FILL_AREA(#6215);
#5985=SURFACE_STYLE_FILL_AREA(#6216);
#5986=SURFACE_STYLE_FILL_AREA(#6217);
#5987=SURFACE_STYLE_FILL_AREA(#6218);
#5988=SURFACE_STYLE_FILL_AREA(#6219);
#5989=SURFACE_STYLE_FILL_AREA(#6220);
#5990=SURFACE_STYLE_FILL_AREA(#6221);
#5991=SURFACE_STYLE_FILL_AREA(#6222);
#5992=SURFACE_STYLE_FILL_AREA(#6223);
#5993=SURFACE_STYLE_FILL_AREA(#6224);
#5994=SURFACE_STYLE_FILL_AREA(#6225);
#5995=SURFACE_STYLE_FILL_AREA(#6226);
#5996=SURFACE_STYLE_FILL_AREA(#6227);
#5997=SURFACE_STYLE_FILL_AREA(#6228);
#5998=SURFACE_STYLE_FILL_AREA(#6229);
#5999=SURFACE_STYLE_FILL_AREA(#6230);
#6000=SURFACE_STYLE_FILL_AREA(#6231);
#6001=SURFACE_STYLE_FILL_AREA(#6232);
#6002=SURFACE_STYLE_FILL_AREA(#6233);
#6003=SURFACE_STYLE_FILL_AREA(#6234);
#6004=SURFACE_STYLE_FILL_AREA(#6235);
#6005=SURFACE_STYLE_FILL_AREA(#6236);
#6006=SURFACE_STYLE_FILL_AREA(#6237);
#6007=SURFACE_STYLE_FILL_AREA(#6238);
#6008=SURFACE_STYLE_FILL_AREA(#6239);
#6009=SURFACE_STYLE_FILL_AREA(#6240);
#6010=SURFACE_STYLE_FILL_AREA(#6241);
#6011=SURFACE_STYLE_FILL_AREA(#6242);
#6012=SURFACE_STYLE_FILL_AREA(#6243);
#6013=SURFACE_STYLE_FILL_AREA(#6244);
#6014=SURFACE_STYLE_FILL_AREA(#6245);
#6015=SURFACE_STYLE_FILL_AREA(#6246);
#6016=SURFACE_STYLE_FILL_AREA(#6247);
#6017=SURFACE_STYLE_FILL_AREA(#6248);
#6018=SURFACE_STYLE_FILL_AREA(#6249);
#6019=FILL_AREA_STYLE('',(#6250));
#6020=FILL_AREA_STYLE('',(#6251));
#6021=FILL_AREA_STYLE('',(#6252));
#6022=FILL_AREA_STYLE('',(#6253));
#6023=FILL_AREA_STYLE('',(#6254));
#6024=FILL_AREA_STYLE('',(#6255));
#6025=FILL_AREA_STYLE('',(#6256));
#6026=FILL_AREA_STYLE('',(#6257));
#6027=FILL_AREA_STYLE('',(#6258));
#6028=FILL_AREA_STYLE('',(#6259));
#6029=FILL_AREA_STYLE('',(#6260));
#6030=FILL_AREA_STYLE('',(#6261));
#6031=FILL_AREA_STYLE('',(#6262));
#6032=FILL_AREA_STYLE('',(#6263));
#6033=FILL_AREA_STYLE('',(#6264));
#6034=FILL_AREA_STYLE('',(#6265));
#6035=FILL_AREA_STYLE('',(#6266));
#6036=FILL_AREA_STYLE('',(#6267));
#6037=FILL_AREA_STYLE('',(#6268));
#6038=FILL_AREA_STYLE('',(#6269));
#6039=FILL_AREA_STYLE('',(#6270));
#6040=FILL_AREA_STYLE('',(#6271));
#6041=FILL_AREA_STYLE('',(#6272));
#6042=FILL_AREA_STYLE('',(#6273));
#6043=FILL_AREA_STYLE('',(#6274));
#6044=FILL_AREA_STYLE('',(#6275));
#6045=FILL_AREA_STYLE('',(#6276));
#6046=FILL_AREA_STYLE('',(#6277));
#6047=FILL_AREA_STYLE('',(#6278));
#6048=FILL_AREA_STYLE('',(#6279));
#6049=FILL_AREA_STYLE('',(#6280));
#6050=FILL_AREA_STYLE('',(#6281));
#6051=FILL_AREA_STYLE('',(#6282));
#6052=FILL_AREA_STYLE('',(#6283));
#6053=FILL_AREA_STYLE('',(#6284));
#6054=FILL_AREA_STYLE('',(#6285));
#6055=FILL_AREA_STYLE('',(#6286));
#6056=FILL_AREA_STYLE('',(#6287));
#6057=FILL_AREA_STYLE('',(#6288));
#6058=FILL_AREA_STYLE('',(#6289));
#6059=FILL_AREA_STYLE('',(#6290));
#6060=FILL_AREA_STYLE('',(#6291));
#6061=FILL_AREA_STYLE('',(#6292));
#6062=FILL_AREA_STYLE('',(#6293));
#6063=FILL_AREA_STYLE('',(#6294));
#6064=FILL_AREA_STYLE('',(#6295));
#6065=FILL_AREA_STYLE('',(#6296));
#6066=FILL_AREA_STYLE('',(#6297));
#6067=FILL_AREA_STYLE('',(#6298));
#6068=FILL_AREA_STYLE('',(#6299));
#6069=FILL_AREA_STYLE('',(#6300));
#6070=FILL_AREA_STYLE('',(#6301));
#6071=FILL_AREA_STYLE('',(#6302));
#6072=FILL_AREA_STYLE('',(#6303));
#6073=FILL_AREA_STYLE('',(#6304));
#6074=FILL_AREA_STYLE('',(#6305));
#6075=FILL_AREA_STYLE('',(#6306));
#6076=FILL_AREA_STYLE('',(#6307));
#6077=FILL_AREA_STYLE('',(#6308));
#6078=FILL_AREA_STYLE('',(#6309));
#6079=FILL_AREA_STYLE('',(#6310));
#6080=FILL_AREA_STYLE('',(#6311));
#6081=FILL_AREA_STYLE('',(#6312));
#6082=FILL_AREA_STYLE('',(#6313));
#6083=FILL_AREA_STYLE('',(#6314));
#6084=FILL_AREA_STYLE('',(#6315));
#6085=FILL_AREA_STYLE('',(#6316));
#6086=FILL_AREA_STYLE('',(#6317));
#6087=FILL_AREA_STYLE('',(#6318));
#6088=FILL_AREA_STYLE('',(#6319));
#6089=FILL_AREA_STYLE('',(#6320));
#6090=FILL_AREA_STYLE('',(#6321));
#6091=FILL_AREA_STYLE('',(#6322));
#6092=FILL_AREA_STYLE('',(#6323));
#6093=FILL_AREA_STYLE('',(#6324));
#6094=FILL_AREA_STYLE('',(#6325));
#6095=FILL_AREA_STYLE('',(#6326));
#6096=FILL_AREA_STYLE('',(#6327));
#6097=FILL_AREA_STYLE('',(#6328));
#6098=FILL_AREA_STYLE('',(#6329));
#6099=FILL_AREA_STYLE('',(#6330));
#6100=FILL_AREA_STYLE('',(#6331));
#6101=FILL_AREA_STYLE('',(#6332));
#6102=FILL_AREA_STYLE('',(#6333));
#6103=FILL_AREA_STYLE('',(#6334));
#6104=FILL_AREA_STYLE('',(#6335));
#6105=FILL_AREA_STYLE('',(#6336));
#6106=FILL_AREA_STYLE('',(#6337));
#6107=FILL_AREA_STYLE('',(#6338));
#6108=FILL_AREA_STYLE('',(#6339));
#6109=FILL_AREA_STYLE('',(#6340));
#6110=FILL_AREA_STYLE('',(#6341));
#6111=FILL_AREA_STYLE('',(#6342));
#6112=FILL_AREA_STYLE('',(#6343));
#6113=FILL_AREA_STYLE('',(#6344));
#6114=FILL_AREA_STYLE('',(#6345));
#6115=FILL_AREA_STYLE('',(#6346));
#6116=FILL_AREA_STYLE('',(#6347));
#6117=FILL_AREA_STYLE('',(#6348));
#6118=FILL_AREA_STYLE('',(#6349));
#6119=FILL_AREA_STYLE('',(#6350));
#6120=FILL_AREA_STYLE('',(#6351));
#6121=FILL_AREA_STYLE('',(#6352));
#6122=FILL_AREA_STYLE('',(#6353));
#6123=FILL_AREA_STYLE('',(#6354));
#6124=FILL_AREA_STYLE('',(#6355));
#6125=FILL_AREA_STYLE('',(#6356));
#6126=FILL_AREA_STYLE('',(#6357));
#6127=FILL_AREA_STYLE('',(#6358));
#6128=FILL_AREA_STYLE('',(#6359));
#6129=FILL_AREA_STYLE('',(#6360));
#6130=FILL_AREA_STYLE('',(#6361));
#6131=FILL_AREA_STYLE('',(#6362));
#6132=FILL_AREA_STYLE('',(#6363));
#6133=FILL_AREA_STYLE('',(#6364));
#6134=FILL_AREA_STYLE('',(#6365));
#6135=FILL_AREA_STYLE('',(#6366));
#6136=FILL_AREA_STYLE('',(#6367));
#6137=FILL_AREA_STYLE('',(#6368));
#6138=FILL_AREA_STYLE('',(#6369));
#6139=FILL_AREA_STYLE('',(#6370));
#6140=FILL_AREA_STYLE('',(#6371));
#6141=FILL_AREA_STYLE('',(#6372));
#6142=FILL_AREA_STYLE('',(#6373));
#6143=FILL_AREA_STYLE('',(#6374));
#6144=FILL_AREA_STYLE('',(#6375));
#6145=FILL_AREA_STYLE('',(#6376));
#6146=FILL_AREA_STYLE('',(#6377));
#6147=FILL_AREA_STYLE('',(#6378));
#6148=FILL_AREA_STYLE('',(#6379));
#6149=FILL_AREA_STYLE('',(#6380));
#6150=FILL_AREA_STYLE('',(#6381));
#6151=FILL_AREA_STYLE('',(#6382));
#6152=FILL_AREA_STYLE('',(#6383));
#6153=FILL_AREA_STYLE('',(#6384));
#6154=FILL_AREA_STYLE('',(#6385));
#6155=FILL_AREA_STYLE('',(#6386));
#6156=FILL_AREA_STYLE('',(#6387));
#6157=FILL_AREA_STYLE('',(#6388));
#6158=FILL_AREA_STYLE('',(#6389));
#6159=FILL_AREA_STYLE('',(#6390));
#6160=FILL_AREA_STYLE('',(#6391));
#6161=FILL_AREA_STYLE('',(#6392));
#6162=FILL_AREA_STYLE('',(#6393));
#6163=FILL_AREA_STYLE('',(#6394));
#6164=FILL_AREA_STYLE('',(#6395));
#6165=FILL_AREA_STYLE('',(#6396));
#6166=FILL_AREA_STYLE('',(#6397));
#6167=FILL_AREA_STYLE('',(#6398));
#6168=FILL_AREA_STYLE('',(#6399));
#6169=FILL_AREA_STYLE('',(#6400));
#6170=FILL_AREA_STYLE('',(#6401));
#6171=FILL_AREA_STYLE('',(#6402));
#6172=FILL_AREA_STYLE('',(#6403));
#6173=FILL_AREA_STYLE('',(#6404));
#6174=FILL_AREA_STYLE('',(#6405));
#6175=FILL_AREA_STYLE('',(#6406));
#6176=FILL_AREA_STYLE('',(#6407));
#6177=FILL_AREA_STYLE('',(#6408));
#6178=FILL_AREA_STYLE('',(#6409));
#6179=FILL_AREA_STYLE('',(#6410));
#6180=FILL_AREA_STYLE('',(#6411));
#6181=FILL_AREA_STYLE('',(#6412));
#6182=FILL_AREA_STYLE('',(#6413));
#6183=FILL_AREA_STYLE('',(#6414));
#6184=FILL_AREA_STYLE('',(#6415));
#6185=FILL_AREA_STYLE('',(#6416));
#6186=FILL_AREA_STYLE('',(#6417));
#6187=FILL_AREA_STYLE('',(#6418));
#6188=FILL_AREA_STYLE('',(#6419));
#6189=FILL_AREA_STYLE('',(#6420));
#6190=FILL_AREA_STYLE('',(#6421));
#6191=FILL_AREA_STYLE('',(#6422));
#6192=FILL_AREA_STYLE('',(#6423));
#6193=FILL_AREA_STYLE('',(#6424));
#6194=FILL_AREA_STYLE('',(#6425));
#6195=FILL_AREA_STYLE('',(#6426));
#6196=FILL_AREA_STYLE('',(#6427));
#6197=FILL_AREA_STYLE('',(#6428));
#6198=FILL_AREA_STYLE('',(#6429));
#6199=FILL_AREA_STYLE('',(#6430));
#6200=FILL_AREA_STYLE('',(#6431));
#6201=FILL_AREA_STYLE('',(#6432));
#6202=FILL_AREA_STYLE('',(#6433));
#6203=FILL_AREA_STYLE('',(#6434));
#6204=FILL_AREA_STYLE('',(#6435));
#6205=FILL_AREA_STYLE('',(#6436));
#6206=FILL_AREA_STYLE('',(#6437));
#6207=FILL_AREA_STYLE('',(#6438));
#6208=FILL_AREA_STYLE('',(#6439));
#6209=FILL_AREA_STYLE('',(#6440));
#6210=FILL_AREA_STYLE('',(#6441));
#6211=FILL_AREA_STYLE('',(#6442));
#6212=FILL_AREA_STYLE('',(#6443));
#6213=FILL_AREA_STYLE('',(#6444));
#6214=FILL_AREA_STYLE('',(#6445));
#6215=FILL_AREA_STYLE('',(#6446));
#6216=FILL_AREA_STYLE('',(#6447));
#6217=FILL_AREA_STYLE('',(#6448));
#6218=FILL_AREA_STYLE('',(#6449));
#6219=FILL_AREA_STYLE('',(#6450));
#6220=FILL_AREA_STYLE('',(#6451));
#6221=FILL_AREA_STYLE('',(#6452));
#6222=FILL_AREA_STYLE('',(#6453));
#6223=FILL_AREA_STYLE('',(#6454));
#6224=FILL_AREA_STYLE('',(#6455));
#6225=FILL_AREA_STYLE('',(#6456));
#6226=FILL_AREA_STYLE('',(#6457));
#6227=FILL_AREA_STYLE('',(#6458));
#6228=FILL_AREA_STYLE('',(#6459));
#6229=FILL_AREA_STYLE('',(#6460));
#6230=FILL_AREA_STYLE('',(#6461));
#6231=FILL_AREA_STYLE('',(#6462));
#6232=FILL_AREA_STYLE('',(#6463));
#6233=FILL_AREA_STYLE('',(#6464));
#6234=FILL_AREA_STYLE('',(#6465));
#6235=FILL_AREA_STYLE('',(#6466));
#6236=FILL_AREA_STYLE('',(#6467));
#6237=FILL_AREA_STYLE('',(#6468));
#6238=FILL_AREA_STYLE('',(#6469));
#6239=FILL_AREA_STYLE('',(#6470));
#6240=FILL_AREA_STYLE('',(#6471));
#6241=FILL_AREA_STYLE('',(#6472));
#6242=FILL_AREA_STYLE('',(#6473));
#6243=FILL_AREA_STYLE('',(#6474));
#6244=FILL_AREA_STYLE('',(#6475));
#6245=FILL_AREA_STYLE('',(#6476));
#6246=FILL_AREA_STYLE('',(#6477));
#6247=FILL_AREA_STYLE('',(#6478));
#6248=FILL_AREA_STYLE('',(#6479));
#6249=FILL_AREA_STYLE('',(#6480));
#6250=FILL_AREA_STYLE_COLOUR('',#6481);
#6251=FILL_AREA_STYLE_COLOUR('',#6481);
#6252=FILL_AREA_STYLE_COLOUR('',#6481);
#6253=FILL_AREA_STYLE_COLOUR('',#6481);
#6254=FILL_AREA_STYLE_COLOUR('',#6481);
#6255=FILL_AREA_STYLE_COLOUR('',#6481);
#6256=FILL_AREA_STYLE_COLOUR('',#6481);
#6257=FILL_AREA_STYLE_COLOUR('',#6481);
#6258=FILL_AREA_STYLE_COLOUR('',#6481);
#6259=FILL_AREA_STYLE_COLOUR('',#6481);
#6260=FILL_AREA_STYLE_COLOUR('',#6481);
#6261=FILL_AREA_STYLE_COLOUR('',#6481);
#6262=FILL_AREA_STYLE_COLOUR('',#6481);
#6263=FILL_AREA_STYLE_COLOUR('',#6481);
#6264=FILL_AREA_STYLE_COLOUR('',#6481);
#6265=FILL_AREA_STYLE_COLOUR('',#6481);
#6266=FILL_AREA_STYLE_COLOUR('',#6481);
#6267=FILL_AREA_STYLE_COLOUR('',#6481);
#6268=FILL_AREA_STYLE_COLOUR('',#6481);
#6269=FILL_AREA_STYLE_COLOUR('',#6481);
#6270=FILL_AREA_STYLE_COLOUR('',#6481);
#6271=FILL_AREA_STYLE_COLOUR('',#6481);
#6272=FILL_AREA_STYLE_COLOUR('',#6481);
#6273=FILL_AREA_STYLE_COLOUR('',#6481);
#6274=FILL_AREA_STYLE_COLOUR('',#6481);
#6275=FILL_AREA_STYLE_COLOUR('',#6481);
#6276=FILL_AREA_STYLE_COLOUR('',#6481);
#6277=FILL_AREA_STYLE_COLOUR('',#6481);
#6278=FILL_AREA_STYLE_COLOUR('',#6481);
#6279=FILL_AREA_STYLE_COLOUR('',#6481);
#6280=FILL_AREA_STYLE_COLOUR('',#6481);
#6281=FILL_AREA_STYLE_COLOUR('',#6481);
#6282=FILL_AREA_STYLE_COLOUR('',#6481);
#6283=FILL_AREA_STYLE_COLOUR('',#6481);
#6284=FILL_AREA_STYLE_COLOUR('',#6481);
#6285=FILL_AREA_STYLE_COLOUR('',#6481);
#6286=FILL_AREA_STYLE_COLOUR('',#6481);
#6287=FILL_AREA_STYLE_COLOUR('',#6481);
#6288=FILL_AREA_STYLE_COLOUR('',#6481);
#6289=FILL_AREA_STYLE_COLOUR('',#6481);
#6290=FILL_AREA_STYLE_COLOUR('',#6481);
#6291=FILL_AREA_STYLE_COLOUR('',#6481);
#6292=FILL_AREA_STYLE_COLOUR('',#6481);
#6293=FILL_AREA_STYLE_COLOUR('',#6481);
#6294=FILL_AREA_STYLE_COLOUR('',#6481);
#6295=FILL_AREA_STYLE_COLOUR('',#6481);
#6296=FILL_AREA_STYLE_COLOUR('',#6481);
#6297=FILL_AREA_STYLE_COLOUR('',#6481);
#6298=FILL_AREA_STYLE_COLOUR('',#6481);
#6299=FILL_AREA_STYLE_COLOUR('',#6481);
#6300=FILL_AREA_STYLE_COLOUR('',#6481);
#6301=FILL_AREA_STYLE_COLOUR('',#6481);
#6302=FILL_AREA_STYLE_COLOUR('',#6481);
#6303=FILL_AREA_STYLE_COLOUR('',#6481);
#6304=FILL_AREA_STYLE_COLOUR('',#6481);
#6305=FILL_AREA_STYLE_COLOUR('',#6481);
#6306=FILL_AREA_STYLE_COLOUR('',#6481);
#6307=FILL_AREA_STYLE_COLOUR('',#6481);
#6308=FILL_AREA_STYLE_COLOUR('',#6481);
#6309=FILL_AREA_STYLE_COLOUR('',#6481);
#6310=FILL_AREA_STYLE_COLOUR('',#6481);
#6311=FILL_AREA_STYLE_COLOUR('',#6481);
#6312=FILL_AREA_STYLE_COLOUR('',#6481);
#6313=FILL_AREA_STYLE_COLOUR('',#6481);
#6314=FILL_AREA_STYLE_COLOUR('',#6481);
#6315=FILL_AREA_STYLE_COLOUR('',#6481);
#6316=FILL_AREA_STYLE_COLOUR('',#6481);
#6317=FILL_AREA_STYLE_COLOUR('',#6481);
#6318=FILL_AREA_STYLE_COLOUR('',#6481);
#6319=FILL_AREA_STYLE_COLOUR('',#6481);
#6320=FILL_AREA_STYLE_COLOUR('',#6481);
#6321=FILL_AREA_STYLE_COLOUR('',#6482);
#6322=FILL_AREA_STYLE_COLOUR('',#6481);
#6323=FILL_AREA_STYLE_COLOUR('',#6481);
#6324=FILL_AREA_STYLE_COLOUR('',#6481);
#6325=FILL_AREA_STYLE_COLOUR('',#6481);
#6326=FILL_AREA_STYLE_COLOUR('',#6482);
#6327=FILL_AREA_STYLE_COLOUR('',#6481);
#6328=FILL_AREA_STYLE_COLOUR('',#6481);
#6329=FILL_AREA_STYLE_COLOUR('',#6481);
#6330=FILL_AREA_STYLE_COLOUR('',#6481);
#6331=FILL_AREA_STYLE_COLOUR('',#6481);
#6332=FILL_AREA_STYLE_COLOUR('',#6481);
#6333=FILL_AREA_STYLE_COLOUR('',#6481);
#6334=FILL_AREA_STYLE_COLOUR('',#6481);
#6335=FILL_AREA_STYLE_COLOUR('',#6481);
#6336=FILL_AREA_STYLE_COLOUR('',#6481);
#6337=FILL_AREA_STYLE_COLOUR('',#6481);
#6338=FILL_AREA_STYLE_COLOUR('',#6481);
#6339=FILL_AREA_STYLE_COLOUR('',#6481);
#6340=FILL_AREA_STYLE_COLOUR('',#6481);
#6341=FILL_AREA_STYLE_COLOUR('',#6481);
#6342=FILL_AREA_STYLE_COLOUR('',#6481);
#6343=FILL_AREA_STYLE_COLOUR('',#6481);
#6344=FILL_AREA_STYLE_COLOUR('',#6481);
#6345=FILL_AREA_STYLE_COLOUR('',#6481);
#6346=FILL_AREA_STYLE_COLOUR('',#6481);
#6347=FILL_AREA_STYLE_COLOUR('',#6481);
#6348=FILL_AREA_STYLE_COLOUR('',#6481);
#6349=FILL_AREA_STYLE_COLOUR('',#6481);
#6350=FILL_AREA_STYLE_COLOUR('',#6481);
#6351=FILL_AREA_STYLE_COLOUR('',#6482);
#6352=FILL_AREA_STYLE_COLOUR('',#6481);
#6353=FILL_AREA_STYLE_COLOUR('',#6481);
#6354=FILL_AREA_STYLE_COLOUR('',#6481);
#6355=FILL_AREA_STYLE_COLOUR('',#6481);
#6356=FILL_AREA_STYLE_COLOUR('',#6482);
#6357=FILL_AREA_STYLE_COLOUR('',#6481);
#6358=FILL_AREA_STYLE_COLOUR('',#6481);
#6359=FILL_AREA_STYLE_COLOUR('',#6481);
#6360=FILL_AREA_STYLE_COLOUR('',#6481);
#6361=FILL_AREA_STYLE_COLOUR('',#6481);
#6362=FILL_AREA_STYLE_COLOUR('',#6481);
#6363=FILL_AREA_STYLE_COLOUR('',#6481);
#6364=FILL_AREA_STYLE_COLOUR('',#6481);
#6365=FILL_AREA_STYLE_COLOUR('',#6481);
#6366=FILL_AREA_STYLE_COLOUR('',#6481);
#6367=FILL_AREA_STYLE_COLOUR('',#6481);
#6368=FILL_AREA_STYLE_COLOUR('',#6481);
#6369=FILL_AREA_STYLE_COLOUR('',#6481);
#6370=FILL_AREA_STYLE_COLOUR('',#6481);
#6371=FILL_AREA_STYLE_COLOUR('',#6481);
#6372=FILL_AREA_STYLE_COLOUR('',#6481);
#6373=FILL_AREA_STYLE_COLOUR('',#6481);
#6374=FILL_AREA_STYLE_COLOUR('',#6481);
#6375=FILL_AREA_STYLE_COLOUR('',#6481);
#6376=FILL_AREA_STYLE_COLOUR('',#6481);
#6377=FILL_AREA_STYLE_COLOUR('',#6481);
#6378=FILL_AREA_STYLE_COLOUR('',#6481);
#6379=FILL_AREA_STYLE_COLOUR('',#6481);
#6380=FILL_AREA_STYLE_COLOUR('',#6481);
#6381=FILL_AREA_STYLE_COLOUR('',#6481);
#6382=FILL_AREA_STYLE_COLOUR('',#6481);
#6383=FILL_AREA_STYLE_COLOUR('',#6481);
#6384=FILL_AREA_STYLE_COLOUR('',#6481);
#6385=FILL_AREA_STYLE_COLOUR('',#6481);
#6386=FILL_AREA_STYLE_COLOUR('',#6481);
#6387=FILL_AREA_STYLE_COLOUR('',#6481);
#6388=FILL_AREA_STYLE_COLOUR('',#6481);
#6389=FILL_AREA_STYLE_COLOUR('',#6481);
#6390=FILL_AREA_STYLE_COLOUR('',#6481);
#6391=FILL_AREA_STYLE_COLOUR('',#6481);
#6392=FILL_AREA_STYLE_COLOUR('',#6481);
#6393=FILL_AREA_STYLE_COLOUR('',#6481);
#6394=FILL_AREA_STYLE_COLOUR('',#6481);
#6395=FILL_AREA_STYLE_COLOUR('',#6481);
#6396=FILL_AREA_STYLE_COLOUR('',#6481);
#6397=FILL_AREA_STYLE_COLOUR('',#6481);
#6398=FILL_AREA_STYLE_COLOUR('',#6481);
#6399=FILL_AREA_STYLE_COLOUR('',#6481);
#6400=FILL_AREA_STYLE_COLOUR('',#6481);
#6401=FILL_AREA_STYLE_COLOUR('',#6481);
#6402=FILL_AREA_STYLE_COLOUR('',#6481);
#6403=FILL_AREA_STYLE_COLOUR('',#6481);
#6404=FILL_AREA_STYLE_COLOUR('',#6481);
#6405=FILL_AREA_STYLE_COLOUR('',#6481);
#6406=FILL_AREA_STYLE_COLOUR('',#6481);
#6407=FILL_AREA_STYLE_COLOUR('',#6481);
#6408=FILL_AREA_STYLE_COLOUR('',#6481);
#6409=FILL_AREA_STYLE_COLOUR('',#6481);
#6410=FILL_AREA_STYLE_COLOUR('',#6481);
#6411=FILL_AREA_STYLE_COLOUR('',#6481);
#6412=FILL_AREA_STYLE_COLOUR('',#6481);
#6413=FILL_AREA_STYLE_COLOUR('',#6481);
#6414=FILL_AREA_STYLE_COLOUR('',#6481);
#6415=FILL_AREA_STYLE_COLOUR('',#6481);
#6416=FILL_AREA_STYLE_COLOUR('',#6481);
#6417=FILL_AREA_STYLE_COLOUR('',#6481);
#6418=FILL_AREA_STYLE_COLOUR('',#6481);
#6419=FILL_AREA_STYLE_COLOUR('',#6481);
#6420=FILL_AREA_STYLE_COLOUR('',#6481);
#6421=FILL_AREA_STYLE_COLOUR('',#6481);
#6422=FILL_AREA_STYLE_COLOUR('',#6481);
#6423=FILL_AREA_STYLE_COLOUR('',#6481);
#6424=FILL_AREA_STYLE_COLOUR('',#6481);
#6425=FILL_AREA_STYLE_COLOUR('',#6481);
#6426=FILL_AREA_STYLE_COLOUR('',#6481);
#6427=FILL_AREA_STYLE_COLOUR('',#6481);
#6428=FILL_AREA_STYLE_COLOUR('',#6481);
#6429=FILL_AREA_STYLE_COLOUR('',#6481);
#6430=FILL_AREA_STYLE_COLOUR('',#6481);
#6431=FILL_AREA_STYLE_COLOUR('',#6481);
#6432=FILL_AREA_STYLE_COLOUR('',#6481);
#6433=FILL_AREA_STYLE_COLOUR('',#6481);
#6434=FILL_AREA_STYLE_COLOUR('',#6481);
#6435=FILL_AREA_STYLE_COLOUR('',#6481);
#6436=FILL_AREA_STYLE_COLOUR('',#6481);
#6437=FILL_AREA_STYLE_COLOUR('',#6481);
#6438=FILL_AREA_STYLE_COLOUR('',#6481);
#6439=FILL_AREA_STYLE_COLOUR('',#6481);
#6440=FILL_AREA_STYLE_COLOUR('',#6481);
#6441=FILL_AREA_STYLE_COLOUR('',#6481);
#6442=FILL_AREA_STYLE_COLOUR('',#6481);
#6443=FILL_AREA_STYLE_COLOUR('',#6481);
#6444=FILL_AREA_STYLE_COLOUR('',#6481);
#6445=FILL_AREA_STYLE_COLOUR('',#6481);
#6446=FILL_AREA_STYLE_COLOUR('',#6481);
#6447=FILL_AREA_STYLE_COLOUR('',#6481);
#6448=FILL_AREA_STYLE_COLOUR('',#6481);
#6449=FILL_AREA_STYLE_COLOUR('',#6481);
#6450=FILL_AREA_STYLE_COLOUR('',#6481);
#6451=FILL_AREA_STYLE_COLOUR('',#6481);
#6452=FILL_AREA_STYLE_COLOUR('',#6481);
#6453=FILL_AREA_STYLE_COLOUR('',#6481);
#6454=FILL_AREA_STYLE_COLOUR('',#6481);
#6455=FILL_AREA_STYLE_COLOUR('',#6481);
#6456=FILL_AREA_STYLE_COLOUR('',#6481);
#6457=FILL_AREA_STYLE_COLOUR('',#6481);
#6458=FILL_AREA_STYLE_COLOUR('',#6481);
#6459=FILL_AREA_STYLE_COLOUR('',#6481);
#6460=FILL_AREA_STYLE_COLOUR('',#6481);
#6461=FILL_AREA_STYLE_COLOUR('',#6481);
#6462=FILL_AREA_STYLE_COLOUR('',#6481);
#6463=FILL_AREA_STYLE_COLOUR('',#6481);
#6464=FILL_AREA_STYLE_COLOUR('',#6481);
#6465=FILL_AREA_STYLE_COLOUR('',#6481);
#6466=FILL_AREA_STYLE_COLOUR('',#6481);
#6467=FILL_AREA_STYLE_COLOUR('',#6481);
#6468=FILL_AREA_STYLE_COLOUR('',#6481);
#6469=FILL_AREA_STYLE_COLOUR('',#6481);
#6470=FILL_AREA_STYLE_COLOUR('',#6481);
#6471=FILL_AREA_STYLE_COLOUR('',#6481);
#6472=FILL_AREA_STYLE_COLOUR('',#6481);
#6473=FILL_AREA_STYLE_COLOUR('',#6481);
#6474=FILL_AREA_STYLE_COLOUR('',#6481);
#6475=FILL_AREA_STYLE_COLOUR('',#6481);
#6476=FILL_AREA_STYLE_COLOUR('',#6481);
#6477=FILL_AREA_STYLE_COLOUR('',#6481);
#6478=FILL_AREA_STYLE_COLOUR('',#6481);
#6479=FILL_AREA_STYLE_COLOUR('',#6481);
#6480=FILL_AREA_STYLE_COLOUR('',#6483);
#6481=COLOUR_RGB('',0.200000002980232,0.200000002980232,0.200000002980232);
#6482=COLOUR_RGB('',0.5,0.5,0.5);
#6483=COLOUR_RGB('',0.87058824300766,0.633254885673523,0.172549024224281);
#6484=ADVANCED_FACE('',(#4362),#4645,.F.);
#6485=ADVANCED_FACE('',(#4363,#4364),#216,.F.);
#6486=ADVANCED_FACE('',(#4365,#4366),#217,.F.);
#6487=ADVANCED_FACE('',(#4367),#4646,.F.);
#6488=ADVANCED_FACE('',(#4368),#4647,.F.);
#6489=ADVANCED_FACE('',(#4369),#4648,.F.);
#6490=ADVANCED_FACE('',(#4370),#4649,.F.);
#6491=ADVANCED_FACE('',(#4371),#4650,.F.);
#6492=ADVANCED_FACE('',(#4372),#4651,.F.);
#6493=ADVANCED_FACE('',(#4373),#4652,.F.);
#6494=ADVANCED_FACE('',(#4374),#4653,.F.);
#6495=ADVANCED_FACE('',(#4375),#4654,.T.);
#6496=ADVANCED_FACE('',(#4376),#4655,.F.);
#6497=ADVANCED_FACE('',(#4377),#4656,.F.);
#6498=ADVANCED_FACE('',(#4378),#4657,.F.);
#6499=ADVANCED_FACE('',(#4379),#4658,.F.);
#6500=ADVANCED_FACE('',(#4380),#4659,.F.);
#6501=ADVANCED_FACE('',(#4381,#4382),#55,.T.);
#6502=ADVANCED_FACE('',(#4383),#4660,.F.);
#6503=ADVANCED_FACE('',(#4384),#56,.T.);
#6504=ADVANCED_FACE('',(#4385),#51,.T.);
#6505=ADVANCED_FACE('',(#4386),#4661,.F.);
#6506=ADVANCED_FACE('',(#4387,#4388),#57,.T.);
#6507=ADVANCED_FACE('',(#4389),#4662,.F.);
#6508=ADVANCED_FACE('',(#4390),#58,.T.);
#6509=ADVANCED_FACE('',(#4391),#52,.T.);
#6510=ADVANCED_FACE('',(#4392),#4663,.F.);
#6511=ADVANCED_FACE('',(#4393),#4664,.T.);
#6512=ADVANCED_FACE('',(#4394),#4665,.F.);
#6513=ADVANCED_FACE('',(#4395),#4666,.T.);
#6514=ADVANCED_FACE('',(#4396),#59,.T.);
#6515=ADVANCED_FACE('',(#4397),#4667,.T.);
#6516=ADVANCED_FACE('',(#4398),#4668,.F.);
#6517=ADVANCED_FACE('',(#4399),#4669,.F.);
#6518=ADVANCED_FACE('',(#4400),#60,.T.);
#6519=ADVANCED_FACE('',(#4401),#4670,.T.);
#6520=ADVANCED_FACE('',(#4402),#4671,.F.);
#6521=ADVANCED_FACE('',(#4403),#4672,.F.);
#6522=ADVANCED_FACE('',(#4404),#61,.T.);
#6523=ADVANCED_FACE('',(#4405),#4673,.T.);
#6524=ADVANCED_FACE('',(#4406),#4674,.F.);
#6525=ADVANCED_FACE('',(#4407),#62,.T.);
#6526=ADVANCED_FACE('',(#4408),#4675,.T.);
#6527=ADVANCED_FACE('',(#4409),#4676,.T.);
#6528=ADVANCED_FACE('',(#4410),#4677,.T.);
#6529=ADVANCED_FACE('',(#4411),#4678,.T.);
#6530=ADVANCED_FACE('',(#4412),#4679,.T.);
#6531=ADVANCED_FACE('',(#4413),#4680,.F.);
#6532=ADVANCED_FACE('',(#4414),#4681,.T.);
#6533=ADVANCED_FACE('',(#4415),#4682,.T.);
#6534=ADVANCED_FACE('',(#4416),#4683,.T.);
#6535=ADVANCED_FACE('',(#4417),#4684,.T.);
#6536=ADVANCED_FACE('',(#4418),#4685,.T.);
#6537=ADVANCED_FACE('',(#4419),#4686,.T.);
#6538=ADVANCED_FACE('',(#4420),#4687,.T.);
#6539=ADVANCED_FACE('',(#4421),#4688,.F.);
#6540=ADVANCED_FACE('',(#4422),#4689,.T.);
#6541=ADVANCED_FACE('',(#4423),#4690,.T.);
#6542=ADVANCED_FACE('',(#4424),#4691,.T.);
#6543=ADVANCED_FACE('',(#4425,#4426),#63,.F.);
#6544=ADVANCED_FACE('',(#4427,#4428),#64,.F.);
#6545=ADVANCED_FACE('',(#4429,#4430),#4692,.F.);
#6546=ADVANCED_FACE('',(#4431),#4693,.F.);
#6547=ADVANCED_FACE('',(#4432),#4694,.F.);
#6548=ADVANCED_FACE('',(#4433),#4695,.F.);
#6549=ADVANCED_FACE('',(#4434),#4696,.F.);
#6550=ADVANCED_FACE('',(#4435,#4436),#4697,.F.);
#6551=ADVANCED_FACE('',(#4437),#4698,.F.);
#6552=ADVANCED_FACE('',(#4438),#4699,.F.);
#6553=ADVANCED_FACE('',(#4439),#4700,.F.);
#6554=ADVANCED_FACE('',(#4440),#4701,.F.);
#6555=ADVANCED_FACE('',(#4441),#4702,.T.);
#6556=ADVANCED_FACE('',(#4442),#4703,.T.);
#6557=ADVANCED_FACE('',(#4443),#4704,.T.);
#6558=ADVANCED_FACE('',(#4444),#4705,.T.);
#6559=ADVANCED_FACE('',(#4445),#4706,.T.);
#6560=ADVANCED_FACE('',(#4446),#4707,.F.);
#6561=ADVANCED_FACE('',(#4447),#4708,.T.);
#6562=ADVANCED_FACE('',(#4448),#4709,.T.);
#6563=ADVANCED_FACE('',(#4449),#4710,.T.);
#6564=ADVANCED_FACE('',(#4450),#4711,.T.);
#6565=ADVANCED_FACE('',(#4451),#4712,.T.);
#6566=ADVANCED_FACE('',(#4452),#4713,.T.);
#6567=ADVANCED_FACE('',(#4453),#4714,.T.);
#6568=ADVANCED_FACE('',(#4454),#4715,.T.);
#6569=ADVANCED_FACE('',(#4455),#4716,.T.);
#6570=ADVANCED_FACE('',(#4456),#4717,.T.);
#6571=ADVANCED_FACE('',(#4457),#4718,.T.);
#6572=ADVANCED_FACE('',(#4458),#4719,.T.);
#6573=ADVANCED_FACE('',(#4459),#65,.T.);
#6574=ADVANCED_FACE('',(#4460),#66,.T.);
#6575=ADVANCED_FACE('',(#4461),#67,.T.);
#6576=ADVANCED_FACE('',(#4462),#68,.T.);
#6577=ADVANCED_FACE('',(#4463),#69,.T.);
#6578=ADVANCED_FACE('',(#4464),#70,.T.);
#6579=ADVANCED_FACE('',(#4465),#4720,.T.);
#6580=ADVANCED_FACE('',(#4466),#4721,.T.);
#6581=ADVANCED_FACE('',(#4467),#4722,.T.);
#6582=ADVANCED_FACE('',(#4468),#4723,.F.);
#6583=ADVANCED_FACE('',(#4469),#4724,.F.);
#6584=ADVANCED_FACE('',(#4470),#4725,.F.);
#6585=ADVANCED_FACE('',(#4471),#4726,.F.);
#6586=ADVANCED_FACE('',(#4472),#4727,.T.);
#6587=ADVANCED_FACE('',(#4473),#4728,.T.);
#6588=ADVANCED_FACE('',(#4474),#4729,.T.);
#6589=ADVANCED_FACE('',(#4475),#4730,.T.);
#6590=ADVANCED_FACE('',(#4476),#4731,.T.);
#6591=ADVANCED_FACE('',(#4477),#4732,.T.);
#6592=ADVANCED_FACE('',(#4478),#4733,.T.);
#6593=ADVANCED_FACE('',(#4479),#4734,.T.);
#6594=ADVANCED_FACE('',(#4480),#4735,.T.);
#6595=ADVANCED_FACE('',(#4481),#4736,.T.);
#6596=ADVANCED_FACE('',(#4482),#4737,.T.);
#6597=ADVANCED_FACE('',(#4483),#4738,.T.);
#6598=ADVANCED_FACE('',(#4484),#4739,.T.);
#6599=ADVANCED_FACE('',(#4485),#4740,.T.);
#6600=ADVANCED_FACE('',(#4486),#4741,.T.);
#6601=ADVANCED_FACE('',(#4487),#4742,.T.);
#6602=ADVANCED_FACE('',(#4488),#4743,.T.);
#6603=ADVANCED_FACE('',(#4489),#4744,.F.);
#6604=ADVANCED_FACE('',(#4490),#4745,.F.);
#6605=ADVANCED_FACE('',(#4491),#4746,.T.);
#6606=ADVANCED_FACE('',(#4492),#4747,.T.);
#6607=ADVANCED_FACE('',(#4493),#4748,.T.);
#6608=ADVANCED_FACE('',(#4494),#4749,.T.);
#6609=ADVANCED_FACE('',(#4495),#4750,.F.);
#6610=ADVANCED_FACE('',(#4496),#4751,.F.);
#6611=ADVANCED_FACE('',(#4497),#42,.T.);
#6612=ADVANCED_FACE('',(#4498,#4499),#71,.T.);
#6613=ADVANCED_FACE('',(#4500),#4752,.F.);
#6614=ADVANCED_FACE('',(#4501),#4753,.F.);
#6615=ADVANCED_FACE('',(#4502),#4754,.T.);
#6616=ADVANCED_FACE('',(#4503),#4755,.T.);
#6617=ADVANCED_FACE('',(#4504),#4756,.F.);
#6618=ADVANCED_FACE('',(#4505),#4757,.F.);
#6619=ADVANCED_FACE('',(#4506),#4758,.F.);
#6620=ADVANCED_FACE('',(#4507),#4759,.F.);
#6621=ADVANCED_FACE('',(#4508),#4760,.F.);
#6622=ADVANCED_FACE('',(#4509),#4761,.F.);
#6623=ADVANCED_FACE('',(#4510),#4762,.T.);
#6624=ADVANCED_FACE('',(#4511),#4763,.F.);
#6625=ADVANCED_FACE('',(#4512),#4764,.F.);
#6626=ADVANCED_FACE('',(#4513),#4765,.F.);
#6627=ADVANCED_FACE('',(#4514),#4766,.F.);
#6628=ADVANCED_FACE('',(#4515),#4767,.F.);
#6629=ADVANCED_FACE('',(#4516),#4768,.F.);
#6630=ADVANCED_FACE('',(#4517),#4769,.F.);
#6631=ADVANCED_FACE('',(#4518),#4770,.F.);
#6632=ADVANCED_FACE('',(#4519),#4771,.F.);
#6633=ADVANCED_FACE('',(#4520),#4772,.F.);
#6634=ADVANCED_FACE('',(#4521),#4773,.F.);
#6635=ADVANCED_FACE('',(#4522),#4774,.F.);
#6636=ADVANCED_FACE('',(#4523),#4775,.F.);
#6637=ADVANCED_FACE('',(#4524),#4776,.F.);
#6638=ADVANCED_FACE('',(#4525),#4777,.F.);
#6639=ADVANCED_FACE('',(#4526),#4778,.F.);
#6640=ADVANCED_FACE('',(#4527),#4779,.F.);
#6641=ADVANCED_FACE('',(#4528),#4780,.F.);
#6642=ADVANCED_FACE('',(#4529),#4781,.F.);
#6643=ADVANCED_FACE('',(#4530),#4782,.F.);
#6644=ADVANCED_FACE('',(#4531),#4783,.F.);
#6645=ADVANCED_FACE('',(#4532),#4784,.T.);
#6646=ADVANCED_FACE('',(#4533),#4785,.F.);
#6647=ADVANCED_FACE('',(#4534),#4786,.F.);
#6648=ADVANCED_FACE('',(#4535),#4787,.F.);
#6649=ADVANCED_FACE('',(#4536),#72,.F.);
#6650=ADVANCED_FACE('',(#4537),#73,.F.);
#6651=ADVANCED_FACE('',(#4538),#74,.F.);
#6652=ADVANCED_FACE('',(#4539),#75,.F.);
#6653=ADVANCED_FACE('',(#4540),#76,.F.);
#6654=ADVANCED_FACE('',(#4541),#77,.F.);
#6655=ADVANCED_FACE('',(#4542),#4788,.T.);
#6656=ADVANCED_FACE('',(#4543),#4789,.T.);
#6657=ADVANCED_FACE('',(#4544),#4790,.T.);
#6658=ADVANCED_FACE('',(#4545),#4791,.F.);
#6659=ADVANCED_FACE('',(#4546),#4792,.F.);
#6660=ADVANCED_FACE('',(#4547),#4793,.F.);
#6661=ADVANCED_FACE('',(#4548),#4794,.F.);
#6662=ADVANCED_FACE('',(#4549),#78,.F.);
#6663=ADVANCED_FACE('',(#4550),#4795,.F.);
#6664=ADVANCED_FACE('',(#4551),#4796,.F.);
#6665=ADVANCED_FACE('',(#4552),#79,.F.);
#6666=ADVANCED_FACE('',(#4553),#4797,.F.);
#6667=ADVANCED_FACE('',(#4554),#4798,.F.);
#6668=ADVANCED_FACE('',(#4555),#4799,.F.);
#6669=ADVANCED_FACE('',(#4556),#4800,.F.);
#6670=ADVANCED_FACE('',(#4557),#4801,.F.);
#6671=ADVANCED_FACE('',(#4558),#4802,.F.);
#6672=ADVANCED_FACE('',(#4559),#4803,.F.);
#6673=ADVANCED_FACE('',(#4560),#4804,.F.);
#6674=ADVANCED_FACE('',(#4561),#4805,.F.);
#6675=ADVANCED_FACE('',(#4562),#4806,.F.);
#6676=ADVANCED_FACE('',(#4563),#4807,.T.);
#6677=ADVANCED_FACE('',(#4564),#4808,.T.);
#6678=ADVANCED_FACE('',(#4565),#4809,.F.);
#6679=ADVANCED_FACE('',(#4566),#4810,.T.);
#6680=ADVANCED_FACE('',(#4567),#4811,.F.);
#6681=ADVANCED_FACE('',(#4568),#4812,.F.);
#6682=ADVANCED_FACE('',(#4569),#4813,.F.);
#6683=ADVANCED_FACE('',(#4570),#4814,.F.);
#6684=ADVANCED_FACE('',(#4571),#4815,.F.);
#6685=ADVANCED_FACE('',(#4572),#4816,.F.);
#6686=ADVANCED_FACE('',(#4573,#4574,#4575),#80,.F.);
#6687=ADVANCED_FACE('',(#4576,#4577,#4578),#81,.F.);
#6688=ADVANCED_FACE('',(#4579),#4817,.F.);
#6689=ADVANCED_FACE('',(#4580),#4818,.F.);
#6690=ADVANCED_FACE('',(#4581),#4819,.T.);
#6691=ADVANCED_FACE('',(#4582),#4820,.F.);
#6692=ADVANCED_FACE('',(#4583),#4821,.F.);
#6693=ADVANCED_FACE('',(#4584),#4822,.T.);
#6694=ADVANCED_FACE('',(#4585),#4823,.F.);
#6695=ADVANCED_FACE('',(#4586),#4824,.F.);
#6696=ADVANCED_FACE('',(#4587),#4825,.F.);
#6697=ADVANCED_FACE('',(#4588),#4826,.F.);
#6698=ADVANCED_FACE('',(#4589),#4827,.F.);
#6699=ADVANCED_FACE('',(#4590),#82,.T.);
#6700=ADVANCED_FACE('',(#4591),#53,.T.);
#6701=ADVANCED_FACE('',(#4592),#4828,.F.);
#6702=ADVANCED_FACE('',(#4593),#4829,.F.);
#6703=ADVANCED_FACE('',(#4594),#83,.T.);
#6704=ADVANCED_FACE('',(#4595),#54,.T.);
#6705=ADVANCED_FACE('',(#4596),#4830,.F.);
#6706=ADVANCED_FACE('',(#4597),#4831,.F.);
#6707=ADVANCED_FACE('',(#4598),#4832,.F.);
#6708=ADVANCED_FACE('',(#4599),#4833,.F.);
#6709=ADVANCED_FACE('',(#4600),#4834,.F.);
#6710=ADVANCED_FACE('',(#4601),#4835,.F.);
#6711=ADVANCED_FACE('',(#4602),#4836,.F.);
#6712=ADVANCED_FACE('',(#4603),#4837,.F.);
#6713=ADVANCED_FACE('',(#4604,#4605,#4606,#4607,#4608,#4609,#4610,#4611),
#4838,.F.);
#6714=ADVANCED_FACE('',(#4612),#84,.T.);
#6715=ADVANCED_FACE('',(#4613),#85,.F.);
#6716=ADVANCED_FACE('',(#4614),#4839,.F.);
#6717=ADVANCED_FACE('',(#4615),#4840,.F.);
#6718=ADVANCED_FACE('',(#4616),#4841,.F.);
#6719=ADVANCED_FACE('',(#4617),#4842,.F.);
#6720=ADVANCED_FACE('',(#4618),#4843,.F.);
#6721=ADVANCED_FACE('',(#4619),#4844,.F.);
#6722=ADVANCED_FACE('',(#4620),#86,.T.);
#6723=ADVANCED_FACE('',(#4621),#4845,.F.);
#6724=ADVANCED_FACE('',(#4622),#87,.F.);
#6725=ADVANCED_FACE('',(#4623),#4846,.F.);
#6726=ADVANCED_FACE('',(#4624),#4847,.F.);
#6727=ADVANCED_FACE('',(#4625),#4848,.F.);
#6728=ADVANCED_FACE('',(#4626),#4849,.F.);
#6729=ADVANCED_FACE('',(#4627,#4628),#4850,.T.);
#6730=ADVANCED_FACE('',(#4629),#4851,.T.);
#6731=ADVANCED_FACE('',(#4630),#4852,.T.);
#6732=ADVANCED_FACE('',(#4631),#4853,.T.);
#6733=ADVANCED_FACE('',(#4632),#4854,.T.);
#6734=ADVANCED_FACE('',(#4633),#4855,.T.);
#6735=ADVANCED_FACE('',(#4634),#4856,.F.);
#6736=ADVANCED_FACE('',(#4635),#4857,.F.);
#6737=ADVANCED_FACE('',(#4636),#4858,.F.);
#6738=ADVANCED_FACE('',(#4637),#4859,.F.);
#6739=ADVANCED_FACE('',(#4638),#4860,.F.);
#6740=ADVANCED_FACE('',(#4639),#4861,.F.);
#6741=ADVANCED_FACE('',(#4640),#4862,.T.);
#6742=ADVANCED_FACE('',(#4641,#4642),#4863,.F.);
#6743=ADVANCED_FACE('',(#4643),#88,.T.);
#6744=ADVANCED_FACE('',(#4644),#89,.F.);
#6745=CLOSED_SHELL('',(#6484,#6485,#6486,#6487,#6488,#6489,#6490,#6491,
#6492,#6493,#6494,#6495,#6496,#6497,#6498,#6499,#6500,#6501,#6502,#6503,
#6504,#6505,#6506,#6507,#6508,#6509,#6510,#6511,#6512,#6513,#6514,#6515,
#6516,#6517,#6518,#6519,#6520,#6521,#6522,#6523,#6524,#6525,#6526,#6527,
#6528,#6529,#6530,#6531,#6532,#6533,#6534,#6535,#6536,#6537,#6538,#6539,
#6540,#6541,#6542,#6543,#6544,#6545,#6546,#6547,#6548,#6549,#6550,#6551,
#6552,#6553,#6554,#6555,#6556,#6557,#6558,#6559,#6560,#6561,#6562,#6563,
#6564,#6565,#6566,#6567,#6568,#6569,#6570,#6571,#6572,#6573,#6574,#6575,
#6576,#6577,#6578,#6579,#6580,#6581,#6582,#6583,#6584,#6585,#6586,#6587,
#6588,#6589,#6590,#6591,#6592,#6593,#6594,#6595,#6596,#6597,#6598,#6599,
#6600,#6601,#6602,#6603,#6604,#6605,#6606,#6607,#6608,#6609,#6610,#6611,
#6612,#6613,#6614,#6615,#6616,#6617,#6618,#6619,#6620,#6621,#6622,#6623,
#6624,#6625,#6626,#6627,#6628,#6629,#6630,#6631,#6632,#6633,#6634,#6635,
#6636,#6637,#6638,#6639,#6640,#6641,#6642,#6643,#6644,#6645,#6646,#6647,
#6648,#6649,#6650,#6651,#6652,#6653,#6654,#6655,#6656,#6657,#6658,#6659,
#6660,#6661,#6662,#6663,#6664,#6665,#6666,#6667,#6668,#6669,#6670,#6671,
#6672,#6673,#6674,#6675,#6676,#6677,#6678,#6679,#6680,#6681,#6682,#6683,
#6684,#6685,#6686,#6687,#6688,#6689,#6690,#6691,#6692,#6693,#6694,#6695,
#6696,#6697,#6698,#6699,#6700,#6701,#6702,#6703,#6704,#6705,#6706,#6707,
#6708,#6709,#6710,#6711,#6712,#6713));
#6746=CLOSED_SHELL('',(#6714,#6715,#6716,#6717,#6718,#6719,#6720,#6721,
#6722,#6723,#6724,#6725,#6726,#6727,#6728,#6729,#6730,#6731,#6732,#6733,
#6734,#6735,#6736,#6737,#6738,#6739,#6740,#6741,#6742,#6743,#6744));
#6747=MANIFOLD_SOLID_BREP('1134_CUT FOR STEP-1-solid1',#6745);
#6748=MANIFOLD_SOLID_BREP('Revolve3',#6746);
#6749=SHAPE_DEFINITION_REPRESENTATION(#10112,#6752);
#6750=SHAPE_DEFINITION_REPRESENTATION(#10111,#6753);
#6751=SHAPE_DEFINITION_REPRESENTATION(#10114,#6754);
#6752=SHAPE_REPRESENTATION('1134_body',(#6755),#10103);
#6753=SHAPE_REPRESENTATION('KEYST_1048',(#6755,#7076,#7120,#7121,#7122,
#7123),#10102);
#6754=SHAPE_REPRESENTATION('1042P_pin_type2',(#6755),#10104);
#6755=AXIS2_PLACEMENT_3D('',#8457,#7124,#7125);
#6756=AXIS2_PLACEMENT_3D('',#8458,#7126,#7127);
#6757=AXIS2_PLACEMENT_3D('',#8483,#7140,#7141);
#6758=AXIS2_PLACEMENT_3D('',#8484,#7142,#7143);
#6759=AXIS2_PLACEMENT_3D('',#8486,#7144,#7145);
#6760=AXIS2_PLACEMENT_3D('',#8488,#7146,#7147);
#6761=AXIS2_PLACEMENT_3D('',#8489,#7148,#7149);
#6762=AXIS2_PLACEMENT_3D('',#8491,#7150,#7151);
#6763=AXIS2_PLACEMENT_3D('',#8493,#7152,#7153);
#6764=AXIS2_PLACEMENT_3D('',#8506,#7157,#7158);
#6765=AXIS2_PLACEMENT_3D('',#8519,#7162,#7163);
#6766=AXIS2_PLACEMENT_3D('',#8532,#7167,#7168);
#6767=AXIS2_PLACEMENT_3D('',#8545,#7172,#7173);
#6768=AXIS2_PLACEMENT_3D('',#8558,#7177,#7178);
#6769=AXIS2_PLACEMENT_3D('',#8571,#7182,#7183);
#6770=AXIS2_PLACEMENT_3D('',#8584,#7187,#7188);
#6771=AXIS2_PLACEMENT_3D('',#8597,#7192,#7193);
#6772=AXIS2_PLACEMENT_3D('',#8598,#7194,#7195);
#6773=AXIS2_PLACEMENT_3D('',#8603,#7197,#7198);
#6774=AXIS2_PLACEMENT_3D('',#8606,#7200,#7201);
#6775=AXIS2_PLACEMENT_3D('',#8625,#7207,#7208);
#6776=AXIS2_PLACEMENT_3D('',#8644,#7214,#7215);
#6777=AXIS2_PLACEMENT_3D('',#8648,#7217,#7218);
#6778=AXIS2_PLACEMENT_3D('',#8652,#7220,#7221);
#6779=AXIS2_PLACEMENT_3D('',#8653,#7222,#7223);
#6780=AXIS2_PLACEMENT_3D('',#8672,#7229,#7230);
#6781=AXIS2_PLACEMENT_3D('',#8691,#7236,#7237);
#6782=AXIS2_PLACEMENT_3D('',#8692,#7238,#7239);
#6783=AXIS2_PLACEMENT_3D('',#8693,#7240,#7241);
#6784=AXIS2_PLACEMENT_3D('',#8694,#7242,#7243);
#6785=AXIS2_PLACEMENT_3D('',#8695,#7244,#7245);
#6786=AXIS2_PLACEMENT_3D('',#8696,#7246,#7247);
#6787=AXIS2_PLACEMENT_3D('',#8697,#7248,#7249);
#6788=AXIS2_PLACEMENT_3D('',#8698,#7250,#7251);
#6789=AXIS2_PLACEMENT_3D('',#8699,#7252,#7253);
#6790=AXIS2_PLACEMENT_3D('',#8700,#7254,#7255);
#6791=AXIS2_PLACEMENT_3D('',#8701,#7256,#7257);
#6792=AXIS2_PLACEMENT_3D('',#8702,#7258,#7259);
#6793=AXIS2_PLACEMENT_3D('',#8703,#7260,#7261);
#6794=AXIS2_PLACEMENT_3D('',#8704,#7262,#7263);
#6795=AXIS2_PLACEMENT_3D('',#8705,#7264,#7265);
#6796=AXIS2_PLACEMENT_3D('',#8706,#7266,#7267);
#6797=AXIS2_PLACEMENT_3D('',#8707,#7268,#7269);
#6798=AXIS2_PLACEMENT_3D('',#8708,#7270,#7271);
#6799=AXIS2_PLACEMENT_3D('',#8709,#7272,#7273);
#6800=AXIS2_PLACEMENT_3D('',#8710,#7274,#7275);
#6801=AXIS2_PLACEMENT_3D('',#8711,#7276,#7277);
#6802=AXIS2_PLACEMENT_3D('',#8712,#7278,#7279);
#6803=AXIS2_PLACEMENT_3D('',#8717,#7281,#7282);
#6804=AXIS2_PLACEMENT_3D('',#8720,#7284,#7285);
#6805=AXIS2_PLACEMENT_3D('',#8721,#7286,#7287);
#6806=AXIS2_PLACEMENT_3D('',#8726,#7289,#7290);
#6807=AXIS2_PLACEMENT_3D('',#8729,#7292,#7293);
#6808=AXIS2_PLACEMENT_3D('',#8732,#7296,#7297);
#6809=AXIS2_PLACEMENT_3D('',#8734,#7299,#7300);
#6810=AXIS2_PLACEMENT_3D('',#8735,#7301,#7302);
#6811=AXIS2_PLACEMENT_3D('',#8740,#7304,#7305);
#6812=AXIS2_PLACEMENT_3D('',#8743,#7307,#7308);
#6813=AXIS2_PLACEMENT_3D('',#8744,#7309,#7310);
#6814=AXIS2_PLACEMENT_3D('',#8749,#7312,#7313);
#6815=AXIS2_PLACEMENT_3D('',#8752,#7315,#7316);
#6816=AXIS2_PLACEMENT_3D('',#8755,#7319,#7320);
#6817=AXIS2_PLACEMENT_3D('',#8757,#7322,#7323);
#6818=AXIS2_PLACEMENT_3D('',#8758,#7324,#7325);
#6819=AXIS2_PLACEMENT_3D('',#8763,#7327,#7328);
#6820=AXIS2_PLACEMENT_3D('',#8766,#7330,#7331);
#6821=AXIS2_PLACEMENT_3D('',#8767,#7332,#7333);
#6822=AXIS2_PLACEMENT_3D('',#8772,#7335,#7336);
#6823=AXIS2_PLACEMENT_3D('',#8775,#7338,#7339);
#6824=AXIS2_PLACEMENT_3D('',#8778,#7342,#7343);
#6825=AXIS2_PLACEMENT_3D('',#8780,#7345,#7346);
#6826=AXIS2_PLACEMENT_3D('',#8781,#7347,#7348);
#6827=AXIS2_PLACEMENT_3D('',#8786,#7350,#7351);
#6828=AXIS2_PLACEMENT_3D('',#8789,#7353,#7354);
#6829=AXIS2_PLACEMENT_3D('',#8790,#7355,#7356);
#6830=AXIS2_PLACEMENT_3D('',#8795,#7358,#7359);
#6831=AXIS2_PLACEMENT_3D('',#8798,#7361,#7362);
#6832=AXIS2_PLACEMENT_3D('',#8801,#7365,#7366);
#6833=AXIS2_PLACEMENT_3D('',#8803,#7368,#7369);
#6834=AXIS2_PLACEMENT_3D('',#8812,#7374,#7375);
#6835=AXIS2_PLACEMENT_3D('',#8822,#7381,#7382);
#6836=AXIS2_PLACEMENT_3D('',#8826,#7385,#7386);
#6837=AXIS2_PLACEMENT_3D('',#8830,#7389,#7390);
#6838=AXIS2_PLACEMENT_3D('',#8839,#7395,#7396);
#6839=AXIS2_PLACEMENT_3D('',#8849,#7402,#7403);
#6840=AXIS2_PLACEMENT_3D('',#8853,#7406,#7407);
#6841=AXIS2_PLACEMENT_3D('',#8857,#7410,#7411);
#6842=AXIS2_PLACEMENT_3D('',#8866,#7416,#7417);
#6843=AXIS2_PLACEMENT_3D('',#8876,#7423,#7424);
#6844=AXIS2_PLACEMENT_3D('',#8880,#7427,#7428);
#6845=AXIS2_PLACEMENT_3D('',#8884,#7431,#7432);
#6846=AXIS2_PLACEMENT_3D('',#8893,#7437,#7438);
#6847=AXIS2_PLACEMENT_3D('',#8903,#7444,#7445);
#6848=AXIS2_PLACEMENT_3D('',#8907,#7448,#7449);
#6849=AXIS2_PLACEMENT_3D('',#8911,#7452,#7453);
#6850=AXIS2_PLACEMENT_3D('',#8912,#7454,#7455);
#6851=AXIS2_PLACEMENT_3D('',#8914,#7456,#7457);
#6852=AXIS2_PLACEMENT_3D('',#8916,#7458,#7459);
#6853=AXIS2_PLACEMENT_3D('',#8917,#7460,#7461);
#6854=AXIS2_PLACEMENT_3D('',#8919,#7462,#7463);
#6855=AXIS2_PLACEMENT_3D('',#8921,#7464,#7465);
#6856=AXIS2_PLACEMENT_3D('',#8930,#7470,#7471);
#6857=AXIS2_PLACEMENT_3D('',#8934,#7473,#7474);
#6858=AXIS2_PLACEMENT_3D('',#8939,#7477,#7478);
#6859=AXIS2_PLACEMENT_3D('',#8940,#7479,#7480);
#6860=AXIS2_PLACEMENT_3D('',#8945,#7483,#7484);
#6861=AXIS2_PLACEMENT_3D('',#8949,#7486,#7487);
#6862=AXIS2_PLACEMENT_3D('',#8950,#7488,#7489);
#6863=AXIS2_PLACEMENT_3D('',#8952,#7491,#7492);
#6864=AXIS2_PLACEMENT_3D('',#8954,#7494,#7495);
#6865=AXIS2_PLACEMENT_3D('',#8963,#7500,#7501);
#6866=AXIS2_PLACEMENT_3D('',#8967,#7503,#7504);
#6867=AXIS2_PLACEMENT_3D('',#8972,#7507,#7508);
#6868=AXIS2_PLACEMENT_3D('',#8973,#7509,#7510);
#6869=AXIS2_PLACEMENT_3D('',#8978,#7513,#7514);
#6870=AXIS2_PLACEMENT_3D('',#8982,#7516,#7517);
#6871=AXIS2_PLACEMENT_3D('',#8983,#7518,#7519);
#6872=AXIS2_PLACEMENT_3D('',#8985,#7521,#7522);
#6873=AXIS2_PLACEMENT_3D('',#8987,#7524,#7525);
#6874=AXIS2_PLACEMENT_3D('',#8996,#7530,#7531);
#6875=AXIS2_PLACEMENT_3D('',#9002,#7535,#7536);
#6876=AXIS2_PLACEMENT_3D('',#9003,#7537,#7538);
#6877=AXIS2_PLACEMENT_3D('',#9006,#7540,#7541);
#6878=AXIS2_PLACEMENT_3D('',#9010,#7544,#7545);
#6879=AXIS2_PLACEMENT_3D('',#9011,#7546,#7547);
#6880=AXIS2_PLACEMENT_3D('',#9012,#7548,#7549);
#6881=AXIS2_PLACEMENT_3D('',#9037,#7562,#7563);
#6882=AXIS2_PLACEMENT_3D('',#9038,#7564,#7565);
#6883=AXIS2_PLACEMENT_3D('',#9043,#7568,#7569);
#6884=AXIS2_PLACEMENT_3D('',#9047,#7572,#7573);
#6885=AXIS2_PLACEMENT_3D('',#9048,#7574,#7575);
#6886=AXIS2_PLACEMENT_3D('',#9051,#7577,#7578);
#6887=AXIS2_PLACEMENT_3D('',#9055,#7581,#7582);
#6888=AXIS2_PLACEMENT_3D('',#9056,#7583,#7584);
#6889=AXIS2_PLACEMENT_3D('',#9059,#7586,#7587);
#6890=AXIS2_PLACEMENT_3D('',#9063,#7590,#7591);
#6891=AXIS2_PLACEMENT_3D('',#9064,#7592,#7593);
#6892=AXIS2_PLACEMENT_3D('',#9067,#7595,#7596);
#6893=AXIS2_PLACEMENT_3D('',#9071,#7599,#7600);
#6894=AXIS2_PLACEMENT_3D('',#9072,#7601,#7602);
#6895=AXIS2_PLACEMENT_3D('',#9075,#7604,#7605);
#6896=AXIS2_PLACEMENT_3D('',#9079,#7608,#7609);
#6897=AXIS2_PLACEMENT_3D('',#9080,#7610,#7611);
#6898=AXIS2_PLACEMENT_3D('',#9083,#7613,#7614);
#6899=AXIS2_PLACEMENT_3D('',#9085,#7616,#7617);
#6900=AXIS2_PLACEMENT_3D('',#9094,#7619,#7620);
#6901=AXIS2_PLACEMENT_3D('',#9097,#7622,#7623);
#6902=AXIS2_PLACEMENT_3D('',#9098,#7624,#7625);
#6903=AXIS2_PLACEMENT_3D('',#9103,#7627,#7628);
#6904=AXIS2_PLACEMENT_3D('',#9106,#7630,#7631);
#6905=AXIS2_PLACEMENT_3D('',#9107,#7632,#7633);
#6906=AXIS2_PLACEMENT_3D('',#9118,#7636,#7637);
#6907=AXIS2_PLACEMENT_3D('',#9119,#7638,#7639);
#6908=AXIS2_PLACEMENT_3D('',#9130,#7642,#7643);
#6909=AXIS2_PLACEMENT_3D('',#9131,#7644,#7645);
#6910=AXIS2_PLACEMENT_3D('',#9136,#7647,#7648);
#6911=AXIS2_PLACEMENT_3D('',#9139,#7650,#7651);
#6912=AXIS2_PLACEMENT_3D('',#9148,#7653,#7654);
#6913=AXIS2_PLACEMENT_3D('',#9151,#7656,#7657);
#6914=AXIS2_PLACEMENT_3D('',#9159,#7662,#7663);
#6915=AXIS2_PLACEMENT_3D('',#9165,#7667,#7668);
#6916=AXIS2_PLACEMENT_3D('',#9173,#7673,#7674);
#6917=AXIS2_PLACEMENT_3D('',#9181,#7679,#7680);
#6918=AXIS2_PLACEMENT_3D('',#9187,#7684,#7685);
#6919=AXIS2_PLACEMENT_3D('',#9195,#7690,#7691);
#6920=AXIS2_PLACEMENT_3D('',#9204,#7696,#7697);
#6921=AXIS2_PLACEMENT_3D('',#9210,#7701,#7702);
#6922=AXIS2_PLACEMENT_3D('',#9211,#7703,#7704);
#6923=AXIS2_PLACEMENT_3D('',#9214,#7706,#7707);
#6924=AXIS2_PLACEMENT_3D('',#9218,#7710,#7711);
#6925=AXIS2_PLACEMENT_3D('',#9219,#7712,#7713);
#6926=AXIS2_PLACEMENT_3D('',#9220,#7714,#7715);
#6927=AXIS2_PLACEMENT_3D('',#9245,#7728,#7729);
#6928=AXIS2_PLACEMENT_3D('',#9246,#7730,#7731);
#6929=AXIS2_PLACEMENT_3D('',#9251,#7734,#7735);
#6930=AXIS2_PLACEMENT_3D('',#9255,#7738,#7739);
#6931=AXIS2_PLACEMENT_3D('',#9256,#7740,#7741);
#6932=AXIS2_PLACEMENT_3D('',#9259,#7743,#7744);
#6933=AXIS2_PLACEMENT_3D('',#9263,#7747,#7748);
#6934=AXIS2_PLACEMENT_3D('',#9264,#7749,#7750);
#6935=AXIS2_PLACEMENT_3D('',#9267,#7752,#7753);
#6936=AXIS2_PLACEMENT_3D('',#9271,#7756,#7757);
#6937=AXIS2_PLACEMENT_3D('',#9272,#7758,#7759);
#6938=AXIS2_PLACEMENT_3D('',#9275,#7761,#7762);
#6939=AXIS2_PLACEMENT_3D('',#9279,#7765,#7766);
#6940=AXIS2_PLACEMENT_3D('',#9280,#7767,#7768);
#6941=AXIS2_PLACEMENT_3D('',#9283,#7770,#7771);
#6942=AXIS2_PLACEMENT_3D('',#9287,#7774,#7775);
#6943=AXIS2_PLACEMENT_3D('',#9288,#7776,#7777);
#6944=AXIS2_PLACEMENT_3D('',#9291,#7779,#7780);
#6945=AXIS2_PLACEMENT_3D('',#9293,#7782,#7783);
#6946=AXIS2_PLACEMENT_3D('',#9299,#7787,#7788);
#6947=AXIS2_PLACEMENT_3D('',#9305,#7792,#7793);
#6948=AXIS2_PLACEMENT_3D('',#9314,#7798,#7799);
#6949=AXIS2_PLACEMENT_3D('',#9323,#7804,#7805);
#6950=AXIS2_PLACEMENT_3D('',#9332,#7810,#7811);
#6951=AXIS2_PLACEMENT_3D('',#9341,#7816,#7817);
#6952=AXIS2_PLACEMENT_3D('',#9350,#7822,#7823);
#6953=AXIS2_PLACEMENT_3D('',#9359,#7828,#7829);
#6954=AXIS2_PLACEMENT_3D('',#9360,#7830,#7831);
#6955=AXIS2_PLACEMENT_3D('',#9362,#7832,#7833);
#6956=AXIS2_PLACEMENT_3D('',#9363,#7834,#7835);
#6957=AXIS2_PLACEMENT_3D('',#9365,#7836,#7837);
#6958=AXIS2_PLACEMENT_3D('',#9374,#7842,#7843);
#6959=AXIS2_PLACEMENT_3D('',#9383,#7848,#7849);
#6960=AXIS2_PLACEMENT_3D('',#9392,#7854,#7855);
#6961=AXIS2_PLACEMENT_3D('',#9398,#7859,#7860);
#6962=AXIS2_PLACEMENT_3D('',#9407,#7865,#7866);
#6963=AXIS2_PLACEMENT_3D('',#9412,#7870,#7871);
#6964=AXIS2_PLACEMENT_3D('',#9414,#7873,#7874);
#6965=AXIS2_PLACEMENT_3D('',#9416,#7876,#7877);
#6966=AXIS2_PLACEMENT_3D('',#9424,#7882,#7883);
#6967=AXIS2_PLACEMENT_3D('',#9430,#7887,#7888);
#6968=AXIS2_PLACEMENT_3D('',#9439,#7893,#7894);
#6969=AXIS2_PLACEMENT_3D('',#9446,#7899,#7900);
#6970=AXIS2_PLACEMENT_3D('',#9450,#7903,#7904);
#6971=AXIS2_PLACEMENT_3D('',#9459,#7909,#7910);
#6972=AXIS2_PLACEMENT_3D('',#9466,#7915,#7916);
#6973=AXIS2_PLACEMENT_3D('',#9476,#7922,#7923);
#6974=AXIS2_PLACEMENT_3D('',#9482,#7927,#7928);
#6975=AXIS2_PLACEMENT_3D('',#9489,#7933,#7934);
#6976=AXIS2_PLACEMENT_3D('',#9499,#7940,#7941);
#6977=AXIS2_PLACEMENT_3D('',#9505,#7945,#7946);
#6978=AXIS2_PLACEMENT_3D('',#9512,#7951,#7952);
#6979=AXIS2_PLACEMENT_3D('',#9521,#7957,#7958);
#6980=AXIS2_PLACEMENT_3D('',#9530,#7963,#7964);
#6981=AXIS2_PLACEMENT_3D('',#9537,#7969,#7970);
#6982=AXIS2_PLACEMENT_3D('',#9544,#7975,#7976);
#6983=AXIS2_PLACEMENT_3D('',#9548,#7979,#7980);
#6984=AXIS2_PLACEMENT_3D('',#9553,#7984,#7985);
#6985=AXIS2_PLACEMENT_3D('',#9560,#7990,#7991);
#6986=AXIS2_PLACEMENT_3D('',#9569,#7996,#7997);
#6987=AXIS2_PLACEMENT_3D('',#9575,#8001,#8002);
#6988=AXIS2_PLACEMENT_3D('',#9579,#8005,#8006);
#6989=AXIS2_PLACEMENT_3D('',#9583,#8009,#8010);
#6990=AXIS2_PLACEMENT_3D('',#9592,#8015,#8016);
#6991=AXIS2_PLACEMENT_3D('',#9598,#8020,#8021);
#6992=AXIS2_PLACEMENT_3D('',#9602,#8024,#8025);
#6993=AXIS2_PLACEMENT_3D('',#9606,#8028,#8029);
#6994=AXIS2_PLACEMENT_3D('',#9626,#8031,#8032);
#6995=AXIS2_PLACEMENT_3D('',#9629,#8034,#8035);
#6996=AXIS2_PLACEMENT_3D('',#9653,#8038,#8039);
#6997=AXIS2_PLACEMENT_3D('',#9654,#8040,#8041);
#6998=AXIS2_PLACEMENT_3D('',#9671,#8043,#8044);
#6999=AXIS2_PLACEMENT_3D('',#9679,#8046,#8047);
#7000=AXIS2_PLACEMENT_3D('',#9680,#8048,#8049);
#7001=AXIS2_PLACEMENT_3D('',#9702,#8052,#8053);
#7002=AXIS2_PLACEMENT_3D('',#9731,#8056,#8057);
#7003=AXIS2_PLACEMENT_3D('',#9760,#8060,#8061);
#7004=AXIS2_PLACEMENT_3D('',#9765,#8065,#8066);
#7005=AXIS2_PLACEMENT_3D('',#9768,#8069,#8070);
#7006=AXIS2_PLACEMENT_3D('',#9773,#8074,#8075);
#7007=AXIS2_PLACEMENT_3D('',#9774,#8076,#8077);
#7008=AXIS2_PLACEMENT_3D('',#9779,#8082,#8083);
#7009=AXIS2_PLACEMENT_3D('',#9780,#8084,#8085);
#7010=AXIS2_PLACEMENT_3D('',#9781,#8086,#8087);
#7011=AXIS2_PLACEMENT_3D('',#9782,#8088,#8089);
#7012=AXIS2_PLACEMENT_3D('',#9785,#8092,#8093);
#7013=AXIS2_PLACEMENT_3D('',#9788,#8096,#8097);
#7014=AXIS2_PLACEMENT_3D('',#9791,#8100,#8101);
#7015=AXIS2_PLACEMENT_3D('',#9793,#8103,#8104);
#7016=AXIS2_PLACEMENT_3D('',#9796,#8107,#8108);
#7017=AXIS2_PLACEMENT_3D('',#9798,#8110,#8111);
#7018=AXIS2_PLACEMENT_3D('',#9801,#8114,#8115);
#7019=AXIS2_PLACEMENT_3D('',#9804,#8118,#8119);
#7020=AXIS2_PLACEMENT_3D('',#9805,#8120,#8121);
#7021=AXIS2_PLACEMENT_3D('',#9809,#8124,#8125);
#7022=AXIS2_PLACEMENT_3D('',#9812,#8128,#8129);
#7023=AXIS2_PLACEMENT_3D('',#9817,#8134,#8135);
#7024=AXIS2_PLACEMENT_3D('',#9822,#8139,#8140);
#7025=AXIS2_PLACEMENT_3D('',#9828,#8146,#8147);
#7026=AXIS2_PLACEMENT_3D('',#9830,#8149,#8150);
#7027=AXIS2_PLACEMENT_3D('',#9833,#8153,#8154);
#7028=AXIS2_PLACEMENT_3D('',#9834,#8155,#8156);
#7029=AXIS2_PLACEMENT_3D('',#9841,#8163,#8164);
#7030=AXIS2_PLACEMENT_3D('',#9842,#8165,#8166);
#7031=AXIS2_PLACEMENT_3D('',#9843,#8167,#8168);
#7032=AXIS2_PLACEMENT_3D('',#9844,#8169,#8170);
#7033=AXIS2_PLACEMENT_3D('',#9846,#8172,#8173);
#7034=AXIS2_PLACEMENT_3D('',#9849,#8176,#8177);
#7035=AXIS2_PLACEMENT_3D('',#9851,#8179,#8180);
#7036=AXIS2_PLACEMENT_3D('',#9853,#8182,#8183);
#7037=AXIS2_PLACEMENT_3D('',#9855,#8185,#8186);
#7038=AXIS2_PLACEMENT_3D('',#9857,#8188,#8189);
#7039=AXIS2_PLACEMENT_3D('',#9859,#8191,#8192);
#7040=AXIS2_PLACEMENT_3D('',#9861,#8194,#8195);
#7041=AXIS2_PLACEMENT_3D('',#9863,#8197,#8198);
#7042=AXIS2_PLACEMENT_3D('',#9865,#8200,#8201);
#7043=AXIS2_PLACEMENT_3D('',#9868,#8204,#8205);
#7044=AXIS2_PLACEMENT_3D('',#9871,#8208,#8209);
#7045=AXIS2_PLACEMENT_3D('',#9872,#8210,#8211);
#7046=AXIS2_PLACEMENT_3D('',#9873,#8212,#8213);
#7047=AXIS2_PLACEMENT_3D('',#9875,#8215,#8216);
#7048=AXIS2_PLACEMENT_3D('',#9877,#8218,#8219);
#7049=AXIS2_PLACEMENT_3D('',#9879,#8221,#8222);
#7050=AXIS2_PLACEMENT_3D('',#9883,#8225,#8226);
#7051=AXIS2_PLACEMENT_3D('',#9884,#8227,#8228);
#7052=AXIS2_PLACEMENT_3D('',#9885,#8229,#8230);
#7053=AXIS2_PLACEMENT_3D('',#9886,#8231,#8232);
#7054=AXIS2_PLACEMENT_3D('',#9887,#8233,#8234);
#7055=AXIS2_PLACEMENT_3D('',#9888,#8235,#8236);
#7056=AXIS2_PLACEMENT_3D('',#9889,#8237,#8238);
#7057=AXIS2_PLACEMENT_3D('',#9890,#8239,#8240);
#7058=AXIS2_PLACEMENT_3D('',#9891,#8241,#8242);
#7059=AXIS2_PLACEMENT_3D('',#9892,#8243,#8244);
#7060=AXIS2_PLACEMENT_3D('',#9893,#8245,#8246);
#7061=AXIS2_PLACEMENT_3D('',#9894,#8247,#8248);
#7062=AXIS2_PLACEMENT_3D('',#9895,#8249,#8250);
#7063=AXIS2_PLACEMENT_3D('',#9896,#8251,#8252);
#7064=AXIS2_PLACEMENT_3D('',#9897,#8253,#8254);
#7065=AXIS2_PLACEMENT_3D('',#9898,#8255,#8256);
#7066=AXIS2_PLACEMENT_3D('',#9899,#8257,#8258);
#7067=AXIS2_PLACEMENT_3D('',#9900,#8259,#8260);
#7068=AXIS2_PLACEMENT_3D('',#9901,#8261,#8262);
#7069=AXIS2_PLACEMENT_3D('',#9905,#8265,#8266);
#7070=AXIS2_PLACEMENT_3D('',#9909,#8269,#8270);
#7071=AXIS2_PLACEMENT_3D('',#9911,#8272,#8273);
#7072=AXIS2_PLACEMENT_3D('',#9913,#8275,#8276);
#7073=AXIS2_PLACEMENT_3D('',#9915,#8278,#8279);
#7074=AXIS2_PLACEMENT_3D('',#9917,#8281,#8282);
#7075=AXIS2_PLACEMENT_3D('',#9919,#8284,#8285);
#7076=AXIS2_PLACEMENT_3D('',#9920,#8286,#8287);
#7077=AXIS2_PLACEMENT_3D('',#9921,#8288,#8289);
#7078=AXIS2_PLACEMENT_3D('',#9925,#8291,#8292);
#7079=AXIS2_PLACEMENT_3D('',#9929,#8294,#8295);
#7080=AXIS2_PLACEMENT_3D('',#9930,#8296,#8297);
#7081=AXIS2_PLACEMENT_3D('',#9931,#8298,#8299);
#7082=AXIS2_PLACEMENT_3D('',#9936,#8301,#8302);
#7083=AXIS2_PLACEMENT_3D('',#9939,#8304,#8305);
#7084=AXIS2_PLACEMENT_3D('',#9948,#8310,#8311);
#7085=AXIS2_PLACEMENT_3D('',#9957,#8316,#8317);
#7086=AXIS2_PLACEMENT_3D('',#9966,#8322,#8323);
#7087=AXIS2_PLACEMENT_3D('',#9972,#8327,#8328);
#7088=AXIS2_PLACEMENT_3D('',#9978,#8332,#8333);
#7089=AXIS2_PLACEMENT_3D('',#9987,#8338,#8339);
#7090=AXIS2_PLACEMENT_3D('',#9988,#8340,#8341);
#7091=AXIS2_PLACEMENT_3D('',#9990,#8342,#8343);
#7092=AXIS2_PLACEMENT_3D('',#9993,#8345,#8346);
#7093=AXIS2_PLACEMENT_3D('',#9999,#8350,#8351);
#7094=AXIS2_PLACEMENT_3D('',#10000,#8352,#8353);
#7095=AXIS2_PLACEMENT_3D('',#10004,#8355,#8356);
#7096=AXIS2_PLACEMENT_3D('',#10005,#8357,#8358);
#7097=AXIS2_PLACEMENT_3D('',#10014,#8363,#8364);
#7098=AXIS2_PLACEMENT_3D('',#10020,#8368,#8369);
#7099=AXIS2_PLACEMENT_3D('',#10026,#8373,#8374);
#7100=AXIS2_PLACEMENT_3D('',#10029,#8377,#8378);
#7101=AXIS2_PLACEMENT_3D('',#10043,#8386,#8387);
#7102=AXIS2_PLACEMENT_3D('',#10049,#8391,#8392);
#7103=AXIS2_PLACEMENT_3D('',#10053,#8395,#8396);
#7104=AXIS2_PLACEMENT_3D('',#10057,#8399,#8400);
#7105=AXIS2_PLACEMENT_3D('',#10063,#8404,#8405);
#7106=AXIS2_PLACEMENT_3D('',#10065,#8407,#8408);
#7107=AXIS2_PLACEMENT_3D('',#10073,#8414,#8415);
#7108=AXIS2_PLACEMENT_3D('',#10076,#8417,#8418);
#7109=AXIS2_PLACEMENT_3D('',#10077,#8419,#8420);
#7110=AXIS2_PLACEMENT_3D('',#10079,#8422,#8423);
#7111=AXIS2_PLACEMENT_3D('',#10084,#8427,#8428);
#7112=AXIS2_PLACEMENT_3D('',#10087,#8431,#8432);
#7113=AXIS2_PLACEMENT_3D('',#10089,#8434,#8435);
#7114=AXIS2_PLACEMENT_3D('',#10091,#8437,#8438);
#7115=AXIS2_PLACEMENT_3D('',#10092,#8439,#8440);
#7116=AXIS2_PLACEMENT_3D('',#10093,#8441,#8442);
#7117=AXIS2_PLACEMENT_3D('',#10094,#8443,#8444);
#7118=AXIS2_PLACEMENT_3D('',#10095,#8445,#8446);
#7119=AXIS2_PLACEMENT_3D('',#10096,#8447,#8448);
#7120=AXIS2_PLACEMENT_3D('',#10097,#8449,#8450);
#7121=AXIS2_PLACEMENT_3D('',#10098,#8451,#8452);
#7122=AXIS2_PLACEMENT_3D('',#10099,#8453,#8454);
#7123=AXIS2_PLACEMENT_3D('',#10100,#8455,#8456);
#7124=DIRECTION('',(0.,0.,1.));
#7125=DIRECTION('',(1.,0.,0.));
#7126=DIRECTION('',(1.,-5.55111512312578E-17,0.));
#7127=DIRECTION('',(5.55111512312578E-17,1.,0.));
#7128=DIRECTION('',(-2.24378243434949E-32,-4.04203909409473E-16,-1.));
#7129=DIRECTION('',(5.55111512312578E-17,1.,0.));
#7130=DIRECTION('',(0.,0.,1.));
#7131=DIRECTION('',(-5.55111512312578E-17,-1.,0.));
#7132=DIRECTION('',(0.,0.,1.));
#7133=DIRECTION('',(-5.55111512312578E-17,-1.,-3.10437272007303E-16));
#7134=DIRECTION('',(0.,0.,1.));
#7135=DIRECTION('',(-5.55111512312578E-17,-1.,0.));
#7136=DIRECTION('',(0.,0.,1.));
#7137=DIRECTION('',(5.55111512312578E-17,1.,0.));
#7138=DIRECTION('',(-2.24378243434949E-32,-4.04203909409473E-16,-1.));
#7139=DIRECTION('',(-5.55111512312578E-17,-1.,4.04203909409473E-16));
#7140=DIRECTION('',(2.24378243434949E-32,4.04203909409473E-16,1.));
#7141=DIRECTION('',(-5.55111512312578E-17,-1.,4.04203909409473E-16));
#7142=DIRECTION('',(-2.24378243434949E-32,-4.04203909409473E-16,-1.));
#7143=DIRECTION('',(-5.55111512312578E-17,-1.,0.));
#7144=DIRECTION('',(2.24378243434949E-32,4.04203909409473E-16,1.));
#7145=DIRECTION('',(-5.55111512312578E-17,-1.,0.));
#7146=DIRECTION('',(2.24378243434949E-32,4.04203909409473E-16,1.));
#7147=DIRECTION('',(-5.55111512312578E-17,-1.,4.04203909409473E-16));
#7148=DIRECTION('',(-2.24378243434949E-32,-4.04203909409473E-16,-1.));
#7149=DIRECTION('',(-5.55111512312578E-17,-1.,0.));
#7150=DIRECTION('',(2.24378243434949E-32,4.04203909409473E-16,1.));
#7151=DIRECTION('',(-5.55111512312578E-17,-1.,0.));
#7152=DIRECTION('',(-2.14759711400389E-16,1.,0.));
#7153=DIRECTION('',(-1.,-2.14759711400389E-16,0.));
#7154=DIRECTION('',(0.,0.,-1.));
#7155=DIRECTION('',(1.,2.14759711400389E-16,0.));
#7156=DIRECTION('',(0.,0.,1.));
#7157=DIRECTION('',(-2.14759711400389E-16,1.,0.));
#7158=DIRECTION('',(-1.,-2.14759711400389E-16,0.));
#7159=DIRECTION('',(0.,0.,-1.));
#7160=DIRECTION('',(1.,2.14759711400389E-16,0.));
#7161=DIRECTION('',(0.,0.,1.));
#7162=DIRECTION('',(-5.96052876494552E-16,-1.,0.));
#7163=DIRECTION('',(1.,-5.96052876494552E-16,0.));
#7164=DIRECTION('',(0.,0.,-1.));
#7165=DIRECTION('',(-1.,5.96052876494552E-16,0.));
#7166=DIRECTION('',(0.,0.,1.));
#7167=DIRECTION('',(-5.96052876494552E-16,-1.,0.));
#7168=DIRECTION('',(1.,-5.96052876494552E-16,0.));
#7169=DIRECTION('',(0.,0.,-1.));
#7170=DIRECTION('',(-1.,5.96052876494552E-16,0.));
#7171=DIRECTION('',(0.,0.,1.));
#7172=DIRECTION('',(7.87827749793755E-16,1.,0.));
#7173=DIRECTION('',(-1.,7.87827749793755E-16,0.));
#7174=DIRECTION('',(0.,0.,-1.));
#7175=DIRECTION('',(1.,-7.87827749793755E-16,0.));
#7176=DIRECTION('',(0.,0.,1.));
#7177=DIRECTION('',(7.87827749793755E-16,1.,0.));
#7178=DIRECTION('',(-1.,7.87827749793755E-16,0.));
#7179=DIRECTION('',(0.,0.,-1.));
#7180=DIRECTION('',(1.,-7.87827749793755E-16,0.));
#7181=DIRECTION('',(0.,0.,1.));
#7182=DIRECTION('',(6.76805447331239E-16,-1.,0.));
#7183=DIRECTION('',(1.,6.76805447331239E-16,0.));
#7184=DIRECTION('',(0.,0.,-1.));
#7185=DIRECTION('',(-1.,-6.76805447331239E-16,0.));
#7186=DIRECTION('',(0.,0.,1.));
#7187=DIRECTION('',(6.76805447331239E-16,-1.,0.));
#7188=DIRECTION('',(1.,6.76805447331239E-16,0.));
#7189=DIRECTION('',(0.,0.,-1.));
#7190=DIRECTION('',(-1.,-6.76805447331239E-16,0.));
#7191=DIRECTION('',(0.,0.,1.));
#7192=DIRECTION('',(0.,0.,-1.));
#7193=DIRECTION('',(-1.,5.55111512312578E-17,0.));
#7194=DIRECTION('',(0.,0.,-1.));
#7195=DIRECTION('',(-1.,5.55111512312578E-17,0.));
#7196=DIRECTION('',(-5.55111512312578E-17,-1.,0.));
#7197=DIRECTION('',(0.,0.,-1.));
#7198=DIRECTION('',(-1.,5.55111512312578E-17,0.));
#7199=DIRECTION('',(5.55111512312578E-17,1.,0.));
#7200=DIRECTION('',(1.,-5.55111512312578E-17,0.));
#7201=DIRECTION('',(5.55111512312578E-17,1.,0.));
#7202=DIRECTION('',(-5.55111512312578E-17,-1.,0.));
#7203=DIRECTION('',(0.,0.,-1.));
#7204=DIRECTION('',(0.,0.,1.));
#7205=DIRECTION('',(-5.55111512312578E-17,-1.,0.));
#7206=DIRECTION('',(-5.55111512312578E-17,-1.,0.));
#7207=DIRECTION('',(-1.,5.55111512312578E-17,0.));
#7208=DIRECTION('',(-5.55111512312578E-17,-1.,0.));
#7209=DIRECTION('',(5.55111512312578E-17,1.,0.));
#7210=DIRECTION('',(5.55111512312578E-17,1.,0.));
#7211=DIRECTION('',(5.55111512312578E-17,1.,0.));
#7212=DIRECTION('',(0.,0.,-1.));
#7213=DIRECTION('',(0.,0.,1.));
#7214=DIRECTION('',(0.,0.,1.));
#7215=DIRECTION('',(1.,-5.55111512312578E-17,0.));
#7216=DIRECTION('',(-5.55111512312578E-17,-1.,0.));
#7217=DIRECTION('',(0.,0.,1.));
#7218=DIRECTION('',(1.,-5.55111512312578E-17,0.));
#7219=DIRECTION('',(5.55111512312578E-17,1.,0.));
#7220=DIRECTION('',(0.,0.,1.));
#7221=DIRECTION('',(1.,-5.55111512312578E-17,0.));
#7222=DIRECTION('',(1.,-5.55111512312578E-17,0.));
#7223=DIRECTION('',(5.55111512312578E-17,1.,0.));
#7224=DIRECTION('',(-5.55111512312578E-17,-1.,0.));
#7225=DIRECTION('',(0.,0.,-1.));
#7226=DIRECTION('',(0.,0.,1.));
#7227=DIRECTION('',(-5.55111512312578E-17,-1.,0.));
#7228=DIRECTION('',(-5.55111512312578E-17,-1.,0.));
#7229=DIRECTION('',(-1.,5.55111512312578E-17,0.));
#7230=DIRECTION('',(-5.55111512312578E-17,-1.,0.));
#7231=DIRECTION('',(5.55111512312578E-17,1.,0.));
#7232=DIRECTION('',(5.55111512312578E-17,1.,0.));
#7233=DIRECTION('',(5.55111512312578E-17,1.,0.));
#7234=DIRECTION('',(0.,0.,-1.));
#7235=DIRECTION('',(0.,0.,1.));
#7236=DIRECTION('',(0.,0.,1.));
#7237=DIRECTION('',(1.,-5.55111512312578E-17,0.));
#7238=DIRECTION('',(0.,0.,1.));
#7239=DIRECTION('',(1.,-5.55111512312578E-17,0.));
#7240=DIRECTION('',(0.,0.,1.));
#7241=DIRECTION('',(1.,-5.55111512312578E-17,0.));
#7242=DIRECTION('',(0.,0.,-1.));
#7243=DIRECTION('',(-1.,5.55111512312578E-17,0.));
#7244=DIRECTION('',(0.,0.,1.));
#7245=DIRECTION('',(1.,-5.55111512312578E-17,0.));
#7246=DIRECTION('',(0.,0.,1.));
#7247=DIRECTION('',(1.,-5.55111512312578E-17,0.));
#7248=DIRECTION('',(0.,0.,1.));
#7249=DIRECTION('',(1.,-5.55111512312578E-17,0.));
#7250=DIRECTION('',(0.,0.,1.));
#7251=DIRECTION('',(1.,-5.55111512312578E-17,0.));
#7252=DIRECTION('',(0.,0.,1.));
#7253=DIRECTION('',(1.,-5.55111512312578E-17,0.));
#7254=DIRECTION('',(0.,0.,1.));
#7255=DIRECTION('',(1.,-5.55111512312578E-17,0.));
#7256=DIRECTION('',(0.,0.,1.));
#7257=DIRECTION('',(1.,-5.55111512312578E-17,0.));
#7258=DIRECTION('',(0.,0.,1.));
#7259=DIRECTION('',(1.,-5.55111512312578E-17,0.));
#7260=DIRECTION('',(0.,0.,1.));
#7261=DIRECTION('',(1.,-5.55111512312578E-17,0.));
#7262=DIRECTION('',(0.,0.,-1.));
#7263=DIRECTION('',(-1.,5.55111512312578E-17,0.));
#7264=DIRECTION('',(0.,0.,1.));
#7265=DIRECTION('',(1.,-5.55111512312578E-17,0.));
#7266=DIRECTION('',(0.,0.,1.));
#7267=DIRECTION('',(1.,-5.55111512312578E-17,0.));
#7268=DIRECTION('',(0.,0.,1.));
#7269=DIRECTION('',(1.,-5.55111512312578E-17,0.));
#7270=DIRECTION('',(0.,0.,1.));
#7271=DIRECTION('',(1.,-5.55111512312578E-17,0.));
#7272=DIRECTION('',(0.,0.,1.));
#7273=DIRECTION('',(1.,-5.55111512312578E-17,0.));
#7274=DIRECTION('',(0.,0.,1.));
#7275=DIRECTION('',(1.,-5.55111512312578E-17,0.));
#7276=DIRECTION('',(-1.,5.55111512312578E-17,0.));
#7277=DIRECTION('',(5.55111512312578E-17,1.,0.));
#7278=DIRECTION('',(-1.,5.55111512312578E-17,0.));
#7279=DIRECTION('',(5.55111512312578E-17,1.,0.));
#7280=DIRECTION('',(-5.55111512312578E-17,-1.,0.));
#7281=DIRECTION('',(1.,-5.55111512312578E-17,0.));
#7282=DIRECTION('',(-5.55111512312578E-17,-1.,0.));
#7283=DIRECTION('',(5.18925258325131E-17,0.93481264001048,0.355141279037845));
#7284=DIRECTION('',(-1.,5.55111512312578E-17,0.));
#7285=DIRECTION('',(5.55111512312578E-17,1.,0.));
#7286=DIRECTION('',(-1.,5.55111512312578E-17,0.));
#7287=DIRECTION('',(5.55111512312578E-17,1.,0.));
#7288=DIRECTION('',(5.18925258325131E-17,0.93481264001048,0.355141279037845));
#7289=DIRECTION('',(1.,-5.55111512312578E-17,0.));
#7290=DIRECTION('',(-5.55111512312578E-17,-1.,0.));
#7291=DIRECTION('',(-5.55111512312578E-17,-1.,0.));
#7292=DIRECTION('',(-1.97143012491322E-17,-0.355141279037845,0.93481264001048));
#7293=DIRECTION('',(-5.18925258325131E-17,-0.93481264001048,-0.355141279037845));
#7294=DIRECTION('',(-1.,5.55111512312578E-17,0.));
#7295=DIRECTION('',(-1.,5.55111512312578E-17,0.));
#7296=DIRECTION('',(-1.,5.55111512312578E-17,0.));
#7297=DIRECTION('',(-5.55111512312578E-17,-1.,0.));
#7298=DIRECTION('',(-1.,5.55111512312578E-17,0.));
#7299=DIRECTION('',(1.,-5.55111512312578E-17,0.));
#7300=DIRECTION('',(-5.55111512312578E-17,-1.,0.));
#7301=DIRECTION('',(1.,-5.55111512312578E-17,0.));
#7302=DIRECTION('',(-5.55111512312578E-17,-1.,0.));
#7303=DIRECTION('',(5.30607650328077E-17,0.955857766518985,-0.293829763954127));
#7304=DIRECTION('',(-1.,5.55111512312578E-17,0.));
#7305=DIRECTION('',(-5.55111512312578E-17,-1.,0.));
#7306=DIRECTION('',(-5.55111512312578E-17,-1.,0.));
#7307=DIRECTION('',(1.,-5.55111512312578E-17,0.));
#7308=DIRECTION('',(-5.55111512312578E-17,-1.,0.));
#7309=DIRECTION('',(1.,-5.55111512312578E-17,0.));
#7310=DIRECTION('',(-5.55111512312578E-17,-1.,0.));
#7311=DIRECTION('',(-5.55111512312578E-17,-1.,0.));
#7312=DIRECTION('',(-1.,5.55111512312578E-17,0.));
#7313=DIRECTION('',(-5.55111512312578E-17,-1.,0.));
#7314=DIRECTION('',(5.30607650328077E-17,0.955857766518985,-0.293829763954127));
#7315=DIRECTION('',(-1.63108284631023E-17,-0.293829763954127,-0.955857766518985));
#7316=DIRECTION('',(5.30607650328077E-17,0.955857766518985,-0.293829763954127));
#7317=DIRECTION('',(1.,-5.55111512312578E-17,0.));
#7318=DIRECTION('',(1.,-5.55111512312578E-17,0.));
#7319=DIRECTION('',(1.,-5.55111512312578E-17,0.));
#7320=DIRECTION('',(5.55111512312578E-17,1.,0.));
#7321=DIRECTION('',(1.,-5.55111512312578E-17,0.));
#7322=DIRECTION('',(-1.,5.55111512312578E-17,0.));
#7323=DIRECTION('',(-5.55111512312578E-17,-1.,0.));
#7324=DIRECTION('',(1.,-5.55111512312578E-17,0.));
#7325=DIRECTION('',(-5.55111512312578E-17,-1.,0.));
#7326=DIRECTION('',(-5.18925258325131E-17,-0.93481264001048,0.355141279037845));
#7327=DIRECTION('',(-1.,5.55111512312578E-17,0.));
#7328=DIRECTION('',(5.55111512312578E-17,1.,0.));
#7329=DIRECTION('',(5.55111512312578E-17,1.,0.));
#7330=DIRECTION('',(-1.,5.55111512312578E-17,0.));
#7331=DIRECTION('',(-5.55111512312578E-17,-1.,0.));
#7332=DIRECTION('',(1.,-5.55111512312578E-17,0.));
#7333=DIRECTION('',(-5.55111512312578E-17,-1.,0.));
#7334=DIRECTION('',(5.55111512312578E-17,1.,0.));
#7335=DIRECTION('',(-1.,5.55111512312578E-17,0.));
#7336=DIRECTION('',(5.55111512312578E-17,1.,0.));
#7337=DIRECTION('',(-5.18925258325131E-17,-0.93481264001048,0.355141279037845));
#7338=DIRECTION('',(-1.97143012491322E-17,-0.355141279037845,-0.93481264001048));
#7339=DIRECTION('',(5.18925258325131E-17,0.93481264001048,-0.355141279037845));
#7340=DIRECTION('',(-1.,5.55111512312578E-17,0.));
#7341=DIRECTION('',(-1.,5.55111512312578E-17,0.));
#7342=DIRECTION('',(-1.,5.55111512312578E-17,0.));
#7343=DIRECTION('',(-5.55111512312578E-17,-1.,0.));
#7344=DIRECTION('',(-1.,5.55111512312578E-17,0.));
#7345=DIRECTION('',(1.,-5.55111512312578E-17,0.));
#7346=DIRECTION('',(5.55111512312578E-17,1.,0.));
#7347=DIRECTION('',(-1.,5.55111512312578E-17,0.));
#7348=DIRECTION('',(5.55111512312578E-17,1.,0.));
#7349=DIRECTION('',(5.55111512312578E-17,1.,0.));
#7350=DIRECTION('',(1.,-5.55111512312578E-17,0.));
#7351=DIRECTION('',(5.55111512312578E-17,1.,0.));
#7352=DIRECTION('',(-5.30607650328077E-17,-0.955857766518985,-0.293829763954127));
#7353=DIRECTION('',(1.,-5.55111512312578E-17,0.));
#7354=DIRECTION('',(5.55111512312578E-17,1.,0.));
#7355=DIRECTION('',(-1.,5.55111512312578E-17,0.));
#7356=DIRECTION('',(5.55111512312578E-17,1.,0.));
#7357=DIRECTION('',(-5.30607650328077E-17,-0.955857766518985,-0.293829763954127));
#7358=DIRECTION('',(1.,-5.55111512312578E-17,0.));
#7359=DIRECTION('',(5.55111512312578E-17,1.,0.));
#7360=DIRECTION('',(5.55111512312578E-17,1.,0.));
#7361=DIRECTION('',(1.,-5.55111512312578E-17,0.));
#7362=DIRECTION('',(5.55111512312578E-17,1.,0.));
#7363=DIRECTION('',(1.,-5.55111512312578E-17,0.));
#7364=DIRECTION('',(1.,-5.55111512312578E-17,0.));
#7365=DIRECTION('',(-1.63108284631023E-17,-0.293829763954127,0.955857766518985));
#7366=DIRECTION('',(-5.30607650328077E-17,-0.955857766518985,-0.293829763954127));
#7367=DIRECTION('',(1.,-5.55111512312578E-17,0.));
#7368=DIRECTION('',(-1.08777972385323E-32,-1.95956974360263E-16,1.));
#7369=DIRECTION('',(-5.55111512312578E-17,-1.,-1.95956974360263E-16));
#7370=DIRECTION('',(5.55111512312578E-17,1.,1.95956974360263E-16));
#7371=DIRECTION('',(-1.,5.55111512312578E-17,0.));
#7372=DIRECTION('',(-5.55111512312578E-17,-1.,-1.95956974360263E-16));
#7373=DIRECTION('',(1.,-6.8851311353919E-15,-1.32692023727467E-30));
#7374=DIRECTION('',(-1.,5.55111512312578E-17,0.));
#7375=DIRECTION('',(-5.55111512312578E-17,-1.,0.));
#7376=DIRECTION('',(5.55111512312578E-17,1.,1.95956974360263E-16));
#7377=DIRECTION('',(1.08777972385323E-32,1.95956974360263E-16,-1.));
#7378=DIRECTION('',(1.08777972385323E-32,1.95956974360263E-16,-1.));
#7379=DIRECTION('',(1.08777972385323E-32,1.95956974360263E-16,-1.));
#7380=DIRECTION('',(-2.44516862649533E-31,-4.40482420605696E-15,1.));
#7381=DIRECTION('',(6.88513113539189E-15,1.,1.95956974360263E-16));
#7382=DIRECTION('',(-1.,6.88513113539189E-15,0.));
#7383=DIRECTION('',(-1.,5.55111512312578E-17,0.));
#7384=DIRECTION('',(1.08777972385323E-32,1.95956974360263E-16,-1.));
#7385=DIRECTION('',(-5.55111512312578E-17,-1.,-1.95956974360263E-16));
#7386=DIRECTION('',(1.08777972385323E-32,1.95956974360263E-16,-1.));
#7387=DIRECTION('',(-1.,5.55111512312578E-17,0.));
#7388=DIRECTION('',(1.08777972385323E-32,1.95956974360263E-16,-1.));
#7389=DIRECTION('',(1.89046400283071E-31,1.95956974360263E-16,-1.));
#7390=DIRECTION('',(5.55111512312578E-17,1.,1.95956974360263E-16));
#7391=DIRECTION('',(-1.,-6.77410883292938E-15,-1.51648027117105E-30));
#7392=DIRECTION('',(-5.55111512312578E-17,-1.,-1.95956974360263E-16));
#7393=DIRECTION('',(1.,-5.55111512312578E-17,0.));
#7394=DIRECTION('',(5.55111512312578E-17,1.,1.95956974360263E-16));
#7395=DIRECTION('',(-1.,5.55111512312578E-17,0.));
#7396=DIRECTION('',(-5.55111512312578E-17,-1.,0.));
#7397=DIRECTION('',(5.55111512312578E-17,1.,1.95956974360263E-16));
#7398=DIRECTION('',(1.08777972385323E-32,1.95956974360263E-16,-1.));
#7399=DIRECTION('',(1.08777972385323E-32,1.95956974360263E-16,-1.));
#7400=DIRECTION('',(1.08777972385323E-32,1.95956974360263E-16,-1.));
#7401=DIRECTION('',(0.,0.,1.));
#7402=DIRECTION('',(6.77410883292938E-15,-1.,-1.95956974360263E-16));
#7403=DIRECTION('',(1.,6.77410883292938E-15,0.));
#7404=DIRECTION('',(-1.,5.55111512312578E-17,0.));
#7405=DIRECTION('',(1.08777972385323E-32,1.95956974360263E-16,-1.));
#7406=DIRECTION('',(5.55111512312578E-17,1.,1.95956974360263E-16));
#7407=DIRECTION('',(-1.08777972385323E-32,-1.95956974360263E-16,1.));
#7408=DIRECTION('',(-1.,5.55111512312578E-17,0.));
#7409=DIRECTION('',(1.08777972385323E-32,1.95956974360263E-16,-1.));
#7410=DIRECTION('',(-1.08777972385323E-32,-1.95956974360263E-16,1.));
#7411=DIRECTION('',(-5.55111512312578E-17,-1.,-1.95956974360263E-16));
#7412=DIRECTION('',(-5.55111512312578E-17,-1.,-1.95956974360263E-16));
#7413=DIRECTION('',(1.,-5.55111512312578E-17,0.));
#7414=DIRECTION('',(5.55111512312578E-17,1.,1.95956974360263E-16));
#7415=DIRECTION('',(-1.,6.8851311353919E-15,1.51648027117105E-30));
#7416=DIRECTION('',(1.,-5.55111512312578E-17,0.));
#7417=DIRECTION('',(5.55111512312578E-17,1.,0.));
#7418=DIRECTION('',(-5.55111512312578E-17,-1.,-1.95956974360263E-16));
#7419=DIRECTION('',(1.08777972385323E-32,1.95956974360263E-16,-1.));
#7420=DIRECTION('',(1.08777972385323E-32,1.95956974360263E-16,-1.));
#7421=DIRECTION('',(1.08777972385323E-32,1.95956974360263E-16,-1.));
#7422=DIRECTION('',(1.08777972385323E-32,1.95956974360263E-16,-1.));
#7423=DIRECTION('',(-6.88513113539189E-15,-1.,-1.95956974360263E-16));
#7424=DIRECTION('',(1.,-6.88513113539189E-15,0.));
#7425=DIRECTION('',(-1.,5.55111512312578E-17,0.));
#7426=DIRECTION('',(1.08777972385323E-32,1.95956974360263E-16,-1.));
#7427=DIRECTION('',(5.55111512312578E-17,1.,1.95956974360263E-16));
#7428=DIRECTION('',(-1.08777972385323E-32,-1.95956974360263E-16,1.));
#7429=DIRECTION('',(1.,-5.55111512312578E-17,0.));
#7430=DIRECTION('',(1.08777972385323E-32,1.95956974360263E-16,-1.));
#7431=DIRECTION('',(-5.13633613309722E-34,1.95956974360263E-16,-1.));
#7432=DIRECTION('',(5.55111512312578E-17,1.,1.95956974360263E-16));
#7433=DIRECTION('',(1.,6.77410883292938E-15,1.32692023727467E-30));
#7434=DIRECTION('',(5.55111512312578E-17,1.,1.95956974360263E-16));
#7435=DIRECTION('',(-1.,5.55111512312578E-17,0.));
#7436=DIRECTION('',(-5.55111512312578E-17,-1.,-1.95956974360263E-16));
#7437=DIRECTION('',(1.,-5.55111512312578E-17,0.));
#7438=DIRECTION('',(5.55111512312578E-17,1.,0.));
#7439=DIRECTION('',(-5.55111512312578E-17,-1.,-1.95956974360263E-16));
#7440=DIRECTION('',(1.08777972385323E-32,1.95956974360263E-16,-1.));
#7441=DIRECTION('',(1.08777972385323E-32,1.95956974360263E-16,-1.));
#7442=DIRECTION('',(1.08777972385323E-32,1.95956974360263E-16,-1.));
#7443=DIRECTION('',(1.08777972385323E-32,1.95956974360263E-16,-1.));
#7444=DIRECTION('',(-5.55111512312578E-17,-1.,-1.95956974360263E-16));
#7445=DIRECTION('',(1.08777972385323E-32,1.95956974360263E-16,-1.));
#7446=DIRECTION('',(-1.,5.55111512312578E-17,0.));
#7447=DIRECTION('',(1.08777972385323E-32,1.95956974360263E-16,-1.));
#7448=DIRECTION('',(-6.77410883292938E-15,1.,1.95956974360263E-16));
#7449=DIRECTION('',(-1.,-6.77410883292938E-15,0.));
#7450=DIRECTION('',(1.,-5.55111512312578E-17,0.));
#7451=DIRECTION('',(1.08777972385323E-32,1.95956974360263E-16,-1.));
#7452=DIRECTION('',(1.78395395679492E-31,-8.19554398099279E-16,1.));
#7453=DIRECTION('',(-5.55111512312578E-17,-1.,0.));
#7454=DIRECTION('',(2.24378243434949E-32,4.04203909409473E-16,1.));
#7455=DIRECTION('',(-5.55111512312578E-17,-1.,0.));
#7456=DIRECTION('',(1.78395395679492E-31,-8.19554398099279E-16,1.));
#7457=DIRECTION('',(-5.55111512312578E-17,-1.,0.));
#7458=DIRECTION('',(1.78395395679492E-31,-8.19554398099279E-16,1.));
#7459=DIRECTION('',(-5.55111512312578E-17,-1.,0.));
#7460=DIRECTION('',(2.24378243434949E-32,4.04203909409473E-16,1.));
#7461=DIRECTION('',(-5.55111512312578E-17,-1.,0.));
#7462=DIRECTION('',(1.78395395679492E-31,-8.19554398099279E-16,1.));
#7463=DIRECTION('',(-5.55111512312578E-17,-1.,0.));
#7464=DIRECTION('',(-1.78395395679493E-31,8.19554398099281E-16,-1.));
#7465=DIRECTION('',(5.55111512312578E-17,1.,8.19554398099281E-16));
#7466=DIRECTION('',(1.,2.17673648135168E-16,0.));
#7467=DIRECTION('',(5.55111512312578E-17,1.,8.19554398099281E-16));
#7468=DIRECTION('',(-1.,3.28695950597684E-16,0.));
#7469=DIRECTION('',(-5.55111512312578E-17,-1.,-8.1955439809928E-16));
#7470=DIRECTION('',(1.,-5.55111512312578E-17,0.));
#7471=DIRECTION('',(5.55111512312578E-17,1.,0.));
#7472=DIRECTION('',(-5.55111512312578E-17,-1.,-6.69533184607496E-16));
#7473=DIRECTION('',(-1.,5.55111512312578E-17,0.));
#7474=DIRECTION('',(5.55111512312578E-17,1.,1.51769332981348E-15));
#7475=DIRECTION('',(-4.53126411859646E-32,-8.16279975841133E-16,1.));
#7476=DIRECTION('',(-4.53126411859646E-32,-8.16279975841133E-16,1.));
#7477=DIRECTION('',(-1.,5.55111512312578E-17,0.));
#7478=DIRECTION('',(5.55111512312578E-17,1.,7.5884666490674E-16));
#7479=DIRECTION('',(-1.,5.55111512312578E-17,0.));
#7480=DIRECTION('',(-5.55111512312578E-17,-1.,0.));
#7481=DIRECTION('',(-4.53126411859646E-32,-8.16279975841133E-16,1.));
#7482=DIRECTION('',(-4.53126411859646E-32,-8.16279975841133E-16,1.));
#7483=DIRECTION('',(1.,-5.55111512312578E-17,0.));
#7484=DIRECTION('',(-5.55111512312578E-17,-1.,7.5884666490674E-16));
#7485=DIRECTION('',(5.55111512312578E-17,1.,6.69533184607496E-16));
#7486=DIRECTION('',(1.,-5.55111512312578E-17,0.));
#7487=DIRECTION('',(-5.55111512312578E-17,-1.,1.51769332981348E-15));
#7488=DIRECTION('',(3.28695950597684E-16,1.,8.16279975841133E-16));
#7489=DIRECTION('',(-4.53126411859646E-32,-8.16279975841133E-16,1.));
#7490=DIRECTION('',(1.,-5.55111512312578E-17,0.));
#7491=DIRECTION('',(2.17673648135168E-16,-1.,-8.16279975841133E-16));
#7492=DIRECTION('',(4.53126411859646E-32,8.16279975841133E-16,-1.));
#7493=DIRECTION('',(-1.,5.55111512312578E-17,0.));
#7494=DIRECTION('',(-2.90340297586804E-31,8.19554398099279E-16,-1.));
#7495=DIRECTION('',(5.55111512312578E-17,1.,8.19554398099279E-16));
#7496=DIRECTION('',(1.,3.54266047818382E-16,0.));
#7497=DIRECTION('',(5.55111512312578E-17,1.,8.19554398099279E-16));
#7498=DIRECTION('',(-1.,5.55111512312578E-17,0.));
#7499=DIRECTION('',(-5.55111512312578E-17,-1.,-8.19554398099279E-16));
#7500=DIRECTION('',(1.,-5.55111512312578E-17,0.));
#7501=DIRECTION('',(5.55111512312578E-17,1.,0.));
#7502=DIRECTION('',(-5.55111512312578E-17,-1.,-6.69533184607496E-16));
#7503=DIRECTION('',(-1.,5.55111512312578E-17,0.));
#7504=DIRECTION('',(5.55111512312578E-17,1.,0.));
#7505=DIRECTION('',(-4.53126411859646E-32,-8.16279975841133E-16,1.));
#7506=DIRECTION('',(-4.53126411859646E-32,-8.16279975841133E-16,1.));
#7507=DIRECTION('',(-1.,5.55111512312578E-17,0.));
#7508=DIRECTION('',(5.55111512312578E-17,1.,7.5884666490674E-16));
#7509=DIRECTION('',(-1.,5.55111512312578E-17,0.));
#7510=DIRECTION('',(-5.55111512312578E-17,-1.,0.));
#7511=DIRECTION('',(-4.53126411859646E-32,-8.16279975841133E-16,1.));
#7512=DIRECTION('',(-4.53126411859646E-32,-8.16279975841133E-16,1.));
#7513=DIRECTION('',(1.,-5.55111512312578E-17,0.));
#7514=DIRECTION('',(-5.55111512312578E-17,-1.,7.5884666490674E-16));
#7515=DIRECTION('',(5.55111512312578E-17,1.,6.69533184607496E-16));
#7516=DIRECTION('',(1.,-5.55111512312578E-17,0.));
#7517=DIRECTION('',(-5.55111512312578E-17,-1.,0.));
#7518=DIRECTION('',(5.55111512312578E-17,1.,8.16279975841133E-16));
#7519=DIRECTION('',(-4.53126411859646E-32,-8.16279975841133E-16,1.));
#7520=DIRECTION('',(1.,-5.55111512312578E-17,0.));
#7521=DIRECTION('',(3.54266047818382E-16,-1.,-8.16279975841133E-16));
#7522=DIRECTION('',(4.53126411859646E-32,8.16279975841133E-16,-1.));
#7523=DIRECTION('',(-1.,5.55111512312578E-17,0.));
#7524=DIRECTION('',(-3.70236893354556E-17,-0.666959493980156,0.745093976213561));
#7525=DIRECTION('',(-4.13610243950902E-17,-0.745093976213561,-0.666959493980156));
#7526=DIRECTION('',(-4.13610243950902E-17,-0.745093976213561,-0.666959493980156));
#7527=DIRECTION('',(1.,-5.55111512312578E-17,0.));
#7528=DIRECTION('',(4.13610243950902E-17,0.745093976213561,0.666959493980156));
#7529=DIRECTION('',(-1.,5.55111512312578E-17,0.));
#7530=DIRECTION('',(-4.13610243950901E-17,-0.745093976213559,-0.666959493980158));
#7531=DIRECTION('',(3.70236893354557E-17,0.666959493980158,-0.745093976213559));
#7532=DIRECTION('',(-1.,5.55111512312578E-17,0.));
#7533=DIRECTION('',(2.99471099834654E-17,0.666959493980158,-0.745093976213559));
#7534=DIRECTION('',(2.99471099834654E-17,0.666959493980158,-0.745093976213559));
#7535=DIRECTION('',(-1.,5.07913594475439E-17,5.27271664736523E-18));
#7536=DIRECTION('',(5.27271664736523E-18,-2.92694571211462E-34,1.));
#7537=DIRECTION('',(1.,-5.07913594475439E-17,-5.27271664736523E-18));
#7538=DIRECTION('',(-7.54027690387828E-30,-1.35833553018306E-13,1.));
#7539=DIRECTION('',(2.99471099834654E-17,0.666959493980158,-0.745093976213559));
#7540=DIRECTION('',(4.13610243950901E-17,0.745093976213559,0.666959493980158));
#7541=DIRECTION('',(-3.70236893354557E-17,-0.666959493980158,0.745093976213559));
#7542=DIRECTION('',(1.,-5.55111512312578E-17,0.));
#7543=DIRECTION('',(2.99471099834654E-17,0.666959493980158,-0.745093976213559));
#7544=DIRECTION('',(1.,-5.07913594475439E-17,-5.27271664736523E-18));
#7545=DIRECTION('',(-5.27271664736523E-18,2.92694571211462E-34,-1.));
#7546=DIRECTION('',(-1.,5.07913594475439E-17,5.27271664736523E-18));
#7547=DIRECTION('',(-1.64285362710197E-30,-2.95950199313629E-14,-1.));
#7548=DIRECTION('',(3.70236893354557E-17,0.666959493980158,-0.745093976213559));
#7549=DIRECTION('',(4.13610243950901E-17,0.745093976213559,0.666959493980158));
#7550=DIRECTION('',(1.,-5.55111512312578E-17,0.));
#7551=DIRECTION('',(-4.13610243950901E-17,-0.745093976213559,-0.666959493980158));
#7552=DIRECTION('',(1.,-5.55111512312578E-17,0.));
#7553=DIRECTION('',(4.13610243950901E-17,0.745093976213559,0.666959493980158));
#7554=DIRECTION('',(1.,-5.55111512312578E-17,0.));
#7555=DIRECTION('',(4.13610243950899E-17,0.745093976213556,0.666959493980161));
#7556=DIRECTION('',(-1.,5.55111512312578E-17,0.));
#7557=DIRECTION('',(4.13610243950901E-17,0.745093976213559,0.666959493980158));
#7558=DIRECTION('',(-1.,5.55111512312578E-17,0.));
#7559=DIRECTION('',(-4.13610243950901E-17,-0.745093976213559,-0.666959493980158));
#7560=DIRECTION('',(-1.,5.55111512312578E-17,0.));
#7561=DIRECTION('',(-4.13610243950899E-17,-0.745093976213556,-0.666959493980161));
#7562=DIRECTION('',(1.,-5.07913594475439E-17,-5.2727166473652E-18));
#7563=DIRECTION('',(-5.2727166473652E-18,2.9269457121146E-34,-1.));
#7564=DIRECTION('',(-1.,5.07913594475439E-17,5.2727166473652E-18));
#7565=DIRECTION('',(0.,0.,-1.));
#7566=DIRECTION('',(2.99471099834654E-17,0.666959493980158,-0.745093976213559));
#7567=DIRECTION('',(2.99471099834654E-17,0.666959493980158,-0.745093976213559));
#7568=DIRECTION('',(-4.13610243950901E-17,-0.745093976213559,-0.666959493980158));
#7569=DIRECTION('',(3.70236893354557E-17,0.666959493980158,-0.745093976213559));
#7570=DIRECTION('',(-1.,5.55111512312578E-17,0.));
#7571=DIRECTION('',(2.99471099834654E-17,0.666959493980158,-0.745093976213559));
#7572=DIRECTION('',(1.,-5.07913594475439E-17,-5.27271664736522E-18));
#7573=DIRECTION('',(-5.27271664736522E-18,2.92694571211461E-34,-1.));
#7574=DIRECTION('',(-1.,5.07913594475439E-17,5.27271664736522E-18));
#7575=DIRECTION('',(-2.99083609036513E-30,-5.38781132083785E-14,-1.));
#7576=DIRECTION('',(2.99471099834654E-17,0.666959493980158,-0.745093976213559));
#7577=DIRECTION('',(-4.13610243950901E-17,-0.745093976213559,-0.666959493980158));
#7578=DIRECTION('',(3.70236893354557E-17,0.666959493980158,-0.745093976213559));
#7579=DIRECTION('',(-1.,5.55111512312578E-17,0.));
#7580=DIRECTION('',(2.99471099834654E-17,0.666959493980158,-0.745093976213559));
#7581=DIRECTION('',(-1.,5.07913594475439E-17,5.27271664736522E-18));
#7582=DIRECTION('',(5.27271664736522E-18,-2.92694571211461E-34,1.));
#7583=DIRECTION('',(1.,-5.07913594475439E-17,-5.27271664736522E-18));
#7584=DIRECTION('',(8.42489039539473E-31,1.51769332981348E-14,1.));
#7585=DIRECTION('',(2.99471099834654E-17,0.666959493980158,-0.745093976213559));
#7586=DIRECTION('',(-4.13610243950901E-17,-0.745093976213559,-0.666959493980158));
#7587=DIRECTION('',(3.70236893354557E-17,0.666959493980158,-0.745093976213559));
#7588=DIRECTION('',(-1.,5.55111512312578E-17,0.));
#7589=DIRECTION('',(2.99471099834654E-17,0.666959493980158,-0.745093976213559));
#7590=DIRECTION('',(-1.,5.07913594475439E-17,5.2727166473652E-18));
#7591=DIRECTION('',(5.2727166473652E-18,-2.9269457121146E-34,1.));
#7592=DIRECTION('',(1.,-5.07913594475439E-17,-5.2727166473652E-18));
#7593=DIRECTION('',(0.,0.,1.));
#7594=DIRECTION('',(2.99471099834654E-17,0.666959493980158,-0.745093976213559));
#7595=DIRECTION('',(4.13610243950901E-17,0.745093976213559,0.666959493980158));
#7596=DIRECTION('',(-3.70236893354557E-17,-0.666959493980158,0.745093976213559));
#7597=DIRECTION('',(1.,-5.55111512312578E-17,0.));
#7598=DIRECTION('',(2.99471099834654E-17,0.666959493980158,-0.745093976213559));
#7599=DIRECTION('',(-1.,5.07913594475439E-17,5.27271664736522E-18));
#7600=DIRECTION('',(5.27271664736522E-18,-2.92694571211461E-34,1.));
#7601=DIRECTION('',(1.,-5.07913594475439E-17,-5.27271664736522E-18));
#7602=DIRECTION('',(0.,0.,1.));
#7603=DIRECTION('',(2.99471099834654E-17,0.666959493980158,-0.745093976213559));
#7604=DIRECTION('',(4.13610243950901E-17,0.745093976213559,0.666959493980158));
#7605=DIRECTION('',(-3.70236893354557E-17,-0.666959493980158,0.745093976213559));
#7606=DIRECTION('',(1.,-5.55111512312578E-17,0.));
#7607=DIRECTION('',(2.99471099834654E-17,0.666959493980158,-0.745093976213559));
#7608=DIRECTION('',(1.,-5.07913594475439E-17,-5.27271664736522E-18));
#7609=DIRECTION('',(-5.27271664736522E-18,2.92694571211461E-34,-1.));
#7610=DIRECTION('',(-1.,5.07913594475439E-17,5.27271664736522E-18));
#7611=DIRECTION('',(-3.15933389827302E-30,-5.69134998680055E-14,-1.));
#7612=DIRECTION('',(2.99471099834654E-17,0.666959493980158,-0.745093976213559));
#7613=DIRECTION('',(4.13610243950901E-17,0.745093976213559,0.666959493980158));
#7614=DIRECTION('',(-3.70236893354557E-17,-0.666959493980158,0.745093976213559));
#7615=DIRECTION('',(1.,-5.55111512312578E-17,0.));
#7616=DIRECTION('',(-5.55111512312578E-17,-1.,0.));
#7617=DIRECTION('',(1.,-5.55111512312578E-17,0.));
#7618=DIRECTION('',(-5.55111512312578E-17,-1.,0.));
#7619=DIRECTION('',(5.55111512312578E-17,1.,0.));
#7620=DIRECTION('',(1.,-5.55111512312578E-17,0.));
#7621=DIRECTION('',(5.55111512312578E-17,1.,0.));
#7622=DIRECTION('',(-5.55111512312578E-17,-1.,0.));
#7623=DIRECTION('',(1.,-5.55111512312578E-17,0.));
#7624=DIRECTION('',(-4.82362400241299E-16,-1.,0.));
#7625=DIRECTION('',(-1.,5.55111512312578E-17,0.));
#7626=DIRECTION('',(-5.55111512312578E-17,-1.,0.));
#7627=DIRECTION('',(5.55111512312578E-17,1.,0.));
#7628=DIRECTION('',(1.,-5.55111512312578E-17,0.));
#7629=DIRECTION('',(5.55111512312578E-17,1.,0.));
#7630=DIRECTION('',(-5.55111512312578E-17,-1.,0.));
#7631=DIRECTION('',(1.,-5.55111512312578E-17,0.));
#7632=DIRECTION('',(-5.55111512312578E-17,-1.,0.));
#7633=DIRECTION('',(-1.,5.55111512312578E-17,0.));
#7634=DIRECTION('',(-5.55111512312578E-17,-1.,0.));
#7635=DIRECTION('',(5.55111512312578E-17,1.,0.));
#7636=DIRECTION('',(5.55111512312578E-17,1.,0.));
#7637=DIRECTION('',(-1.,5.55111512312578E-17,0.));
#7638=DIRECTION('',(5.55111512312578E-17,1.,0.));
#7639=DIRECTION('',(1.,-5.55111512312578E-17,0.));
#7640=DIRECTION('',(5.55111512312578E-17,1.,0.));
#7641=DIRECTION('',(-5.55111512312578E-17,-1.,0.));
#7642=DIRECTION('',(5.55111512312578E-17,1.,0.));
#7643=DIRECTION('',(-1.,5.55111512312578E-17,0.));
#7644=DIRECTION('',(5.55111512312578E-17,1.,0.));
#7645=DIRECTION('',(1.,-5.55111512312578E-17,0.));
#7646=DIRECTION('',(5.55111512312578E-17,1.,0.));
#7647=DIRECTION('',(-5.55111512312578E-17,-1.,0.));
#7648=DIRECTION('',(-1.,5.55111512312578E-17,0.));
#7649=DIRECTION('',(-5.55111512312578E-17,-1.,0.));
#7650=DIRECTION('',(5.55111512312578E-17,1.,0.));
#7651=DIRECTION('',(-1.,5.55111512312578E-17,0.));
#7652=DIRECTION('',(5.55111512312578E-17,1.,0.));
#7653=DIRECTION('',(-5.55111512312578E-17,-1.,0.));
#7654=DIRECTION('',(-1.,5.55111512312578E-17,0.));
#7655=DIRECTION('',(-5.55111512312578E-17,-1.,0.));
#7656=DIRECTION('',(0.999847695156391,-5.5502696614051E-17,0.0174524064372905));
#7657=DIRECTION('',(0.0174524064372905,-9.68803173089808E-19,-0.999847695156391));
#7658=DIRECTION('',(0.0174524064372905,-9.68803173089808E-19,-0.999847695156391));
#7659=DIRECTION('',(-0.0165018408546076,0.325523823584592,0.945389829396994));
#7660=DIRECTION('',(-0.0174524064372905,9.68803173089808E-19,0.999847695156391));
#7661=DIRECTION('',(-6.25665567142424E-17,-1.,4.04203909409473E-16));
#7662=DIRECTION('',(0.999847695156391,-5.5502696614051E-17,0.0174524064372905));
#7663=DIRECTION('',(0.0174524064372905,-9.68803173089808E-19,-0.999847695156391));
#7664=DIRECTION('',(0.0174524064372905,-9.68803173089808E-19,-0.999847695156391));
#7665=DIRECTION('',(-0.0174524064372905,8.41838465907812E-18,0.999847695156391));
#7666=DIRECTION('',(-6.25665567142424E-17,-1.,4.04203909409473E-16));
#7667=DIRECTION('',(0.999847695156391,-5.5502696614051E-17,0.0174524064372905));
#7668=DIRECTION('',(0.0174524064372905,-9.68803173089808E-19,-0.999847695156391));
#7669=DIRECTION('',(0.0165018408546077,0.325523823584592,-0.945389829396994));
#7670=DIRECTION('',(-0.0174524064372905,9.68803173089808E-19,0.999847695156391));
#7671=DIRECTION('',(-6.25665567142424E-17,-1.,4.04203909409473E-16));
#7672=DIRECTION('',(0.0174524064372905,-9.68803173089808E-19,-0.999847695156391));
#7673=DIRECTION('',(0.999847695156391,-5.5502696614051E-17,-0.0174524064372905));
#7674=DIRECTION('',(-0.0174524064372905,9.68803173089808E-19,-0.999847695156391));
#7675=DIRECTION('',(-0.0165018408546077,-0.325523823584592,-0.945389829396994));
#7676=DIRECTION('',(0.0174524064372905,-9.68803173089808E-19,0.999847695156391));
#7677=DIRECTION('',(4.84557457482733E-17,1.,-4.04203909409473E-16));
#7678=DIRECTION('',(-0.0174524064372905,9.68803173089808E-19,-0.999847695156391));
#7679=DIRECTION('',(0.999847695156391,-5.5502696614051E-17,-0.0174524064372905));
#7680=DIRECTION('',(-0.0174524064372905,9.68803173089808E-19,-0.999847695156391));
#7681=DIRECTION('',(-0.0174524064372905,9.68803173089808E-19,-0.999847695156391));
#7682=DIRECTION('',(0.0174524064372905,-9.68803173089808E-19,0.999847695156391));
#7683=DIRECTION('',(4.84557457482733E-17,1.,-4.04203909409473E-16));
#7684=DIRECTION('',(0.999847695156391,-5.5502696614051E-17,-0.0174524064372905));
#7685=DIRECTION('',(-0.0174524064372905,9.68803173089808E-19,-0.999847695156391));
#7686=DIRECTION('',(-0.0174524064372905,9.68803173089808E-19,-0.999847695156391));
#7687=DIRECTION('',(0.0165018408546076,-0.325523823584592,0.945389829396994));
#7688=DIRECTION('',(0.0174524064372905,-9.68803173089808E-19,0.999847695156391));
#7689=DIRECTION('',(4.84557457482733E-17,1.,-4.04203909409473E-16));
#7690=DIRECTION('',(-4.37413679748886E-17,-0.787974434049536,-0.615707959412832));
#7691=DIRECTION('',(3.41786576492549E-17,0.615707959412832,-0.787974434049536));
#7692=DIRECTION('',(-3.41786576492549E-17,-0.615707959412832,0.787974434049536));
#7693=DIRECTION('',(1.,-5.55111512312578E-17,0.));
#7694=DIRECTION('',(3.41786576492549E-17,0.615707959412832,-0.787974434049536));
#7695=DIRECTION('',(-1.,5.55111512312578E-17,0.));
#7696=DIRECTION('',(-3.4178657649255E-17,-0.615707959412834,0.787974434049534));
#7697=DIRECTION('',(-4.37413679748885E-17,-0.787974434049534,-0.615707959412834));
#7698=DIRECTION('',(-1.,5.55111512312578E-17,0.));
#7699=DIRECTION('',(1.92754836320716E-17,0.787974434049534,0.615707959412834));
#7700=DIRECTION('',(1.92754836320716E-17,0.787974434049534,0.615707959412834));
#7701=DIRECTION('',(1.,-3.62326598627053E-17,1.50638397239461E-17));
#7702=DIRECTION('',(3.62326598627053E-17,1.,0.));
#7703=DIRECTION('',(-1.,3.62326598627053E-17,-1.50638397239461E-17));
#7704=DIRECTION('',(5.55111512312578E-17,1.,0.));
#7705=DIRECTION('',(1.92754836320716E-17,0.787974434049534,0.615707959412834));
#7706=DIRECTION('',(3.4178657649255E-17,0.615707959412834,-0.787974434049534));
#7707=DIRECTION('',(4.37413679748885E-17,0.787974434049534,0.615707959412834));
#7708=DIRECTION('',(1.,-5.55111512312578E-17,0.));
#7709=DIRECTION('',(1.92754836320716E-17,0.787974434049534,0.615707959412834));
#7710=DIRECTION('',(-1.,3.62326598627053E-17,-1.50638397239461E-17));
#7711=DIRECTION('',(-3.62326598627053E-17,-1.,0.));
#7712=DIRECTION('',(1.,-3.62326598627053E-17,1.50638397239461E-17));
#7713=DIRECTION('',(-5.55111512312578E-17,-1.,-7.5884666490674E-16));
#7714=DIRECTION('',(4.37413679748885E-17,0.787974434049535,0.615707959412833));
#7715=DIRECTION('',(-3.41786576492549E-17,-0.615707959412833,0.787974434049535));
#7716=DIRECTION('',(-1.,5.55111512312578E-17,0.));
#7717=DIRECTION('',(-3.41786576492552E-17,-0.615707959412838,0.787974434049531));
#7718=DIRECTION('',(1.,-5.55111512312578E-17,0.));
#7719=DIRECTION('',(-3.41786576492549E-17,-0.615707959412833,0.787974434049535));
#7720=DIRECTION('',(1.,-5.55111512312578E-17,0.));
#7721=DIRECTION('',(3.41786576492549E-17,0.615707959412833,-0.787974434049535));
#7722=DIRECTION('',(1.,-5.55111512312578E-17,0.));
#7723=DIRECTION('',(3.41786576492552E-17,0.615707959412838,-0.787974434049531));
#7724=DIRECTION('',(-1.,5.55111512312578E-17,0.));
#7725=DIRECTION('',(3.41786576492549E-17,0.615707959412833,-0.787974434049535));
#7726=DIRECTION('',(-1.,5.55111512312578E-17,0.));
#7727=DIRECTION('',(-3.41786576492549E-17,-0.615707959412833,0.787974434049535));
#7728=DIRECTION('',(-1.,3.62326598627054E-17,-1.50638397239463E-17));
#7729=DIRECTION('',(-3.62326598627054E-17,-1.,0.));
#7730=DIRECTION('',(1.,-3.62326598627054E-17,1.50638397239463E-17));
#7731=DIRECTION('',(-5.55111512312578E-17,-1.,8.34731331397413E-15));
#7732=DIRECTION('',(1.92754836320716E-17,0.787974434049534,0.615707959412834));
#7733=DIRECTION('',(1.92754836320716E-17,0.787974434049534,0.615707959412834));
#7734=DIRECTION('',(-3.4178657649255E-17,-0.615707959412834,0.787974434049534));
#7735=DIRECTION('',(-4.37413679748885E-17,-0.787974434049534,-0.615707959412834));
#7736=DIRECTION('',(-1.,5.55111512312578E-17,0.));
#7737=DIRECTION('',(1.92754836320716E-17,0.787974434049534,0.615707959412834));
#7738=DIRECTION('',(-1.,3.62326598627053E-17,-1.50638397239462E-17));
#7739=DIRECTION('',(-3.62326598627053E-17,-1.,0.));
#7740=DIRECTION('',(1.,-3.62326598627053E-17,1.50638397239462E-17));
#7741=DIRECTION('',(-5.55111512312578E-17,-1.,7.5884666490674E-16));
#7742=DIRECTION('',(1.92754836320716E-17,0.787974434049534,0.615707959412834));
#7743=DIRECTION('',(-3.4178657649255E-17,-0.615707959412834,0.787974434049534));
#7744=DIRECTION('',(-4.37413679748885E-17,-0.787974434049534,-0.615707959412834));
#7745=DIRECTION('',(-1.,5.55111512312578E-17,0.));
#7746=DIRECTION('',(1.92754836320716E-17,0.787974434049534,0.615707959412834));
#7747=DIRECTION('',(1.,-3.62326598627053E-17,1.50638397239462E-17));
#7748=DIRECTION('',(3.62326598627053E-17,1.,0.));
#7749=DIRECTION('',(-1.,3.62326598627053E-17,-1.50638397239462E-17));
#7750=DIRECTION('',(5.55111512312578E-17,1.,0.));
#7751=DIRECTION('',(1.92754836320716E-17,0.787974434049534,0.615707959412834));
#7752=DIRECTION('',(-3.4178657649255E-17,-0.615707959412834,0.787974434049534));
#7753=DIRECTION('',(-4.37413679748885E-17,-0.787974434049534,-0.615707959412834));
#7754=DIRECTION('',(-1.,5.55111512312578E-17,0.));
#7755=DIRECTION('',(1.92754836320716E-17,0.787974434049534,0.615707959412834));
#7756=DIRECTION('',(1.,-3.62326598627054E-17,1.50638397239463E-17));
#7757=DIRECTION('',(3.62326598627054E-17,1.,0.));
#7758=DIRECTION('',(-1.,3.62326598627054E-17,-1.50638397239463E-17));
#7759=DIRECTION('',(5.55111512312578E-17,1.,0.));
#7760=DIRECTION('',(1.92754836320716E-17,0.787974434049534,0.615707959412834));
#7761=DIRECTION('',(3.4178657649255E-17,0.615707959412834,-0.787974434049534));
#7762=DIRECTION('',(4.37413679748885E-17,0.787974434049534,0.615707959412834));
#7763=DIRECTION('',(1.,-5.55111512312578E-17,0.));
#7764=DIRECTION('',(1.92754836320716E-17,0.787974434049534,0.615707959412834));
#7765=DIRECTION('',(1.,-3.62326598627053E-17,1.50638397239462E-17));
#7766=DIRECTION('',(3.62326598627053E-17,1.,0.));
#7767=DIRECTION('',(-1.,3.62326598627053E-17,-1.50638397239462E-17));
#7768=DIRECTION('',(5.55111512312578E-17,1.,0.));
#7769=DIRECTION('',(1.92754836320716E-17,0.787974434049534,0.615707959412834));
#7770=DIRECTION('',(3.4178657649255E-17,0.615707959412834,-0.787974434049534));
#7771=DIRECTION('',(4.37413679748885E-17,0.787974434049534,0.615707959412834));
#7772=DIRECTION('',(1.,-5.55111512312578E-17,0.));
#7773=DIRECTION('',(1.92754836320716E-17,0.787974434049534,0.615707959412834));
#7774=DIRECTION('',(-1.,3.62326598627053E-17,-1.50638397239462E-17));
#7775=DIRECTION('',(-3.62326598627053E-17,-1.,0.));
#7776=DIRECTION('',(1.,-3.62326598627053E-17,1.50638397239462E-17));
#7777=DIRECTION('',(-5.55111512312578E-17,-1.,7.5884666490674E-16));
#7778=DIRECTION('',(1.92754836320716E-17,0.787974434049534,0.615707959412834));
#7779=DIRECTION('',(3.4178657649255E-17,0.615707959412834,-0.787974434049534));
#7780=DIRECTION('',(4.37413679748885E-17,0.787974434049534,0.615707959412834));
#7781=DIRECTION('',(1.,-5.55111512312578E-17,0.));
#7782=DIRECTION('',(0.,0.,-1.));
#7783=DIRECTION('',(-1.,5.55111512312578E-17,0.));
#7784=DIRECTION('',(5.55111512312578E-17,1.,0.));
#7785=DIRECTION('',(-1.,5.55111512312578E-17,0.));
#7786=DIRECTION('',(-1.,5.55111512312578E-17,0.));
#7787=DIRECTION('',(0.,0.,-1.));
#7788=DIRECTION('',(-1.,5.55111512312578E-17,0.));
#7789=DIRECTION('',(1.,-5.55111512312578E-17,0.));
#7790=DIRECTION('',(1.,-5.55111512312578E-17,0.));
#7791=DIRECTION('',(5.55111512312578E-17,1.,0.));
#7792=DIRECTION('',(0.,0.,1.));
#7793=DIRECTION('',(1.,-5.55111512312578E-17,0.));
#7794=DIRECTION('',(-1.,5.55111512312578E-17,0.));
#7795=DIRECTION('',(-5.55111512312578E-17,-1.,0.));
#7796=DIRECTION('',(1.,-5.55111512312578E-17,0.));
#7797=DIRECTION('',(5.55111512312578E-17,1.,0.));
#7798=DIRECTION('',(0.,0.,1.));
#7799=DIRECTION('',(1.,-5.55111512312578E-17,0.));
#7800=DIRECTION('',(1.,-5.55111512312578E-17,0.));
#7801=DIRECTION('',(5.55111512312578E-17,1.,0.));
#7802=DIRECTION('',(-1.,5.55111512312578E-17,0.));
#7803=DIRECTION('',(-5.55111512312578E-17,-1.,0.));
#7804=DIRECTION('',(0.,0.,1.));
#7805=DIRECTION('',(1.,-5.55111512312578E-17,0.));
#7806=DIRECTION('',(1.,6.71044166232641E-16,0.));
#7807=DIRECTION('',(5.55111512312578E-17,1.,0.));
#7808=DIRECTION('',(-1.,5.55111512312578E-17,0.));
#7809=DIRECTION('',(-5.55111512312578E-17,-1.,0.));
#7810=DIRECTION('',(0.,0.,1.));
#7811=DIRECTION('',(1.,-5.55111512312578E-17,0.));
#7812=DIRECTION('',(-1.,5.55111512312578E-17,0.));
#7813=DIRECTION('',(-5.55111512312578E-17,-1.,0.));
#7814=DIRECTION('',(1.,-5.55111512312578E-17,0.));
#7815=DIRECTION('',(5.55111512312578E-17,1.,0.));
#7816=DIRECTION('',(0.,0.,-1.));
#7817=DIRECTION('',(-1.,5.55111512312578E-17,0.));
#7818=DIRECTION('',(-5.55111512312578E-17,-1.,0.));
#7819=DIRECTION('',(1.,-5.55111512312578E-17,0.));
#7820=DIRECTION('',(5.55111512312578E-17,1.,0.));
#7821=DIRECTION('',(1.,-2.96173242108685E-15,0.));
#7822=DIRECTION('',(0.,0.,-1.));
#7823=DIRECTION('',(-1.,5.55111512312578E-17,0.));
#7824=DIRECTION('',(5.55111512312578E-17,1.,0.));
#7825=DIRECTION('',(-1.,5.55111512312578E-17,0.));
#7826=DIRECTION('',(-5.55111512312578E-17,-1.,0.));
#7827=DIRECTION('',(-1.,-2.85071011862434E-15,0.));
#7828=DIRECTION('',(0.,0.,1.));
#7829=DIRECTION('',(5.55111512312578E-17,1.,0.));
#7830=DIRECTION('',(-1.35963107344689E-32,-2.44929359829471E-16,1.));
#7831=DIRECTION('',(-5.55111512312578E-17,-1.,0.));
#7832=DIRECTION('',(-1.35963107344689E-32,-2.44929359829471E-16,1.));
#7833=DIRECTION('',(-5.55111512312578E-17,-1.,0.));
#7834=DIRECTION('',(-2.24378243434949E-32,-4.04203909409473E-16,-1.));
#7835=DIRECTION('',(-5.55111512312578E-17,-1.,0.));
#7836=DIRECTION('',(-1.72327303542165E-32,-3.10437272007303E-16,-1.));
#7837=DIRECTION('',(5.55111512312578E-17,1.,-3.10437272007303E-16));
#7838=DIRECTION('',(-5.55111512312578E-17,-1.,3.10437272007303E-16));
#7839=DIRECTION('',(-1.,5.55111512312578E-17,0.));
#7840=DIRECTION('',(-5.55111512312578E-17,-1.,3.10437272007303E-16));
#7841=DIRECTION('',(-1.,5.55111512312578E-17,0.));
#7842=DIRECTION('',(1.72327303542165E-32,3.10437272007303E-16,-1.));
#7843=DIRECTION('',(5.55111512312578E-17,1.,3.10437272007303E-16));
#7844=DIRECTION('',(-5.55111512312578E-17,-1.,-3.10437272007303E-16));
#7845=DIRECTION('',(-1.,5.55111512312578E-17,0.));
#7846=DIRECTION('',(-5.55111512312578E-17,-1.,-3.10437272007303E-16));
#7847=DIRECTION('',(-1.,5.55111512312578E-17,0.));
#7848=DIRECTION('',(1.72327303542165E-32,3.10437272007303E-16,1.));
#7849=DIRECTION('',(-5.55111512312578E-17,-1.,3.10437272007303E-16));
#7850=DIRECTION('',(-5.55111512312578E-17,-1.,3.10437272007303E-16));
#7851=DIRECTION('',(1.,-5.55111512312578E-17,0.));
#7852=DIRECTION('',(-5.55111512312578E-17,-1.,3.10437272007303E-16));
#7853=DIRECTION('',(1.,-5.55111512312578E-17,0.));
#7854=DIRECTION('',(-1.72327303542165E-32,-3.10437272007303E-16,1.));
#7855=DIRECTION('',(-5.55111512312578E-17,-1.,-3.10437272007303E-16));
#7856=DIRECTION('',(-5.55111512312578E-17,-1.,-3.10437272007303E-16));
#7857=DIRECTION('',(1.,-5.55111512312578E-17,0.));
#7858=DIRECTION('',(1.,-5.55111512312578E-17,0.));
#7859=DIRECTION('',(-1.,5.55111512312578E-17,0.));
#7860=DIRECTION('',(-5.55111512312578E-17,-1.,0.));
#7861=DIRECTION('',(-5.55111512312578E-17,-1.,0.));
#7862=DIRECTION('',(0.,0.,1.));
#7863=DIRECTION('',(-5.55111512312578E-17,-1.,0.));
#7864=DIRECTION('',(0.,0.,1.));
#7865=DIRECTION('',(-5.55111512312578E-17,-1.,0.));
#7866=DIRECTION('',(1.,-5.55111512312578E-17,0.));
#7867=DIRECTION('',(1.,-5.55111512312578E-17,0.));
#7868=DIRECTION('',(0.,0.,1.));
#7869=DIRECTION('',(1.,-5.55111512312578E-17,0.));
#7870=DIRECTION('',(-5.55111512312578E-17,-1.,0.));
#7871=DIRECTION('',(1.,-5.55111512312578E-17,0.));
#7872=DIRECTION('',(0.,0.,1.));
#7873=DIRECTION('',(5.55111512312578E-17,1.,0.));
#7874=DIRECTION('',(-1.,5.55111512312578E-17,0.));
#7875=DIRECTION('',(0.,0.,1.));
#7876=DIRECTION('',(5.55111512312578E-17,1.,0.));
#7877=DIRECTION('',(-1.,5.55111512312578E-17,0.));
#7878=DIRECTION('',(-1.,5.55111512312578E-17,0.));
#7879=DIRECTION('',(0.,0.,1.));
#7880=DIRECTION('',(-1.,5.55111512312578E-17,0.));
#7881=DIRECTION('',(0.,0.,1.));
#7882=DIRECTION('',(-1.,5.55111512312578E-17,0.));
#7883=DIRECTION('',(-5.55111512312578E-17,-1.,0.));
#7884=DIRECTION('',(-5.55111512312578E-17,-1.,0.));
#7885=DIRECTION('',(0.,0.,1.));
#7886=DIRECTION('',(-5.55111512312578E-17,-1.,0.));
#7887=DIRECTION('',(0.,0.,1.));
#7888=DIRECTION('',(1.,-5.55111512312578E-17,0.));
#7889=DIRECTION('',(-1.,5.55111512312578E-17,0.));
#7890=DIRECTION('',(5.55111512312578E-17,1.,0.));
#7891=DIRECTION('',(-1.,5.55111512312578E-17,0.));
#7892=DIRECTION('',(-5.55111512312578E-17,-1.,0.));
#7893=DIRECTION('',(5.55111512312578E-17,1.,0.));
#7894=DIRECTION('',(-1.,5.55111512312578E-17,0.));
#7895=DIRECTION('',(-1.,5.55111512312578E-17,0.));
#7896=DIRECTION('',(0.,0.,1.));
#7897=DIRECTION('',(0.,0.,1.));
#7898=DIRECTION('',(0.,0.,1.));
#7899=DIRECTION('',(-1.,5.55111512312578E-17,0.));
#7900=DIRECTION('',(-5.55111512312578E-17,-1.,0.));
#7901=DIRECTION('',(-5.55111512312578E-17,-1.,0.));
#7902=DIRECTION('',(0.,0.,1.));
#7903=DIRECTION('',(-1.,5.55111512312578E-17,0.));
#7904=DIRECTION('',(-5.55111512312578E-17,-1.,0.));
#7905=DIRECTION('',(-5.55111512312578E-17,-1.,0.));
#7906=DIRECTION('',(0.,0.,1.));
#7907=DIRECTION('',(-5.55111512312578E-17,-1.,0.));
#7908=DIRECTION('',(0.,0.,1.));
#7909=DIRECTION('',(-5.55111512312578E-17,-1.,0.));
#7910=DIRECTION('',(1.,-5.55111512312578E-17,0.));
#7911=DIRECTION('',(1.,-5.55111512312578E-17,0.));
#7912=DIRECTION('',(0.,0.,1.));
#7913=DIRECTION('',(0.,0.,1.));
#7914=DIRECTION('',(1.,-5.55111512312578E-17,0.));
#7915=DIRECTION('',(-4.6085911406717E-15,-1.,0.));
#7916=DIRECTION('',(1.,-4.6085911406717E-15,0.));
#7917=DIRECTION('',(1.,-4.6085911406717E-15,0.));
#7918=DIRECTION('',(0.,0.,1.));
#7919=DIRECTION('',(1.,-4.6085911406717E-15,0.));
#7920=DIRECTION('',(0.,0.,1.));
#7921=DIRECTION('',(0.,0.,1.));
#7922=DIRECTION('',(1.,-5.55111512312578E-17,0.));
#7923=DIRECTION('',(5.55111512312578E-17,1.,0.));
#7924=DIRECTION('',(5.55111512312578E-17,1.,0.));
#7925=DIRECTION('',(0.,0.,1.));
#7926=DIRECTION('',(5.55111512312578E-17,1.,0.));
#7927=DIRECTION('',(-5.55111512312578E-17,-1.,0.));
#7928=DIRECTION('',(1.,-5.55111512312578E-17,0.));
#7929=DIRECTION('',(1.,-5.55111512312578E-17,0.));
#7930=DIRECTION('',(1.,-5.55111512312578E-17,0.));
#7931=DIRECTION('',(-1.,5.55111512312578E-17,0.));
#7932=DIRECTION('',(-2.24378243434949E-32,-4.04203909409473E-16,-1.));
#7933=DIRECTION('',(4.82362400241299E-16,1.,0.));
#7934=DIRECTION('',(-1.,4.82362400241299E-16,0.));
#7935=DIRECTION('',(1.,-5.55111512312578E-17,0.));
#7936=DIRECTION('',(-2.24378243434949E-32,-4.04203909409473E-16,-1.));
#7937=DIRECTION('',(1.,-9.94583899053348E-16,-2.27472040675658E-31));
#7938=DIRECTION('',(-1.,4.82362400241299E-16,0.));
#7939=DIRECTION('',(0.,0.,1.));
#7940=DIRECTION('',(1.,-5.55111512312578E-17,0.));
#7941=DIRECTION('',(5.55111512312578E-17,1.,0.));
#7942=DIRECTION('',(5.55111512312578E-17,1.,0.));
#7943=DIRECTION('',(0.,0.,1.));
#7944=DIRECTION('',(5.55111512312578E-17,1.,0.));
#7945=DIRECTION('',(8.02340113275204E-15,1.,0.));
#7946=DIRECTION('',(-1.,8.02340113275204E-15,0.));
#7947=DIRECTION('',(-1.,8.02340113275204E-15,0.));
#7948=DIRECTION('',(0.,0.,1.));
#7949=DIRECTION('',(0.,0.,1.));
#7950=DIRECTION('',(-1.,8.02340113275204E-15,0.));
#7951=DIRECTION('',(0.,0.,-1.));
#7952=DIRECTION('',(-1.,5.55111512312578E-17,0.));
#7953=DIRECTION('',(5.55111512312578E-17,1.,0.));
#7954=DIRECTION('',(1.,-5.55111512312578E-17,0.));
#7955=DIRECTION('',(-5.55111512312578E-17,-1.,0.));
#7956=DIRECTION('',(1.,-5.55111512312578E-17,0.));
#7957=DIRECTION('',(1.,-5.55111512312578E-17,0.));
#7958=DIRECTION('',(5.55111512312578E-17,1.,0.));
#7959=DIRECTION('',(5.55111512312578E-17,1.,0.));
#7960=DIRECTION('',(0.,0.,1.));
#7961=DIRECTION('',(5.55111512312578E-17,1.,0.));
#7962=DIRECTION('',(0.,0.,1.));
#7963=DIRECTION('',(5.55111512312578E-17,1.,0.));
#7964=DIRECTION('',(-1.,5.55111512312578E-17,0.));
#7965=DIRECTION('',(-1.,5.55111512312578E-17,0.));
#7966=DIRECTION('',(0.,0.,1.));
#7967=DIRECTION('',(0.,0.,1.));
#7968=DIRECTION('',(-1.,5.55111512312578E-17,0.));
#7969=DIRECTION('',(-5.55111512312578E-17,-1.,0.));
#7970=DIRECTION('',(1.,-5.55111512312578E-17,0.));
#7971=DIRECTION('',(1.,-5.55111512312578E-17,0.));
#7972=DIRECTION('',(0.,0.,1.));
#7973=DIRECTION('',(0.,0.,1.));
#7974=DIRECTION('',(0.,0.,1.));
#7975=DIRECTION('',(1.,-5.55111512312578E-17,0.));
#7976=DIRECTION('',(5.55111512312578E-17,1.,0.));
#7977=DIRECTION('',(5.55111512312578E-17,1.,0.));
#7978=DIRECTION('',(0.,0.,1.));
#7979=DIRECTION('',(-5.55111512312578E-17,-1.,0.));
#7980=DIRECTION('',(1.,-5.55111512312578E-17,0.));
#7981=DIRECTION('',(1.,-5.55111512312578E-17,0.));
#7982=DIRECTION('',(-1.,-1.31041284560087E-15,-6.06592108468421E-31));
#7983=DIRECTION('',(-2.24378243434949E-32,-4.04203909409473E-16,-1.));
#7984=DIRECTION('',(5.55111512312578E-17,1.,0.));
#7985=DIRECTION('',(-1.,5.55111512312578E-17,0.));
#7986=DIRECTION('',(1.,-5.55111512312578E-17,0.));
#7987=DIRECTION('',(-2.24378243434949E-32,-4.04203909409473E-16,-1.));
#7988=DIRECTION('',(1.,-1.42143514806339E-15,-3.0329605423421E-31));
#7989=DIRECTION('',(-1.,5.55111512312578E-17,0.));
#7990=DIRECTION('',(-1.35963107344689E-32,-2.44929359829471E-16,1.));
#7991=DIRECTION('',(-5.55111512312578E-17,-1.,-2.44929359829471E-16));
#7992=DIRECTION('',(-1.,5.55111512312578E-17,0.));
#7993=DIRECTION('',(5.55111512312578E-17,1.,2.44929359829471E-16));
#7994=DIRECTION('',(1.,-5.55111512312578E-17,0.));
#7995=DIRECTION('',(-5.55111512312578E-17,-1.,-2.44929359829471E-16));
#7996=DIRECTION('',(-1.,5.55111512312578E-17,0.));
#7997=DIRECTION('',(-5.55111512312578E-17,-1.,0.));
#7998=DIRECTION('',(5.55111512312578E-17,1.,2.44929359829471E-16));
#7999=DIRECTION('',(1.35963107344689E-32,2.44929359829471E-16,-1.));
#8000=DIRECTION('',(1.35963107344689E-32,2.44929359829471E-16,-1.));
#8001=DIRECTION('',(5.55111512312578E-17,1.,2.44929359829471E-16));
#8002=DIRECTION('',(-1.35963107344689E-32,-2.44929359829471E-16,1.));
#8003=DIRECTION('',(1.,-5.55111512312578E-17,0.));
#8004=DIRECTION('',(1.35963107344689E-32,2.44929359829471E-16,-1.));
#8005=DIRECTION('',(1.,-5.55111512312578E-17,0.));
#8006=DIRECTION('',(5.55111512312578E-17,1.,0.));
#8007=DIRECTION('',(-5.55111512312578E-17,-1.,-2.44929359829471E-16));
#8008=DIRECTION('',(1.35963107344689E-32,2.44929359829471E-16,-1.));
#8009=DIRECTION('',(1.3596310734469E-32,2.44929359829472E-16,-1.));
#8010=DIRECTION('',(5.55111512312578E-17,1.,2.44929359829472E-16));
#8011=DIRECTION('',(5.55111512312578E-17,1.,2.44929359829472E-16));
#8012=DIRECTION('',(1.,-5.55111512312578E-17,0.));
#8013=DIRECTION('',(-5.55111512312578E-17,-1.,-2.44929359829472E-16));
#8014=DIRECTION('',(-1.,5.55111512312578E-17,0.));
#8015=DIRECTION('',(1.,-5.55111512312578E-17,0.));
#8016=DIRECTION('',(5.55111512312578E-17,1.,0.));
#8017=DIRECTION('',(-5.55111512312578E-17,-1.,-2.44929359829472E-16));
#8018=DIRECTION('',(1.35963107344689E-32,2.44929359829471E-16,-1.));
#8019=DIRECTION('',(1.35963107344689E-32,2.44929359829471E-16,-1.));
#8020=DIRECTION('',(-5.55111512312578E-17,-1.,-2.44929359829471E-16));
#8021=DIRECTION('',(1.35963107344689E-32,2.44929359829471E-16,-1.));
#8022=DIRECTION('',(-1.,5.55111512312578E-17,0.));
#8023=DIRECTION('',(1.35963107344689E-32,2.44929359829471E-16,-1.));
#8024=DIRECTION('',(-1.,5.55111512312578E-17,0.));
#8025=DIRECTION('',(-5.55111512312578E-17,-1.,0.));
#8026=DIRECTION('',(5.55111512312578E-17,1.,2.44929359829472E-16));
#8027=DIRECTION('',(1.35963107344689E-32,2.44929359829471E-16,-1.));
#8028=DIRECTION('',(5.55111512312578E-17,1.,-1.23053057559445E-15));
#8029=DIRECTION('',(6.11483980310907E-32,1.10155161034849E-15,1.));
#8030=DIRECTION('',(5.55111512312578E-17,1.,-1.23053057559445E-15));
#8031=DIRECTION('',(5.55111512312578E-17,1.,0.));
#8032=DIRECTION('',(-1.,5.55111512312578E-17,0.));
#8033=DIRECTION('',(-5.55111512312578E-17,-1.,1.23053057559445E-15));
#8034=DIRECTION('',(5.55111512312578E-17,1.,-1.84579586339168E-15));
#8035=DIRECTION('',(0.,0.,1.));
#8036=DIRECTION('',(5.55111512312578E-17,1.,-1.84579586339168E-15));
#8037=DIRECTION('',(-5.55111512312578E-17,-1.,1.84579586339168E-15));
#8038=DIRECTION('',(-5.55111512312578E-17,-1.,0.));
#8039=DIRECTION('',(1.,-5.55111512312578E-17,0.));
#8040=DIRECTION('',(5.55111512312578E-17,1.,-1.23053057559445E-15));
#8041=DIRECTION('',(1.22296796062181E-31,2.20310322069698E-15,1.));
#8042=DIRECTION('',(5.55111512312578E-17,1.,-1.23053057559445E-15));
#8043=DIRECTION('',(5.55111512312578E-17,1.,0.));
#8044=DIRECTION('',(-1.,5.55111512312578E-17,0.));
#8045=DIRECTION('',(-5.55111512312578E-17,-1.,1.23053057559445E-15));
#8046=DIRECTION('',(5.55111512312578E-17,1.,-1.84579586339168E-15));
#8047=DIRECTION('',(1.22296796062181E-31,2.20310322069698E-15,1.));
#8048=DIRECTION('',(-5.55111512312578E-17,-1.,0.));
#8049=DIRECTION('',(1.,-5.55111512312578E-17,0.));
#8050=DIRECTION('',(5.55111512312578E-17,1.,-1.84579586339168E-15));
#8051=DIRECTION('',(-5.55111512312578E-17,-1.,1.84579586339168E-15));
#8052=DIRECTION('',(5.55111512312578E-17,1.,6.69533184607496E-16));
#8053=DIRECTION('',(0.,0.,1.));
#8054=DIRECTION('',(5.55111512312578E-17,1.,6.69533184607496E-16));
#8055=DIRECTION('',(-5.55111512312578E-17,-1.,-6.69533184607496E-16));
#8056=DIRECTION('',(5.55111512312578E-17,1.,6.69533184607496E-16));
#8057=DIRECTION('',(0.,0.,1.));
#8058=DIRECTION('',(5.55111512312578E-17,1.,6.69533184607496E-16));
#8059=DIRECTION('',(-5.55111512312578E-17,-1.,-6.69533184607496E-16));
#8060=DIRECTION('',(5.24868246420571E-17,0.945518575599317,0.325568154457157));
#8061=DIRECTION('',(-1.80726630581528E-17,-0.325568154457157,0.945518575599317));
#8062=DIRECTION('',(1.,-5.55111512312578E-17,0.));
#8063=DIRECTION('',(-1.80726630581528E-17,-0.325568154457157,0.945518575599317));
#8064=DIRECTION('',(1.,-5.55111512312578E-17,0.));
#8065=DIRECTION('',(0.,0.,1.));
#8066=DIRECTION('',(1.,-5.55111512312578E-17,0.));
#8067=DIRECTION('',(-1.,5.55111512312578E-17,0.));
#8068=DIRECTION('',(-5.55111512312578E-17,-1.,0.));
#8069=DIRECTION('',(-5.24868246420571E-17,-0.945518575599317,0.325568154457157));
#8070=DIRECTION('',(-1.80726630581528E-17,-0.325568154457157,-0.945518575599317));
#8071=DIRECTION('',(1.,-5.55111512312578E-17,0.));
#8072=DIRECTION('',(1.,-5.55111512312578E-17,0.));
#8073=DIRECTION('',(-1.80726630581528E-17,-0.325568154457157,-0.945518575599317));
#8074=DIRECTION('',(-1.,5.55111512312578E-17,0.));
#8075=DIRECTION('',(5.55111512312578E-17,1.,0.));
#8076=DIRECTION('',(-1.,5.55111512312578E-17,0.));
#8077=DIRECTION('',(-5.55111512312578E-17,-1.,0.));
#8078=DIRECTION('',(0.,0.,1.));
#8079=DIRECTION('',(0.,0.,1.));
#8080=DIRECTION('',(-5.55111512312578E-17,-1.,0.));
#8081=DIRECTION('',(-5.55111512312578E-17,-1.,0.));
#8082=DIRECTION('',(-1.,5.55111512312578E-17,0.));
#8083=DIRECTION('',(5.55111512312578E-17,1.,0.));
#8084=DIRECTION('',(-1.,5.55111512312578E-17,0.));
#8085=DIRECTION('',(5.55111512312578E-17,1.,0.));
#8086=DIRECTION('',(-1.,5.55111512312578E-17,0.));
#8087=DIRECTION('',(-5.55111512312578E-17,-1.,0.));
#8088=DIRECTION('',(-1.02462253314766E-31,-1.84579586339168E-15,-1.));
#8089=DIRECTION('',(5.55111512312578E-17,1.,-1.84579586339168E-15));
#8090=DIRECTION('',(-1.,5.55111512312578E-17,0.));
#8091=DIRECTION('',(-1.,5.55111512312578E-17,0.));
#8092=DIRECTION('',(5.55111512312578E-17,1.,0.));
#8093=DIRECTION('',(-1.,5.55111512312578E-17,0.));
#8094=DIRECTION('',(-1.,5.55111512312578E-17,0.));
#8095=DIRECTION('',(-1.,5.55111512312578E-17,0.));
#8096=DIRECTION('',(3.71665578650923E-32,6.69533184607496E-16,-1.));
#8097=DIRECTION('',(5.55111512312578E-17,1.,6.69533184607496E-16));
#8098=DIRECTION('',(-1.,5.55111512312578E-17,0.));
#8099=DIRECTION('',(-1.,5.55111512312578E-17,0.));
#8100=DIRECTION('',(-1.,5.55111512312578E-17,0.));
#8101=DIRECTION('',(-5.55111512312578E-17,-1.,0.));
#8102=DIRECTION('',(-1.,5.55111512312578E-17,0.));
#8103=DIRECTION('',(-1.,5.55111512312578E-17,0.));
#8104=DIRECTION('',(-5.55111512312578E-17,-1.,0.));
#8105=DIRECTION('',(-1.,5.55111512312578E-17,0.));
#8106=DIRECTION('',(-1.,5.55111512312578E-17,0.));
#8107=DIRECTION('',(-5.55111512312578E-17,-1.,3.52385936484557E-15));
#8108=DIRECTION('',(-1.95613490119627E-31,-3.52385936484557E-15,-1.));
#8109=DIRECTION('',(-1.,5.55111512312578E-17,0.));
#8110=DIRECTION('',(5.55111512312578E-17,1.,4.40482420605696E-15));
#8111=DIRECTION('',(-2.44516862649533E-31,-4.40482420605696E-15,1.));
#8112=DIRECTION('',(-1.,5.55111512312578E-17,0.));
#8113=DIRECTION('',(-1.,5.55111512312578E-17,0.));
#8114=DIRECTION('',(-1.,5.55111512312578E-17,0.));
#8115=DIRECTION('',(-5.55111512312578E-17,-1.,0.));
#8116=DIRECTION('',(-1.,5.55111512312578E-17,0.));
#8117=DIRECTION('',(-1.,5.55111512312578E-17,0.));
#8118=DIRECTION('',(-1.,5.55111512312578E-17,0.));
#8119=DIRECTION('',(5.55111512312578E-17,1.,0.));
#8120=DIRECTION('',(0.,0.,-1.));
#8121=DIRECTION('',(-1.,5.55111512312578E-17,0.));
#8122=DIRECTION('',(-1.,5.55111512312578E-17,0.));
#8123=DIRECTION('',(-5.55111512312578E-17,-1.,0.));
#8124=DIRECTION('',(-5.24868246420571E-17,-0.945518575599317,-0.325568154457157));
#8125=DIRECTION('',(1.80726630581528E-17,0.325568154457157,-0.945518575599317));
#8126=DIRECTION('',(-1.,5.55111512312578E-17,0.));
#8127=DIRECTION('',(-1.80726630581528E-17,-0.325568154457157,0.945518575599317));
#8128=DIRECTION('',(-5.55111512312578E-17,-1.,0.));
#8129=DIRECTION('',(1.,-5.55111512312578E-17,0.));
#8130=DIRECTION('',(-1.,5.55111512312578E-17,0.));
#8131=DIRECTION('',(-1.,5.55111512312578E-17,0.));
#8132=DIRECTION('',(-1.,5.55111512312578E-17,0.));
#8133=DIRECTION('',(-1.,5.55111512312578E-17,0.));
#8134=DIRECTION('',(5.24868246420571E-17,0.945518575599317,-0.325568154457157));
#8135=DIRECTION('',(1.80726630581528E-17,0.325568154457157,0.945518575599317));
#8136=DIRECTION('',(-1.,5.55111512312578E-17,0.));
#8137=DIRECTION('',(-1.80726630581528E-17,-0.325568154457157,-0.945518575599317));
#8138=DIRECTION('',(-1.,5.55111512312578E-17,0.));
#8139=DIRECTION('',(5.55111512312578E-17,1.,0.));
#8140=DIRECTION('',(-1.,5.55111512312578E-17,0.));
#8141=DIRECTION('',(-1.,5.55111512312578E-17,0.));
#8142=DIRECTION('',(-1.,5.55111512312578E-17,0.));
#8143=DIRECTION('',(-1.,5.55111512312578E-17,0.));
#8144=DIRECTION('',(-1.,5.55111512312578E-17,0.));
#8145=DIRECTION('',(-1.,5.55111512312578E-17,0.));
#8146=DIRECTION('',(-6.83081688765103E-32,-1.23053057559445E-15,-1.));
#8147=DIRECTION('',(5.55111512312578E-17,1.,-1.23053057559445E-15));
#8148=DIRECTION('',(-1.,5.55111512312578E-17,0.));
#8149=DIRECTION('',(-5.55111512312578E-17,-1.,8.80964841211392E-16));
#8150=DIRECTION('',(-4.89033725299066E-32,-8.80964841211392E-16,-1.));
#8151=DIRECTION('',(-1.,5.55111512312578E-17,0.));
#8152=DIRECTION('',(-1.,5.55111512312578E-17,0.));
#8153=DIRECTION('',(1.,-5.55111512312578E-17,0.));
#8154=DIRECTION('',(5.55111512312578E-17,1.,0.));
#8155=DIRECTION('',(-1.,5.55111512312578E-17,0.));
#8156=DIRECTION('',(5.55111512312578E-17,1.,0.));
#8157=DIRECTION('',(-5.55111512312578E-17,-1.,0.));
#8158=DIRECTION('',(0.,0.,1.));
#8159=DIRECTION('',(0.,0.,1.));
#8160=DIRECTION('',(-5.55111512312578E-17,-1.,0.));
#8161=DIRECTION('',(0.,0.,1.));
#8162=DIRECTION('',(0.,0.,1.));
#8163=DIRECTION('',(-1.,5.55111512312578E-17,0.));
#8164=DIRECTION('',(-5.55111512312578E-17,-1.,0.));
#8165=DIRECTION('',(0.,0.,-1.));
#8166=DIRECTION('',(-1.,5.55111512312578E-17,0.));
#8167=DIRECTION('',(0.,0.,-1.));
#8168=DIRECTION('',(-1.,5.55111512312578E-17,0.));
#8169=DIRECTION('',(0.,0.,1.));
#8170=DIRECTION('',(1.,-5.55111512312578E-17,0.));
#8171=DIRECTION('',(1.,-5.55111512312578E-17,0.));
#8172=DIRECTION('',(0.,0.,1.));
#8173=DIRECTION('',(1.,-5.55111512312578E-17,0.));
#8174=DIRECTION('',(1.,-5.55111512312578E-17,0.));
#8175=DIRECTION('',(-1.,5.55111512312578E-17,0.));
#8176=DIRECTION('',(0.,0.,-1.));
#8177=DIRECTION('',(-1.,5.55111512312578E-17,0.));
#8178=DIRECTION('',(-1.,5.55111512312578E-17,0.));
#8179=DIRECTION('',(0.,0.,1.));
#8180=DIRECTION('',(1.,-5.55111512312578E-17,0.));
#8181=DIRECTION('',(-5.55111512312578E-17,-1.,0.));
#8182=DIRECTION('',(-2.85071011862434E-15,1.,0.));
#8183=DIRECTION('',(-1.,-2.85071011862434E-15,0.));
#8184=DIRECTION('',(0.,0.,1.));
#8185=DIRECTION('',(-2.96173242108685E-15,-1.,0.));
#8186=DIRECTION('',(1.,-2.96173242108685E-15,0.));
#8187=DIRECTION('',(0.,0.,1.));
#8188=DIRECTION('',(-6.71044166232641E-16,1.,0.));
#8189=DIRECTION('',(-1.,-6.71044166232641E-16,0.));
#8190=DIRECTION('',(0.,0.,1.));
#8191=DIRECTION('',(-5.55111512312578E-17,-1.,0.));
#8192=DIRECTION('',(1.,-5.55111512312578E-17,0.));
#8193=DIRECTION('',(0.,0.,1.));
#8194=DIRECTION('',(-5.55111512312578E-17,-1.,0.));
#8195=DIRECTION('',(1.,-5.55111512312578E-17,0.));
#8196=DIRECTION('',(0.,0.,1.));
#8197=DIRECTION('',(5.55111512312578E-17,1.,0.));
#8198=DIRECTION('',(-1.,5.55111512312578E-17,0.));
#8199=DIRECTION('',(0.,0.,1.));
#8200=DIRECTION('',(-1.,5.55111512312578E-17,0.));
#8201=DIRECTION('',(-5.55111512312578E-17,-1.,0.));
#8202=DIRECTION('',(-1.,5.55111512312578E-17,0.));
#8203=DIRECTION('',(-1.,5.55111512312578E-17,0.));
#8204=DIRECTION('',(-1.,5.55111512312578E-17,0.));
#8205=DIRECTION('',(-5.55111512312578E-17,-1.,0.));
#8206=DIRECTION('',(-1.,5.55111512312578E-17,0.));
#8207=DIRECTION('',(-1.,5.55111512312578E-17,0.));
#8208=DIRECTION('',(3.71665578650923E-32,6.69533184607496E-16,-1.));
#8209=DIRECTION('',(5.55111512312578E-17,1.,6.69533184607496E-16));
#8210=DIRECTION('',(3.71665578650923E-32,6.69533184607496E-16,-1.));
#8211=DIRECTION('',(5.55111512312578E-17,1.,6.69533184607496E-16));
#8212=DIRECTION('',(0.,0.,1.));
#8213=DIRECTION('',(1.,-5.55111512312578E-17,0.));
#8214=DIRECTION('',(-5.55111512312578E-17,-1.,0.));
#8215=DIRECTION('',(0.,0.,-1.));
#8216=DIRECTION('',(-1.,5.55111512312578E-17,0.));
#8217=DIRECTION('',(-5.55111512312578E-17,-1.,0.));
#8218=DIRECTION('',(0.,0.,-1.));
#8219=DIRECTION('',(-1.,5.55111512312578E-17,0.));
#8220=DIRECTION('',(-1.,5.55111512312578E-17,0.));
#8221=DIRECTION('',(0.,0.,1.));
#8222=DIRECTION('',(1.,-5.55111512312578E-17,0.));
#8223=DIRECTION('',(-1.,5.55111512312578E-17,0.));
#8224=DIRECTION('',(5.55111512312578E-17,1.,0.));
#8225=DIRECTION('',(-1.02462253314766E-31,-1.84579586339168E-15,-1.));
#8226=DIRECTION('',(5.55111512312578E-17,1.,-1.84579586339168E-15));
#8227=DIRECTION('',(-6.83081688765103E-32,-1.23053057559445E-15,-1.));
#8228=DIRECTION('',(5.55111512312578E-17,1.,-1.23053057559445E-15));
#8229=DIRECTION('',(-6.83081688765103E-32,-1.23053057559445E-15,-1.));
#8230=DIRECTION('',(5.55111512312578E-17,1.,-1.23053057559445E-15));
#8231=DIRECTION('',(-1.02462253314766E-31,-1.84579586339168E-15,-1.));
#8232=DIRECTION('',(5.55111512312578E-17,1.,-1.84579586339168E-15));
#8233=DIRECTION('',(0.,0.,-1.));
#8234=DIRECTION('',(-1.,5.55111512312578E-17,0.));
#8235=DIRECTION('',(0.,0.,1.));
#8236=DIRECTION('',(1.,-5.55111512312578E-17,0.));
#8237=DIRECTION('',(0.,0.,1.));
#8238=DIRECTION('',(1.,-5.55111512312578E-17,0.));
#8239=DIRECTION('',(0.,0.,1.));
#8240=DIRECTION('',(1.,-5.55111512312578E-17,0.));
#8241=DIRECTION('',(0.,0.,1.));
#8242=DIRECTION('',(1.,-5.55111512312578E-17,0.));
#8243=DIRECTION('',(0.,0.,1.));
#8244=DIRECTION('',(1.,-5.55111512312578E-17,0.));
#8245=DIRECTION('',(0.,0.,1.));
#8246=DIRECTION('',(1.,-5.55111512312578E-17,0.));
#8247=DIRECTION('',(0.,0.,-1.));
#8248=DIRECTION('',(-1.,5.55111512312578E-17,0.));
#8249=DIRECTION('',(0.,0.,1.));
#8250=DIRECTION('',(1.,-5.55111512312578E-17,0.));
#8251=DIRECTION('',(0.,0.,1.));
#8252=DIRECTION('',(1.,-5.55111512312578E-17,0.));
#8253=DIRECTION('',(0.,0.,1.));
#8254=DIRECTION('',(1.,-5.55111512312578E-17,0.));
#8255=DIRECTION('',(0.,0.,1.));
#8256=DIRECTION('',(1.,-5.55111512312578E-17,0.));
#8257=DIRECTION('',(0.,0.,1.));
#8258=DIRECTION('',(1.,-5.55111512312578E-17,0.));
#8259=DIRECTION('',(0.,0.,1.));
#8260=DIRECTION('',(1.,-5.55111512312578E-17,0.));
#8261=DIRECTION('',(5.55111512312578E-17,1.,0.));
#8262=DIRECTION('',(-1.,5.55111512312578E-17,0.));
#8263=DIRECTION('',(1.,1.31041284560087E-15,3.0329605423421E-31));
#8264=DIRECTION('',(-2.24378243434949E-32,-4.04203909409473E-16,-1.));
#8265=DIRECTION('',(-5.55111512312578E-17,-1.,0.));
#8266=DIRECTION('',(1.,-5.55111512312578E-17,0.));
#8267=DIRECTION('',(-2.24378243434949E-32,-4.04203909409473E-16,-1.));
#8268=DIRECTION('',(-1.,1.42143514806339E-15,6.06592108468421E-31));
#8269=DIRECTION('',(1.,-5.55111512312578E-17,0.));
#8270=DIRECTION('',(5.55111512312578E-17,1.,0.));
#8271=DIRECTION('',(-5.55111512312578E-17,-1.,4.04203909409473E-16));
#8272=DIRECTION('',(5.55111512312578E-17,1.,0.));
#8273=DIRECTION('',(-1.,5.55111512312578E-17,0.));
#8274=DIRECTION('',(1.,8.83561596590832E-16,2.27472040675658E-31));
#8275=DIRECTION('',(-5.55111512312578E-17,-1.,0.));
#8276=DIRECTION('',(1.,-5.55111512312578E-17,0.));
#8277=DIRECTION('',(-1.,5.55111512312578E-17,0.));
#8278=DIRECTION('',(-1.,5.55111512312578E-17,0.));
#8279=DIRECTION('',(-5.55111512312578E-17,-1.,0.));
#8280=DIRECTION('',(-5.55111512312578E-17,-1.,4.04203909409473E-16));
#8281=DIRECTION('',(-1.,5.55111512312578E-17,0.));
#8282=DIRECTION('',(-5.55111512312578E-17,-1.,0.));
#8283=DIRECTION('',(-5.55111512312578E-17,-1.,4.04203909409473E-16));
#8284=DIRECTION('',(2.24378243434949E-32,4.04203909409473E-16,1.));
#8285=DIRECTION('',(-5.55111512312578E-17,-1.,4.04203909409473E-16));
#8286=DIRECTION('',(0.,0.,1.));
#8287=DIRECTION('',(1.,0.,0.));
#8288=DIRECTION('',(2.77555756156289E-17,-1.,2.44929359829471E-16));
#8289=DIRECTION('',(0.,0.,1.));
#8290=DIRECTION('',(-2.77555756156289E-17,1.,-2.44929359829471E-16));
#8291=DIRECTION('',(-5.47382212626882E-48,-1.,2.44929359829471E-16));
#8292=DIRECTION('',(0.,-2.44929359829471E-16,-1.));
#8293=DIRECTION('',(2.77555756156289E-17,-1.,2.44929359829471E-16));
#8294=DIRECTION('',(1.36314843927055E-14,1.,-3.04893749292886E-16));
#8295=DIRECTION('',(1.,-1.34892006430356E-14,0.));
#8296=DIRECTION('',(1.48732334807349E-14,1.,-2.44929359829471E-16));
#8297=DIRECTION('',(-1.,1.42006193913857E-14,0.));
#8298=DIRECTION('',(-5.47382212626882E-48,-1.,2.44929359829471E-16));
#8299=DIRECTION('',(0.,-2.44929359829471E-16,-1.));
#8300=DIRECTION('',(-1.48732334807349E-14,-1.,2.44929359829471E-16));
#8301=DIRECTION('',(-1.36314843927055E-14,-1.,3.04893749292886E-16));
#8302=DIRECTION('',(1.,-1.34892006430356E-14,0.));
#8303=DIRECTION('',(1.48732334807349E-14,1.,-2.44929359829471E-16));
#8304=DIRECTION('',(-4.23172082828161E-30,-3.10437272007303E-16,1.));
#8305=DIRECTION('',(-2.77555756156289E-17,1.,3.10437272007303E-16));
#8306=DIRECTION('',(-1.,1.36314843927055E-14,0.));
#8307=DIRECTION('',(1.48732334807349E-14,1.,3.10437272007303E-16));
#8308=DIRECTION('',(-1.,6.96989354416238E-32,2.84567499340017E-16));
#8309=DIRECTION('',(1.48732334807349E-14,1.,3.10437272007303E-16));
#8310=DIRECTION('',(-0.878447242083771,-2.43818088519968E-17,0.477839348395898));
#8311=DIRECTION('',(-0.477839348395898,-1.32627061665252E-17,-0.878447242083771));
#8312=DIRECTION('',(0.477839348395898,1.32627061665252E-17,0.878447242083771));
#8313=DIRECTION('',(-2.77555756156289E-17,1.,0.));
#8314=DIRECTION('',(0.477839348395898,1.32627061665252E-17,0.878447242083771));
#8315=DIRECTION('',(-2.77555756156289E-17,1.,0.));
#8316=DIRECTION('',(-0.998629534754574,-2.77175375638809E-17,-0.0523359562429359));
#8317=DIRECTION('',(0.0523359562429359,1.45261459091705E-18,-0.998629534754574));
#8318=DIRECTION('',(-0.0523359562429359,-1.45261459091705E-18,0.998629534754574));
#8319=DIRECTION('',(-2.77555756156289E-17,1.,0.));
#8320=DIRECTION('',(-0.0523359562429359,-1.45261459091705E-18,0.998629534754574));
#8321=DIRECTION('',(-2.77555756156289E-17,1.,0.));
#8322=DIRECTION('',(-0.0523359562429363,-1.45261459091707E-18,0.998629534754574));
#8323=DIRECTION('',(-0.998629534754574,-2.77175375638809E-17,-0.0523359562429363));
#8324=DIRECTION('',(0.998629534754574,2.77175375638809E-17,0.0523359562429363));
#8325=DIRECTION('',(0.998629534754574,2.77175375638809E-17,0.0523359562429363));
#8326=DIRECTION('',(-2.77555756156289E-17,1.,0.));
#8327=DIRECTION('',(0.998629534754574,2.77175375638809E-17,0.0523359562429359));
#8328=DIRECTION('',(-0.0523359562429359,-1.45261459091705E-18,0.998629534754574));
#8329=DIRECTION('',(0.0523359562429359,1.45261459091705E-18,-0.998629534754574));
#8330=DIRECTION('',(0.0523359562429359,1.45261459091705E-18,-0.998629534754574));
#8331=DIRECTION('',(-2.77555756156289E-17,1.,0.));
#8332=DIRECTION('',(0.878447242083773,2.43818088519968E-17,-0.477839348395895));
#8333=DIRECTION('',(0.477839348395895,1.32627061665251E-17,0.878447242083773));
#8334=DIRECTION('',(-0.477839348395895,-1.32627061665251E-17,-0.878447242083773));
#8335=DIRECTION('',(-2.77555756156289E-17,1.,0.));
#8336=DIRECTION('',(-0.477839348395895,-1.32627061665251E-17,-0.878447242083773));
#8337=DIRECTION('',(-2.77555756156289E-17,1.,0.));
#8338=DIRECTION('',(-2.77555756156289E-17,1.,0.));
#8339=DIRECTION('',(-1.,-2.77555756156289E-17,0.));
#8340=DIRECTION('',(2.77555756156289E-17,-1.,0.));
#8341=DIRECTION('',(1.,2.77555756156289E-17,0.));
#8342=DIRECTION('',(2.77555756156289E-17,-1.,0.));
#8343=DIRECTION('',(1.,2.77555756156289E-17,0.));
#8344=DIRECTION('',(-2.77555756156289E-17,1.,0.));
#8345=DIRECTION('',(0.,0.,1.));
#8346=DIRECTION('',(-1.,-2.77555756156289E-17,0.));
#8347=DIRECTION('',(-1.30851147939728E-14,-1.,-1.09273919746571E-15));
#8348=DIRECTION('',(1.,2.77555756156289E-17,0.));
#8349=DIRECTION('',(1.,2.77555756156289E-17,0.));
#8350=DIRECTION('',(-2.77555756156289E-17,1.,0.));
#8351=DIRECTION('',(-1.,-2.77555756156289E-17,0.));
#8352=DIRECTION('',(-2.77555756156289E-17,1.,0.));
#8353=DIRECTION('',(1.,2.77555756156289E-17,0.));
#8354=DIRECTION('',(-1.30851147939728E-14,-1.,-1.09273919746571E-15));
#8355=DIRECTION('',(-2.77555756156289E-17,1.,0.));
#8356=DIRECTION('',(1.,2.77555756156289E-17,0.));
#8357=DIRECTION('',(-1.,-2.77555756156289E-17,0.));
#8358=DIRECTION('',(2.77555756156289E-17,-1.,0.));
#8359=DIRECTION('',(-2.77555756156289E-17,1.,-2.44929359829471E-16));
#8360=DIRECTION('',(6.79815536723445E-33,-2.44929359829471E-16,-1.));
#8361=DIRECTION('',(-2.77555756156289E-17,1.,-2.44929359829471E-16));
#8362=DIRECTION('',(6.79815536723445E-33,-2.44929359829471E-16,-1.));
#8363=DIRECTION('',(3.16479302618275E-16,1.,-2.44929359829471E-16));
#8364=DIRECTION('',(-1.,3.16479302618275E-16,0.));
#8365=DIRECTION('',(1.,-3.16479302618275E-16,8.40790472927498E-32));
#8366=DIRECTION('',(6.79815536723445E-33,-2.44929359829471E-16,-1.));
#8367=DIRECTION('',(1.,-3.16479302618275E-16,8.40790472927498E-32));
#8368=DIRECTION('',(1.,2.77555756156289E-17,0.));
#8369=DIRECTION('',(-2.77555756156289E-17,1.,0.));
#8370=DIRECTION('',(2.77555756156289E-17,-1.,2.44929359829471E-16));
#8371=DIRECTION('',(6.79815536723445E-33,-2.44929359829471E-16,-1.));
#8372=DIRECTION('',(2.77555756156289E-17,-1.,2.44929359829471E-16));
#8373=DIRECTION('',(9.66025512624097E-17,-1.,2.44929359829471E-16));
#8374=DIRECTION('',(-6.79815536723445E-33,2.44929359829471E-16,1.));
#8375=DIRECTION('',(-1.,-9.66025512624097E-17,1.52870995077727E-32));
#8376=DIRECTION('',(-1.,-9.66025512624097E-17,1.52870995077727E-32));
#8377=DIRECTION('',(-2.20126773699982E-33,2.44929359829471E-16,1.));
#8378=DIRECTION('',(-2.77555756156289E-17,1.,-2.44929359829471E-16));
#8379=DIRECTION('',(-1.,-2.77555756156289E-17,0.));
#8380=DIRECTION('',(-2.77555756156289E-17,1.,-2.44929359829471E-16));
#8381=DIRECTION('',(-1.,-2.77555756156289E-17,0.));
#8382=DIRECTION('',(2.77555756156289E-17,-1.,2.44929359829471E-16));
#8383=DIRECTION('',(1.,-1.73115600389096E-16,4.46023609167956E-32));
#8384=DIRECTION('',(-2.77555756156289E-17,1.,-2.44929359829471E-16));
#8385=DIRECTION('',(1.,-2.56811923724406E-16,6.31866779654622E-32));
#8386=DIRECTION('',(1.,2.77555756156289E-17,0.));
#8387=DIRECTION('',(-2.77555756156289E-17,1.,0.));
#8388=DIRECTION('',(2.77555756156289E-17,-1.,2.44929359829471E-16));
#8389=DIRECTION('',(6.79815536723445E-33,-2.44929359829471E-16,-1.));
#8390=DIRECTION('',(6.79815536723445E-33,-2.44929359829471E-16,-1.));
#8391=DIRECTION('',(2.77555756156289E-17,-1.,2.44929359829471E-16));
#8392=DIRECTION('',(-6.79815536723445E-33,2.44929359829471E-16,1.));
#8393=DIRECTION('',(-1.,-2.77555756156289E-17,0.));
#8394=DIRECTION('',(6.79815536723445E-33,-2.44929359829471E-16,-1.));
#8395=DIRECTION('',(-1.,-2.77555756156289E-17,0.));
#8396=DIRECTION('',(2.77555756156289E-17,-1.,0.));
#8397=DIRECTION('',(-2.77555756156289E-17,1.,-2.44929359829471E-16));
#8398=DIRECTION('',(6.79815536723445E-33,-2.44929359829471E-16,-1.));
#8399=DIRECTION('',(-1.,-2.77555756156289E-17,0.));
#8400=DIRECTION('',(2.77555756156289E-17,-1.,0.));
#8401=DIRECTION('',(-2.77555756156289E-17,1.,-2.44929359829471E-16));
#8402=DIRECTION('',(6.79815536723445E-33,-2.44929359829471E-16,-1.));
#8403=DIRECTION('',(6.79815536723445E-33,-2.44929359829471E-16,-1.));
#8404=DIRECTION('',(1.73115600389096E-16,1.,-2.44929359829471E-16));
#8405=DIRECTION('',(6.79815536723445E-33,-2.44929359829471E-16,-1.));
#8406=DIRECTION('',(1.,-1.73115600389096E-16,4.46023609167956E-32));
#8407=DIRECTION('',(1.,2.77555756156289E-17,0.));
#8408=DIRECTION('',(-2.77555756156289E-17,1.,0.));
#8409=DIRECTION('',(6.79815536723445E-33,-2.44929359829471E-16,-1.));
#8410=DIRECTION('',(9.45908352776355E-34,-3.40799400407219E-17,-1.));
#8411=DIRECTION('',(9.45908352776355E-34,-3.40799400407219E-17,1.));
#8412=DIRECTION('',(1.48732334807349E-14,1.,3.10437272007303E-16));
#8413=DIRECTION('',(-4.02693110646187E-30,-3.04893749292886E-16,-1.));
#8414=DIRECTION('',(-1.36314843927055E-14,-1.,-3.40799400407219E-17));
#8415=DIRECTION('',(1.,-1.36314843927055E-14,0.));
#8416=DIRECTION('',(-1.,1.36314843927055E-14,0.));
#8417=DIRECTION('',(-2.77555756156289E-17,1.,0.));
#8418=DIRECTION('',(1.,2.77555756156289E-17,0.));
#8419=DIRECTION('',(2.77555756156289E-17,-1.,0.));
#8420=DIRECTION('',(1.,2.77555756156289E-17,0.));
#8421=DIRECTION('',(9.45908352776355E-34,-3.40799400407219E-17,1.));
#8422=DIRECTION('',(-1.36314843927055E-14,-1.,3.04893749292886E-16));
#8423=DIRECTION('',(1.,-1.36314843927055E-14,0.));
#8424=DIRECTION('',(-1.,-2.77555756156289E-17,0.));
#8425=DIRECTION('',(-1.,1.36314843927055E-14,0.));
#8426=DIRECTION('',(-8.46250151323131E-33,3.04893749292886E-16,1.));
#8427=DIRECTION('',(1.36314843927055E-14,1.,3.04893749292886E-16));
#8428=DIRECTION('',(-1.,1.36314843927055E-14,0.));
#8429=DIRECTION('',(-3.13506674144277E-30,-2.44929359829471E-16,-1.));
#8430=DIRECTION('',(1.,2.77555756156289E-17,0.));
#8431=DIRECTION('',(-4.23172082828161E-30,-3.10437272007303E-16,1.));
#8432=DIRECTION('',(-2.77555756156289E-17,1.,3.10437272007303E-16));
#8433=DIRECTION('',(1.48732334807349E-14,1.,-3.10437272007303E-16));
#8434=DIRECTION('',(1.36314843927055E-14,1.,-3.40799400407219E-17));
#8435=DIRECTION('',(-1.,1.36314843927055E-14,0.));
#8436=DIRECTION('',(9.45908352776355E-34,-3.40799400407219E-17,-1.));
#8437=DIRECTION('',(2.77555756156289E-17,-1.,0.));
#8438=DIRECTION('',(1.,2.77555756156289E-17,0.));
#8439=DIRECTION('',(-2.77555756156289E-17,1.,0.));
#8440=DIRECTION('',(1.,2.77555756156289E-17,0.));
#8441=DIRECTION('',(1.,-1.48732334807349E-14,5.07824813587879E-31));
#8442=DIRECTION('',(1.48732334807349E-14,1.,0.));
#8443=DIRECTION('',(-6.79815536723445E-33,2.44929359829471E-16,1.));
#8444=DIRECTION('',(-2.77555756156289E-17,1.,-2.44929359829471E-16));
#8445=DIRECTION('',(-2.77555756156289E-17,1.,0.));
#8446=DIRECTION('',(-1.,-2.77555756156289E-17,0.));
#8447=DIRECTION('',(-2.77555756156289E-17,1.,0.));
#8448=DIRECTION('',(-1.,-2.77555756156289E-17,0.));
#8449=DIRECTION('',(0.,0.,1.));
#8450=DIRECTION('',(1.,0.,0.));
#8451=DIRECTION('',(0.,0.,1.));
#8452=DIRECTION('',(-1.,1.22464679914735E-16,0.));
#8453=DIRECTION('',(0.,0.,1.));
#8454=DIRECTION('',(1.,0.,0.));
#8455=DIRECTION('',(0.,0.,1.));
#8456=DIRECTION('',(-1.,1.22464679914735E-16,0.));
#8457=CARTESIAN_POINT('',(0.,0.,0.));
#8458=CARTESIAN_POINT('',(-35.636195507507,-6.26109853421578,0.838827378039364));
#8459=CARTESIAN_POINT('',(-35.636204492493,-11.4680985342158,1.01662737803936));
#8460=CARTESIAN_POINT('',(-35.636195507507,-11.4680985342158,0.838827378039371));
#8461=CARTESIAN_POINT('',(-35.636204492493,-11.4680985342158,0.000627378039359805));
#8462=CARTESIAN_POINT('',(-35.636195507507,-6.26109853421578,0.838827378039364));
#8463=CARTESIAN_POINT('',(-35.636195507507,-12.8650985342158,0.838827378039364));
#8464=CARTESIAN_POINT('',(-35.636195507507,-12.8650985342158,0.838827378039364));
#8465=CARTESIAN_POINT('',(-35.636195507507,-12.8650985342158,11.7354273780394));
#8466=CARTESIAN_POINT('',(-35.636196873925,-12.8650985342158,11.7354273780394));
#8467=CARTESIAN_POINT('',(-35.636195507507,-12.3570985342158,11.7354273780394));
#8468=CARTESIAN_POINT('',(-35.636195507507,-12.3570985342158,0.838827378039364));
#8469=CARTESIAN_POINT('',(-35.636195507507,-12.3570985342158,3.81062737803937));
#8470=CARTESIAN_POINT('',(-35.636195507507,-6.76909853421577,3.81062737803937));
#8471=CARTESIAN_POINT('',(-35.636195507507,-6.76909853421578,3.81062737803937));
#8472=CARTESIAN_POINT('',(-35.636195507507,-6.76909853421578,0.838827378039364));
#8473=CARTESIAN_POINT('',(-35.636195507507,-6.76909853421578,11.7354273780394));
#8474=CARTESIAN_POINT('',(-35.636196873925,-12.8650985342158,11.7354273780394));
#8475=CARTESIAN_POINT('',(-35.636196873925,-6.26109853421579,11.7354273780394));
#8476=CARTESIAN_POINT('',(-35.636195507507,-6.26109853421578,0.838827378039364));
#8477=CARTESIAN_POINT('',(-35.636195507507,-6.26109853421578,0.838827378039364));
#8478=CARTESIAN_POINT('',(-35.636195507507,-6.26109853421578,0.838827378039364));
#8479=CARTESIAN_POINT('',(-35.636195507507,-7.65809853421578,0.838827378039364));
#8480=CARTESIAN_POINT('',(-35.636204492493,-7.65809853421578,1.01662737803936));
#8481=CARTESIAN_POINT('',(-35.636204492493,-7.65809853421578,0.000627378039359805));
#8482=CARTESIAN_POINT('',(-35.636204492493,-11.4680985342158,0.000627378039359805));
#8483=CARTESIAN_POINT('',(27.622504492493,17.5006014657842,-0.761372621960646));
#8484=CARTESIAN_POINT('',(27.622504492493,17.5006014657842,-0.761372621960646));
#8485=CARTESIAN_POINT('',(27.622504492493,16.0401014657842,-0.761372621960646));
#8486=CARTESIAN_POINT('',(27.622504492493,17.5006014657842,0.000627378039352866));
#8487=CARTESIAN_POINT('',(27.622504492493,15.2781014657842,0.000627378039352866));
#8488=CARTESIAN_POINT('',(-27.622495507507,-17.5005985342158,-0.761372621960632));
#8489=CARTESIAN_POINT('',(-27.622495507507,-17.5005985342158,-0.761372621960632));
#8490=CARTESIAN_POINT('',(-27.622495507507,-18.9610985342158,-0.761372621960632));
#8491=CARTESIAN_POINT('',(-27.622495507507,-17.5005985342158,0.000627378039366744));
#8492=CARTESIAN_POINT('',(-27.622495507507,-19.7230985342158,0.000627378039366744));
#8493=CARTESIAN_POINT('',(-24.2862641107414,-19.0245985342158,6.50313043379234));
#8494=CARTESIAN_POINT('',(-28.028895507507,-19.0245985342158,-0.888372621960634));
#8495=CARTESIAN_POINT('',(-28.028895507507,-19.0245985342158,-1.77737262196064));
#8496=CARTESIAN_POINT('',(-28.028895507507,-19.0245985342158,-2.90825759536576));
#8497=CARTESIAN_POINT('',(-26.161995507507,-19.0245985342158,-1.77737262196064));
#8498=CARTESIAN_POINT('',(-28.6562006153593,-19.0245985342158,-1.77737262196064));
#8499=CARTESIAN_POINT('',(-28.6562006153593,-19.0245985342158,0.000627378039366744));
#8500=CARTESIAN_POINT('',(-28.6562006153593,-19.0245985342158,-1.98057262196064));
#8501=CARTESIAN_POINT('',(-28.6562006153593,-19.0245985342158,-1.98057262196064));
#8502=CARTESIAN_POINT('',(-28.6910717234466,-19.0245985342158,-2.18320415938521));
#8503=CARTESIAN_POINT('',(-28.5785795613326,-19.0245985342158,-2.60595506955329));
#8504=CARTESIAN_POINT('',(-28.2270706597246,-19.0245985342158,-2.84126779664011));
#8505=CARTESIAN_POINT('',(-28.028895507507,-19.0245985342158,-2.90825759536576));
#8506=CARTESIAN_POINT('',(-24.2862641107414,-19.0245985342158,6.50313043379234));
#8507=CARTESIAN_POINT('',(-26.5887903996547,-19.0245985342158,0.000627378039366744));
#8508=CARTESIAN_POINT('',(-26.5887903996547,-19.0245985342158,-1.77737262196064));
#8509=CARTESIAN_POINT('',(-26.5887903996547,-19.0245985342158,-1.98057262196064));
#8510=CARTESIAN_POINT('',(-26.161995507507,-19.0245985342158,-1.77737262196064));
#8511=CARTESIAN_POINT('',(-27.216095507507,-19.0245985342158,-1.77737262196064));
#8512=CARTESIAN_POINT('',(-27.216095507507,-19.0245985342158,-0.888372621960634));
#8513=CARTESIAN_POINT('',(-27.216095507507,-19.0245985342158,-2.90825759536538));
#8514=CARTESIAN_POINT('',(-27.216095507507,-19.0245985342158,-2.90825759536538));
#8515=CARTESIAN_POINT('',(-27.017352372294,-19.0245985342158,-2.84107579947949));
#8516=CARTESIAN_POINT('',(-26.6697817264138,-19.0245985342158,-2.60950312253817));
#8517=CARTESIAN_POINT('',(-26.5536872618476,-19.0245985342158,-2.18455245433244));
#8518=CARTESIAN_POINT('',(-26.5887903996547,-19.0245985342158,-1.98057262196064));
#8519=CARTESIAN_POINT('',(-24.2862641107414,-15.9765985342158,6.50313043379234));
#8520=CARTESIAN_POINT('',(-28.6562006153593,-15.9765985342158,0.000627378039366744));
#8521=CARTESIAN_POINT('',(-28.6562006153593,-15.9765985342158,-1.77737262196064));
#8522=CARTESIAN_POINT('',(-28.6562006153593,-15.9765985342158,-1.98057262196064));
#8523=CARTESIAN_POINT('',(-26.161995507507,-15.9765985342158,-1.77737262196064));
#8524=CARTESIAN_POINT('',(-28.028895507507,-15.9765985342158,-1.77737262196064));
#8525=CARTESIAN_POINT('',(-28.028895507507,-15.9765985342158,-0.888372621960634));
#8526=CARTESIAN_POINT('',(-28.028895507507,-15.9765985342158,-2.90825759536538));
#8527=CARTESIAN_POINT('',(-28.028895507507,-15.9765985342158,-2.90825759536538));
#8528=CARTESIAN_POINT('',(-28.227638642725,-15.9765985342158,-2.8410757994778));
#8529=CARTESIAN_POINT('',(-28.5752092885976,-15.9765985342158,-2.60950312253927));
#8530=CARTESIAN_POINT('',(-28.6913037531663,-15.9765985342158,-2.18455245433201));
#8531=CARTESIAN_POINT('',(-28.6562006153593,-15.9765985342158,-1.98057262196064));
#8532=CARTESIAN_POINT('',(-24.2862641107414,-15.9765985342158,6.50313043379234));
#8533=CARTESIAN_POINT('',(-27.216095507507,-15.9765985342158,-0.888372621960634));
#8534=CARTESIAN_POINT('',(-27.216095507507,-15.9765985342158,-1.77737262196064));
#8535=CARTESIAN_POINT('',(-27.216095507507,-15.9765985342158,-2.90825759536575));
#8536=CARTESIAN_POINT('',(-26.161995507507,-15.9765985342158,-1.77737262196064));
#8537=CARTESIAN_POINT('',(-26.5887903996547,-15.9765985342158,-1.77737262196064));
#8538=CARTESIAN_POINT('',(-26.5887903996547,-15.9765985342158,0.000627378039366744));
#8539=CARTESIAN_POINT('',(-26.5887903996547,-15.9765985342158,-1.98057262196064));
#8540=CARTESIAN_POINT('',(-26.5887903996547,-15.9765985342158,-1.98057262196064));
#8541=CARTESIAN_POINT('',(-26.5539192915686,-15.9765985342158,-2.18320415937766));
#8542=CARTESIAN_POINT('',(-26.6664114536815,-15.9765985342158,-2.60595506955731));
#8543=CARTESIAN_POINT('',(-27.0179203552879,-15.9765985342158,-2.84126779663962));
#8544=CARTESIAN_POINT('',(-27.216095507507,-15.9765985342158,-2.90825759536575));
#8545=CARTESIAN_POINT('',(29.8643207659217,15.9766014657842,6.50313043379234));
#8546=CARTESIAN_POINT('',(27.216104492493,15.9766014657842,-0.888372621960634));
#8547=CARTESIAN_POINT('',(27.216104492493,15.9766014657842,-1.77737262196064));
#8548=CARTESIAN_POINT('',(27.216104492493,15.9766014657842,-2.90825759536575));
#8549=CARTESIAN_POINT('',(26.162004492493,15.9766014657842,-1.77737262196064));
#8550=CARTESIAN_POINT('',(26.5887993846407,15.9766014657842,-1.77737262196064));
#8551=CARTESIAN_POINT('',(26.5887993846407,15.9766014657842,0.000627378039366744));
#8552=CARTESIAN_POINT('',(26.5887993846407,15.9766014657842,-1.98057262196064));
#8553=CARTESIAN_POINT('',(26.5887993846407,15.9766014657842,-1.98057262196064));
#8554=CARTESIAN_POINT('',(26.5539282765555,15.9766014657842,-2.18320415937223));
#8555=CARTESIAN_POINT('',(26.6664204386622,15.9766014657842,-2.60595506955838));
#8556=CARTESIAN_POINT('',(27.0179293402835,15.9766014657842,-2.84126779664288));
#8557=CARTESIAN_POINT('',(27.216104492493,15.9766014657842,-2.90825759536575));
#8558=CARTESIAN_POINT('',(29.8643207659217,15.9766014657842,6.50313043379234));
#8559=CARTESIAN_POINT('',(28.6562096003453,15.9766014657842,0.000627378039366744));
#8560=CARTESIAN_POINT('',(28.6562096003453,15.9766014657842,-1.77737262196064));
#8561=CARTESIAN_POINT('',(28.6562096003453,15.9766014657842,-1.98057262196064));
#8562=CARTESIAN_POINT('',(26.162004492493,15.9766014657842,-1.77737262196064));
#8563=CARTESIAN_POINT('',(28.028904492493,15.9766014657842,-1.77737262196064));
#8564=CARTESIAN_POINT('',(28.028904492493,15.9766014657842,-0.888372621960634));
#8565=CARTESIAN_POINT('',(28.028904492493,15.9766014657842,-2.90825759536537));
#8566=CARTESIAN_POINT('',(28.028904492493,15.9766014657842,-2.90825759536537));
#8567=CARTESIAN_POINT('',(28.2276476277125,15.9766014657842,-2.8410757994773));
#8568=CARTESIAN_POINT('',(28.5752182735827,15.9766014657842,-2.60950312253789));
#8569=CARTESIAN_POINT('',(28.6913127381529,15.9766014657842,-2.18455245433524));
#8570=CARTESIAN_POINT('',(28.6562096003453,15.9766014657842,-1.98057262196064));
#8571=CARTESIAN_POINT('',(29.8643207659217,19.0246014657842,6.50313043379234));
#8572=CARTESIAN_POINT('',(26.5887993846407,19.0246014657842,0.000627378039366744));
#8573=CARTESIAN_POINT('',(26.5887993846407,19.0246014657842,-1.77737262196064));
#8574=CARTESIAN_POINT('',(26.5887993846407,19.0246014657842,-1.98057262196064));
#8575=CARTESIAN_POINT('',(26.162004492493,19.0246014657842,-1.77737262196064));
#8576=CARTESIAN_POINT('',(27.216104492493,19.0246014657842,-1.77737262196064));
#8577=CARTESIAN_POINT('',(27.216104492493,19.0246014657842,-0.888372621960634));
#8578=CARTESIAN_POINT('',(27.216104492493,19.0246014657842,-2.90825759536539));
#8579=CARTESIAN_POINT('',(27.216104492493,19.0246014657842,-2.90825759536539));
#8580=CARTESIAN_POINT('',(27.0173613572836,19.0246014657842,-2.84107579948075));
#8581=CARTESIAN_POINT('',(26.6697907113971,19.0246014657842,-2.60950312254273));
#8582=CARTESIAN_POINT('',(26.5536962468353,19.0246014657842,-2.18455245432219));
#8583=CARTESIAN_POINT('',(26.5887993846407,19.0246014657842,-1.98057262196064));
#8584=CARTESIAN_POINT('',(29.8643207659217,19.0246014657842,6.50313043379234));
#8585=CARTESIAN_POINT('',(28.028904492493,19.0246014657842,-0.888372621960634));
#8586=CARTESIAN_POINT('',(28.028904492493,19.0246014657842,-1.77737262196064));
#8587=CARTESIAN_POINT('',(28.028904492493,19.0246014657842,-2.90825759536577));
#8588=CARTESIAN_POINT('',(26.162004492493,19.0246014657842,-1.77737262196064));
#8589=CARTESIAN_POINT('',(28.6562096003454,19.0246014657842,-1.77737262196064));
#8590=CARTESIAN_POINT('',(28.6562096003454,19.0246014657842,0.000627378039366744));
#8591=CARTESIAN_POINT('',(28.6562096003454,19.0246014657842,-1.98057262196064));
#8592=CARTESIAN_POINT('',(28.6562096003454,19.0246014657842,-1.98057262196064));
#8593=CARTESIAN_POINT('',(28.6910807084304,19.0246014657842,-2.18320415937163));
#8594=CARTESIAN_POINT('',(28.5785885463135,19.0246014657842,-2.60595506956217));
#8595=CARTESIAN_POINT('',(28.2270796447231,19.0246014657842,-2.84126779663591));
#8596=CARTESIAN_POINT('',(28.028904492493,19.0246014657842,-2.90825759536577));
#8597=CARTESIAN_POINT('',(27.216104492493,14.9606014657842,-0.888372621960634));
#8598=CARTESIAN_POINT('',(27.622504492493,17.5006014657842,-0.888372621960634));
#8599=CARTESIAN_POINT('',(27.216104492493,18.9034198039877,-0.888372621960634));
#8600=CARTESIAN_POINT('',(28.028904492493,18.9034198039877,-0.888372621960634));
#8601=CARTESIAN_POINT('',(28.028904492493,20.5486014657842,-0.888372621960634));
#8602=CARTESIAN_POINT('',(28.028904492493,16.0977831275807,-0.888372621960634));
#8603=CARTESIAN_POINT('',(27.622504492493,17.5006014657842,-0.888372621960634));
#8604=CARTESIAN_POINT('',(27.216104492493,16.0977831275807,-0.888372621960634));
#8605=CARTESIAN_POINT('',(27.216104492493,20.5486014657842,-0.888372621960634));
#8606=CARTESIAN_POINT('',(28.028904492493,20.5486014657842,-0.888372621960634));
#8607=CARTESIAN_POINT('',(28.028904492493,17.1653727419839,-3.42837262196063));
#8608=CARTESIAN_POINT('',(28.028904492493,16.9166014482965,-3.42837262196063));
#8609=CARTESIAN_POINT('',(28.028904492493,16.4969985067797,-3.36273682890919));
#8610=CARTESIAN_POINT('',(28.028904492493,16.1163522151645,-3.08540911640661));
#8611=CARTESIAN_POINT('',(28.028904492493,15.9766014657842,-2.90825759536537));
#8612=CARTESIAN_POINT('',(28.028904492493,17.1653727419839,-3.42837262196063));
#8613=CARTESIAN_POINT('',(28.028904492493,17.5006014657842,-1.77737262196064));
#8614=CARTESIAN_POINT('',(28.028904492493,16.0977831275807,-1.77737262196064));
#8615=CARTESIAN_POINT('',(28.028904492493,16.0977831275807,0.000627378039366744));
#8616=CARTESIAN_POINT('',(28.028904492493,18.9034198039877,0.000627378039366744));
#8617=CARTESIAN_POINT('',(28.028904492493,18.9034198039877,-1.77737262196064));
#8618=CARTESIAN_POINT('',(28.028904492493,17.5006014657842,-1.77737262196064));
#8619=CARTESIAN_POINT('',(28.028904492493,19.0246014657842,-2.90825759536577));
#8620=CARTESIAN_POINT('',(28.028904492493,18.7510636329218,-3.25500094642901));
#8621=CARTESIAN_POINT('',(28.028904492493,18.3548065408552,-3.42837262196063));
#8622=CARTESIAN_POINT('',(28.028904492493,17.8358301895845,-3.42837262196063));
#8623=CARTESIAN_POINT('',(28.028904492493,17.8358301895845,-3.42837262196063));
#8624=CARTESIAN_POINT('',(28.028904492493,20.5486014657842,-3.42837262196063));
#8625=CARTESIAN_POINT('',(27.216104492493,20.5486014657842,-0.888372621960634));
#8626=CARTESIAN_POINT('',(27.216104492493,17.5006014657842,-1.77737262196064));
#8627=CARTESIAN_POINT('',(27.216104492493,16.0977831275807,-1.77737262196064));
#8628=CARTESIAN_POINT('',(27.216104492493,15.9766014657842,-2.90825759536575));
#8629=CARTESIAN_POINT('',(27.216104492493,16.2501392986468,-3.25500094642901));
#8630=CARTESIAN_POINT('',(27.216104492493,16.6463963907133,-3.42837262196063));
#8631=CARTESIAN_POINT('',(27.216104492493,17.1653727419839,-3.42837262196063));
#8632=CARTESIAN_POINT('',(27.216104492493,17.1653727419839,-3.42837262196063));
#8633=CARTESIAN_POINT('',(27.216104492493,20.5486014657842,-3.42837262196063));
#8634=CARTESIAN_POINT('',(27.216104492493,17.8358301895845,-3.42837262196063));
#8635=CARTESIAN_POINT('',(27.216104492493,17.8358301895845,-3.42837262196063));
#8636=CARTESIAN_POINT('',(27.216104492493,18.0846014832603,-3.42837262196063));
#8637=CARTESIAN_POINT('',(27.216104492493,18.5042044247838,-3.36273682891046));
#8638=CARTESIAN_POINT('',(27.216104492493,18.884850716399,-3.08540911641288));
#8639=CARTESIAN_POINT('',(27.216104492493,19.0246014657842,-2.90825759536539));
#8640=CARTESIAN_POINT('',(27.216104492493,17.5006014657842,-1.77737262196064));
#8641=CARTESIAN_POINT('',(27.216104492493,18.9034198039877,-1.77737262196064));
#8642=CARTESIAN_POINT('',(27.216104492493,18.9034198039877,0.000627378039366744));
#8643=CARTESIAN_POINT('',(27.216104492493,16.0977831275807,0.000627378039366744));
#8644=CARTESIAN_POINT('',(-28.028895507507,-14.9605985342158,-0.888372621960634));
#8645=CARTESIAN_POINT('',(-27.216095507507,-20.5485985342158,-0.888372621960634));
#8646=CARTESIAN_POINT('',(-27.216095507507,-16.0977801960123,-0.888372621960634));
#8647=CARTESIAN_POINT('',(-27.216095507507,-18.9034168724193,-0.888372621960634));
#8648=CARTESIAN_POINT('',(-27.622495507507,-17.5005985342158,-0.888372621960634));
#8649=CARTESIAN_POINT('',(-28.028895507507,-18.9034168724193,-0.888372621960634));
#8650=CARTESIAN_POINT('',(-28.028895507507,-20.5485985342158,-0.888372621960634));
#8651=CARTESIAN_POINT('',(-28.028895507507,-16.0977801960123,-0.888372621960634));
#8652=CARTESIAN_POINT('',(-27.622495507507,-17.5005985342158,-0.888372621960634));
#8653=CARTESIAN_POINT('',(-27.216095507507,-20.5485985342158,-0.888372621960634));
#8654=CARTESIAN_POINT('',(-27.216095507507,-17.8358272580161,-3.42837262196063));
#8655=CARTESIAN_POINT('',(-27.216095507507,-18.0845985517118,-3.42837262196063));
#8656=CARTESIAN_POINT('',(-27.216095507507,-18.5042014932152,-3.36273682890548));
#8657=CARTESIAN_POINT('',(-27.216095507507,-18.8848477848305,-3.08540911641288));
#8658=CARTESIAN_POINT('',(-27.216095507507,-19.0245985342158,-2.90825759536538));
#8659=CARTESIAN_POINT('',(-27.216095507507,-17.8358272580161,-3.42837262196063));
#8660=CARTESIAN_POINT('',(-27.216095507507,-17.5005985342158,-1.77737262196064));
#8661=CARTESIAN_POINT('',(-27.216095507507,-18.9034168724193,-1.77737262196064));
#8662=CARTESIAN_POINT('',(-27.216095507507,-18.9034168724193,0.000627378039366744));
#8663=CARTESIAN_POINT('',(-27.216095507507,-16.0977801960123,0.000627378039366744));
#8664=CARTESIAN_POINT('',(-27.216095507507,-16.0977801960123,-1.77737262196064));
#8665=CARTESIAN_POINT('',(-27.216095507507,-17.5005985342158,-1.77737262196064));
#8666=CARTESIAN_POINT('',(-27.216095507507,-15.9765985342158,-2.90825759536575));
#8667=CARTESIAN_POINT('',(-27.216095507507,-16.2501363670782,-3.25500094642901));
#8668=CARTESIAN_POINT('',(-27.216095507507,-16.6463934591448,-3.42837262196063));
#8669=CARTESIAN_POINT('',(-27.216095507507,-17.1653698104155,-3.42837262196063));
#8670=CARTESIAN_POINT('',(-27.216095507507,-17.1653698104155,-3.42837262196063));
#8671=CARTESIAN_POINT('',(-27.216095507507,-20.5485985342158,-3.42837262196063));
#8672=CARTESIAN_POINT('',(-28.028895507507,-20.5485985342158,-0.888372621960634));
#8673=CARTESIAN_POINT('',(-28.028895507507,-17.5005985342158,-1.77737262196064));
#8674=CARTESIAN_POINT('',(-28.028895507507,-18.9034168724193,-1.77737262196064));
#8675=CARTESIAN_POINT('',(-28.028895507507,-19.0245985342158,-2.90825759536576));
#8676=CARTESIAN_POINT('',(-28.028895507507,-18.7510607013533,-3.25500094642901));
#8677=CARTESIAN_POINT('',(-28.028895507507,-18.3548036092867,-3.42837262196063));
#8678=CARTESIAN_POINT('',(-28.028895507507,-17.8358272580161,-3.42837262196063));
#8679=CARTESIAN_POINT('',(-28.028895507507,-17.8358272580161,-3.42837262196063));
#8680=CARTESIAN_POINT('',(-28.028895507507,-20.5485985342158,-3.42837262196063));
#8681=CARTESIAN_POINT('',(-28.028895507507,-17.1653698104155,-3.42837262196063));
#8682=CARTESIAN_POINT('',(-28.028895507507,-17.1653698104155,-3.42837262196063));
#8683=CARTESIAN_POINT('',(-28.028895507507,-16.916598516723,-3.42837262196063));
#8684=CARTESIAN_POINT('',(-28.028895507507,-16.4969955752148,-3.36273682890675));
#8685=CARTESIAN_POINT('',(-28.028895507507,-16.1163492835996,-3.08540911641109));
#8686=CARTESIAN_POINT('',(-28.028895507507,-15.9765985342158,-2.90825759536538));
#8687=CARTESIAN_POINT('',(-28.028895507507,-17.5005985342158,-1.77737262196064));
#8688=CARTESIAN_POINT('',(-28.028895507507,-16.0977801960123,-1.77737262196064));
#8689=CARTESIAN_POINT('',(-28.028895507507,-16.0977801960123,0.000627378039366744));
#8690=CARTESIAN_POINT('',(-28.028895507507,-18.9034168724193,0.000627378039366744));
#8691=CARTESIAN_POINT('',(27.622504492493,17.5006014657842,0.000627378039366744));
#8692=CARTESIAN_POINT('',(27.622504492493,17.5006014657842,-1.77737262196064));
#8693=CARTESIAN_POINT('',(27.622504492493,17.5006014657842,-1.77737262196064));
#8694=CARTESIAN_POINT('',(26.162004492493,17.5006014657842,-1.77737262196064));
#8695=CARTESIAN_POINT('',(27.622504492493,17.5006014657842,-1.77737262196064));
#8696=CARTESIAN_POINT('',(27.622504492493,17.5006014657842,0.000627378039366744));
#8697=CARTESIAN_POINT('',(27.622504492493,17.5006014657842,-1.98057262196064));
#8698=CARTESIAN_POINT('',(27.622504492493,17.5006014657842,-2.10757262196063));
#8699=CARTESIAN_POINT('',(27.622504492493,17.5006014657842,-3.42837262196063));
#8700=CARTESIAN_POINT('',(27.622504492493,17.5006014657842,-3.42837262196063));
#8701=CARTESIAN_POINT('',(-27.622495507507,-17.5005985342158,0.000627378039366744));
#8702=CARTESIAN_POINT('',(-27.622495507507,-17.5005985342158,-1.77737262196064));
#8703=CARTESIAN_POINT('',(-27.622495507507,-17.5005985342158,-1.77737262196064));
#8704=CARTESIAN_POINT('',(-26.161995507507,-17.5005985342158,-1.77737262196064));
#8705=CARTESIAN_POINT('',(-27.622495507507,-17.5005985342158,-1.77737262196064));
#8706=CARTESIAN_POINT('',(-27.622495507507,-17.5005985342158,0.000627378039366744));
#8707=CARTESIAN_POINT('',(-27.622495507507,-17.5005985342158,-1.98057262196064));
#8708=CARTESIAN_POINT('',(-27.622495507507,-17.5005985342158,-2.10757262196063));
#8709=CARTESIAN_POINT('',(-27.622495507507,-17.5005985342158,-3.42837262196063));
#8710=CARTESIAN_POINT('',(-27.622495507507,-17.5005985342158,-3.42837262196063));
#8711=CARTESIAN_POINT('',(-25.806395507507,9.56310146578423,7.11262737803937));
#8712=CARTESIAN_POINT('',(-25.806395507507,9.56310146578423,7.11262737803937));
#8713=CARTESIAN_POINT('',(-25.806395507507,18.325816171285,12.5736273780394));
#8714=CARTESIAN_POINT('',(-25.806395507507,19.8882014657842,7.11262737803937));
#8715=CARTESIAN_POINT('',(-25.806395507507,18.4784652833746,7.11262737803937));
#8716=CARTESIAN_POINT('',(-25.806395507507,18.4784652833746,7.11262737803937));
#8717=CARTESIAN_POINT('',(-25.806395507507,9.56310146578423,9.14462737803937));
#8718=CARTESIAN_POINT('',(-25.806395507507,18.0773862910963,12.4792472834351));
#8719=CARTESIAN_POINT('',(-25.806395507507,18.0773862910963,12.4792472834351));
#8720=CARTESIAN_POINT('',(-13.106395507507,9.56310146578423,7.11262737803937));
#8721=CARTESIAN_POINT('',(-13.106395507507,9.56310146578423,7.11262737803937));
#8722=CARTESIAN_POINT('',(-13.106395507507,18.325816171285,12.5736273780394));
#8723=CARTESIAN_POINT('',(-13.106395507507,19.8882014657842,7.11262737803937));
#8724=CARTESIAN_POINT('',(-13.106395507507,18.0773862910963,12.4792472834351));
#8725=CARTESIAN_POINT('',(-13.106395507507,18.0773862910963,12.4792472834351));
#8726=CARTESIAN_POINT('',(-13.106395507507,9.56310146578423,9.14462737803937));
#8727=CARTESIAN_POINT('',(-13.106395507507,18.4784652833746,7.11262737803937));
#8728=CARTESIAN_POINT('',(-13.106395507507,18.4784652833746,7.11262737803937));
#8729=CARTESIAN_POINT('',(-13.106395507507,18.0773862910963,12.4792472834351));
#8730=CARTESIAN_POINT('',(-13.106395507507,18.0773862910963,12.4792472834351));
#8731=CARTESIAN_POINT('',(-13.106395507507,18.325816171285,12.5736273780394));
#8732=CARTESIAN_POINT('',(-13.106395507507,9.56310146578423,7.11262737803937));
#8733=CARTESIAN_POINT('',(-13.106395507507,19.8882014657842,7.11262737803937));
#8734=CARTESIAN_POINT('',(25.857204492493,-9.56309853421578,9.14462737803937));
#8735=CARTESIAN_POINT('',(25.857204492493,-9.56309853421578,9.14462737803937));
#8736=CARTESIAN_POINT('',(25.857204492493,-18.0710710226942,12.4953198639733));
#8737=CARTESIAN_POINT('',(25.857204492493,-18.4784623518062,7.11262737803937));
#8738=CARTESIAN_POINT('',(25.857204492493,-18.0710710226942,12.4953198639733));
#8739=CARTESIAN_POINT('',(25.857204492493,-18.3258132397166,12.5736273780394));
#8740=CARTESIAN_POINT('',(25.857204492493,-9.56309853421577,7.11262737803937));
#8741=CARTESIAN_POINT('',(25.857204492493,-19.8881985342158,7.11262737803937));
#8742=CARTESIAN_POINT('',(25.857204492493,-18.4784623518062,7.11262737803937));
#8743=CARTESIAN_POINT('',(13.157204492493,-9.56309853421578,9.14462737803937));
#8744=CARTESIAN_POINT('',(13.157204492493,-9.56309853421578,9.14462737803937));
#8745=CARTESIAN_POINT('',(13.157204492493,-18.0710710226942,12.4953198639733));
#8746=CARTESIAN_POINT('',(13.157204492493,-18.4784623518062,7.11262737803937));
#8747=CARTESIAN_POINT('',(13.157204492493,-18.4784623518062,7.11262737803937));
#8748=CARTESIAN_POINT('',(13.157204492493,-19.8881985342158,7.11262737803937));
#8749=CARTESIAN_POINT('',(13.157204492493,-9.56309853421577,7.11262737803937));
#8750=CARTESIAN_POINT('',(13.157204492493,-18.3258132397166,12.5736273780394));
#8751=CARTESIAN_POINT('',(13.157204492493,-18.0710710226942,12.4953198639733));
#8752=CARTESIAN_POINT('',(13.157204492493,-18.0710710226942,12.4953198639733));
#8753=CARTESIAN_POINT('',(13.157204492493,-18.0710710226942,12.4953198639733));
#8754=CARTESIAN_POINT('',(13.157204492493,-18.3258132397166,12.5736273780394));
#8755=CARTESIAN_POINT('',(13.157204492493,-9.56309853421577,7.11262737803937));
#8756=CARTESIAN_POINT('',(13.157204492493,-19.8881985342158,7.11262737803937));
#8757=CARTESIAN_POINT('',(-25.806395507507,-9.56309853421578,7.11262737803937));
#8758=CARTESIAN_POINT('',(-25.806395507507,-9.56309853421578,7.11262737803937));
#8759=CARTESIAN_POINT('',(-25.806395507507,-18.3258132397166,12.5736273780394));
#8760=CARTESIAN_POINT('',(-25.806395507507,-19.8881985342158,7.11262737803937));
#8761=CARTESIAN_POINT('',(-25.806395507507,-18.0773833595278,12.4792472834351));
#8762=CARTESIAN_POINT('',(-25.806395507507,-18.0773833595278,12.4792472834351));
#8763=CARTESIAN_POINT('',(-25.806395507507,-9.56309853421578,9.14462737803937));
#8764=CARTESIAN_POINT('',(-25.806395507507,-18.4784623518062,7.11262737803937));
#8765=CARTESIAN_POINT('',(-25.806395507507,-18.4784623518062,7.11262737803937));
#8766=CARTESIAN_POINT('',(-13.106395507507,-9.56309853421578,7.11262737803937));
#8767=CARTESIAN_POINT('',(-13.106395507507,-9.56309853421578,7.11262737803937));
#8768=CARTESIAN_POINT('',(-13.106395507507,-18.3258132397166,12.5736273780394));
#8769=CARTESIAN_POINT('',(-13.106395507507,-19.8881985342158,7.11262737803937));
#8770=CARTESIAN_POINT('',(-13.106395507507,-18.4784623518062,7.11262737803937));
#8771=CARTESIAN_POINT('',(-13.106395507507,-18.4784623518062,7.11262737803937));
#8772=CARTESIAN_POINT('',(-13.106395507507,-9.56309853421578,9.14462737803937));
#8773=CARTESIAN_POINT('',(-13.106395507507,-18.0773833595278,12.4792472834351));
#8774=CARTESIAN_POINT('',(-13.106395507507,-18.0773833595278,12.4792472834351));
#8775=CARTESIAN_POINT('',(-13.106395507507,-18.0773833595278,12.4792472834351));
#8776=CARTESIAN_POINT('',(-13.106395507507,-18.3258132397166,12.5736273780394));
#8777=CARTESIAN_POINT('',(-13.106395507507,-18.0773833595278,12.4792472834351));
#8778=CARTESIAN_POINT('',(-13.106395507507,-9.56309853421578,7.11262737803937));
#8779=CARTESIAN_POINT('',(-13.106395507507,-19.8881985342158,7.11262737803937));
#8780=CARTESIAN_POINT('',(25.857204492493,9.56310146578423,9.14462737803937));
#8781=CARTESIAN_POINT('',(25.857204492493,9.56310146578423,9.14462737803937));
#8782=CARTESIAN_POINT('',(25.857204492493,18.0710739542627,12.4953198639733));
#8783=CARTESIAN_POINT('',(25.857204492493,18.4784652833746,7.11262737803937));
#8784=CARTESIAN_POINT('',(25.857204492493,18.4784652833746,7.11262737803937));
#8785=CARTESIAN_POINT('',(25.857204492493,19.8882014657842,7.11262737803937));
#8786=CARTESIAN_POINT('',(25.857204492493,9.56310146578422,7.11262737803937));
#8787=CARTESIAN_POINT('',(25.857204492493,18.325816171285,12.5736273780394));
#8788=CARTESIAN_POINT('',(25.857204492493,18.0710739542627,12.4953198639733));
#8789=CARTESIAN_POINT('',(13.157204492493,9.56310146578423,9.14462737803937));
#8790=CARTESIAN_POINT('',(13.157204492493,9.56310146578423,9.14462737803937));
#8791=CARTESIAN_POINT('',(13.157204492493,18.0710739542627,12.4953198639733));
#8792=CARTESIAN_POINT('',(13.157204492493,18.4784652833746,7.11262737803937));
#8793=CARTESIAN_POINT('',(13.157204492493,18.0710739542627,12.4953198639733));
#8794=CARTESIAN_POINT('',(13.157204492493,18.325816171285,12.5736273780394));
#8795=CARTESIAN_POINT('',(13.157204492493,9.56310146578422,7.11262737803937));
#8796=CARTESIAN_POINT('',(13.157204492493,19.8882014657842,7.11262737803937));
#8797=CARTESIAN_POINT('',(13.157204492493,18.4784652833746,7.11262737803937));
#8798=CARTESIAN_POINT('',(13.157204492493,9.56310146578422,7.11262737803937));
#8799=CARTESIAN_POINT('',(13.157204492493,19.8882014657842,7.11262737803937));
#8800=CARTESIAN_POINT('',(13.157204492493,18.325816171285,12.5736273780394));
#8801=CARTESIAN_POINT('',(13.157204492493,18.0710739542627,12.4953198639733));
#8802=CARTESIAN_POINT('',(13.157204492493,18.0710739542627,12.4953198639733));
#8803=CARTESIAN_POINT('',(33.426404492493,-13.6905985342158,0.991227378039368));
#8804=CARTESIAN_POINT('',(33.426404492493,-5.43559853421577,0.991227378039368));
#8805=CARTESIAN_POINT('',(33.426404492493,-13.6905985342158,0.991227378039368));
#8806=CARTESIAN_POINT('',(33.426404492493,-5.43559853421577,0.991227378039368));
#8807=CARTESIAN_POINT('',(33.426404492493,-13.6905985342158,0.991227378039368));
#8808=CARTESIAN_POINT('',(34.442404492493,-13.6905985342158,0.991227378039368));
#8809=CARTESIAN_POINT('',(34.442404492493,-5.43559853421578,0.991227378039368));
#8810=CARTESIAN_POINT('',(34.442404492493,-5.43559853421578,0.991227378039368));
#8811=CARTESIAN_POINT('',(34.442404492493,-5.43559853421578,0.991227378039368));
#8812=CARTESIAN_POINT('',(33.426404492493,-5.43559853421577,0.991227378039368));
#8813=CARTESIAN_POINT('',(33.426404492493,-5.43559853421577,0.000627378039366744));
#8814=CARTESIAN_POINT('',(33.426404492493,-13.6905985342158,0.000627378039366744));
#8815=CARTESIAN_POINT('',(33.426404492493,-5.43559853421578,0.000627378039366744));
#8816=CARTESIAN_POINT('',(33.426404492493,-13.6905985342158,0.991227378039368));
#8817=CARTESIAN_POINT('',(33.426404492493,-13.6905985342158,0.985186236024796));
#8818=CARTESIAN_POINT('',(33.426404492493,-13.6905985342158,0.991227378039368));
#8819=CARTESIAN_POINT('',(33.426404492493,-5.43559853421577,0.991227378039368));
#8820=CARTESIAN_POINT('',(33.426404492493,-5.43559853421577,0.985186236024796));
#8821=CARTESIAN_POINT('',(33.426404492493,-5.43559853421578,0.000627378039366744));
#8822=CARTESIAN_POINT('',(34.442404492493,-5.43559853421578,0.991227378039368));
#8823=CARTESIAN_POINT('',(34.442404492493,-5.43559853421578,0.985186236024796));
#8824=CARTESIAN_POINT('',(34.442404492493,-5.43559853421578,0.985186236024796));
#8825=CARTESIAN_POINT('',(34.442404492493,-5.43559853421578,0.991227378039368));
#8826=CARTESIAN_POINT('',(33.426404492493,-13.6905985342158,0.991227378039368));
#8827=CARTESIAN_POINT('',(34.442404492493,-13.6905985342158,0.985186236024796));
#8828=CARTESIAN_POINT('',(34.442404492493,-13.6905985342158,0.985186236024796));
#8829=CARTESIAN_POINT('',(34.442404492493,-13.6905985342158,0.991227378039368));
#8830=CARTESIAN_POINT('',(33.426404492493,5.43560146578423,0.991227378039368));
#8831=CARTESIAN_POINT('',(34.442404492493,5.43560146578424,0.991227378039368));
#8832=CARTESIAN_POINT('',(34.442404492493,5.43560146578424,0.991227378039368));
#8833=CARTESIAN_POINT('',(33.426404492493,5.43560146578423,0.991227378039368));
#8834=CARTESIAN_POINT('',(34.442404492493,5.43560146578424,0.991227378039368));
#8835=CARTESIAN_POINT('',(34.442404492493,13.6906014657842,0.991227378039368));
#8836=CARTESIAN_POINT('',(33.426404492493,13.6906014657842,0.991227378039368));
#8837=CARTESIAN_POINT('',(33.426404492493,13.6906014657842,0.991227378039368));
#8838=CARTESIAN_POINT('',(33.426404492493,5.43560146578423,0.991227378039368));
#8839=CARTESIAN_POINT('',(33.426404492493,5.43560146578423,0.991227378039368));
#8840=CARTESIAN_POINT('',(33.426404492493,5.43560146578423,0.000627378039366744));
#8841=CARTESIAN_POINT('',(33.426404492493,5.43560146578423,0.000627378039366744));
#8842=CARTESIAN_POINT('',(33.426404492493,13.6906014657842,0.000627378039366744));
#8843=CARTESIAN_POINT('',(33.426404492493,5.43560146578423,0.991227378039368));
#8844=CARTESIAN_POINT('',(33.426404492493,5.43560146578423,0.985186236024796));
#8845=CARTESIAN_POINT('',(33.426404492493,5.43560146578423,0.991227378039368));
#8846=CARTESIAN_POINT('',(33.426404492493,13.6906014657842,0.991227378039368));
#8847=CARTESIAN_POINT('',(33.426404492493,13.6906014657842,0.985186236024796));
#8848=CARTESIAN_POINT('',(33.426404492493,13.6906014657842,0.000627378039366744));
#8849=CARTESIAN_POINT('',(34.442404492493,5.43560146578424,0.991227378039368));
#8850=CARTESIAN_POINT('',(34.442404492493,5.43560146578423,0.985186236024796));
#8851=CARTESIAN_POINT('',(34.442404492493,5.43560146578424,0.985186236024789));
#8852=CARTESIAN_POINT('',(34.442404492493,5.43560146578424,0.991227378039368));
#8853=CARTESIAN_POINT('',(33.426404492493,13.6906014657842,0.991227378039368));
#8854=CARTESIAN_POINT('',(34.442404492493,13.6906014657842,0.985186236024796));
#8855=CARTESIAN_POINT('',(34.442404492493,13.6906014657842,0.985186236024796));
#8856=CARTESIAN_POINT('',(34.442404492493,13.6906014657842,0.991227378039368));
#8857=CARTESIAN_POINT('',(-33.426395507507,13.6906014657842,0.991227378039368));
#8858=CARTESIAN_POINT('',(-33.426395507507,5.43560146578424,0.991227378039368));
#8859=CARTESIAN_POINT('',(-33.426395507507,13.6906014657842,0.991227378039368));
#8860=CARTESIAN_POINT('',(-33.426395507507,5.43560146578424,0.991227378039368));
#8861=CARTESIAN_POINT('',(-33.426395507507,13.6906014657842,0.991227378039368));
#8862=CARTESIAN_POINT('',(-34.442395507507,13.6906014657842,0.991227378039368));
#8863=CARTESIAN_POINT('',(-34.442395507507,5.43560146578424,0.991227378039368));
#8864=CARTESIAN_POINT('',(-34.442395507507,5.43560146578424,0.991227378039368));
#8865=CARTESIAN_POINT('',(-34.442395507507,5.43560146578424,0.991227378039368));
#8866=CARTESIAN_POINT('',(-33.426395507507,5.43560146578424,0.991227378039368));
#8867=CARTESIAN_POINT('',(-33.426395507507,5.43560146578424,0.000627378039366744));
#8868=CARTESIAN_POINT('',(-33.426395507507,13.6906014657842,0.000627378039366744));
#8869=CARTESIAN_POINT('',(-33.426395507507,5.43560146578423,0.000627378039366744));
#8870=CARTESIAN_POINT('',(-33.426395507507,13.6906014657842,0.991227378039368));
#8871=CARTESIAN_POINT('',(-33.426395507507,13.6906014657842,0.985186236024796));
#8872=CARTESIAN_POINT('',(-33.426395507507,13.6906014657842,0.991227378039368));
#8873=CARTESIAN_POINT('',(-33.426395507507,5.43560146578424,0.991227378039368));
#8874=CARTESIAN_POINT('',(-33.426395507507,5.43560146578424,0.985186236024796));
#8875=CARTESIAN_POINT('',(-33.426395507507,5.43560146578424,0.991227378039368));
#8876=CARTESIAN_POINT('',(-34.442395507507,5.43560146578424,0.991227378039368));
#8877=CARTESIAN_POINT('',(34.442404492493,5.43560146578423,0.985186236024796));
#8878=CARTESIAN_POINT('',(-34.442395507507,5.43560146578424,0.985186236024796));
#8879=CARTESIAN_POINT('',(-34.442395507507,5.43560146578424,0.991227378039368));
#8880=CARTESIAN_POINT('',(-33.426395507507,13.6906014657842,0.991227378039368));
#8881=CARTESIAN_POINT('',(34.442404492493,13.6906014657842,0.985186236024796));
#8882=CARTESIAN_POINT('',(-34.442395507507,13.6906014657842,0.985186236024796));
#8883=CARTESIAN_POINT('',(-34.442395507507,13.6906014657842,0.991227378039368));
#8884=CARTESIAN_POINT('',(-33.426395507507,-5.43559853421577,0.991227378039368));
#8885=CARTESIAN_POINT('',(-34.442395507507,-5.43559853421577,0.991227378039368));
#8886=CARTESIAN_POINT('',(-34.442395507507,-5.43559853421577,0.991227378039368));
#8887=CARTESIAN_POINT('',(-33.426395507507,-5.43559853421577,0.991227378039368));
#8888=CARTESIAN_POINT('',(-34.442395507507,-5.43559853421577,0.991227378039368));
#8889=CARTESIAN_POINT('',(-34.442395507507,-13.6905985342158,0.991227378039368));
#8890=CARTESIAN_POINT('',(-33.426395507507,-13.6905985342158,0.991227378039368));
#8891=CARTESIAN_POINT('',(-33.426395507507,-13.6905985342158,0.991227378039368));
#8892=CARTESIAN_POINT('',(-33.426395507507,-5.43559853421577,0.991227378039368));
#8893=CARTESIAN_POINT('',(-33.426395507507,-5.43559853421577,0.991227378039368));
#8894=CARTESIAN_POINT('',(-33.426395507507,-5.43559853421577,0.000627378039366744));
#8895=CARTESIAN_POINT('',(-33.426395507507,-5.43559853421577,0.000627378039366744));
#8896=CARTESIAN_POINT('',(-33.426395507507,-13.6905985342158,0.000627378039366744));
#8897=CARTESIAN_POINT('',(-33.426395507507,-5.43559853421577,0.991227378039368));
#8898=CARTESIAN_POINT('',(-33.426395507507,-5.43559853421577,0.985186236024796));
#8899=CARTESIAN_POINT('',(-33.426395507507,-5.43559853421577,0.991227378039368));
#8900=CARTESIAN_POINT('',(-33.426395507507,-13.6905985342158,0.991227378039368));
#8901=CARTESIAN_POINT('',(-33.426395507507,-13.6905985342158,0.985186236024796));
#8902=CARTESIAN_POINT('',(-33.426395507507,-13.6905985342158,0.991227378039368));
#8903=CARTESIAN_POINT('',(-33.426395507507,-13.6905985342158,0.991227378039368));
#8904=CARTESIAN_POINT('',(34.442404492493,-13.6905985342158,0.985186236024796));
#8905=CARTESIAN_POINT('',(-34.442395507507,-13.6905985342158,0.985186236024796));
#8906=CARTESIAN_POINT('',(-34.442395507507,-13.6905985342158,0.991227378039368));
#8907=CARTESIAN_POINT('',(-34.442395507507,-5.43559853421577,0.991227378039368));
#8908=CARTESIAN_POINT('',(34.442404492493,-5.43559853421531,0.985186236025032));
#8909=CARTESIAN_POINT('',(-34.442395507507,-5.43559853421577,0.985186236024796));
#8910=CARTESIAN_POINT('',(-34.442395507507,-5.43559853421577,0.991227378039368));
#8911=CARTESIAN_POINT('',(27.622504492493,1.46578423010357E-6,-4.0948137639752));
#8912=CARTESIAN_POINT('',(27.622504492493,1.46578423010357E-6,0.000627378039359805));
#8913=CARTESIAN_POINT('',(27.622504492493,-1.58749853421577,0.000627378039359805));
#8914=CARTESIAN_POINT('',(27.622504492493,1.46578423010357E-6,0.985186236024803));
#8915=CARTESIAN_POINT('',(27.622504492493,-1.58749853421577,0.985186236024803));
#8916=CARTESIAN_POINT('',(-27.622495507507,1.46578423704247E-6,-4.0948137639752));
#8917=CARTESIAN_POINT('',(-27.622495507507,1.46578423010357E-6,0.000627378039359805));
#8918=CARTESIAN_POINT('',(-27.622495507507,-1.58749853421577,0.000627378039359805));
#8919=CARTESIAN_POINT('',(-27.622495507507,1.46578423010357E-6,0.985186236024803));
#8920=CARTESIAN_POINT('',(-27.622495507507,-1.58749853421577,0.985186236024803));
#8921=CARTESIAN_POINT('',(30.797504492493,-3.17499853421577,0.985186236024803));
#8922=CARTESIAN_POINT('',(24.447504492493,-3.17499853421577,0.985186236024803));
#8923=CARTESIAN_POINT('',(24.447504492493,-3.17499853421577,0.985186236024803));
#8924=CARTESIAN_POINT('',(30.797504492493,-3.17499853421577,0.985186236024803));
#8925=CARTESIAN_POINT('',(30.797504492493,3.17500146578422,0.98518623602481));
#8926=CARTESIAN_POINT('',(30.797504492493,3.17500146578422,0.98518623602481));
#8927=CARTESIAN_POINT('',(24.447504492493,3.17500146578422,0.98518623602481));
#8928=CARTESIAN_POINT('',(24.447504492493,3.17500146578422,0.98518623602481));
#8929=CARTESIAN_POINT('',(24.447504492493,-3.17499853421577,0.985186236024803));
#8930=CARTESIAN_POINT('',(30.797504492493,3.17500146578422,0.98518623602481));
#8931=CARTESIAN_POINT('',(30.797504492493,-0.647734716625374,7.11262737803937));
#8932=CARTESIAN_POINT('',(30.797504492493,0.647737648193827,7.11262737803936));
#8933=CARTESIAN_POINT('',(30.797504492493,-0.647734716625374,7.11262737803937));
#8934=CARTESIAN_POINT('',(30.797504492493,9.56310146578422,9.14462737803937));
#8935=CARTESIAN_POINT('',(30.797504492493,3.17500146578421,2.60208090208675));
#8936=CARTESIAN_POINT('',(30.797504492493,3.17500146578422,0.98518623602481));
#8937=CARTESIAN_POINT('',(30.797504492493,-3.17499853421577,0.985186236024803));
#8938=CARTESIAN_POINT('',(30.797504492493,-3.17499853421577,2.60208090208675));
#8939=CARTESIAN_POINT('',(30.797504492493,-9.56309853421578,9.14462737803937));
#8940=CARTESIAN_POINT('',(24.447504492493,-3.17499853421577,0.985186236024803));
#8941=CARTESIAN_POINT('',(24.447504492493,-3.17499853421577,0.985186236024803));
#8942=CARTESIAN_POINT('',(24.447504492493,-3.17499853421577,2.60208090208675));
#8943=CARTESIAN_POINT('',(24.447504492493,3.17500146578422,0.98518623602481));
#8944=CARTESIAN_POINT('',(24.447504492493,3.17500146578422,2.60208090208675));
#8945=CARTESIAN_POINT('',(24.447504492493,9.56310146578422,9.14462737803937));
#8946=CARTESIAN_POINT('',(24.447504492493,0.647737648193827,7.11262737803936));
#8947=CARTESIAN_POINT('',(24.447504492493,-0.647734716625374,7.11262737803937));
#8948=CARTESIAN_POINT('',(24.447504492493,-0.647734716625374,7.11262737803936));
#8949=CARTESIAN_POINT('',(24.447504492493,-9.56309853421578,9.14462737803937));
#8950=CARTESIAN_POINT('',(24.447504492493,3.17500146578422,0.98518623602481));
#8951=CARTESIAN_POINT('',(34.442404492493,3.17500146578422,2.60208090208675));
#8952=CARTESIAN_POINT('',(24.447504492493,-3.17499853421577,0.985186236024803));
#8953=CARTESIAN_POINT('',(34.442404492493,-3.17499853421577,2.60208090208675));
#8954=CARTESIAN_POINT('',(-24.447495507507,-3.17499853421577,0.985186236024803));
#8955=CARTESIAN_POINT('',(-30.797495507507,-3.17499853421577,0.985186236024803));
#8956=CARTESIAN_POINT('',(-30.797495507507,-3.17499853421577,0.985186236024803));
#8957=CARTESIAN_POINT('',(-24.447495507507,-3.17499853421577,0.985186236024803));
#8958=CARTESIAN_POINT('',(-24.447495507507,3.17500146578423,0.98518623602481));
#8959=CARTESIAN_POINT('',(-24.447495507507,3.17500146578423,0.98518623602481));
#8960=CARTESIAN_POINT('',(-30.797495507507,3.17500146578423,0.98518623602481));
#8961=CARTESIAN_POINT('',(-30.797495507507,3.17500146578423,0.98518623602481));
#8962=CARTESIAN_POINT('',(-30.797495507507,-3.17499853421577,0.985186236024803));
#8963=CARTESIAN_POINT('',(-24.447495507507,3.17500146578423,0.98518623602481));
#8964=CARTESIAN_POINT('',(-24.447495507507,-0.647734716625367,7.11262737803937));
#8965=CARTESIAN_POINT('',(-24.447495507507,0.647737648193834,7.11262737803936));
#8966=CARTESIAN_POINT('',(-24.447495507507,-0.647734716625367,7.11262737803937));
#8967=CARTESIAN_POINT('',(-24.447495507507,9.56310146578423,9.14462737803937));
#8968=CARTESIAN_POINT('',(-24.447495507507,3.17500146578423,2.60208090208675));
#8969=CARTESIAN_POINT('',(-24.447495507507,3.17500146578423,0.98518623602481));
#8970=CARTESIAN_POINT('',(-24.447495507507,-3.17499853421577,0.985186236024803));
#8971=CARTESIAN_POINT('',(-24.447495507507,-3.17499853421577,2.60208090208675));
#8972=CARTESIAN_POINT('',(-24.447495507507,-9.56309853421578,9.14462737803937));
#8973=CARTESIAN_POINT('',(-30.797495507507,-3.17499853421577,0.985186236024803));
#8974=CARTESIAN_POINT('',(-30.797495507507,-3.17499853421577,0.985186236024803));
#8975=CARTESIAN_POINT('',(-30.797495507507,-3.17499853421577,2.60208090208674));
#8976=CARTESIAN_POINT('',(-30.797495507507,3.17500146578423,0.98518623602481));
#8977=CARTESIAN_POINT('',(-30.797495507507,3.17500146578423,2.60208090208675));
#8978=CARTESIAN_POINT('',(-30.797495507507,9.56310146578423,9.14462737803937));
#8979=CARTESIAN_POINT('',(-30.797495507507,0.647737648193834,7.11262737803936));
#8980=CARTESIAN_POINT('',(-30.797495507507,-0.647734716625367,7.11262737803937));
#8981=CARTESIAN_POINT('',(-30.797495507507,-0.647734716625367,7.11262737803936));
#8982=CARTESIAN_POINT('',(-30.797495507507,-9.56309853421578,9.14462737803937));
#8983=CARTESIAN_POINT('',(-30.797495507507,3.17500146578423,0.98518623602481));
#8984=CARTESIAN_POINT('',(34.442404492493,3.17500146578422,2.60208090208675));
#8985=CARTESIAN_POINT('',(-30.797495507507,-3.17499853421577,0.985186236024803));
#8986=CARTESIAN_POINT('',(34.442404492493,-3.17499853421577,2.60208090208675));
#8987=CARTESIAN_POINT('',(20.9634787769287,17.2436871124473,3.65433169747802));
#8988=CARTESIAN_POINT('',(20.9634787769287,17.5111567449342,3.89375305429141));
#8989=CARTESIAN_POINT('',(20.9634787769287,17.5111567449342,3.89375305429141));
#8990=CARTESIAN_POINT('',(20.9634787769287,17.2436871124473,3.65433169747802));
#8991=CARTESIAN_POINT('',(20.9634787769287,17.2436871124473,3.65433169747802));
#8992=CARTESIAN_POINT('',(22.3096326230825,17.2436871124473,3.65433169747802));
#8993=CARTESIAN_POINT('',(22.3096326230825,17.2436871124473,3.65433169747802));
#8994=CARTESIAN_POINT('',(22.3096326230825,17.5111567449342,3.89375305429141));
#8995=CARTESIAN_POINT('',(22.3096326230825,17.5111567449342,3.89375305429141));
#8996=CARTESIAN_POINT('',(22.3096326230825,17.0029336105213,4.46151466416614));
#8997=CARTESIAN_POINT('',(34.442404492493,17.2474072289347,4.18840089628812));
#8998=CARTESIAN_POINT('',(22.3096326230825,17.2474072289347,4.18840089628812));
#8999=CARTESIAN_POINT('',(20.9634787769287,17.2474072289347,4.18840089628812));
#9000=CARTESIAN_POINT('',(20.9634787769287,17.0029336105213,4.46151466416614));
#9001=CARTESIAN_POINT('',(22.3096326230825,17.0029336105213,4.46151466416614));
#9002=CARTESIAN_POINT('',(22.3096326230825,16.7354639780344,4.22209330735275));
#9003=CARTESIAN_POINT('',(22.3096326230825,9.56310146578422,9.14462737803937));
#9004=CARTESIAN_POINT('',(22.3096326230825,17.0404575557818,3.88136965079708));
#9005=CARTESIAN_POINT('',(22.3096326230825,16.7354639780344,4.22209330735275));
#9006=CARTESIAN_POINT('',(20.9634787769287,16.7354639780344,4.22209330735275));
#9007=CARTESIAN_POINT('',(34.442404492493,17.0404575557818,3.88136965079708));
#9008=CARTESIAN_POINT('',(20.9634787769287,17.0404575557818,3.88136965079708));
#9009=CARTESIAN_POINT('',(20.9634787769287,16.7354639780344,4.22209330735275));
#9010=CARTESIAN_POINT('',(20.9634787769287,17.0029336105213,4.46151466416614));
#9011=CARTESIAN_POINT('',(20.9634787769287,9.56310146578422,9.14462737803937));
#9012=CARTESIAN_POINT('',(-20.836008127503,17.2597912727716,3.66874709065495));
#9013=CARTESIAN_POINT('',(-21.8680594095543,17.2597912727716,3.66874709065495));
#9014=CARTESIAN_POINT('',(-21.8680594095543,17.2597912727716,3.66874709065495));
#9015=CARTESIAN_POINT('',(-20.836008127503,17.2597912727716,3.66874709065495));
#9016=CARTESIAN_POINT('',(-20.836008127503,17.2597912727716,3.66874709065495));
#9017=CARTESIAN_POINT('',(-20.836008127503,16.4908160793717,2.98041068981645));
#9018=CARTESIAN_POINT('',(-20.836008127503,16.4908160793717,2.98041068981645));
#9019=CARTESIAN_POINT('',(-20.5219055634004,16.4908160793717,2.98041068981645));
#9020=CARTESIAN_POINT('',(-20.5219055634004,16.4908160793717,2.98041068981645));
#9021=CARTESIAN_POINT('',(-20.5219055634004,17.2597912727716,3.66874709065495));
#9022=CARTESIAN_POINT('',(-20.5219055634004,17.2597912727716,3.66874709065495));
#9023=CARTESIAN_POINT('',(-19.4898542813491,17.2597912727716,3.66874709065495));
#9024=CARTESIAN_POINT('',(-19.4898542813491,17.2597912727716,3.66874709065495));
#9025=CARTESIAN_POINT('',(-19.4898542813491,17.4938272011977,3.87824077786667));
#9026=CARTESIAN_POINT('',(-19.4898542813491,17.4938272011977,3.87824077786667));
#9027=CARTESIAN_POINT('',(-20.5219055634004,17.4938272011977,3.87824077786667));
#9028=CARTESIAN_POINT('',(-20.5219055634004,17.4938272011977,3.87824077786667));
#9029=CARTESIAN_POINT('',(-20.5219055634004,18.2628023945975,4.56657717870516));
#9030=CARTESIAN_POINT('',(-20.5219055634004,18.2628023945975,4.56657717870516));
#9031=CARTESIAN_POINT('',(-20.836008127503,18.2628023945975,4.56657717870516));
#9032=CARTESIAN_POINT('',(-20.836008127503,18.2628023945975,4.56657717870516));
#9033=CARTESIAN_POINT('',(-20.836008127503,17.4938272011977,3.87824077786667));
#9034=CARTESIAN_POINT('',(-20.836008127503,17.4938272011977,3.87824077786667));
#9035=CARTESIAN_POINT('',(-21.8680594095543,17.4938272011977,3.87824077786667));
#9036=CARTESIAN_POINT('',(-21.8680594095543,17.4938272011977,3.87824077786667));
#9037=CARTESIAN_POINT('',(-21.8680594095543,16.9856040667848,4.44600238774139));
#9038=CARTESIAN_POINT('',(-21.8680594095543,9.56310146578423,9.14462737803937));
#9039=CARTESIAN_POINT('',(-21.8680594095543,17.2343127556975,4.16815740972781));
#9040=CARTESIAN_POINT('',(-21.8680594095543,17.0532084081512,3.89953119284833));
#9041=CARTESIAN_POINT('',(-21.8680594095543,16.7515681383587,4.23650870052968));
#9042=CARTESIAN_POINT('',(-21.8680594095543,16.9856040667848,4.44600238774139));
#9043=CARTESIAN_POINT('',(-20.836008127503,16.9856040667848,4.44600238774139));
#9044=CARTESIAN_POINT('',(34.442404492493,17.2343127556975,4.16815740972781));
#9045=CARTESIAN_POINT('',(-20.836008127503,17.2343127556975,4.16815740972781));
#9046=CARTESIAN_POINT('',(-20.836008127503,16.9856040667848,4.44600238774139));
#9047=CARTESIAN_POINT('',(-20.836008127503,17.7545792601847,5.13433878857989));
#9048=CARTESIAN_POINT('',(-20.836008127503,9.56310146578423,9.14462737803937));
#9049=CARTESIAN_POINT('',(-20.836008127503,17.7715214233721,5.11541184646584));
#9050=CARTESIAN_POINT('',(-20.836008127503,17.7545792601847,5.13433878857989));
#9051=CARTESIAN_POINT('',(-20.5219055634004,17.7545792601847,5.13433878857989));
#9052=CARTESIAN_POINT('',(34.442404492493,17.7715214233721,5.11541184646584));
#9053=CARTESIAN_POINT('',(-20.5219055634004,17.7715214233721,5.11541184646584));
#9054=CARTESIAN_POINT('',(-20.5219055634004,17.7545792601847,5.13433878857989));
#9055=CARTESIAN_POINT('',(-20.5219055634004,16.9856040667848,4.44600238774139));
#9056=CARTESIAN_POINT('',(-20.5219055634004,9.56310146578423,9.14462737803937));
#9057=CARTESIAN_POINT('',(-20.5219055634004,17.2343127556975,4.16815740972781));
#9058=CARTESIAN_POINT('',(-20.5219055634004,16.9856040667848,4.44600238774139));
#9059=CARTESIAN_POINT('',(-19.4898542813491,16.9856040667848,4.44600238774139));
#9060=CARTESIAN_POINT('',(34.442404492493,17.2343127556975,4.16815740972781));
#9061=CARTESIAN_POINT('',(-19.4898542813491,17.2343127556975,4.16815740972781));
#9062=CARTESIAN_POINT('',(-19.4898542813491,16.9856040667848,4.44600238774139));
#9063=CARTESIAN_POINT('',(-19.4898542813491,16.7515681383587,4.23650870052968));
#9064=CARTESIAN_POINT('',(-19.4898542813491,9.56310146578423,9.14462737803937));
#9065=CARTESIAN_POINT('',(-19.4898542813491,17.0532084081512,3.89953119284833));
#9066=CARTESIAN_POINT('',(-19.4898542813491,16.7515681383587,4.23650870052968));
#9067=CARTESIAN_POINT('',(-20.5219055634004,16.7515681383587,4.23650870052968));
#9068=CARTESIAN_POINT('',(34.442404492493,17.0532084081512,3.89953119284833));
#9069=CARTESIAN_POINT('',(-20.5219055634004,17.0532084081512,3.89953119284833));
#9070=CARTESIAN_POINT('',(-20.5219055634004,16.7515681383587,4.23650870052968));
#9071=CARTESIAN_POINT('',(-20.5219055634004,15.9825929449588,3.54817229969118));
#9072=CARTESIAN_POINT('',(-20.5219055634004,9.56310146578423,9.14462737803937));
#9073=CARTESIAN_POINT('',(-20.5219055634004,16.4041307864803,3.07725118784172));
#9074=CARTESIAN_POINT('',(-20.5219055634004,15.9825929449588,3.54817229969118));
#9075=CARTESIAN_POINT('',(-20.836008127503,15.9825929449588,3.54817229969118));
#9076=CARTESIAN_POINT('',(34.442404492493,16.4041307864803,3.07725118784172));
#9077=CARTESIAN_POINT('',(-20.836008127503,16.4041307864803,3.07725118784172));
#9078=CARTESIAN_POINT('',(-20.836008127503,15.9825929449588,3.54817229969118));
#9079=CARTESIAN_POINT('',(-20.836008127503,16.7515681383587,4.23650870052968));
#9080=CARTESIAN_POINT('',(-20.836008127503,9.56310146578423,9.14462737803937));
#9081=CARTESIAN_POINT('',(-20.836008127503,17.0532084081512,3.89953119284833));
#9082=CARTESIAN_POINT('',(-20.836008127503,16.7515681383587,4.23650870052968));
#9083=CARTESIAN_POINT('',(-21.8680594095543,16.7515681383587,4.23650870052968));
#9084=CARTESIAN_POINT('',(34.442404492493,17.0532084081512,3.89953119284833));
#9085=CARTESIAN_POINT('',(37.269270875255,17.5180567724661,13.8944273780394));
#9086=CARTESIAN_POINT('',(38.2851161335339,-17.861785201018,13.9121590229797));
#9087=CARTESIAN_POINT('',(38.2748723506294,-17.6597110561742,14.4990249525321));
#9088=CARTESIAN_POINT('',(37.8562262009465,-17.5180538408977,14.9104273780394));
#9089=CARTESIAN_POINT('',(37.269270875255,-17.5180538408977,14.9104273780394));
#9090=CARTESIAN_POINT('',(38.2851161335339,-17.861785201018,13.9121590229797));
#9091=CARTESIAN_POINT('',(37.269270875255,-17.5180538408977,14.9104273780394));
#9092=CARTESIAN_POINT('',(38.2851161335339,-17.5180538408977,13.9121590229797));
#9093=CARTESIAN_POINT('',(38.2851161335339,-11.4680985342158,13.9121590229797));
#9094=CARTESIAN_POINT('',(37.269270875255,-11.4680985342158,13.8944273780394));
#9095=CARTESIAN_POINT('',(37.269270875255,-11.4680985342158,14.9104273780394));
#9096=CARTESIAN_POINT('',(37.269270875255,-11.4680985342158,14.9104273780394));
#9097=CARTESIAN_POINT('',(37.269270875255,17.5180567724661,13.8944273780394));
#9098=CARTESIAN_POINT('',(37.269270875255,-7.65809853421577,13.8944273780394));
#9099=CARTESIAN_POINT('',(38.2851161335339,-7.65809853421577,13.9121590229797));
#9100=CARTESIAN_POINT('',(37.269270875255,-7.65809853421577,14.9104273780394));
#9101=CARTESIAN_POINT('',(38.2851161335339,-7.65809853421577,13.9121590229797));
#9102=CARTESIAN_POINT('',(38.2851161335339,7.65810146578422,13.9121590229797));
#9103=CARTESIAN_POINT('',(37.269270875255,7.65810146578422,13.8944273780394));
#9104=CARTESIAN_POINT('',(37.269270875255,7.65810146578422,14.9104273780394));
#9105=CARTESIAN_POINT('',(37.269270875255,7.65810146578422,14.9104273780394));
#9106=CARTESIAN_POINT('',(37.269270875255,17.5180567724661,13.8944273780394));
#9107=CARTESIAN_POINT('',(37.269270875255,11.4681014657842,13.8944273780394));
#9108=CARTESIAN_POINT('',(38.2851161335339,11.4681014657842,13.9121590229797));
#9109=CARTESIAN_POINT('',(37.269270875255,11.4681014657842,14.9104273780394));
#9110=CARTESIAN_POINT('',(38.2851161335339,11.4681014657842,13.9121590229797));
#9111=CARTESIAN_POINT('',(38.2851161335339,17.8617881325864,13.9121590229797));
#9112=CARTESIAN_POINT('',(37.269270875255,17.5180567724661,14.9104273780394));
#9113=CARTESIAN_POINT('',(37.8562262009465,17.5180567724661,14.9104273780394));
#9114=CARTESIAN_POINT('',(38.2748723506294,17.6597139877426,14.4990249525321));
#9115=CARTESIAN_POINT('',(38.2851161335339,17.8617881325864,13.9121590229797));
#9116=CARTESIAN_POINT('',(37.269270875255,17.5180567724661,14.9104273780394));
#9117=CARTESIAN_POINT('',(37.269270875255,17.5180567724661,14.9104273780394));
#9118=CARTESIAN_POINT('',(-37.2692618902689,17.5180567724661,13.8944273780394));
#9119=CARTESIAN_POINT('',(-37.2692618902689,-11.4680985342158,13.8944273780394));
#9120=CARTESIAN_POINT('',(-38.2851071485478,-11.4680985342158,13.9121590229797));
#9121=CARTESIAN_POINT('',(-37.2692618902689,-11.4680985342158,14.9104273780394));
#9122=CARTESIAN_POINT('',(-38.2851071485478,17.5180567724661,13.9121590229797));
#9123=CARTESIAN_POINT('',(-38.2851071485478,-17.861785201018,13.9121590229797));
#9124=CARTESIAN_POINT('',(-37.2692618902689,-17.5180538408977,14.9104273780394));
#9125=CARTESIAN_POINT('',(-37.8562172159604,-17.5180538408977,14.9104273780394));
#9126=CARTESIAN_POINT('',(-38.2748633656433,-17.6597110561742,14.4990249525321));
#9127=CARTESIAN_POINT('',(-38.2851071485478,-17.861785201018,13.9121590229797));
#9128=CARTESIAN_POINT('',(-37.2692618902689,-17.5180538408977,14.9104273780394));
#9129=CARTESIAN_POINT('',(-37.2692618902689,17.5180567724661,14.9104273780394));
#9130=CARTESIAN_POINT('',(-37.2692618902689,17.5180567724661,13.8944273780394));
#9131=CARTESIAN_POINT('',(-37.2692618902689,7.65810146578424,13.8944273780394));
#9132=CARTESIAN_POINT('',(-38.2851071485478,7.65810146578424,13.9121590229797));
#9133=CARTESIAN_POINT('',(-37.2692618902689,7.65810146578424,14.9104273780394));
#9134=CARTESIAN_POINT('',(-38.2851071485478,17.5180567724661,13.9121590229797));
#9135=CARTESIAN_POINT('',(-38.2851071485478,-7.65809853421578,13.9121590229797));
#9136=CARTESIAN_POINT('',(-37.2692618902689,-7.65809853421578,13.8944273780394));
#9137=CARTESIAN_POINT('',(-37.2692618902689,-7.65809853421578,14.9104273780394));
#9138=CARTESIAN_POINT('',(-37.2692618902689,17.5180567724661,14.9104273780394));
#9139=CARTESIAN_POINT('',(-37.2692618902689,17.5180567724661,13.8944273780394));
#9140=CARTESIAN_POINT('',(-38.2851071485478,17.8617881325864,13.9121590229797));
#9141=CARTESIAN_POINT('',(-38.2748633656433,17.6597139877427,14.4990249525321));
#9142=CARTESIAN_POINT('',(-37.8562172159604,17.5180567724661,14.9104273780394));
#9143=CARTESIAN_POINT('',(-37.2692618902689,17.5180567724661,14.9104273780394));
#9144=CARTESIAN_POINT('',(-38.2851071485478,17.8617881325864,13.9121590229797));
#9145=CARTESIAN_POINT('',(-37.2692618902689,17.5180567724661,14.9104273780394));
#9146=CARTESIAN_POINT('',(-38.2851071485478,17.5180567724661,13.9121590229797));
#9147=CARTESIAN_POINT('',(-38.2851071485478,11.4681014657842,13.9121590229797));
#9148=CARTESIAN_POINT('',(-37.2692618902689,11.4681014657842,13.8944273780394));
#9149=CARTESIAN_POINT('',(-37.2692618902689,11.4681014657842,14.9104273780394));
#9150=CARTESIAN_POINT('',(-37.2692618902689,17.5180567724661,14.9104273780394));
#9151=CARTESIAN_POINT('',(38.557204492493,-17.5180538408977,-1.67577262196063));
#9152=CARTESIAN_POINT('',(38.557204492493,-11.4680985342158,-1.67577262196063));
#9153=CARTESIAN_POINT('',(38.5279428216473,-11.4680985342158,0.000627378039366744));
#9154=CARTESIAN_POINT('',(38.5265260065269,-22.6239608637308,0.0817966619260091));
#9155=CARTESIAN_POINT('',(38.3878414885074,-19.8881985342158,8.02702737803937));
#9156=CARTESIAN_POINT('',(38.557204492493,-19.8881985342158,-1.67577262196063));
#9157=CARTESIAN_POINT('',(38.5279428216473,-19.8881985342158,0.000627378039366744));
#9158=CARTESIAN_POINT('',(38.5279428216473,-17.5180538408977,0.000627378039366744));
#9159=CARTESIAN_POINT('',(38.557204492493,-17.5180538408977,-1.67577262196063));
#9160=CARTESIAN_POINT('',(38.557204492493,7.65810146578422,-1.67577262196063));
#9161=CARTESIAN_POINT('',(38.5279428216473,7.65810146578422,0.000627378039373683));
#9162=CARTESIAN_POINT('',(38.557204492493,-7.65809853421577,-1.67577262196063));
#9163=CARTESIAN_POINT('',(38.5279428216473,-7.65809853421577,0.000627378039366744));
#9164=CARTESIAN_POINT('',(38.5279428216473,-17.5180538408977,0.000627378039366744));
#9165=CARTESIAN_POINT('',(38.557204492493,-17.5180538408977,-1.67577262196063));
#9166=CARTESIAN_POINT('',(38.3383210480253,18.9113357164806,10.864051513196));
#9167=CARTESIAN_POINT('',(38.3878414885074,19.8882014657842,8.02702737803937));
#9168=CARTESIAN_POINT('',(38.557204492493,11.4681014657842,-1.67577262196063));
#9169=CARTESIAN_POINT('',(38.5279428216473,11.4681014657842,0.000627378039373683));
#9170=CARTESIAN_POINT('',(38.5279428216473,-17.5180538408977,0.000627378039366744));
#9171=CARTESIAN_POINT('',(38.5279428216473,19.8882014657842,0.000627378039366744));
#9172=CARTESIAN_POINT('',(38.557204492493,19.8882014657842,-1.67577262196063));
#9173=CARTESIAN_POINT('',(-38.2676823095945,17.5180567724661,14.9104273780394));
#9174=CARTESIAN_POINT('',(-38.3878786228883,-19.8891083086336,8.02438520127884));
#9175=CARTESIAN_POINT('',(-38.3878325035214,-19.8881985342158,8.02702737803937));
#9176=CARTESIAN_POINT('',(-38.2676823095945,-11.4680985342158,14.9104273780394));
#9177=CARTESIAN_POINT('',(-38.5279338366613,-11.4680985342158,0.000627378039366744));
#9178=CARTESIAN_POINT('',(-38.5279338366613,17.5180567724661,0.000627378039352866));
#9179=CARTESIAN_POINT('',(-38.5279338366613,-19.8881985342158,0.000627378039366744));
#9180=CARTESIAN_POINT('',(-38.2676823095945,-19.8881985342158,14.9104273780394));
#9181=CARTESIAN_POINT('',(-38.2676823095945,17.5180567724661,14.9104273780394));
#9182=CARTESIAN_POINT('',(-38.2676823095945,-7.65809853421578,14.9104273780394));
#9183=CARTESIAN_POINT('',(-38.5279338366613,-7.65809853421576,0.000627378039366744));
#9184=CARTESIAN_POINT('',(-38.2676823095945,7.65810146578424,14.9104273780394));
#9185=CARTESIAN_POINT('',(-38.5279338366613,7.65810146578424,0.000627378039366744));
#9186=CARTESIAN_POINT('',(-38.5279338366613,17.5180567724661,0.000627378039352866));
#9187=CARTESIAN_POINT('',(-38.2676823095945,17.5180567724661,14.9104273780394));
#9188=CARTESIAN_POINT('',(-38.2676823095945,11.4681014657842,14.9104273780394));
#9189=CARTESIAN_POINT('',(-38.5279338366613,11.4681014657842,0.000627378039373683));
#9190=CARTESIAN_POINT('',(-38.3878786228883,19.8891112402021,8.02438520127884));
#9191=CARTESIAN_POINT('',(-38.3878325035214,19.8882014657842,8.02702737803937));
#9192=CARTESIAN_POINT('',(-38.2676823095945,19.8882014657842,14.9104273780394));
#9193=CARTESIAN_POINT('',(-38.5279338366613,19.8882014657842,0.000627378039366744));
#9194=CARTESIAN_POINT('',(-38.5279338366613,17.5180567724661,0.000627378039352866));
#9195=CARTESIAN_POINT('',(-18.2100507760454,-17.3900094520673,3.65697437707704));
#9196=CARTESIAN_POINT('',(-18.2100507760454,-17.1689860820216,3.37411175972593));
#9197=CARTESIAN_POINT('',(-18.2100507760454,-17.1689860820216,3.37411175972593));
#9198=CARTESIAN_POINT('',(-18.2100507760454,-17.3900094520673,3.65697437707704));
#9199=CARTESIAN_POINT('',(-19.5562046221993,-17.1689860820216,3.37411175972593));
#9200=CARTESIAN_POINT('',(-19.5562046221993,-17.1689860820216,3.37411175972593));
#9201=CARTESIAN_POINT('',(-19.5562046221993,-17.3900094520673,3.65697437707704));
#9202=CARTESIAN_POINT('',(-19.5562046221993,-17.3900094520673,3.65697437707704));
#9203=CARTESIAN_POINT('',(-18.2100507760454,-17.3900094520673,3.65697437707704));
#9204=CARTESIAN_POINT('',(-19.5562046221993,-17.1689860820216,3.37411175972593));
#9205=CARTESIAN_POINT('',(34.442404492493,-16.8512680419426,3.62237048192882));
#9206=CARTESIAN_POINT('',(-18.2100507760454,-16.8512680419426,3.62237048192882));
#9207=CARTESIAN_POINT('',(-19.5562046221993,-16.8512680419426,3.62237048192882));
#9208=CARTESIAN_POINT('',(-19.5562046221993,-17.1689860820216,3.37411175972593));
#9209=CARTESIAN_POINT('',(-18.2100507760454,-17.1689860820216,3.37411175972593));
#9210=CARTESIAN_POINT('',(-19.5562046221993,-17.3900094520673,3.65697437707704));
#9211=CARTESIAN_POINT('',(-19.5562046221993,-9.56309853421578,9.14462737803937));
#9212=CARTESIAN_POINT('',(-19.5562046221993,-17.0625247697064,3.91286456437556));
#9213=CARTESIAN_POINT('',(-19.5562046221993,-17.3900094520673,3.65697437707704));
#9214=CARTESIAN_POINT('',(-18.2100507760454,-17.3900094520673,3.65697437707704));
#9215=CARTESIAN_POINT('',(34.442404492493,-17.0625247697064,3.91286456437556));
#9216=CARTESIAN_POINT('',(-18.2100507760454,-17.0625247697064,3.91286456437556));
#9217=CARTESIAN_POINT('',(-18.2100507760454,-17.3900094520673,3.65697437707704));
#9218=CARTESIAN_POINT('',(-18.2100507760454,-17.1689860820216,3.37411175972593));
#9219=CARTESIAN_POINT('',(-18.2100507760454,-9.56309853421578,9.14462737803937));
#9220=CARTESIAN_POINT('',(20.5104264352187,-17.6641121469622,4.00776717190667));
#9221=CARTESIAN_POINT('',(21.54247771727,-17.6641121469622,4.00776717190667));
#9222=CARTESIAN_POINT('',(21.54247771727,-17.6641121469622,4.00776717190667));
#9223=CARTESIAN_POINT('',(20.5104264352187,-17.6641121469622,4.00776717190667));
#9224=CARTESIAN_POINT('',(21.54247771727,-17.4707166981722,3.76026238172444));
#9225=CARTESIAN_POINT('',(21.54247771727,-17.4707166981722,3.76026238172444));
#9226=CARTESIAN_POINT('',(20.5104264352187,-17.4707166981722,3.76026238172444));
#9227=CARTESIAN_POINT('',(20.5104264352187,-17.4707166981722,3.76026238172444));
#9228=CARTESIAN_POINT('',(20.5104264352187,-16.835274509291,2.94703235683998));
#9229=CARTESIAN_POINT('',(20.5104264352187,-16.835274509291,2.94703235683998));
#9230=CARTESIAN_POINT('',(20.1963238711161,-16.835274509291,2.94703235683998));
#9231=CARTESIAN_POINT('',(20.1963238711161,-16.835274509291,2.94703235683998));
#9232=CARTESIAN_POINT('',(20.1963238711161,-17.4707166981722,3.76026238172444));
#9233=CARTESIAN_POINT('',(20.1963238711161,-17.4707166981722,3.76026238172444));
#9234=CARTESIAN_POINT('',(19.1642725890648,-17.4707166981722,3.76026238172444));
#9235=CARTESIAN_POINT('',(19.1642725890648,-17.4707166981722,3.76026238172444));
#9236=CARTESIAN_POINT('',(19.1642725890648,-17.6641121469622,4.00776717190667));
#9237=CARTESIAN_POINT('',(19.1642725890648,-17.6641121469622,4.00776717190667));
#9238=CARTESIAN_POINT('',(20.1963238711161,-17.6641121469622,4.00776717190667));
#9239=CARTESIAN_POINT('',(20.1963238711161,-17.6641121469622,4.00776717190667));
#9240=CARTESIAN_POINT('',(20.1963238711161,-18.2995543358434,4.82099719679112));
#9241=CARTESIAN_POINT('',(20.1963238711161,-18.2995543358434,4.82099719679112));
#9242=CARTESIAN_POINT('',(20.5104264352187,-18.2995543358434,4.82099719679112));
#9243=CARTESIAN_POINT('',(20.5104264352187,-18.2995543358434,4.82099719679112));
#9244=CARTESIAN_POINT('',(20.5104264352187,-17.6641121469622,4.00776717190667));
#9245=CARTESIAN_POINT('',(21.54247771727,-17.4707166981722,3.76026238172444));
#9246=CARTESIAN_POINT('',(21.54247771727,-9.56309853421578,9.14462737803937));
#9247=CARTESIAN_POINT('',(21.54247771727,-17.309006439281,4.28523989336107));
#9248=CARTESIAN_POINT('',(21.54247771727,-17.136888661725,4.02110914303293));
#9249=CARTESIAN_POINT('',(21.54247771727,-17.4707166981722,3.76026238172444));
#9250=CARTESIAN_POINT('',(21.54247771727,-17.6641121469622,4.00776717190667));
#9251=CARTESIAN_POINT('',(20.5104264352187,-17.4707166981722,3.76026238172444));
#9252=CARTESIAN_POINT('',(34.442404492493,-17.136888661725,4.02110914303293));
#9253=CARTESIAN_POINT('',(20.5104264352187,-17.136888661725,4.02110914303293));
#9254=CARTESIAN_POINT('',(20.5104264352187,-17.4707166981722,3.76026238172444));
#9255=CARTESIAN_POINT('',(20.5104264352187,-16.835274509291,2.94703235683998));
#9256=CARTESIAN_POINT('',(20.5104264352187,-9.56309853421578,9.14462737803937));
#9257=CARTESIAN_POINT('',(20.5104264352187,-16.5112471640383,3.20022104789208));
#9258=CARTESIAN_POINT('',(20.5104264352187,-16.835274509291,2.94703235683998));
#9259=CARTESIAN_POINT('',(20.1963238711161,-16.835274509291,2.94703235683998));
#9260=CARTESIAN_POINT('',(34.442404492493,-16.5112471640383,3.20022104789208));
#9261=CARTESIAN_POINT('',(20.1963238711161,-16.5112471640383,3.20022104789208));
#9262=CARTESIAN_POINT('',(20.1963238711161,-16.835274509291,2.94703235683998));
#9263=CARTESIAN_POINT('',(20.1963238711161,-17.4707166981722,3.76026238172444));
#9264=CARTESIAN_POINT('',(20.1963238711161,-9.56309853421578,9.14462737803937));
#9265=CARTESIAN_POINT('',(20.1963238711161,-17.136888661725,4.02110914303293));
#9266=CARTESIAN_POINT('',(20.1963238711161,-17.4707166981722,3.76026238172444));
#9267=CARTESIAN_POINT('',(19.1642725890648,-17.4707166981722,3.76026238172444));
#9268=CARTESIAN_POINT('',(34.442404492493,-17.136888661725,4.02110914303293));
#9269=CARTESIAN_POINT('',(19.1642725890648,-17.136888661725,4.02110914303293));
#9270=CARTESIAN_POINT('',(19.1642725890648,-17.4707166981722,3.76026238172444));
#9271=CARTESIAN_POINT('',(19.1642725890648,-17.6641121469622,4.00776717190667));
#9272=CARTESIAN_POINT('',(19.1642725890648,-9.56309853421578,9.14462737803937));
#9273=CARTESIAN_POINT('',(19.1642725890648,-17.309006439281,4.28523989336107));
#9274=CARTESIAN_POINT('',(19.1642725890648,-17.6641121469622,4.00776717190667));
#9275=CARTESIAN_POINT('',(20.1963238711161,-17.6641121469622,4.00776717190667));
#9276=CARTESIAN_POINT('',(34.442404492493,-17.309006439281,4.28523989336107));
#9277=CARTESIAN_POINT('',(20.1963238711161,-17.309006439281,4.28523989336107));
#9278=CARTESIAN_POINT('',(20.1963238711161,-17.6641121469622,4.00776717190667));
#9279=CARTESIAN_POINT('',(20.1963238711161,-18.2995543358434,4.82099719679112));
#9280=CARTESIAN_POINT('',(20.1963238711161,-9.56309853421578,9.14462737803937));
#9281=CARTESIAN_POINT('',(20.1963238711161,-17.8130483207728,5.20114357316747));
#9282=CARTESIAN_POINT('',(20.1963238711161,-18.2995543358434,4.82099719679112));
#9283=CARTESIAN_POINT('',(20.5104264352187,-18.2995543358434,4.82099719679112));
#9284=CARTESIAN_POINT('',(34.442404492493,-17.8130483207729,5.20114357316747));
#9285=CARTESIAN_POINT('',(20.5104264352187,-17.8130483207728,5.20114357316747));
#9286=CARTESIAN_POINT('',(20.5104264352187,-18.2995543358434,4.82099719679112));
#9287=CARTESIAN_POINT('',(20.5104264352187,-17.6641121469622,4.00776717190667));
#9288=CARTESIAN_POINT('',(20.5104264352187,-9.56309853421578,9.14462737803937));
#9289=CARTESIAN_POINT('',(20.5104264352187,-17.309006439281,4.28523989336107));
#9290=CARTESIAN_POINT('',(20.5104264352187,-17.6641121469622,4.00776717190667));
#9291=CARTESIAN_POINT('',(21.54247771727,-17.6641121469622,4.00776717190667));
#9292=CARTESIAN_POINT('',(34.442404492493,-17.309006439281,4.28523989336107));
#9293=CARTESIAN_POINT('',(-34.442396873925,-12.8650985342158,11.7354273780394));
#9294=CARTESIAN_POINT('',(-34.442396873925,-6.26109853421579,11.7354273780394));
#9295=CARTESIAN_POINT('',(-34.442396873925,-6.76909853421578,11.7354273780394));
#9296=CARTESIAN_POINT('',(-34.442396873925,-6.26109853421579,11.7354273780394));
#9297=CARTESIAN_POINT('',(-35.636196873925,-6.26109853421579,11.7354273780394));
#9298=CARTESIAN_POINT('',(-35.636195507507,-6.76909853421578,11.7354273780394));
#9299=CARTESIAN_POINT('',(-34.442396873925,-12.8650985342158,11.7354273780394));
#9300=CARTESIAN_POINT('',(-35.636195507507,-12.3570985342158,11.7354273780394));
#9301=CARTESIAN_POINT('',(-34.442396873925,-12.3570985342158,11.7354273780394));
#9302=CARTESIAN_POINT('',(-35.636196873925,-12.8650985342158,11.7354273780394));
#9303=CARTESIAN_POINT('',(-34.442396873925,-12.8650985342158,11.7354273780394));
#9304=CARTESIAN_POINT('',(-34.442396873925,-6.26109853421579,11.7354273780394));
#9305=CARTESIAN_POINT('',(-35.636196873925,6.26110146578426,11.7354273780394));
#9306=CARTESIAN_POINT('',(-35.636195507507,6.76910146578424,11.7354273780394));
#9307=CARTESIAN_POINT('',(-34.442396873925,6.76910146578424,11.7354273780394));
#9308=CARTESIAN_POINT('',(-35.636195507507,6.76910146578424,11.7354273780394));
#9309=CARTESIAN_POINT('',(-35.636196873925,12.8651014657842,11.7354273780394));
#9310=CARTESIAN_POINT('',(-35.636195507507,6.26110146578424,11.7354273780394));
#9311=CARTESIAN_POINT('',(-35.636196873925,6.26110146578426,11.7354273780394));
#9312=CARTESIAN_POINT('',(-34.442396873925,6.26110146578426,11.7354273780394));
#9313=CARTESIAN_POINT('',(-34.442396873925,6.26110146578426,11.7354273780394));
#9314=CARTESIAN_POINT('',(-35.636196873925,6.26110146578426,11.7354273780394));
#9315=CARTESIAN_POINT('',(-35.636195507507,12.3571014657842,11.7354273780394));
#9316=CARTESIAN_POINT('',(-35.636195507507,12.3571014657842,11.7354273780394));
#9317=CARTESIAN_POINT('',(-34.442396873925,12.3571014657842,11.7354273780394));
#9318=CARTESIAN_POINT('',(-34.442396873925,6.26110146578426,11.7354273780394));
#9319=CARTESIAN_POINT('',(-34.442396873925,12.8651014657842,11.7354273780394));
#9320=CARTESIAN_POINT('',(-35.636196873925,12.8651014657842,11.7354273780394));
#9321=CARTESIAN_POINT('',(-35.636196873925,12.8651014657842,11.7354273780394));
#9322=CARTESIAN_POINT('',(-35.636196873925,12.8651014657842,11.7354273780394));
#9323=CARTESIAN_POINT('',(35.636205858911,-6.26109853421578,11.7354273780394));
#9324=CARTESIAN_POINT('',(35.636204492493,-6.76909853421577,11.7354273780394));
#9325=CARTESIAN_POINT('',(34.442405858911,-6.76909853421577,11.7354273780394));
#9326=CARTESIAN_POINT('',(35.636204492493,-6.76909853421577,11.7354273780394));
#9327=CARTESIAN_POINT('',(35.636205858911,-12.8650985342158,11.7354273780394));
#9328=CARTESIAN_POINT('',(35.636204492493,-6.26109853421577,11.7354273780394));
#9329=CARTESIAN_POINT('',(35.636205858911,-6.26109853421578,11.7354273780394));
#9330=CARTESIAN_POINT('',(34.442405858911,-6.26109853421578,11.7354273780394));
#9331=CARTESIAN_POINT('',(34.442405858911,-6.26109853421578,11.7354273780394));
#9332=CARTESIAN_POINT('',(35.636205858911,-6.26109853421578,11.7354273780394));
#9333=CARTESIAN_POINT('',(35.636204492493,-12.3570985342158,11.7354273780394));
#9334=CARTESIAN_POINT('',(35.636204492493,-12.3570985342158,11.7354273780394));
#9335=CARTESIAN_POINT('',(34.442405858911,-12.3570985342158,11.7354273780394));
#9336=CARTESIAN_POINT('',(34.442405858911,-6.26109853421578,11.7354273780394));
#9337=CARTESIAN_POINT('',(34.442405858911,-12.8650985342158,11.7354273780394));
#9338=CARTESIAN_POINT('',(35.636205858911,-12.8650985342158,11.7354273780394));
#9339=CARTESIAN_POINT('',(35.636205858911,-12.8650985342158,11.7354273780394));
#9340=CARTESIAN_POINT('',(35.636204492493,-6.26109853421578,11.7354273780394));
#9341=CARTESIAN_POINT('',(34.442405858911,12.8651014657842,11.7354273780394));
#9342=CARTESIAN_POINT('',(34.442405858911,6.26110146578423,11.7354273780394));
#9343=CARTESIAN_POINT('',(34.442405858911,6.76910146578423,11.7354273780394));
#9344=CARTESIAN_POINT('',(34.442405858911,6.26110146578423,11.7354273780394));
#9345=CARTESIAN_POINT('',(35.636205858911,6.26110146578423,11.7354273780394));
#9346=CARTESIAN_POINT('',(35.636204492493,6.26110146578422,11.7354273780394));
#9347=CARTESIAN_POINT('',(35.636205858911,12.8651014657842,11.7354273780394));
#9348=CARTESIAN_POINT('',(35.636205858911,6.76910146578422,11.7354273780394));
#9349=CARTESIAN_POINT('',(35.636204492493,6.76910146578422,11.7354273780394));
#9350=CARTESIAN_POINT('',(34.442405858911,12.8651014657842,11.7354273780394));
#9351=CARTESIAN_POINT('',(35.636205858911,12.8651014657842,11.7354273780394));
#9352=CARTESIAN_POINT('',(35.636204492493,12.3571014657842,11.7354273780394));
#9353=CARTESIAN_POINT('',(35.636204492493,12.8651014657842,11.7354273780394));
#9354=CARTESIAN_POINT('',(35.636205858911,12.8651014657842,11.7354273780394));
#9355=CARTESIAN_POINT('',(34.442405858911,12.8651014657842,11.7354273780394));
#9356=CARTESIAN_POINT('',(34.442405858911,6.26110146578423,11.7354273780394));
#9357=CARTESIAN_POINT('',(34.442405858911,12.3571014657842,11.7354273780394));
#9358=CARTESIAN_POINT('',(35.636204492493,12.3571014657842,11.7354273780394));
#9359=CARTESIAN_POINT('',(35.864804492493,-17.5005985342158,-0.786772621960634));
#9360=CARTESIAN_POINT('',(35.864804492493,-17.5005985342158,-0.786772621960634));
#9361=CARTESIAN_POINT('',(35.864804492493,-18.2879985342158,-0.786772621960634));
#9362=CARTESIAN_POINT('',(35.864804492493,-17.5005985342158,-1.57417262196063));
#9363=CARTESIAN_POINT('',(35.864804492493,-17.5005985342158,0.000627378039366744));
#9364=CARTESIAN_POINT('',(35.864804492493,-18.2879985342158,0.000627378039366744));
#9365=CARTESIAN_POINT('',(35.636204492493,6.76910146578423,3.81062737803937));
#9366=CARTESIAN_POINT('',(34.442404492493,6.76910146578423,3.81062737803937));
#9367=CARTESIAN_POINT('',(34.442404492493,12.3571014657842,3.81062737803937));
#9368=CARTESIAN_POINT('',(34.442404492493,6.76910146578423,3.81062737803937));
#9369=CARTESIAN_POINT('',(35.636204492493,6.76910146578423,3.81062737803937));
#9370=CARTESIAN_POINT('',(35.636204492493,6.76910146578422,3.81062737803937));
#9371=CARTESIAN_POINT('',(35.636204492493,6.76910146578423,3.81062737803937));
#9372=CARTESIAN_POINT('',(35.636204492493,12.3571014657842,3.81062737803937));
#9373=CARTESIAN_POINT('',(35.636204492493,12.3571014657842,3.81062737803937));
#9374=CARTESIAN_POINT('',(35.636204492493,-6.76909853421577,3.81062737803937));
#9375=CARTESIAN_POINT('',(34.442404492493,-6.76909853421577,3.81062737803937));
#9376=CARTESIAN_POINT('',(34.442404492493,-6.76909853421577,3.81062737803937));
#9377=CARTESIAN_POINT('',(34.442404492493,-12.3570985342158,3.81062737803937));
#9378=CARTESIAN_POINT('',(35.636204492493,-12.3570985342158,3.81062737803937));
#9379=CARTESIAN_POINT('',(35.636204492493,-12.3570985342158,3.81062737803937));
#9380=CARTESIAN_POINT('',(35.636204492493,-6.76909853421577,3.81062737803937));
#9381=CARTESIAN_POINT('',(35.636204492493,-6.76909853421577,3.81062737803937));
#9382=CARTESIAN_POINT('',(35.636204492493,-6.76909853421577,3.81062737803937));
#9383=CARTESIAN_POINT('',(-35.636195507507,6.76910146578424,3.81062737803937));
#9384=CARTESIAN_POINT('',(-34.442395507507,6.76910146578424,3.81062737803937));
#9385=CARTESIAN_POINT('',(-34.442395507507,12.3571014657842,3.81062737803937));
#9386=CARTESIAN_POINT('',(-34.442395507507,6.76910146578424,3.81062737803937));
#9387=CARTESIAN_POINT('',(-35.636195507507,12.3571014657842,3.81062737803937));
#9388=CARTESIAN_POINT('',(-35.636195507507,12.3571014657842,3.81062737803937));
#9389=CARTESIAN_POINT('',(-35.636195507507,6.76910146578424,3.81062737803937));
#9390=CARTESIAN_POINT('',(-35.636195507507,6.76910146578424,3.81062737803937));
#9391=CARTESIAN_POINT('',(-35.636195507507,6.76910146578424,3.81062737803937));
#9392=CARTESIAN_POINT('',(-35.636195507507,-6.76909853421577,3.81062737803937));
#9393=CARTESIAN_POINT('',(-34.442395507507,-6.76909853421577,3.81062737803937));
#9394=CARTESIAN_POINT('',(-34.442395507507,-6.76909853421578,3.81062737803937));
#9395=CARTESIAN_POINT('',(-34.442395507507,-12.3570985342158,3.81062737803937));
#9396=CARTESIAN_POINT('',(-35.636195507507,-6.76909853421577,3.81062737803937));
#9397=CARTESIAN_POINT('',(-35.636195507507,-12.3570985342158,3.81062737803937));
#9398=CARTESIAN_POINT('',(-36.017195507507,-11.4680985342158,0.838827378039364));
#9399=CARTESIAN_POINT('',(-36.017195507507,-11.4680985342158,14.9104273780394));
#9400=CARTESIAN_POINT('',(-36.017195507507,-11.4680985342158,14.9104273780394));
#9401=CARTESIAN_POINT('',(-36.017195507507,-12.8650985342158,14.9104273780394));
#9402=CARTESIAN_POINT('',(-36.017195507507,-12.8650985342158,0.838827378039364));
#9403=CARTESIAN_POINT('',(-36.017195507507,-12.8650985342158,0.838827378039364));
#9404=CARTESIAN_POINT('',(-36.017195507507,-11.4680985342158,0.838827378039364));
#9405=CARTESIAN_POINT('',(-36.017196873925,-11.4680985342158,0.838827378039371));
#9406=CARTESIAN_POINT('',(-36.017195507507,-11.4680985342158,0.838827378039364));
#9407=CARTESIAN_POINT('',(-36.017195507507,-12.8650985342158,0.838827378039364));
#9408=CARTESIAN_POINT('',(-36.017195507507,-12.8650985342158,14.9104273780394));
#9409=CARTESIAN_POINT('',(-34.442396873925,-12.8650985342158,14.9104273780394));
#9410=CARTESIAN_POINT('',(-34.442396873925,-12.8650985342158,11.7354273780394));
#9411=CARTESIAN_POINT('',(-36.017195507507,-12.8650985342158,0.838827378039364));
#9412=CARTESIAN_POINT('',(-35.636195507507,-12.3570985342158,0.838827378039364));
#9413=CARTESIAN_POINT('',(-34.442395507507,-12.3570985342158,0.838827378039364));
#9414=CARTESIAN_POINT('',(-35.636195507507,-6.76909853421578,0.838827378039364));
#9415=CARTESIAN_POINT('',(-34.442395507507,-6.76909853421578,0.838827378039364));
#9416=CARTESIAN_POINT('',(-36.017195507507,-6.26109853421578,0.838827378039364));
#9417=CARTESIAN_POINT('',(-36.017195507507,-6.26109853421578,14.9104273780394));
#9418=CARTESIAN_POINT('',(-34.442396873925,-6.26109853421579,14.9104273780394));
#9419=CARTESIAN_POINT('',(-36.017195507507,-6.26109853421578,14.9104273780394));
#9420=CARTESIAN_POINT('',(-36.017195507507,-6.26109853421578,0.838827378039364));
#9421=CARTESIAN_POINT('',(-36.017195507507,-6.26109853421578,0.838827378039364));
#9422=CARTESIAN_POINT('',(-36.017195507507,-6.26109853421578,0.838827378039364));
#9423=CARTESIAN_POINT('',(-34.442396873925,-6.26109853421579,11.7354273780394));
#9424=CARTESIAN_POINT('',(-36.017195507507,-7.65809853421578,0.838827378039364));
#9425=CARTESIAN_POINT('',(-36.017195507507,-7.65809853421578,14.9104273780394));
#9426=CARTESIAN_POINT('',(-36.017195507507,-7.65809853421578,14.9104273780394));
#9427=CARTESIAN_POINT('',(-36.017195507507,-7.65809853421578,0.838827378039364));
#9428=CARTESIAN_POINT('',(-36.017196873925,-7.65809853421576,0.838827378039371));
#9429=CARTESIAN_POINT('',(-36.017195507507,-7.65809853421578,0.838827378039364));
#9430=CARTESIAN_POINT('',(-35.636195507507,12.3571014657842,0.838827378039364));
#9431=CARTESIAN_POINT('',(-31.7350829431223,11.4681014657842,0.838827378039371));
#9432=CARTESIAN_POINT('',(-35.636195507507,11.4681014657842,0.838827378039371));
#9433=CARTESIAN_POINT('',(-36.017195507507,11.4681014657842,0.838827378039364));
#9434=CARTESIAN_POINT('',(-35.636195507507,12.8651014657842,0.838827378039364));
#9435=CARTESIAN_POINT('',(-35.636195507507,12.8651014657842,0.838827378039364));
#9436=CARTESIAN_POINT('',(-36.017195507507,12.8651014657842,0.838827378039364));
#9437=CARTESIAN_POINT('',(-36.017195507507,12.8651014657842,0.838827378039364));
#9438=CARTESIAN_POINT('',(-36.017195507507,11.4681014657842,0.838827378039364));
#9439=CARTESIAN_POINT('',(-36.017195507507,12.8651014657842,0.838827378039364));
#9440=CARTESIAN_POINT('',(-36.017195507507,12.8651014657842,14.9104273780394));
#9441=CARTESIAN_POINT('',(-34.442396873925,12.8651014657842,14.9104273780394));
#9442=CARTESIAN_POINT('',(-36.017195507507,12.8651014657842,14.9104273780394));
#9443=CARTESIAN_POINT('',(-36.017195507507,12.8651014657842,0.838827378039364));
#9444=CARTESIAN_POINT('',(-35.636195507507,12.8651014657842,0.838827378039364));
#9445=CARTESIAN_POINT('',(-34.442396873925,12.8651014657842,11.7354273780394));
#9446=CARTESIAN_POINT('',(-36.017195507507,11.4681014657842,0.838827378039364));
#9447=CARTESIAN_POINT('',(-36.017195507507,11.4681014657842,14.9104273780394));
#9448=CARTESIAN_POINT('',(-36.017195507507,11.4681014657842,14.9104273780394));
#9449=CARTESIAN_POINT('',(-36.017195507507,11.4681014657842,0.838827378039364));
#9450=CARTESIAN_POINT('',(-36.017195507507,7.65810146578424,0.838827378039364));
#9451=CARTESIAN_POINT('',(-36.017195507507,7.65810146578424,14.9104273780394));
#9452=CARTESIAN_POINT('',(-36.017195507507,7.65810146578424,14.9104273780394));
#9453=CARTESIAN_POINT('',(-36.017195507507,6.26110146578424,14.9104273780394));
#9454=CARTESIAN_POINT('',(-36.017195507507,6.26110146578424,0.838827378039364));
#9455=CARTESIAN_POINT('',(-36.017195507507,6.26110146578424,0.838827378039364));
#9456=CARTESIAN_POINT('',(-36.017195507507,7.65810146578424,0.838827378039364));
#9457=CARTESIAN_POINT('',(-36.017196873925,7.65810146578423,0.838827378039364));
#9458=CARTESIAN_POINT('',(-36.017195507507,7.65810146578424,0.838827378039364));
#9459=CARTESIAN_POINT('',(-36.017195507507,6.26110146578424,0.838827378039364));
#9460=CARTESIAN_POINT('',(-36.017195507507,6.26110146578424,14.9104273780394));
#9461=CARTESIAN_POINT('',(-34.442396873925,6.26110146578426,14.9104273780394));
#9462=CARTESIAN_POINT('',(-34.442396873925,6.26110146578426,11.7354273780394));
#9463=CARTESIAN_POINT('',(-35.636195507507,6.26110146578424,0.838827378039364));
#9464=CARTESIAN_POINT('',(-35.636195507507,6.26110146578424,0.838827378039364));
#9465=CARTESIAN_POINT('',(-36.017195507507,6.26110146578424,0.838827378039364));
#9466=CARTESIAN_POINT('',(36.017204492493,-12.8650985342158,0.838827378039364));
#9467=CARTESIAN_POINT('',(36.017204492493,-12.8650985342158,14.9104273780394));
#9468=CARTESIAN_POINT('',(34.442405858911,-12.8650985342158,14.9104273780394));
#9469=CARTESIAN_POINT('',(36.017204492493,-12.8650985342158,14.9104273780394));
#9470=CARTESIAN_POINT('',(36.017204492493,-12.8650985342158,0.838827378039364));
#9471=CARTESIAN_POINT('',(36.017204492493,-12.8650985342158,0.838827378039364));
#9472=CARTESIAN_POINT('',(36.017204492493,-12.8650985342158,0.838827378039364));
#9473=CARTESIAN_POINT('',(35.636204492493,-12.8650985342158,0.838827378039364));
#9474=CARTESIAN_POINT('',(35.636204492493,-12.8650985342158,0.838827378039364));
#9475=CARTESIAN_POINT('',(34.442405858911,-12.8650985342158,11.7354273780394));
#9476=CARTESIAN_POINT('',(36.017204492493,-11.4680985342158,0.838827378039364));
#9477=CARTESIAN_POINT('',(36.017204492493,-11.4680985342158,14.9104273780394));
#9478=CARTESIAN_POINT('',(36.017204492493,-11.4680985342158,14.9104273780394));
#9479=CARTESIAN_POINT('',(36.017204492493,-11.4680985342158,0.838827378039364));
#9480=CARTESIAN_POINT('',(36.017204492493,-11.4680985342158,0.838827378039364));
#9481=CARTESIAN_POINT('',(36.017204492493,-11.4680985342158,0.838827378039364));
#9482=CARTESIAN_POINT('',(38.557204492493,-11.4680985342158,0.838827378039364));
#9483=CARTESIAN_POINT('',(31.7350919281083,-11.4680985342158,0.838827378039371));
#9484=CARTESIAN_POINT('',(35.636204492493,-11.4680985342158,0.838827378039371));
#9485=CARTESIAN_POINT('',(38.557204492493,-11.4680985342158,14.9104273780394));
#9486=CARTESIAN_POINT('',(38.557205858911,-11.4680985342158,0.000627378039366744));
#9487=CARTESIAN_POINT('',(35.636204492493,-11.4680985342158,0.000627378039359805));
#9488=CARTESIAN_POINT('',(35.636204492493,-11.4680985342158,1.01662737803936));
#9489=CARTESIAN_POINT('',(38.557204492493,-7.65809853421577,0.838827378039364));
#9490=CARTESIAN_POINT('',(31.7350919281083,-7.65809853421577,0.838827378039371));
#9491=CARTESIAN_POINT('',(35.636204492493,-7.65809853421579,0.838827378039371));
#9492=CARTESIAN_POINT('',(36.017205858911,-7.65809853421577,0.838827378039371));
#9493=CARTESIAN_POINT('',(35.636204492493,-7.65809853421579,1.01662737803936));
#9494=CARTESIAN_POINT('',(35.636204492493,-7.65809853421579,0.000627378039359805));
#9495=CARTESIAN_POINT('',(38.557205858911,-7.65809853421577,0.000627378039366744));
#9496=CARTESIAN_POINT('',(38.557204492493,-7.65809853421577,14.9104273780394));
#9497=CARTESIAN_POINT('',(36.017204492493,-7.65809853421577,14.9104273780394));
#9498=CARTESIAN_POINT('',(36.017204492493,-7.65809853421577,0.838827378039364));
#9499=CARTESIAN_POINT('',(36.017204492493,-7.65809853421577,0.838827378039364));
#9500=CARTESIAN_POINT('',(36.017204492493,-7.65809853421577,14.9104273780394));
#9501=CARTESIAN_POINT('',(36.017204492493,-6.26109853421578,14.9104273780394));
#9502=CARTESIAN_POINT('',(36.017204492493,-6.26109853421578,0.838827378039364));
#9503=CARTESIAN_POINT('',(36.017204492493,-6.26109853421578,0.838827378039364));
#9504=CARTESIAN_POINT('',(36.017204492493,-7.65809853421577,0.838827378039364));
#9505=CARTESIAN_POINT('',(36.017204492493,-6.26109853421578,0.838827378039364));
#9506=CARTESIAN_POINT('',(36.017204492493,-6.26109853421578,14.9104273780394));
#9507=CARTESIAN_POINT('',(34.442405858911,-6.26109853421578,14.9104273780394));
#9508=CARTESIAN_POINT('',(34.442405858911,-6.26109853421578,11.7354273780394));
#9509=CARTESIAN_POINT('',(35.636204492493,-6.26109853421577,0.838827378039364));
#9510=CARTESIAN_POINT('',(35.636204492493,-6.26109853421577,0.838827378039364));
#9511=CARTESIAN_POINT('',(36.017204492493,-6.26109853421578,0.838827378039364));
#9512=CARTESIAN_POINT('',(36.017204492493,11.4681014657842,0.838827378039364));
#9513=CARTESIAN_POINT('',(36.017204492493,7.65810146578422,0.838827378039364));
#9514=CARTESIAN_POINT('',(36.017204492493,6.26110146578422,0.838827378039364));
#9515=CARTESIAN_POINT('',(36.017204492493,7.65810146578422,0.838827378039364));
#9516=CARTESIAN_POINT('',(31.7350919281083,7.65810146578422,0.838827378039371));
#9517=CARTESIAN_POINT('',(35.636204492493,7.65810146578423,0.838827378039371));
#9518=CARTESIAN_POINT('',(35.636204492493,6.26110146578422,0.838827378039364));
#9519=CARTESIAN_POINT('',(35.636204492493,6.26110146578422,0.838827378039364));
#9520=CARTESIAN_POINT('',(36.017204492493,6.26110146578422,0.838827378039364));
#9521=CARTESIAN_POINT('',(36.017204492493,11.4681014657842,0.838827378039364));
#9522=CARTESIAN_POINT('',(36.017204492493,11.4681014657842,14.9104273780394));
#9523=CARTESIAN_POINT('',(36.017204492493,11.4681014657842,14.9104273780394));
#9524=CARTESIAN_POINT('',(36.017204492493,12.8651014657842,14.9104273780394));
#9525=CARTESIAN_POINT('',(36.017204492493,12.8651014657842,0.838827378039364));
#9526=CARTESIAN_POINT('',(36.017204492493,12.8651014657842,0.838827378039364));
#9527=CARTESIAN_POINT('',(36.017204492493,11.4681014657842,0.838827378039364));
#9528=CARTESIAN_POINT('',(36.017205858911,11.4681014657842,0.838827378039371));
#9529=CARTESIAN_POINT('',(36.017204492493,11.4681014657842,0.838827378039364));
#9530=CARTESIAN_POINT('',(36.017204492493,12.8651014657842,0.838827378039364));
#9531=CARTESIAN_POINT('',(36.017204492493,12.8651014657842,14.9104273780394));
#9532=CARTESIAN_POINT('',(34.442405858911,12.8651014657842,14.9104273780394));
#9533=CARTESIAN_POINT('',(34.442405858911,12.8651014657842,11.7354273780394));
#9534=CARTESIAN_POINT('',(35.636204492493,12.8651014657842,0.838827378039364));
#9535=CARTESIAN_POINT('',(35.636204492493,12.8651014657842,0.838827378039364));
#9536=CARTESIAN_POINT('',(36.017204492493,12.8651014657842,0.838827378039364));
#9537=CARTESIAN_POINT('',(36.017204492493,6.26110146578422,0.838827378039364));
#9538=CARTESIAN_POINT('',(36.017204492493,6.26110146578422,14.9104273780394));
#9539=CARTESIAN_POINT('',(34.442405858911,6.26110146578423,14.9104273780394));
#9540=CARTESIAN_POINT('',(36.017204492493,6.26110146578422,14.9104273780394));
#9541=CARTESIAN_POINT('',(36.017204492493,6.26110146578422,0.838827378039364));
#9542=CARTESIAN_POINT('',(35.636204492493,6.26110146578422,0.838827378039364));
#9543=CARTESIAN_POINT('',(34.442405858911,6.26110146578423,11.7354273780394));
#9544=CARTESIAN_POINT('',(36.017204492493,7.65810146578422,0.838827378039364));
#9545=CARTESIAN_POINT('',(36.017204492493,7.65810146578422,14.9104273780394));
#9546=CARTESIAN_POINT('',(36.017204492493,7.65810146578422,14.9104273780394));
#9547=CARTESIAN_POINT('',(36.017204492493,7.65810146578422,0.838827378039364));
#9548=CARTESIAN_POINT('',(38.557204492493,7.65810146578422,0.838827378039364));
#9549=CARTESIAN_POINT('',(38.557204492493,7.65810146578422,14.9104273780394));
#9550=CARTESIAN_POINT('',(38.557205858911,7.65810146578422,0.000627378039373683));
#9551=CARTESIAN_POINT('',(35.636204492493,7.65810146578423,0.000627378039359805));
#9552=CARTESIAN_POINT('',(35.636204492493,7.65810146578423,1.01662737803936));
#9553=CARTESIAN_POINT('',(38.557204492493,11.4681014657842,0.838827378039364));
#9554=CARTESIAN_POINT('',(31.7350919281083,11.4681014657842,0.838827378039371));
#9555=CARTESIAN_POINT('',(35.636204492493,11.4681014657842,0.838827378039371));
#9556=CARTESIAN_POINT('',(35.636204492493,11.4681014657842,1.01662737803936));
#9557=CARTESIAN_POINT('',(35.636204492493,11.4681014657842,0.000627378039359805));
#9558=CARTESIAN_POINT('',(38.557205858911,11.4681014657842,0.000627378039373683));
#9559=CARTESIAN_POINT('',(38.557204492493,11.4681014657842,14.9104273780394));
#9560=CARTESIAN_POINT('',(2.54000449249302,-19.8881985342158,4.19162737803937));
#9561=CARTESIAN_POINT('',(-2.53999550750698,-19.8881985342158,4.19162737803937));
#9562=CARTESIAN_POINT('',(2.54000449249302,-19.8881985342158,4.19162737803937));
#9563=CARTESIAN_POINT('',(-2.53999550750698,-19.8881985342158,4.19162737803937));
#9564=CARTESIAN_POINT('',(-2.53999550750698,-19.8881985342158,4.19162737803937));
#9565=CARTESIAN_POINT('',(-2.53999550750698,-18.8721985342158,4.19162737803937));
#9566=CARTESIAN_POINT('',(2.54000449249302,-18.8721985342158,4.19162737803937));
#9567=CARTESIAN_POINT('',(2.54000449249302,-18.8721985342158,4.19162737803937));
#9568=CARTESIAN_POINT('',(2.54000449249302,-19.8881985342158,4.19162737803937));
#9569=CARTESIAN_POINT('',(-2.53999550750698,-19.8881985342158,4.19162737803937));
#9570=CARTESIAN_POINT('',(-2.53999550750698,-19.8881985342158,0.000627378039366744));
#9571=CARTESIAN_POINT('',(-2.53999550750698,-19.8881985342158,0.000627378039366744));
#9572=CARTESIAN_POINT('',(-2.53999550750698,-18.8721985342158,0.000627378039366744));
#9573=CARTESIAN_POINT('',(-2.53999550750698,-18.8721985342158,4.19162737803937));
#9574=CARTESIAN_POINT('',(-2.53999550750698,-19.8881985342158,4.19162737803937));
#9575=CARTESIAN_POINT('',(2.54000449249302,-18.8721985342158,4.19162737803937));
#9576=CARTESIAN_POINT('',(2.54000449249302,-18.8721985342158,0.000627378039366744));
#9577=CARTESIAN_POINT('',(2.54000449249302,-18.8721985342158,0.000627378039366744));
#9578=CARTESIAN_POINT('',(2.54000449249302,-18.8721985342158,4.19162737803937));
#9579=CARTESIAN_POINT('',(2.54000449249302,-19.8881985342158,4.19162737803937));
#9580=CARTESIAN_POINT('',(2.54000449249302,-19.8881985342158,0.000627378039366744));
#9581=CARTESIAN_POINT('',(2.54000449249302,-19.8881985342158,0.000627378039366744));
#9582=CARTESIAN_POINT('',(2.54000449249302,-19.8881985342158,4.19162737803937));
#9583=CARTESIAN_POINT('',(-2.53999550750698,18.8722014657842,4.19162737803937));
#9584=CARTESIAN_POINT('',(-2.53999550750698,19.8882014657842,4.19162737803937));
#9585=CARTESIAN_POINT('',(-2.53999550750698,18.8722014657842,4.19162737803937));
#9586=CARTESIAN_POINT('',(-2.53999550750698,19.8882014657842,4.19162737803937));
#9587=CARTESIAN_POINT('',(-2.53999550750698,19.8882014657842,4.19162737803937));
#9588=CARTESIAN_POINT('',(2.54000449249302,19.8882014657842,4.19162737803937));
#9589=CARTESIAN_POINT('',(2.54000449249302,19.8882014657842,4.19162737803937));
#9590=CARTESIAN_POINT('',(2.54000449249302,18.8722014657842,4.19162737803937));
#9591=CARTESIAN_POINT('',(2.54000449249302,18.8722014657842,4.19162737803937));
#9592=CARTESIAN_POINT('',(2.54000449249302,19.8882014657842,4.19162737803937));
#9593=CARTESIAN_POINT('',(2.54000449249302,19.8882014657842,0.000627378039373683));
#9594=CARTESIAN_POINT('',(2.54000449249302,19.8882014657842,0.000627378039373683));
#9595=CARTESIAN_POINT('',(2.54000449249302,18.8722014657842,0.000627378039373683));
#9596=CARTESIAN_POINT('',(2.54000449249302,18.8722014657842,4.19162737803937));
#9597=CARTESIAN_POINT('',(2.54000449249302,19.8882014657842,4.19162737803937));
#9598=CARTESIAN_POINT('',(2.54000449249302,18.8722014657842,4.19162737803937));
#9599=CARTESIAN_POINT('',(2.54000449249302,18.8722014657842,0.000627378039373683));
#9600=CARTESIAN_POINT('',(-2.53999550750698,18.8722014657842,0.000627378039373683));
#9601=CARTESIAN_POINT('',(-2.53999550750698,18.8722014657842,4.19162737803937));
#9602=CARTESIAN_POINT('',(-2.53999550750698,19.8882014657842,4.19162737803937));
#9603=CARTESIAN_POINT('',(-2.53999550750698,19.8882014657842,0.000627378039373683));
#9604=CARTESIAN_POINT('',(-2.53999550750698,19.8882014657842,0.000627378039373683));
#9605=CARTESIAN_POINT('',(-2.53999550750698,19.8882014657842,4.19162737803937));
#9606=CARTESIAN_POINT('',(-32.867595507507,-19.8881985342158,8.68742737803937));
#9607=CARTESIAN_POINT('',(-32.867595507507,-18.4784623518062,7.11262737803936));
#9608=CARTESIAN_POINT('',(-32.9663554206751,-18.4784623518062,7.11262737803936));
#9609=CARTESIAN_POINT('',(-33.1634721933178,-18.4822718433182,7.12795322494252));
#9610=CARTESIAN_POINT('',(-33.4940928351786,-18.5052536927047,7.23400790347315));
#9611=CARTESIAN_POINT('',(-33.70007217855,-18.5279857414625,7.33868887660836));
#9612=CARTESIAN_POINT('',(-34.0026830498943,-18.5726158358803,7.57611900581853));
#9613=CARTESIAN_POINT('',(-34.1827686110259,-18.6097791847717,7.80678490850905));
#9614=CARTESIAN_POINT('',(-34.3819738487952,-18.6586318053781,8.16810553835227));
#9615=CARTESIAN_POINT('',(-34.442395507507,-18.6861282776994,8.4970037783226));
#9616=CARTESIAN_POINT('',(-34.442395507507,-18.6956613815221,8.68742737803937));
#9617=CARTESIAN_POINT('',(-34.442395507507,-18.6956613815221,8.68742737803937));
#9618=CARTESIAN_POINT('',(-32.867595507507,-18.4784623518062,7.11262737803937));
#9619=CARTESIAN_POINT('',(-34.442395507507,-18.4784623518062,8.68742737803937));
#9620=CARTESIAN_POINT('',(-34.442395507507,-19.6608045783993,8.68742737803937));
#9621=CARTESIAN_POINT('',(-34.2972342311012,-19.8881985342158,8.02702737803937));
#9622=CARTESIAN_POINT('',(-34.3932444033401,-19.8166322713056,8.23487089725769));
#9623=CARTESIAN_POINT('',(-34.442395507507,-19.7396374674159,8.45848004423874));
#9624=CARTESIAN_POINT('',(-34.442395507507,-19.6608045783993,8.68742737803937));
#9625=CARTESIAN_POINT('',(-34.2972342311012,-19.8881985342158,8.02702737803937));
#9626=CARTESIAN_POINT('',(-32.867595507507,-19.8881985342158,8.68742737803937));
#9627=CARTESIAN_POINT('',(-32.867595507507,-19.8881985342158,7.11262737803937));
#9628=CARTESIAN_POINT('',(-32.867595507507,-19.8881985342158,7.11262737803937));
#9629=CARTESIAN_POINT('',(-32.867595507507,18.4784652833746,8.68742737803937));
#9630=CARTESIAN_POINT('',(-34.442395507507,19.6608075099677,8.68742737803937));
#9631=CARTESIAN_POINT('',(-34.442395507507,19.7396403989843,8.45848004423873));
#9632=CARTESIAN_POINT('',(-34.3932444033401,19.8166352028741,8.23487089725769));
#9633=CARTESIAN_POINT('',(-34.2972342311012,19.8882014657842,8.02702737803937));
#9634=CARTESIAN_POINT('',(-34.442395507507,19.6608075099677,8.68742737803937));
#9635=CARTESIAN_POINT('',(-34.2972342311012,19.8882014657842,8.02702737803937));
#9636=CARTESIAN_POINT('',(-34.442395507507,19.8882014657842,8.68742737803937));
#9637=CARTESIAN_POINT('',(-34.442395507507,18.6956643130906,8.68742737803937));
#9638=CARTESIAN_POINT('',(-34.442395507507,18.6956643130906,8.68742737803937));
#9639=CARTESIAN_POINT('',(-34.442395507507,18.6908898861462,8.59205827451905));
#9640=CARTESIAN_POINT('',(-34.4285304897451,18.6785976565739,8.39996113305608));
#9641=CARTESIAN_POINT('',(-34.3398321704616,18.649755474965,8.11533913269147));
#9642=CARTESIAN_POINT('',(-34.2679287239619,18.6305088126744,7.96135490902356));
#9643=CARTESIAN_POINT('',(-34.1454652283209,18.6018159266341,7.7550442442048));
#9644=CARTESIAN_POINT('',(-34.0005600284663,18.5726986318178,7.57730472745283));
#9645=CARTESIAN_POINT('',(-33.7129640452744,18.5291273487034,7.3462106313669));
#9646=CARTESIAN_POINT('',(-33.4889006638179,18.5047874269354,7.23121554456302));
#9647=CARTESIAN_POINT('',(-33.1640356984638,18.482362365323,7.12855710325069));
#9648=CARTESIAN_POINT('',(-32.9661814064644,18.4784652833746,7.11262737803937));
#9649=CARTESIAN_POINT('',(-32.867595507507,18.4784652833746,7.11262737803937));
#9650=CARTESIAN_POINT('',(-32.867595507507,18.4784652833746,7.11262737803937));
#9651=CARTESIAN_POINT('',(-32.867595507507,18.4784652833746,7.11262737803937));
#9652=CARTESIAN_POINT('',(-32.867595507507,19.8882014657842,7.11262737803937));
#9653=CARTESIAN_POINT('',(-32.867595507507,19.8882014657842,8.68742737803937));
#9654=CARTESIAN_POINT('',(32.867604492493,-17.5180538408977,8.68742737803936));
#9655=CARTESIAN_POINT('',(34.442404492493,-18.6956613815221,8.68742737803937));
#9656=CARTESIAN_POINT('',(34.442404492493,-18.690886954577,8.59205827450473));
#9657=CARTESIAN_POINT('',(34.4285394749076,-18.6785947250465,8.3999611333748));
#9658=CARTESIAN_POINT('',(34.3398411549421,-18.6497525432792,8.1153391317274));
#9659=CARTESIAN_POINT('',(34.2679377098225,-18.630505881309,7.96135491069514));
#9660=CARTESIAN_POINT('',(34.1454742128325,-18.6018129949512,7.75504424325953));
#9661=CARTESIAN_POINT('',(34.0005690133496,-18.572695700264,7.5773047276024));
#9662=CARTESIAN_POINT('',(33.7129730312201,-18.5291244172165,7.34621063193287));
#9663=CARTESIAN_POINT('',(33.4889096485677,-18.504784495345,7.23121554441583));
#9664=CARTESIAN_POINT('',(33.1640446834352,-18.4823594337608,7.12855710327346));
#9665=CARTESIAN_POINT('',(32.9661903914112,-18.4784623518062,7.11262737803936));
#9666=CARTESIAN_POINT('',(32.867604492493,-18.4784623518062,7.11262737803936));
#9667=CARTESIAN_POINT('',(32.867604492493,-18.4784623518062,7.11262737803937));
#9668=CARTESIAN_POINT('',(34.442404492493,-18.6956613815221,8.68742737803937));
#9669=CARTESIAN_POINT('',(32.867604492493,-18.4784623518062,7.11262737803937));
#9670=CARTESIAN_POINT('',(32.867604492493,-19.8881985342158,7.11262737803937));
#9671=CARTESIAN_POINT('',(32.867604492493,-19.8881985342158,8.68742737803937));
#9672=CARTESIAN_POINT('',(34.2972432160872,-19.8881985342158,8.02702737803937));
#9673=CARTESIAN_POINT('',(34.442404492493,-19.6608045783993,8.68742737803937));
#9674=CARTESIAN_POINT('',(34.442404492493,-19.7396374674159,8.45848004423874));
#9675=CARTESIAN_POINT('',(34.3932533883261,-19.8166322713056,8.23487089725769));
#9676=CARTESIAN_POINT('',(34.2972432160872,-19.8881985342158,8.02702737803937));
#9677=CARTESIAN_POINT('',(34.442404492493,-19.6608045783993,8.68742737803937));
#9678=CARTESIAN_POINT('',(34.442404492493,-19.8881985342158,8.68742737803937));
#9679=CARTESIAN_POINT('',(32.867604492493,-17.5180538408977,8.68742737803944));
#9680=CARTESIAN_POINT('',(32.867604492493,19.8882014657842,8.68742737803937));
#9681=CARTESIAN_POINT('',(32.867604492493,19.8882014657842,7.11262737803937));
#9682=CARTESIAN_POINT('',(34.2972432160872,19.8882014657842,8.02702737803937));
#9683=CARTESIAN_POINT('',(32.867604492493,19.8882014657842,7.11262737803937));
#9684=CARTESIAN_POINT('',(32.867604492493,18.4784652833746,7.11262737803937));
#9685=CARTESIAN_POINT('',(32.867604492493,18.4784652833746,7.11262737803937));
#9686=CARTESIAN_POINT('',(32.9663644056753,18.4784652833746,7.11262737803937));
#9687=CARTESIAN_POINT('',(33.1634811783122,18.4822747748845,7.12795322493506));
#9688=CARTESIAN_POINT('',(33.4941018202393,18.5052566242806,7.23400790352366));
#9689=CARTESIAN_POINT('',(33.7000811632296,18.5279886730032,7.3386888764139));
#9690=CARTESIAN_POINT('',(34.0026920349624,18.5726187674558,7.57611900586196));
#9691=CARTESIAN_POINT('',(34.1827775959904,18.60978211634,7.80678490852996));
#9692=CARTESIAN_POINT('',(34.3819828337942,18.6586347369385,8.16810553817613));
#9693=CARTESIAN_POINT('',(34.442404492493,18.6861312093088,8.49700377914091));
#9694=CARTESIAN_POINT('',(34.442404492493,18.6956643130906,8.68742737803939));
#9695=CARTESIAN_POINT('',(34.442404492493,18.6956643130906,8.68742737803938));
#9696=CARTESIAN_POINT('',(34.442404492493,18.4784652833746,8.68742737803938));
#9697=CARTESIAN_POINT('',(34.442404492493,19.6608075099677,8.68742737803937));
#9698=CARTESIAN_POINT('',(34.2972432160872,19.8882014657842,8.02702737803937));
#9699=CARTESIAN_POINT('',(34.3932533883262,19.8166352028741,8.23487089725769));
#9700=CARTESIAN_POINT('',(34.442404492493,19.7396403989843,8.45848004423873));
#9701=CARTESIAN_POINT('',(34.442404492493,19.6608075099677,8.68742737803937));
#9702=CARTESIAN_POINT('',(32.867604492493,-17.5180538408977,8.68742737803936));
#9703=CARTESIAN_POINT('',(34.442404492493,0.430538618477888,8.68742737803938));
#9704=CARTESIAN_POINT('',(34.442404492493,0.435313045419643,8.59205827457171));
#9705=CARTESIAN_POINT('',(34.4285394749266,0.447605274948781,8.39996113349759));
#9706=CARTESIAN_POINT('',(34.3398411549845,0.476447456712856,8.11533913179931));
#9707=CARTESIAN_POINT('',(34.2679377097425,0.495694118706235,7.96135491054108));
#9708=CARTESIAN_POINT('',(34.1454742128641,0.524387005041728,7.75504424333919));
#9709=CARTESIAN_POINT('',(34.0005690134644,0.553504299723494,7.57730472765551));
#9710=CARTESIAN_POINT('',(33.7129730307457,0.597075582839503,7.34621063163538));
#9711=CARTESIAN_POINT('',(33.4889096487316,0.621415504639926,7.23121554450443));
#9712=CARTESIAN_POINT('',(33.1640446832539,0.643840566243492,7.12855710321661));
#9713=CARTESIAN_POINT('',(32.966190391347,0.647737648193827,7.11262737803937));
#9714=CARTESIAN_POINT('',(32.867604492493,0.647737648193827,7.11262737803937));
#9715=CARTESIAN_POINT('',(32.867604492493,0.647737648193827,7.11262737803936));
#9716=CARTESIAN_POINT('',(34.442404492493,0.430538618477888,8.68742737803937));
#9717=CARTESIAN_POINT('',(32.867604492493,0.647737648193827,7.11262737803937));
#9718=CARTESIAN_POINT('',(32.867604492493,-0.647734716625374,7.11262737803937));
#9719=CARTESIAN_POINT('',(32.867604492493,-0.647734716625374,7.11262737803937));
#9720=CARTESIAN_POINT('',(32.9663644058992,-0.647734716625374,7.11262737803937));
#9721=CARTESIAN_POINT('',(33.163481178792,-0.643925225115522,7.12795322503628));
#9722=CARTESIAN_POINT('',(33.4941018202018,-0.620943375719253,7.23400790355545));
#9723=CARTESIAN_POINT('',(33.7000811628994,-0.598211326997339,7.33868887618533));
#9724=CARTESIAN_POINT('',(34.0026920350507,-0.553581232543673,7.57611900593208));
#9725=CARTESIAN_POINT('',(34.1827775959671,-0.516417883661864,7.80678490847782));
#9726=CARTESIAN_POINT('',(34.3819828338081,-0.467565263051862,8.16810553837781));
#9727=CARTESIAN_POINT('',(34.442404492493,-0.4400687907338,8.4970037782887));
#9728=CARTESIAN_POINT('',(34.442404492493,-0.430535686909435,8.68742737803938));
#9729=CARTESIAN_POINT('',(34.442404492493,-0.430535686909435,8.68742737803937));
#9730=CARTESIAN_POINT('',(34.442404492493,-0.647734716625381,8.68742737803937));
#9731=CARTESIAN_POINT('',(-32.867595507507,-0.647734716625374,8.68742737803937));
#9732=CARTESIAN_POINT('',(-32.867595507507,0.647737648193833,7.11262737803937));
#9733=CARTESIAN_POINT('',(-32.9663554205804,0.647737648193833,7.11262737803937));
#9734=CARTESIAN_POINT('',(-33.1634721930789,0.643928156685299,7.12795322487665));
#9735=CARTESIAN_POINT('',(-33.4940928353203,0.620946307283123,7.23400790354035));
#9736=CARTESIAN_POINT('',(-33.7000721782224,0.59821425858288,7.33868887640545));
#9737=CARTESIAN_POINT('',(-34.002683049982,0.553584164107601,7.57611900587138));
#9738=CARTESIAN_POINT('',(-34.1827686110028,0.516420815231203,7.80678490850056));
#9739=CARTESIAN_POINT('',(-34.381973848809,0.467568194621491,8.1681055383299));
#9740=CARTESIAN_POINT('',(-34.442395507507,0.440071722293713,8.4970037784599));
#9741=CARTESIAN_POINT('',(-34.442395507507,0.430538618477895,8.68742737803937));
#9742=CARTESIAN_POINT('',(-34.442395507507,0.430538618477895,8.68742737803937));
#9743=CARTESIAN_POINT('',(-32.867595507507,0.647737648193834,7.11262737803936));
#9744=CARTESIAN_POINT('',(-34.442395507507,0.647737648193834,8.68742737803937));
#9745=CARTESIAN_POINT('',(-34.442395507507,-0.430535686909428,8.68742737803937));
#9746=CARTESIAN_POINT('',(-34.442395507507,-0.430535686909428,8.68742737803937));
#9747=CARTESIAN_POINT('',(-34.442395507507,-0.435310113860756,8.59205827438054));
#9748=CARTESIAN_POINT('',(-34.4285304896899,-0.447602343439717,8.39996113277034));
#9749=CARTESIAN_POINT('',(-34.3398321704177,-0.47644452504089,8.1153391326301));
#9750=CARTESIAN_POINT('',(-34.2679287240518,-0.495691187312229,7.96135490919116));
#9751=CARTESIAN_POINT('',(-34.1454652282717,-0.524384073373823,7.75504424411001));
#9752=CARTESIAN_POINT('',(-34.0005600284593,-0.553501368177873,7.57730472746802));
#9753=CARTESIAN_POINT('',(-33.7129640453597,-0.597072651303631,7.34621063142295));
#9754=CARTESIAN_POINT('',(-33.4889006638497,-0.621412573062703,7.23121554456078));
#9755=CARTESIAN_POINT('',(-33.1640356982511,-0.643837634677542,7.12855710320357));
#9756=CARTESIAN_POINT('',(-32.9661814063672,-0.647734716625368,7.11262737803937));
#9757=CARTESIAN_POINT('',(-32.867595507507,-0.647734716625368,7.11262737803937));
#9758=CARTESIAN_POINT('',(-32.867595507507,-0.647734716625367,7.11262737803937));
#9759=CARTESIAN_POINT('',(-32.867595507507,-0.647734716625367,7.11262737803937));
#9760=CARTESIAN_POINT('',(-38.557195507507,19.8882014657842,8.02702737803937));
#9761=CARTESIAN_POINT('',(-38.557195507507,17.5180567724661,14.9104273780394));
#9762=CARTESIAN_POINT('',(-34.442395507507,17.5180567724661,14.9104273780394));
#9763=CARTESIAN_POINT('',(-34.442395507507,19.8882014657842,8.02702737803937));
#9764=CARTESIAN_POINT('',(-38.557195507507,19.8882014657842,8.02702737803937));
#9765=CARTESIAN_POINT('',(-38.557195507507,17.5180567724661,14.9104273780394));
#9766=CARTESIAN_POINT('',(-38.557195507507,11.4681014657842,14.9104273780394));
#9767=CARTESIAN_POINT('',(-34.442395507507,17.5180567724661,14.9104273780394));
#9768=CARTESIAN_POINT('',(-38.557195507507,-19.8881985342158,8.02702737803937));
#9769=CARTESIAN_POINT('',(-38.557195507507,-17.5180538408977,14.9104273780394));
#9770=CARTESIAN_POINT('',(-34.442395507507,-17.5180538408977,14.9104273780394));
#9771=CARTESIAN_POINT('',(-38.557195507507,-19.8881985342158,8.02702737803937));
#9772=CARTESIAN_POINT('',(-34.442395507507,-19.8881985342158,8.02702737803937));
#9773=CARTESIAN_POINT('',(-34.442395507507,-17.5180538408977,14.9104273780394));
#9774=CARTESIAN_POINT('',(-34.442395507507,9.56310146578423,9.14462737803937));
#9775=CARTESIAN_POINT('',(-34.442395507507,12.3571014657842,0.838827378039364));
#9776=CARTESIAN_POINT('',(-34.442395507507,6.76910146578424,0.838827378039364));
#9777=CARTESIAN_POINT('',(-34.442395507507,17.5180567724661,14.9104273780394));
#9778=CARTESIAN_POINT('',(-34.442395507507,17.5180567724661,14.9104273780394));
#9779=CARTESIAN_POINT('',(-34.442395507507,-9.56309853421578,9.14462737803937));
#9780=CARTESIAN_POINT('',(-34.442395507507,-9.56309853421578,9.14462737803937));
#9781=CARTESIAN_POINT('',(-34.442395507507,9.56310146578423,9.14462737803937));
#9782=CARTESIAN_POINT('',(34.442404492493,18.4784652833746,7.11262737803937));
#9783=CARTESIAN_POINT('',(34.442404492493,19.8882014657842,7.11262737803937));
#9784=CARTESIAN_POINT('',(34.442404492493,18.4784652833746,7.11262737803937));
#9785=CARTESIAN_POINT('',(34.442404492493,13.6906014657842,0.000627378039366744));
#9786=CARTESIAN_POINT('',(34.442404492493,13.6906014657842,0.000627378039366744));
#9787=CARTESIAN_POINT('',(34.442404492493,13.6906014657842,0.985186236024796));
#9788=CARTESIAN_POINT('',(34.442404492493,-0.647734716625374,7.11262737803937));
#9789=CARTESIAN_POINT('',(34.442404492493,0.647737648193827,7.11262737803936));
#9790=CARTESIAN_POINT('',(34.442404492493,-0.647734716625374,7.11262737803937));
#9791=CARTESIAN_POINT('',(34.442404492493,9.56310146578422,9.14462737803937));
#9792=CARTESIAN_POINT('',(34.442404492493,0.647737648193827,7.11262737803936));
#9793=CARTESIAN_POINT('',(34.442404492493,9.56310146578422,9.14462737803937));
#9794=CARTESIAN_POINT('',(34.442404492493,5.43560146578423,0.985186236024796));
#9795=CARTESIAN_POINT('',(34.442404492493,0.647737648193827,7.11262737803936));
#9796=CARTESIAN_POINT('',(34.442404492493,5.43560146578422,0.000627378039366744));
#9797=CARTESIAN_POINT('',(34.442404492493,5.43560146578422,0.000627378039366744));
#9798=CARTESIAN_POINT('',(34.442404492493,-5.43559853421578,0.000627378039366744));
#9799=CARTESIAN_POINT('',(34.442404492493,-5.43559853421578,0.000627378039366744));
#9800=CARTESIAN_POINT('',(34.442404492493,-5.43559853421578,0.985186236024796));
#9801=CARTESIAN_POINT('',(34.442404492493,-9.56309853421578,9.14462737803937));
#9802=CARTESIAN_POINT('',(34.442404492493,-0.647734716625374,7.11262737803937));
#9803=CARTESIAN_POINT('',(34.442404492493,-0.647734716625374,7.11262737803937));
#9804=CARTESIAN_POINT('',(34.442404492493,-9.56309853421578,9.14462737803937));
#9805=CARTESIAN_POINT('',(38.557204492493,17.5180567724661,14.9104273780394));
#9806=CARTESIAN_POINT('',(38.557204492493,17.5180567724661,14.9104273780394));
#9807=CARTESIAN_POINT('',(34.442404492493,17.5180567724661,14.9104273780394));
#9808=CARTESIAN_POINT('',(34.442404492493,17.5180567724661,14.9104273780394));
#9809=CARTESIAN_POINT('',(38.557204492493,19.8882014657842,8.02702737803937));
#9810=CARTESIAN_POINT('',(38.557204492493,19.8882014657842,8.02702737803937));
#9811=CARTESIAN_POINT('',(34.442404492493,19.8882014657842,8.02702737803937));
#9812=CARTESIAN_POINT('',(38.557204492493,19.8882014657842,0.000627378039366744));
#9813=CARTESIAN_POINT('',(38.557204492493,19.8882014657842,0.000627378039366744));
#9814=CARTESIAN_POINT('',(34.442404492493,19.8882014657842,7.11262737803937));
#9815=CARTESIAN_POINT('',(34.442404492493,19.8882014657842,7.11262737803937));
#9816=CARTESIAN_POINT('',(38.557204492493,19.8882014657842,0.000627378039366744));
#9817=CARTESIAN_POINT('',(38.557204492493,-19.8881985342158,8.02702737803937));
#9818=CARTESIAN_POINT('',(38.557204492493,-17.5180538408977,14.9104273780394));
#9819=CARTESIAN_POINT('',(34.442404492493,-17.5180538408977,14.9104273780394));
#9820=CARTESIAN_POINT('',(34.442404492493,-19.8881985342158,8.02702737803937));
#9821=CARTESIAN_POINT('',(38.557204492493,-19.8881985342158,8.02702737803937));
#9822=CARTESIAN_POINT('',(34.442404492493,-19.8881985342158,7.11262737803937));
#9823=CARTESIAN_POINT('',(34.442404492493,-19.8881985342158,0.000627378039366744));
#9824=CARTESIAN_POINT('',(34.442404492493,-19.8881985342158,0.000627378039366744));
#9825=CARTESIAN_POINT('',(34.442404492493,-19.8881985342158,7.11262737803937));
#9826=CARTESIAN_POINT('',(34.442404492493,-19.8881985342158,7.11262737803937));
#9827=CARTESIAN_POINT('',(34.442404492493,-19.8881985342158,7.11262737803937));
#9828=CARTESIAN_POINT('',(34.442404492493,-19.8881985342158,7.11262737803937));
#9829=CARTESIAN_POINT('',(34.442404492493,-18.4784623518062,7.11262737803937));
#9830=CARTESIAN_POINT('',(34.442404492493,-13.6905985342158,0.000627378039366744));
#9831=CARTESIAN_POINT('',(34.442404492493,-13.6905985342158,0.985186236024796));
#9832=CARTESIAN_POINT('',(34.442404492493,-13.6905985342158,0.000627378039366744));
#9833=CARTESIAN_POINT('',(34.442404492493,-17.5180538408977,14.9104273780394));
#9834=CARTESIAN_POINT('',(34.442404492493,-9.56309853421578,9.14462737803937));
#9835=CARTESIAN_POINT('',(34.442404492493,17.5180567724661,14.9104273780394));
#9836=CARTESIAN_POINT('',(34.442404492493,-12.3570985342158,0.838827378039364));
#9837=CARTESIAN_POINT('',(34.442404492493,-6.76909853421577,0.838827378039364));
#9838=CARTESIAN_POINT('',(34.442404492493,17.5180567724661,14.9104273780394));
#9839=CARTESIAN_POINT('',(34.442404492493,6.76910146578423,0.838827378039364));
#9840=CARTESIAN_POINT('',(34.442404492493,12.3571014657842,0.838827378039364));
#9841=CARTESIAN_POINT('',(34.442404492493,9.56310146578422,9.14462737803937));
#9842=CARTESIAN_POINT('',(38.557204492493,17.5180567724661,14.9104273780394));
#9843=CARTESIAN_POINT('',(38.557204492493,17.5180567724661,14.9104273780394));
#9844=CARTESIAN_POINT('',(-38.557195507507,17.5180567724661,14.9104273780394));
#9845=CARTESIAN_POINT('',(-38.557195507507,-11.4680985342158,14.9104273780394));
#9846=CARTESIAN_POINT('',(-38.557195507507,17.5180567724661,14.9104273780394));
#9847=CARTESIAN_POINT('',(-38.557195507507,7.65810146578424,14.9104273780394));
#9848=CARTESIAN_POINT('',(-38.557195507507,-7.65809853421578,14.9104273780394));
#9849=CARTESIAN_POINT('',(-36.017195507507,-11.4680985342158,0.838827378039364));
#9850=CARTESIAN_POINT('',(-31.7350829431223,-7.65809853421576,0.838827378039364));
#9851=CARTESIAN_POINT('',(35.636204492493,-12.3570985342158,0.838827378039364));
#9852=CARTESIAN_POINT('',(35.636204492493,-12.8650985342158,0.838827378039364));
#9853=CARTESIAN_POINT('',(35.636204492493,12.3571014657842,0.838827378039364));
#9854=CARTESIAN_POINT('',(35.636204492493,12.3571014657842,0.838827378039364));
#9855=CARTESIAN_POINT('',(35.636204492493,6.76910146578422,0.838827378039364));
#9856=CARTESIAN_POINT('',(35.636204492493,6.76910146578422,0.838827378039364));
#9857=CARTESIAN_POINT('',(35.636204492493,-6.76909853421577,0.838827378039364));
#9858=CARTESIAN_POINT('',(35.636204492493,-6.76909853421577,0.838827378039364));
#9859=CARTESIAN_POINT('',(35.636204492493,-12.3570985342158,0.838827378039364));
#9860=CARTESIAN_POINT('',(35.636204492493,-12.3570985342158,0.838827378039364));
#9861=CARTESIAN_POINT('',(-35.636195507507,6.76910146578424,0.838827378039364));
#9862=CARTESIAN_POINT('',(-35.636195507507,6.76910146578424,0.838827378039364));
#9863=CARTESIAN_POINT('',(-35.636195507507,12.3571014657842,0.838827378039364));
#9864=CARTESIAN_POINT('',(-35.636195507507,12.3571014657842,0.838827378039364));
#9865=CARTESIAN_POINT('',(34.442404492493,-9.56309853421578,9.14462737803937));
#9866=CARTESIAN_POINT('',(34.442404492493,-18.4784623518062,7.11262737803937));
#9867=CARTESIAN_POINT('',(34.442404492493,-18.4784623518062,7.11262737803937));
#9868=CARTESIAN_POINT('',(34.442404492493,9.56310146578422,9.14462737803937));
#9869=CARTESIAN_POINT('',(34.442404492493,18.4784652833746,7.11262737803937));
#9870=CARTESIAN_POINT('',(34.442404492493,18.4784652833746,7.11262737803937));
#9871=CARTESIAN_POINT('',(34.442404492493,-0.647734716625374,7.11262737803937));
#9872=CARTESIAN_POINT('',(34.442404492493,-0.647734716625374,7.11262737803937));
#9873=CARTESIAN_POINT('',(35.636204492493,-12.3570985342158,0.838827378039364));
#9874=CARTESIAN_POINT('',(35.636204492493,-12.8650985342158,0.838827378039364));
#9875=CARTESIAN_POINT('',(36.017204492493,11.4681014657842,0.838827378039364));
#9876=CARTESIAN_POINT('',(35.636204492493,6.26110146578422,0.838827378039364));
#9877=CARTESIAN_POINT('',(-36.017195507507,-11.4680985342158,0.838827378039364));
#9878=CARTESIAN_POINT('',(-31.7350829431223,-11.4680985342158,0.838827378039371));
#9879=CARTESIAN_POINT('',(-35.636195507507,12.3571014657842,0.838827378039364));
#9880=CARTESIAN_POINT('',(-31.7350829431223,7.65810146578423,0.838827378039364));
#9881=CARTESIAN_POINT('',(-35.636195507507,7.65810146578424,0.838827378039364));
#9882=CARTESIAN_POINT('',(-35.636195507507,12.8651014657842,0.838827378039364));
#9883=CARTESIAN_POINT('',(34.442404492493,18.4784652833746,7.11262737803937));
#9884=CARTESIAN_POINT('',(34.442404492493,-19.8881985342158,7.11262737803937));
#9885=CARTESIAN_POINT('',(34.442404492493,-19.8881985342158,7.11262737803937));
#9886=CARTESIAN_POINT('',(34.442404492493,18.4784652833746,7.11262737803937));
#9887=CARTESIAN_POINT('',(-26.161995507507,-17.5005985342158,-1.77737262196064));
#9888=CARTESIAN_POINT('',(-27.622495507507,-17.5005985342158,-1.77737262196064));
#9889=CARTESIAN_POINT('',(-27.622495507507,-17.5005985342158,0.000627378039366744));
#9890=CARTESIAN_POINT('',(-27.622495507507,-17.5005985342158,-1.98057262196064));
#9891=CARTESIAN_POINT('',(-27.622495507507,-17.5005985342158,-2.10757262196063));
#9892=CARTESIAN_POINT('',(-27.622495507507,-17.5005985342158,-3.42837262196063));
#9893=CARTESIAN_POINT('',(-27.622495507507,-17.5005985342158,-3.42837262196063));
#9894=CARTESIAN_POINT('',(26.162004492493,17.5006014657842,-1.77737262196064));
#9895=CARTESIAN_POINT('',(27.622504492493,17.5006014657842,-1.77737262196064));
#9896=CARTESIAN_POINT('',(27.622504492493,17.5006014657842,0.000627378039366744));
#9897=CARTESIAN_POINT('',(27.622504492493,17.5006014657842,-1.98057262196064));
#9898=CARTESIAN_POINT('',(27.622504492493,17.5006014657842,-2.10757262196063));
#9899=CARTESIAN_POINT('',(27.622504492493,17.5006014657842,-3.42837262196063));
#9900=CARTESIAN_POINT('',(27.622504492493,17.5006014657842,-3.42837262196063));
#9901=CARTESIAN_POINT('',(-38.557195507507,11.4681014657842,0.838827378039364));
#9902=CARTESIAN_POINT('',(-38.557196873925,11.4681014657842,0.000627378039373683));
#9903=CARTESIAN_POINT('',(-35.636204492493,11.4681014657842,0.000627378039359805));
#9904=CARTESIAN_POINT('',(-35.636204492493,11.4681014657842,1.01662737803936));
#9905=CARTESIAN_POINT('',(-38.557195507507,7.65810146578424,0.838827378039364));
#9906=CARTESIAN_POINT('',(-35.636204492493,7.65810146578424,1.01662737803936));
#9907=CARTESIAN_POINT('',(-35.636204492493,7.65810146578424,0.000627378039359805));
#9908=CARTESIAN_POINT('',(-38.557196873925,7.65810146578423,0.000627378039373683));
#9909=CARTESIAN_POINT('',(-35.636195507507,12.8651014657842,0.838827378039364));
#9910=CARTESIAN_POINT('',(-35.636204492493,7.65810146578424,0.000627378039359805));
#9911=CARTESIAN_POINT('',(-38.557195507507,-7.65809853421578,0.838827378039364));
#9912=CARTESIAN_POINT('',(-38.557196873925,-7.65809853421576,0.000627378039366744));
#9913=CARTESIAN_POINT('',(-38.557195507507,-11.4680985342158,0.838827378039364));
#9914=CARTESIAN_POINT('',(-38.557196873925,-11.4680985342158,0.000627378039366744));
#9915=CARTESIAN_POINT('',(35.636204492493,6.26110146578422,0.838827378039364));
#9916=CARTESIAN_POINT('',(35.636204492493,7.65810146578423,0.000627378039359805));
#9917=CARTESIAN_POINT('',(35.636204492493,-12.8650985342158,0.838827378039364));
#9918=CARTESIAN_POINT('',(35.636204492493,-11.4680985342158,0.000627378039359805));
#9919=CARTESIAN_POINT('',(34.442404492493,-19.8881985342158,0.000627378039366744));
#9920=CARTESIAN_POINT('',(0.,0.,0.));
#9921=CARTESIAN_POINT('',(35.9410000000001,-1.778,0.3048));
#9922=CARTESIAN_POINT('',(35.9410000000001,10.3251,-2.52892013317527E-15));
#9923=CARTESIAN_POINT('',(35.9410000000001,-1.87500000000049,-1.30422547082965E-16));
#9924=CARTESIAN_POINT('',(35.9410000000001,1.87500000000012,-4.59242549680286E-16));
#9925=CARTESIAN_POINT('',(35.9410000000001,-1.87500000000049,0.3048));
#9926=CARTESIAN_POINT('',(35.6362000000001,-1.87500000000049,0.304799999999999));
#9927=CARTESIAN_POINT('',(35.6362,-1.77799999999999,0.3048));
#9928=CARTESIAN_POINT('',(35.6362000000001,1.87500000000013,0.304799999999998));
#9929=CARTESIAN_POINT('',(35.9410000000001,1.87500000000012,0.304799999999998));
#9930=CARTESIAN_POINT('',(36.2458000000001,3.17500000000004,0.609599999999999));
#9931=CARTESIAN_POINT('',(36.2458,-1.87500000000049,0.6096));
#9932=CARTESIAN_POINT('',(36.2458,-1.87500000000049,0.304799999999999));
#9933=CARTESIAN_POINT('',(35.941,-1.87500000000049,0.609599999999998));
#9934=CARTESIAN_POINT('',(36.2458,-1.77800000000049,0.3048));
#9935=CARTESIAN_POINT('',(36.2458000000001,1.87500000000012,0.3048));
#9936=CARTESIAN_POINT('',(36.2458000000001,1.87500000000012,0.609599999999998));
#9937=CARTESIAN_POINT('',(35.9410000000001,1.87500000000012,0.609599999999999));
#9938=CARTESIAN_POINT('',(35.9410000000001,1.77799999999951,0.609599999999999));
#9939=CARTESIAN_POINT('',(35.941,-3.17500000000049,1.016));
#9940=CARTESIAN_POINT('',(35.941,-3.17500000000049,1.016));
#9941=CARTESIAN_POINT('',(35.941,-3.17500000000049,1.016));
#9942=CARTESIAN_POINT('',(35.6362,-3.17500000000049,1.016));
#9943=CARTESIAN_POINT('',(35.6362,-3.17500000000049,1.016));
#9944=CARTESIAN_POINT('',(35.6362,-1.8750000000011,1.016));
#9945=CARTESIAN_POINT('',(37.4650000000001,-1.87500000000049,1.016));
#9946=CARTESIAN_POINT('',(35.941,-1.8750000000011,1.016));
#9947=CARTESIAN_POINT('',(35.941,-3.17500000000049,1.016));
#9948=CARTESIAN_POINT('',(34.4437835020275,-3.175,14.0672928019751));
#9949=CARTESIAN_POINT('',(34.4437835020275,3.175,14.0672928019751));
#9950=CARTESIAN_POINT('',(32.3610435873728,3.175,10.2384387317775));
#9951=CARTESIAN_POINT('',(34.4437835020275,3.175,14.0672928019751));
#9952=CARTESIAN_POINT('',(34.4437835020275,-3.175,14.0672928019751));
#9953=CARTESIAN_POINT('',(34.4437835020275,-3.175,14.0672928019751));
#9954=CARTESIAN_POINT('',(34.4437835020275,-3.175,14.0672928019751));
#9955=CARTESIAN_POINT('',(32.3610435873728,-3.175,10.2384387317775));
#9956=CARTESIAN_POINT('',(32.3610435873728,-3.175,10.2384387317775));
#9957=CARTESIAN_POINT('',(32.2646544775603,-3.175,9.81322529539637));
#9958=CARTESIAN_POINT('',(32.2646544775603,3.175,9.81322529539637));
#9959=CARTESIAN_POINT('',(32.4088820118228,3.175,7.0612));
#9960=CARTESIAN_POINT('',(32.2646544775603,3.175,9.81322529539637));
#9961=CARTESIAN_POINT('',(32.2646544775603,-3.175,9.81322529539637));
#9962=CARTESIAN_POINT('',(32.2646544775603,-3.175,9.81322529539637));
#9963=CARTESIAN_POINT('',(32.2646544775603,-3.175,9.81322529539637));
#9964=CARTESIAN_POINT('',(32.4088820118228,-3.175,7.0612));
#9965=CARTESIAN_POINT('',(32.4088820118228,-3.175,7.0612));
#9966=CARTESIAN_POINT('',(32.1044997296296,-3.175,7.04524800053715));
#9967=CARTESIAN_POINT('',(32.1044997296296,3.175,7.04524800053715));
#9968=CARTESIAN_POINT('',(32.1044997296296,3.175,7.04524800053715));
#9969=CARTESIAN_POINT('',(32.1044997296296,-3.175,7.04524800053715));
#9970=CARTESIAN_POINT('',(32.1044997296296,-3.175,7.04524800053715));
#9971=CARTESIAN_POINT('',(32.1044997296296,-3.175,7.04524800053715));
#9972=CARTESIAN_POINT('',(31.9602721953671,-3.175,9.79727329593353));
#9973=CARTESIAN_POINT('',(31.9602721953671,3.175,9.79727329593353));
#9974=CARTESIAN_POINT('',(31.9602721953671,3.175,9.79727329593353));
#9975=CARTESIAN_POINT('',(31.9602721953671,-3.175,9.79727329593353));
#9976=CARTESIAN_POINT('',(31.9602721953671,-3.175,9.79727329593353));
#9977=CARTESIAN_POINT('',(31.9602721953671,-3.175,9.79727329593353));
#9978=CARTESIAN_POINT('',(34.1760327826403,-3.175,14.2129382353661));
#9979=CARTESIAN_POINT('',(34.1760327826403,3.175,14.2129382353661));
#9980=CARTESIAN_POINT('',(34.1760327826403,3.175,14.2129382353661));
#9981=CARTESIAN_POINT('',(32.0932928679857,3.175,10.3840841651686));
#9982=CARTESIAN_POINT('',(32.0932928679857,-3.175,10.3840841651686));
#9983=CARTESIAN_POINT('',(32.0932928679857,-3.175,10.3840841651686));
#9984=CARTESIAN_POINT('',(34.1760327826403,-3.175,14.2129382353661));
#9985=CARTESIAN_POINT('',(34.1760327826403,-3.175,14.2129382353661));
#9986=CARTESIAN_POINT('',(34.1760327826403,-3.175,14.2129382353661));
#9987=CARTESIAN_POINT('',(35.0015975007507,-3.175,13.7638648157437));
#9988=CARTESIAN_POINT('',(35.0015975007507,3.175,13.7638648157437));
#9989=CARTESIAN_POINT('',(35.9411289648612,3.175,13.7414));
#9990=CARTESIAN_POINT('',(35.0015975007507,-3.175,13.7638648157437));
#9991=CARTESIAN_POINT('',(35.9411289648612,-3.175,13.7414));
#9992=CARTESIAN_POINT('',(35.9411289648612,-3.175,13.7414));
#9993=CARTESIAN_POINT('',(35.6362000000001,-3.175,13.7414));
#9994=CARTESIAN_POINT('',(35.941,-3.17500000000049,13.7414));
#9995=CARTESIAN_POINT('',(35.9410000000001,3.17499999999967,13.7414));
#9996=CARTESIAN_POINT('',(35.941,-3.17500000000033,13.7414));
#9997=CARTESIAN_POINT('',(35.6362000000001,3.175,13.7414));
#9998=CARTESIAN_POINT('',(35.6362000000001,-3.175,13.7414));
#9999=CARTESIAN_POINT('',(35.0015975007507,-3.175,13.7638648157437));
#10000=CARTESIAN_POINT('',(35.0015975007507,3.175,13.7638648157437));
#10001=CARTESIAN_POINT('',(35.6362000000001,3.175,13.7414));
#10002=CARTESIAN_POINT('',(35.6362,-3.17500000000049,13.7414));
#10003=CARTESIAN_POINT('',(35.6362,-3.17500000000049,13.7414));
#10004=CARTESIAN_POINT('',(35.0015975007507,-3.175,13.7638648157437));
#10005=CARTESIAN_POINT('',(40.259,-0.4064,0.3048));
#10006=CARTESIAN_POINT('',(40.259,-0.4064,9.95392918346971E-17));
#10007=CARTESIAN_POINT('',(40.259,-0.4064,9.95392918346972E-17));
#10008=CARTESIAN_POINT('',(40.259,0.406400000000001,-9.95392918346968E-17));
#10009=CARTESIAN_POINT('',(40.259,0.406400000000001,0.3048));
#10010=CARTESIAN_POINT('',(40.259,0.406400000000001,0.3048));
#10011=CARTESIAN_POINT('',(40.259,-0.4064,0.3048));
#10012=CARTESIAN_POINT('',(40.259,-0.4064,0.3048));
#10013=CARTESIAN_POINT('',(40.259,-0.4064,0.3048));
#10014=CARTESIAN_POINT('',(41.8338,0.4064,0.3048));
#10015=CARTESIAN_POINT('',(41.8338,0.4064,-9.95392918346967E-17));
#10016=CARTESIAN_POINT('',(41.8338,0.4064,-9.95392918346967E-17));
#10017=CARTESIAN_POINT('',(41.8338,0.4064,0.3048));
#10018=CARTESIAN_POINT('',(41.8338,0.4064,0.3048));
#10019=CARTESIAN_POINT('',(41.8338,0.4064,0.3048));
#10020=CARTESIAN_POINT('',(41.8338,0.4064,0.3048));
#10021=CARTESIAN_POINT('',(41.8338,0.4064,-9.95392918346967E-17));
#10022=CARTESIAN_POINT('',(41.8338,-0.4064,9.95392918346971E-17));
#10023=CARTESIAN_POINT('',(41.8338,-0.4064,0.3048));
#10024=CARTESIAN_POINT('',(41.8338,-0.4064,0.3048));
#10025=CARTESIAN_POINT('',(41.8338,0.4064,0.3048));
#10026=CARTESIAN_POINT('',(41.8338,-0.4064,0.3048));
#10027=CARTESIAN_POINT('',(41.8338,-0.4064,9.95392918346971E-17));
#10028=CARTESIAN_POINT('',(41.8338,-0.4064,0.3048));
#10029=CARTESIAN_POINT('',(38.6842,3.175,0.304799999999999));
#10030=CARTESIAN_POINT('',(35.6362000000001,-1.87500000000061,0.3048));
#10031=CARTESIAN_POINT('',(38.6842,-1.87500000000114,0.3048));
#10032=CARTESIAN_POINT('',(38.6842,-3.175,0.304800000000001));
#10033=CARTESIAN_POINT('',(38.6842,-3.175,0.304800000000001));
#10034=CARTESIAN_POINT('',(43.0022,-3.175,0.304800000000001));
#10035=CARTESIAN_POINT('',(43.0022,-3.175,0.304800000000001));
#10036=CARTESIAN_POINT('',(43.0022,3.175,0.304799999999999));
#10037=CARTESIAN_POINT('',(43.0022,3.175,0.304799999999999));
#10038=CARTESIAN_POINT('',(43.0022,3.175,0.304799999999999));
#10039=CARTESIAN_POINT('',(38.6842,3.175,0.304799999999999));
#10040=CARTESIAN_POINT('',(38.6842,3.175,0.304799999999999));
#10041=CARTESIAN_POINT('',(38.6842,1.87500000000008,0.3048));
#10042=CARTESIAN_POINT('',(35.6362000000001,1.87500000000061,0.304799999999998));
#10043=CARTESIAN_POINT('',(43.0022,3.175,0.304799999999999));
#10044=CARTESIAN_POINT('',(43.0022,3.175,-7.77650717458569E-16));
#10045=CARTESIAN_POINT('',(43.0022,3.175,-7.77650717458569E-16));
#10046=CARTESIAN_POINT('',(43.0022,-3.175,7.77650717458569E-16));
#10047=CARTESIAN_POINT('',(43.0022,3.175,0.304799999999999));
#10048=CARTESIAN_POINT('',(43.0022,-3.175,0.304800000000001));
#10049=CARTESIAN_POINT('',(43.0022,-3.175,0.304800000000001));
#10050=CARTESIAN_POINT('',(43.0022,-3.175,7.77650717458569E-16));
#10051=CARTESIAN_POINT('',(38.6842,-3.175,7.77650717458569E-16));
#10052=CARTESIAN_POINT('',(38.6842,-3.175,0.304800000000001));
#10053=CARTESIAN_POINT('',(38.6842,-3.175,0.304800000000001));
#10054=CARTESIAN_POINT('',(38.6842,-3.175,7.77650717458569E-16));
#10055=CARTESIAN_POINT('',(38.6842,-1.87500000000061,-2.27659502935266E-16));
#10056=CARTESIAN_POINT('',(38.6842,-1.87500000000061,0.3048));
#10057=CARTESIAN_POINT('',(38.6842,3.175,0.304799999999999));
#10058=CARTESIAN_POINT('',(38.6842,3.175,-7.77650717458569E-16));
#10059=CARTESIAN_POINT('',(38.6842,1.87500000000061,-1.7365270087594E-15));
#10060=CARTESIAN_POINT('',(38.6842,3.175,-7.77650717458569E-16));
#10061=CARTESIAN_POINT('',(38.6842,1.87500000000061,0.304799999999998));
#10062=CARTESIAN_POINT('',(38.6842,3.175,0.304799999999999));
#10063=CARTESIAN_POINT('',(43.0022,3.175,0.304799999999999));
#10064=CARTESIAN_POINT('',(43.0022,3.175,-7.77650717458569E-16));
#10065=CARTESIAN_POINT('',(35.6362000000001,-1.778,1.016));
#10066=CARTESIAN_POINT('',(35.6362000000001,-1.87500000000049,1.016));
#10067=CARTESIAN_POINT('',(35.6362,-3.17500000000049,13.7414));
#10068=CARTESIAN_POINT('',(35.6362000000001,3.17499999999951,13.7414));
#10069=CARTESIAN_POINT('',(35.6362000000001,3.17499999999952,1.016));
#10070=CARTESIAN_POINT('',(35.6362,-3.17500000000049,1.016));
#10071=CARTESIAN_POINT('',(35.6362000000001,1.87500000000013,1.016));
#10072=CARTESIAN_POINT('',(35.6362000000001,1.87500000000013,1.016));
#10073=CARTESIAN_POINT('',(35.9410000000001,3.17499999999951,13.7414));
#10074=CARTESIAN_POINT('',(35.9410000000001,3.17499999999951,1.016));
#10075=CARTESIAN_POINT('',(35.9410000000001,3.17499999999951,1.016));
#10076=CARTESIAN_POINT('',(33.0655795535292,3.175,9.8552));
#10077=CARTESIAN_POINT('',(33.0655795535292,3.175,9.8552));
#10078=CARTESIAN_POINT('',(35.9410000000001,3.17499999999951,13.7414));
#10079=CARTESIAN_POINT('',(35.9410000000001,1.87500000000012,1.016));
#10080=CARTESIAN_POINT('',(35.9410000000001,1.87500000000061,-1.7365270087594E-15));
#10081=CARTESIAN_POINT('',(35.9410000000001,1.87500000000012,1.016));
#10082=CARTESIAN_POINT('',(35.9410000000001,1.87500000000012,1.016));
#10083=CARTESIAN_POINT('',(35.9410000000001,1.87500000000012,1.016));
#10084=CARTESIAN_POINT('',(35.941,-1.8750000000011,1.016));
#10085=CARTESIAN_POINT('',(35.941,-1.87500000000049,1.016));
#10086=CARTESIAN_POINT('',(35.9410000000001,-1.87500000000061,-2.27659502935266E-16));
#10087=CARTESIAN_POINT('',(35.941,-3.17500000000049,1.016));
#10088=CARTESIAN_POINT('',(35.9410000000001,3.17499999999951,1.016));
#10089=CARTESIAN_POINT('',(35.941,-3.17500000000049,13.7414));
#10090=CARTESIAN_POINT('',(35.941,-3.17500000000049,13.7414));
#10091=CARTESIAN_POINT('',(33.0655795535292,-3.175,9.8552));
#10092=CARTESIAN_POINT('',(33.0655795535292,-3.175,9.8552));
#10093=CARTESIAN_POINT('',(35.941,-3.17500000000049,1.016));
#10094=CARTESIAN_POINT('',(-34.4424,10.3251,-2.52892013317527E-15));
#10095=CARTESIAN_POINT('',(33.0655795535292,-3.175,9.8552));
#10096=CARTESIAN_POINT('',(33.0655795535292,-3.175,9.8552));
#10097=CARTESIAN_POINT('',(0.,-9.5631,0.));
#10098=CARTESIAN_POINT('',(0.,-9.56,0.));
#10099=CARTESIAN_POINT('',(0.,9.56,0.));
#10100=CARTESIAN_POINT('',(0.,9.56,0.));
#10101=MECHANICAL_DESIGN_GEOMETRIC_PRESENTATION_REPRESENTATION('',(#4864,
#4865,#4866,#4867,#4868,#4869,#4870,#4871,#4872,#4873,#4874,#4875,#4876,
#4877,#4878,#4879,#4880,#4881,#4882,#4883,#4884,#4885,#4886,#4887,#4888,
#4889,#4890,#4891,#4892,#4893,#4894,#4895,#4896,#4897,#4898,#4899,#4900,
#4901,#4902,#4903,#4904,#4905,#4906,#4907,#4908,#4909,#4910,#4911,#4912,
#4913,#4914,#4915,#4916,#4917,#4918,#4919,#4920,#4921,#4922,#4923,#4924,
#4925,#4926,#4927,#4928,#4929,#4930,#4931,#4932,#4933,#4934,#4935,#4936,
#4937,#4938,#4939,#4940,#4941,#4942,#4943,#4944,#4945,#4946,#4947,#4948,
#4949,#4950,#4951,#4952,#4953,#4954,#4955,#4956,#4957,#4958,#4959,#4960,
#4961,#4962,#4963,#4964,#4965,#4966,#4967,#4968,#4969,#4970,#4971,#4972,
#4973,#4974,#4975,#4976,#4977,#4978,#4979,#4980,#4981,#4982,#4983,#4984,
#4985,#4986,#4987,#4988,#4989,#4990,#4991,#4992,#4993,#4994,#4995,#4996,
#4997,#4998,#4999,#5000,#5001,#5002,#5003,#5004,#5005,#5006,#5007,#5008,
#5009,#5010,#5011,#5012,#5013,#5014,#5015,#5016,#5017,#5018,#5019,#5020,
#5021,#5022,#5023,#5024,#5025,#5026,#5027,#5028,#5029,#5030,#5031,#5032,
#5033,#5034,#5035,#5036,#5037,#5038,#5039,#5040,#5041,#5042,#5043,#5044,
#5045,#5046,#5047,#5048,#5049,#5050,#5051,#5052,#5053,#5054,#5055,#5056,
#5057,#5058,#5059,#5060,#5061,#5062,#5063,#5064,#5065,#5066,#5067,#5068,
#5069,#5070,#5071,#5072,#5073,#5074,#5075,#5076,#5077,#5078,#5079,#5080,
#5081,#5082,#5083,#5084,#5085,#5086,#5087,#5088,#5089,#5090,#5091,#5092,
#5093,#5094),#10102);
#10102=(
GEOMETRIC_REPRESENTATION_CONTEXT(3)
GLOBAL_UNCERTAINTY_ASSIGNED_CONTEXT((#10105))
GLOBAL_UNIT_ASSIGNED_CONTEXT((#10110,#10109,#10108))
REPRESENTATION_CONTEXT('KEYST_1048','TOP_LEVEL_ASSEMBLY_PART')
);
#10103=(
GEOMETRIC_REPRESENTATION_CONTEXT(3)
GLOBAL_UNCERTAINTY_ASSIGNED_CONTEXT((#10106))
GLOBAL_UNIT_ASSIGNED_CONTEXT((#10110,#10109,#10108))
REPRESENTATION_CONTEXT('1134_body','COMPONENT_PART')
);
#10104=(
GEOMETRIC_REPRESENTATION_CONTEXT(3)
GLOBAL_UNCERTAINTY_ASSIGNED_CONTEXT((#10107))
GLOBAL_UNIT_ASSIGNED_CONTEXT((#10110,#10109,#10108))
REPRESENTATION_CONTEXT('1042P_pin_type2','COMPONENT_PART')
);
#10105=UNCERTAINTY_MEASURE_WITH_UNIT(LENGTH_MEASURE(0.005),#10110,
'DISTANCE_ACCURACY_VALUE','Maximum Tolerance applied to model');
#10106=UNCERTAINTY_MEASURE_WITH_UNIT(LENGTH_MEASURE(0.005),#10110,
'DISTANCE_ACCURACY_VALUE','Maximum Tolerance applied to model');
#10107=UNCERTAINTY_MEASURE_WITH_UNIT(LENGTH_MEASURE(0.005),#10110,
'DISTANCE_ACCURACY_VALUE','Maximum Tolerance applied to model');
#10108=(
NAMED_UNIT(*)
SI_UNIT($,.STERADIAN.)
SOLID_ANGLE_UNIT()
);
#10109=(
NAMED_UNIT(*)
PLANE_ANGLE_UNIT()
SI_UNIT($,.RADIAN.)
);
#10110=(
LENGTH_UNIT()
NAMED_UNIT(*)
SI_UNIT(.MILLI.,.METRE.)
);
#10111=PRODUCT_DEFINITION_SHAPE('','',#10119);
#10112=PRODUCT_DEFINITION_SHAPE('','',#10120);
#10113=PRODUCT_DEFINITION_SHAPE(' ','NAUO PRDDFN',#23);
#10114=PRODUCT_DEFINITION_SHAPE('','',#10121);
#10115=PRODUCT_DEFINITION_SHAPE(' ','NAUO PRDDFN',#24);
#10116=PRODUCT_DEFINITION_SHAPE(' ','NAUO PRDDFN',#25);
#10117=PRODUCT_DEFINITION_SHAPE(' ','NAUO PRDDFN',#26);
#10118=PRODUCT_DEFINITION_SHAPE(' ','NAUO PRDDFN',#27);
#10119=PRODUCT_DEFINITION('','',#10125,#10122);
#10120=PRODUCT_DEFINITION('','',#10126,#10123);
#10121=PRODUCT_DEFINITION('','',#10127,#10124);
#10122=PRODUCT_DEFINITION_CONTEXT('',#10141,'design');
#10123=PRODUCT_DEFINITION_CONTEXT('',#10141,'design');
#10124=PRODUCT_DEFINITION_CONTEXT('',#10141,'design');
#10125=PRODUCT_DEFINITION_FORMATION_WITH_SPECIFIED_SOURCE('','',#10131,
 .NOT_KNOWN.);
#10126=PRODUCT_DEFINITION_FORMATION_WITH_SPECIFIED_SOURCE('','',#10132,
 .NOT_KNOWN.);
#10127=PRODUCT_DEFINITION_FORMATION_WITH_SPECIFIED_SOURCE('','',#10133,
 .NOT_KNOWN.);
#10128=PRODUCT_RELATED_PRODUCT_CATEGORY('','',(#10131));
#10129=PRODUCT_RELATED_PRODUCT_CATEGORY('','',(#10132));
#10130=PRODUCT_RELATED_PRODUCT_CATEGORY('','',(#10133));
#10131=PRODUCT('KEYST_1048','KEYST_1048','KEYST_1048',(#10137));
#10132=PRODUCT('1134_body','1134_body','1134_body',(#10138));
#10133=PRODUCT('1042P_pin_type2','1042P_pin_type2','1042P_pin_type2',(#10139));
#10134=PRODUCT_CATEGORY('','');
#10135=PRODUCT_CATEGORY('','');
#10136=PRODUCT_CATEGORY('','');
#10137=PRODUCT_CONTEXT('',#10141,'mechanical');
#10138=PRODUCT_CONTEXT('',#10141,'mechanical');
#10139=PRODUCT_CONTEXT('',#10141,'mechanical');
#10140=APPLICATION_PROTOCOL_DEFINITION('international standard',
'automotive_design',2010,#10141);
#10141=APPLICATION_CONTEXT(
'core data for automotive mechanical design processes');
ENDSEC;
END-ISO-10303-21;
