ISO-10303-21;
HEADER;
FILE_DESCRIPTION (( 'STEP AP214' ),
    '1' );
FILE_NAME ('MSK12C02.STEP',
    '2026-02-08T21:06:07',
    ( '' ),
    ( '' ),
    'SwSTEP 2.0',
    'SolidWorks 2021',
    '' );
FILE_SCHEMA (( 'AUTOMOTIVE_DESIGN' ));
ENDSEC;

DATA;
#1 = ORIENTED_EDGE ( 'NONE', *, *, #371, .T. ) ;
#2 = ADVANCED_FACE ( 'NONE', ( #3309 ), #3730, .T. ) ;
#3 = DIRECTION ( 'NONE',  ( 0.000000000000000000, 0.000000000000000000, -1.000000000000000000 ) ) ;
#4 = ORIENTED_EDGE ( 'NONE', *, *, #303, .T. ) ;
#5 = DIRECTION ( 'NONE',  ( -0.000000000000000000, -0.000000000000000000, 1.000000000000000000 ) ) ;
#6 = CARTESIAN_POINT ( 'NONE',  ( -2.800000000000001155, 0.8999999999999995781, 1.375000000000000222 ) ) ;
#7 = DIRECTION ( 'NONE',  ( -1.872461465063586570E-16, 1.000000000000000000, -1.204669080539449837E-16 ) ) ;
#8 = DIRECTION ( 'NONE',  ( -3.304235192336774723E-15, 1.000000000000000000, 3.097720492815725686E-16 ) ) ;
#9 = CARTESIAN_POINT ( 'NONE',  ( -2.550000000000000266, 1.499999999999999556, -1.399999999999999689 ) ) ;
#10 = ORIENTED_EDGE ( 'NONE', *, *, #1076, .T. ) ;
#11 = CARTESIAN_POINT ( 'NONE',  ( 4.000000000000003553, 5.579123679248324571E-16, 1.074999999999999734 ) ) ;
#12 = VERTEX_POINT ( 'NONE', #2886 ) ;
#13 = CARTESIAN_POINT ( 'NONE',  ( 1.550000000000000266, 1.250000000000000000, 1.300000000000000044 ) ) ;
#14 = CARTESIAN_POINT ( 'NONE',  ( 2.799999999999999822, 1.475000000000000089, -0.9499999999999997335 ) ) ;
#15 = FACE_OUTER_BOUND ( 'NONE', #4221, .T. ) ;
#16 = VERTEX_POINT ( 'NONE', #4611 ) ;
#17 = VERTEX_POINT ( 'NONE', #4214 ) ;
#18 = VERTEX_POINT ( 'NONE', #2482 ) ;
#19 = CARTESIAN_POINT ( 'NONE',  ( -1.550000000000000266, 0.4000000000000000222, 1.300000000000000044 ) ) ;
#20 = ORIENTED_EDGE ( 'NONE', *, *, #2018, .T. ) ;
#21 = EDGE_LOOP ( 'NONE', ( #4512, #216, #2213, #2668 ) ) ;
#22 = DIRECTION ( 'NONE',  ( -1.000000000000000000, -3.794707603699256053E-15, 0.000000000000000000 ) ) ;
#23 = ADVANCED_FACE ( 'NONE', ( #3674 ), #732, .T. ) ;
#24 = LINE ( 'NONE', #6, #4928 ) ;
#25 = ADVANCED_FACE ( 'NONE', ( #4522 ), #2369, .F. ) ;
#26 = DIRECTION ( 'NONE',  ( -0.000000000000000000, -0.000000000000000000, 1.000000000000000000 ) ) ;
#27 = PLANE ( 'NONE',  #4402 ) ;
#28 = ORIENTED_EDGE ( 'NONE', *, *, #3652, .T. ) ;
#29 = LINE ( 'NONE', #5182, #4367 ) ;
#30 = EDGE_LOOP ( 'NONE', ( #2700, #1520, #3632, #452 ) ) ;
#31 = DIRECTION ( 'NONE',  ( 1.000000000000000000, -1.301042606982604690E-14, 0.000000000000000000 ) ) ;
#32 = DIRECTION ( 'NONE',  ( 0.000000000000000000, 0.000000000000000000, -1.000000000000000000 ) ) ;
#33 = FACE_OUTER_BOUND ( 'NONE', #3158, .T. ) ;
#34 = VECTOR ( 'NONE', #1189, 1000.000000000000000 ) ;
#35 = CARTESIAN_POINT ( 'NONE',  ( 1.550000000000000266, 0.4000000000000000222, 1.099999999999999867 ) ) ;
#36 = ORIENTED_EDGE ( 'NONE', *, *, #2658, .F. ) ;
#37 = EDGE_CURVE ( 'NONE', #2715, #4015, #4324, .T. ) ;
#38 = CARTESIAN_POINT ( 'NONE',  ( 0.5749999999999999556, 0.1499999999999999667, -2.399999999999999911 ) ) ;
#39 = ORIENTED_EDGE ( 'NONE', *, *, #1896, .F. ) ;
#40 = EDGE_CURVE ( 'NONE', #4792, #2830, #2851, .T. ) ;
#41 = CIRCLE ( 'NONE', #5366, 0.1499999999999999667 ) ;
#42 = EDGE_LOOP ( 'NONE', ( #3490, #1295, #5049, #535 ) ) ;
#43 = LINE ( 'NONE', #916, #1248 ) ;
#44 =( GEOMETRIC_REPRESENTATION_CONTEXT ( 3 ) GLOBAL_UNCERTAINTY_ASSIGNED_CONTEXT ( ( #3419 ) ) GLOBAL_UNIT_ASSIGNED_CONTEXT ( ( #67, #4816, #643 ) ) REPRESENTATION_CONTEXT ( 'NONE', 'WORKASPACE' ) );
#45 = ORIENTED_EDGE ( 'NONE', *, *, #2630, .T. ) ;
#46 = ORIENTED_EDGE ( 'NONE', *, *, #1059, .T. ) ;
#47 = FACE_OUTER_BOUND ( 'NONE', #3308, .T. ) ;
#48 = ORIENTED_EDGE ( 'NONE', *, *, #5088, .F. ) ;
#49 = DIRECTION ( 'NONE',  ( 1.000000000000000000, 3.304235192336774329E-15, -0.000000000000000000 ) ) ;
#50 = CARTESIAN_POINT ( 'NONE',  ( -4.000000000000003553, 0.1500000000000004385, -0.9249999999999997113 ) ) ;
#51 = VECTOR ( 'NONE', #1003, 1000.000000000000000 ) ;
#52 = EDGE_CURVE ( 'NONE', #1800, #4352, #5518, .T. ) ;
#53 = DIRECTION ( 'NONE',  ( 0.000000000000000000, -1.000000000000000000, 1.445602896647372167E-14 ) ) ;
#54 = DIRECTION ( 'NONE',  ( 0.000000000000000000, 1.000000000000000000, 0.000000000000000000 ) ) ;
#55 = VECTOR ( 'NONE', #3031, 1000.000000000000000 ) ;
#56 = EDGE_CURVE ( 'NONE', #2126, #2191, #2516, .T. ) ;
#57 = ORIENTED_EDGE ( 'NONE', *, *, #2996, .T. ) ;
#58 = AXIS2_PLACEMENT_3D ( 'NONE', #887, #4362, #410 ) ;
#59 = CARTESIAN_POINT ( 'NONE',  ( -4.000000000000003553, 4.555154960789785813E-16, -1.074999999999999734 ) ) ;
#60 = ORIENTED_EDGE ( 'NONE', *, *, #1022, .T. ) ;
#61 = ORIENTED_EDGE ( 'NONE', *, *, #4985, .F. ) ;
#62 = CARTESIAN_POINT ( 'NONE',  ( 0.2000000000000000944, 0.2500000000000000000, 1.549999999999999378 ) ) ;
#63 = CIRCLE ( 'NONE', #1949, 0.1999999999999998723 ) ;
#64 = SURFACE_STYLE_USAGE ( .BOTH. , #931 ) ;
#65 = EDGE_CURVE ( 'NONE', #5290, #4873, #24, .T. ) ;
#66 = CARTESIAN_POINT ( 'NONE',  ( 4.000000000000003553, 4.133520782600985655E-16, -1.374999999999999556 ) ) ;
#67 =( LENGTH_UNIT ( ) NAMED_UNIT ( * ) SI_UNIT ( .MILLI., .METRE. ) );
#68 = VECTOR ( 'NONE', #1357, 1000.000000000000000 ) ;
#69 = AXIS2_PLACEMENT_3D ( 'NONE', #839, #5574, #2060 ) ;
#70 = FACE_OUTER_BOUND ( 'NONE', #2615, .T. ) ;
#71 = ORIENTED_EDGE ( 'NONE', *, *, #303, .F. ) ;
#72 = LINE ( 'NONE', #5298, #3839 ) ;
#73 = CARTESIAN_POINT ( 'NONE',  ( 4.000000000000003553, 6.934376394855198211E-16, 9.348227666983749663E-32 ) ) ;
#74 = ORIENTED_EDGE ( 'NONE', *, *, #2819, .T. ) ;
#75 = AXIS2_PLACEMENT_3D ( 'NONE', #276, #2447, #1202 ) ;
#76 = VECTOR ( 'NONE', #2052, 1000.000000000000000 ) ;
#77 = EDGE_LOOP ( 'NONE', ( #5064, #3808, #1041, #3222 ) ) ;
#78 = LINE ( 'NONE', #3123, #3869 ) ;
#79 = ADVANCED_FACE ( 'NONE', ( #3363 ), #5121, .F. ) ;
#80 = AXIS2_PLACEMENT_3D ( 'NONE', #4319, #443, #2160 ) ;
#81 = ORIENTED_EDGE ( 'NONE', *, *, #3390, .F. ) ;
#82 = ORIENTED_EDGE ( 'NONE', *, *, #4148, .F. ) ;
#83 = CARTESIAN_POINT ( 'NONE',  ( -2.550000000000000266, 1.475000000000000089, 0.9499999999999997335 ) ) ;
#84 = EDGE_LOOP ( 'NONE', ( #2359, #855, #4166, #1227 ) ) ;
#85 = SHAPE_DEFINITION_REPRESENTATION ( #2358, #4385 ) ;
#86 = CARTESIAN_POINT ( 'NONE',  ( 2.800000000000004263, 9.086646778926145772E-15, 0.000000000000000000 ) ) ;
#87 = ORIENTED_EDGE ( 'NONE', *, *, #4344, .T. ) ;
#88 = EDGE_CURVE ( 'NONE', #3379, #4336, #139, .T. ) ;
#89 = CARTESIAN_POINT ( 'NONE',  ( 4.000000000000003553, 5.217722955086490089E-16, 1.374999999999999556 ) ) ;
#90 = VERTEX_POINT ( 'NONE', #4349 ) ;
#91 = ORIENTED_EDGE ( 'NONE', *, *, #4148, .T. ) ;
#92 = LINE ( 'NONE', #4837, #3568 ) ;
#93 = CARTESIAN_POINT ( 'NONE',  ( 3.000000000000003553, 0.2000000000000005940, -1.374999999999999556 ) ) ;
#94 = LINE ( 'NONE', #5246, #2656 ) ;
#95 = CARTESIAN_POINT ( 'NONE',  ( -2.425000000000000266, 0.1499999999999999944, -1.399999999999999689 ) ) ;
#96 = ADVANCED_FACE ( 'NONE', ( #2538 ), #2596, .T. ) ;
#97 = ORIENTED_EDGE ( 'NONE', *, *, #1366, .T. ) ;
#98 = DIRECTION ( 'NONE',  ( 0.000000000000000000, 1.000000000000000000, 1.204669080539449837E-16 ) ) ;
#99 = CARTESIAN_POINT ( 'NONE',  ( -2.799999999999999822, 1.350000000000000089, 1.389999999999999680 ) ) ;
#100 = ORIENTED_EDGE ( 'NONE', *, *, #4894, .F. ) ;
#101 = EDGE_CURVE ( 'NONE', #1450, #3896, #3052, .T. ) ;
#102 = CARTESIAN_POINT ( 'NONE',  ( -2.799999999999999822, 0.9000000000000000222, 1.389999999999999680 ) ) ;
#103 = FACE_OUTER_BOUND ( 'NONE', #1305, .T. ) ;
#104 = APPLICATION_CONTEXT ( 'automotive_design' ) ;
#105 = ORIENTED_EDGE ( 'NONE', *, *, #3112, .F. ) ;
#106 = VERTEX_POINT ( 'NONE', #392 ) ;
#107 = CARTESIAN_POINT ( 'NONE',  ( 2.550000000000000266, 1.350000000000000089, 0.9499999999999997335 ) ) ;
#108 = ORIENTED_EDGE ( 'NONE', *, *, #4694, .T. ) ;
#109 = EDGE_CURVE ( 'NONE', #5241, #188, #5176, .T. ) ;
#110 = DIRECTION ( 'NONE',  ( -3.304235192336774723E-15, 1.000000000000000000, 0.000000000000000000 ) ) ;
#111 = ORIENTED_EDGE ( 'NONE', *, *, #4412, .F. ) ;
#112 = DIRECTION ( 'NONE',  ( -1.000000000000000000, 0.000000000000000000, 0.000000000000000000 ) ) ;
#113 = ORIENTED_EDGE ( 'NONE', *, *, #3801, .F. ) ;
#114 = ORIENTED_EDGE ( 'NONE', *, *, #2860, .T. ) ;
#115 = CYLINDRICAL_SURFACE ( 'NONE', #3422, 0.05000000000000002359 ) ;
#116 = FACE_OUTER_BOUND ( 'NONE', #4904, .T. ) ;
#117 = CARTESIAN_POINT ( 'NONE',  ( 1.449999999999999956, 0.4000000000000000222, 1.399999999999999689 ) ) ;
#118 = DIRECTION ( 'NONE',  ( 1.000000000000000000, 0.000000000000000000, 0.000000000000000000 ) ) ;
#119 = EDGE_LOOP ( 'NONE', ( #3870, #3991, #1426, #169 ) ) ;
#120 = DIRECTION ( 'NONE',  ( -4.818676322157784950E-15, 1.000000000000000000, 0.000000000000000000 ) ) ;
#121 = CARTESIAN_POINT ( 'NONE',  ( 0.5749999999999999556, 0.1499999999999999667, -2.399999999999999911 ) ) ;
#122 = ORIENTED_EDGE ( 'NONE', *, *, #3350, .F. ) ;
#123 = CARTESIAN_POINT ( 'NONE',  ( 2.950000000000003286, 0.2000000000000005107, 1.375000000000000000 ) ) ;
#124 = VECTOR ( 'NONE', #4592, 1000.000000000000000 ) ;
#125 = EDGE_CURVE ( 'NONE', #2169, #4261, #1737, .T. ) ;
#126 = EDGE_CURVE ( 'NONE', #310, #3449, #366, .T. ) ;
#127 = CARTESIAN_POINT ( 'NONE',  ( -2.750000000000000444, 1.500000000000000222, -0.9499999999999997335 ) ) ;
#128 = CARTESIAN_POINT ( 'NONE',  ( 0.000000000000000000, 1.350000000000000089, -1.399999999999999689 ) ) ;
#129 = VERTEX_POINT ( 'NONE', #1659 ) ;
#130 = VECTOR ( 'NONE', #3903, 1000.000000000000000 ) ;
#131 = EDGE_CURVE ( 'NONE', #4046, #3723, #4293, .T. ) ;
#132 = VERTEX_POINT ( 'NONE', #3875 ) ;
#133 = CARTESIAN_POINT ( 'NONE',  ( -2.800000000000003375, 0.2999999999999997113, -0.8400000000000000799 ) ) ;
#134 = ORIENTED_EDGE ( 'NONE', *, *, #2802, .F. ) ;
#135 = CARTESIAN_POINT ( 'NONE',  ( -4.000000000000003553, 6.934376394855199197E-16, 9.348227666983749663E-32 ) ) ;
#136 = FACE_BOUND ( 'NONE', #5072, .T. ) ;
#137 = EDGE_CURVE ( 'NONE', #620, #5255, #3467, .T. ) ;
#138 = VERTEX_POINT ( 'NONE', #896 ) ;
#139 = CIRCLE ( 'NONE', #3575, 0.1499999999999999667 ) ;
#140 = DIRECTION ( 'NONE',  ( 5.473822126268816683E-48, -1.204669080539450330E-16, -1.000000000000000000 ) ) ;
#141 = EDGE_LOOP ( 'NONE', ( #100, #635, #3873, #2702, #1798, #2841, #4802, #3493 ) ) ;
#142 = VERTEX_POINT ( 'NONE', #2938 ) ;
#143 = EDGE_CURVE ( 'NONE', #5157, #3523, #1287, .T. ) ;
#144 = CARTESIAN_POINT ( 'NONE',  ( -2.799999999999999822, 1.475000000000000089, 0.9499999999999997335 ) ) ;
#145 = FACE_OUTER_BOUND ( 'NONE', #4785, .T. ) ;
#146 = DIRECTION ( 'NONE',  ( 2.176841390411644152E-32, 1.204669080539449837E-16, 1.000000000000000000 ) ) ;
#147 = VECTOR ( 'NONE', #3544, 1000.000000000000000 ) ;
#148 = DIRECTION ( 'NONE',  ( 0.000000000000000000, 0.000000000000000000, -1.000000000000000000 ) ) ;
#149 = ORIENTED_EDGE ( 'NONE', *, *, #886, .F. ) ;
#150 = CARTESIAN_POINT ( 'NONE',  ( 1.550000000000000266, 0.4000000000000000222, 1.099999999999999867 ) ) ;
#151 = CIRCLE ( 'NONE', #1861, 0.09000000000000023259 ) ;
#152 = DIRECTION ( 'NONE',  ( 0.000000000000000000, -1.000000000000000000, 0.000000000000000000 ) ) ;
#153 = ORIENTED_EDGE ( 'NONE', *, *, #783, .T. ) ;
#154 = PLANE ( 'NONE',  #3229 ) ;
#155 = AXIS2_PLACEMENT_3D ( 'NONE', #4505, #3322, #3288 ) ;
#156 = AXIS2_PLACEMENT_3D ( 'NONE', #2083, #759, #3877 ) ;
#157 = DIRECTION ( 'NONE',  ( -5.102127870520013488E-15, -1.000000000000000000, 0.000000000000000000 ) ) ;
#158 = ADVANCED_FACE ( 'NONE', ( #5571 ), #3423, .T. ) ;
#159 = CARTESIAN_POINT ( 'NONE',  ( -2.550000000000000266, 1.475000000000000089, -0.9499999999999997335 ) ) ;
#160 = CARTESIAN_POINT ( 'NONE',  ( 1.449999999999999956, 0.4000000000000000222, 1.399999999999999689 ) ) ;
#161 = VERTEX_POINT ( 'NONE', #4717 ) ;
#162 = CIRCLE ( 'NONE', #3863, 0.04999999999999991257 ) ;
#163 = AXIS2_PLACEMENT_3D ( 'NONE', #2649, #4806, #4350 ) ;
#164 = EDGE_CURVE ( 'NONE', #3613, #4150, #579, .T. ) ;
#165 = VECTOR ( 'NONE', #1423, 1000.000000000000000 ) ;
#166 = ORIENTED_EDGE ( 'NONE', *, *, #4483, .F. ) ;
#167 = CARTESIAN_POINT ( 'NONE',  ( -1.550000000000000266, 0.4000000000000000222, 1.399999999999999689 ) ) ;
#168 = ADVANCED_FACE ( 'NONE', ( #2723 ), #2784, .T. ) ;
#169 = ORIENTED_EDGE ( 'NONE', *, *, #1035, .T. ) ;
#170 = FACE_OUTER_BOUND ( 'NONE', #5534, .T. ) ;
#171 = ADVANCED_FACE ( 'NONE', ( #4089 ), #4903, .T. ) ;
#172 = VERTEX_POINT ( 'NONE', #4116 ) ;
#173 = FACE_OUTER_BOUND ( 'NONE', #3217, .T. ) ;
#174 = ORIENTED_EDGE ( 'NONE', *, *, #919, .F. ) ;
#175 = ORIENTED_EDGE ( 'NONE', *, *, #1431, .F. ) ;
#176 = DIRECTION ( 'NONE',  ( -3.097720492815731011E-15, 1.000000000000000000, -3.097720492815730617E-16 ) ) ;
#177 = DIRECTION ( 'NONE',  ( 0.000000000000000000, 1.000000000000000000, 0.000000000000000000 ) ) ;
#178 = DIRECTION ( 'NONE',  ( -1.000000000000000000, -3.304235192336774723E-15, -0.000000000000000000 ) ) ;
#179 = DIRECTION ( 'NONE',  ( 1.023559706838455452E-30, -3.097720492815731110E-16, -1.000000000000000000 ) ) ;
#180 = EDGE_LOOP ( 'NONE', ( #122, #2242, #4494, #1250 ) ) ;
#181 = CARTESIAN_POINT ( 'NONE',  ( -2.800000000000001155, 0.8999999999999998002, -0.9499999999999997335 ) ) ;
#182 = CARTESIAN_POINT ( 'NONE',  ( 3.850000000000003642, 5.910407676396666355E-16, 1.074999999999999734 ) ) ;
#183 = CARTESIAN_POINT ( 'NONE',  ( 0.9749999999999999778, 0.1500000000000000222, -1.399999999999999689 ) ) ;
#184 = CARTESIAN_POINT ( 'NONE',  ( -2.550000000000000266, 1.499999999999999556, 1.399999999999999689 ) ) ;
#185 =( NAMED_UNIT ( * ) PLANE_ANGLE_UNIT ( ) SI_UNIT ( $, .RADIAN. ) );
#186 = LINE ( 'NONE', #4065, #4386 ) ;
#187 = EDGE_LOOP ( 'NONE', ( #1816, #2936, #2776, #10 ) ) ;
#188 = VERTEX_POINT ( 'NONE', #1028 ) ;
#189 = CARTESIAN_POINT ( 'NONE',  ( 1.449999999999999956, 0.2499999999999998890, 2.750000000000000000 ) ) ;
#190 = ORIENTED_EDGE ( 'NONE', *, *, #4392, .F. ) ;
#191 = LINE ( 'NONE', #4043, #1596 ) ;
#192 = EDGE_CURVE ( 'NONE', #5449, #5371, #2186, .T. ) ;
#193 = ORIENTED_EDGE ( 'NONE', *, *, #2240, .F. ) ;
#194 = EDGE_CURVE ( 'NONE', #3608, #3700, #4451, .T. ) ;
#195 = LINE ( 'NONE', #2884, #3291 ) ;
#196 = ORIENTED_EDGE ( 'NONE', *, *, #2786, .F. ) ;
#197 = ORIENTED_EDGE ( 'NONE', *, *, #527, .F. ) ;
#198 = DIRECTION ( 'NONE',  ( 1.000000000000000000, -0.000000000000000000, 0.000000000000000000 ) ) ;
#199 = DIRECTION ( 'NONE',  ( -1.000000000000000000, 3.252606517456511724E-15, 0.000000000000000000 ) ) ;
#200 = EDGE_CURVE ( 'NONE', #853, #530, #4968, .T. ) ;
#201 = FACE_OUTER_BOUND ( 'NONE', #2617, .T. ) ;
#202 = EDGE_LOOP ( 'NONE', ( #3128, #1976, #757, #1281 ) ) ;
#203 = FACE_OUTER_BOUND ( 'NONE', #3133, .T. ) ;
#204 = DIRECTION ( 'NONE',  ( 1.000000000000000000, -0.000000000000000000, -0.000000000000000000 ) ) ;
#205 = CARTESIAN_POINT ( 'NONE',  ( 0.000000000000000000, 1.350000000000000089, 0.9499999999999997335 ) ) ;
#206 = FACE_OUTER_BOUND ( 'NONE', #1907, .T. ) ;
#207 = EDGE_CURVE ( 'NONE', #3710, #1180, #3180, .T. ) ;
#208 = DIRECTION ( 'NONE',  ( 0.7071067811865474617, 0.7071067811865474617, 0.000000000000000000 ) ) ;
#209 = CARTESIAN_POINT ( 'NONE',  ( -1.550000000000000266, 0.4000000000000000222, 1.099999999999999867 ) ) ;
#210 = DIRECTION ( 'NONE',  ( -1.000000000000000000, -0.000000000000000000, -0.000000000000000000 ) ) ;
#211 = EDGE_LOOP ( 'NONE', ( #3850, #1341, #1828, #4049 ) ) ;
#212 = EDGE_CURVE ( 'NONE', #4772, #161, #3693, .T. ) ;
#213 = VERTEX_POINT ( 'NONE', #3266 ) ;
#214 = DIRECTION ( 'NONE',  ( -1.000000000000000000, 0.000000000000000000, 0.000000000000000000 ) ) ;
#215 = VECTOR ( 'NONE', #2085, 1000.000000000000000 ) ;
#216 = ORIENTED_EDGE ( 'NONE', *, *, #4906, .F. ) ;
#217 = LINE ( 'NONE', #1934, #4588 ) ;
#218 = VECTOR ( 'NONE', #3165, 1000.000000000000000 ) ;
#219 = EDGE_LOOP ( 'NONE', ( #4443, #3573, #3027, #5536 ) ) ;
#220 = FACE_OUTER_BOUND ( 'NONE', #1652, .T. ) ;
#221 = CARTESIAN_POINT ( 'NONE',  ( -1.550000000000000266, 1.250000000000000000, 1.300000000000000044 ) ) ;
#222 = EDGE_CURVE ( 'NONE', #1803, #1977, #186, .T. ) ;
#223 = ORIENTED_EDGE ( 'NONE', *, *, #4213, .F. ) ;
#224 = ORIENTED_EDGE ( 'NONE', *, *, #5127, .F. ) ;
#225 = LINE ( 'NONE', #1128, #3689 ) ;
#226 = CIRCLE ( 'NONE', #3926, 0.1749999999999998779 ) ;
#227 = CARTESIAN_POINT ( 'NONE',  ( 2.799999999999999822, 1.350000000000000089, -1.399999999999999689 ) ) ;
#228 = DIRECTION ( 'NONE',  ( -0.000000000000000000, 1.000000000000000000, -0.000000000000000000 ) ) ;
#229 = EDGE_CURVE ( 'NONE', #129, #1843, #3629, .T. ) ;
#230 = AXIS2_PLACEMENT_3D ( 'NONE', #2436, #4167, #4141 ) ;
#231 = FACE_OUTER_BOUND ( 'NONE', #3933, .T. ) ;
#232 = VERTEX_POINT ( 'NONE', #1062 ) ;
#233 = DIRECTION ( 'NONE',  ( 1.000000000000000000, -2.710505431213753985E-15, 0.000000000000000000 ) ) ;
#234 = DIRECTION ( 'NONE',  ( 1.872461465063586570E-16, -1.000000000000000000, -1.204669080539449837E-16 ) ) ;
#235 = ADVANCED_FACE ( 'NONE', ( #1445 ), #1899, .T. ) ;
#236 = CARTESIAN_POINT ( 'NONE',  ( -1.500000000000000000, -0.3499999999999999778, 0.000000000000000000 ) ) ;
#237 = AXIS2_PLACEMENT_3D ( 'NONE', #5476, #2012, #273 ) ;
#238 = DIRECTION ( 'NONE',  ( 4.336808689942020891E-15, 1.000000000000000000, 0.000000000000000000 ) ) ;
#239 = VECTOR ( 'NONE', #3654, 1000.000000000000000 ) ;
#240 = VECTOR ( 'NONE', #766, 1000.000000000000000 ) ;
#241 = LINE ( 'NONE', #4087, #350 ) ;
#242 = CARTESIAN_POINT ( 'NONE',  ( 2.800000000000003375, 0.2999999999999997113, -0.8400000000000000799 ) ) ;
#243 = LINE ( 'NONE', #3078, #1482 ) ;
#244 = ORIENTED_EDGE ( 'NONE', *, *, #1035, .F. ) ;
#245 = AXIS2_PLACEMENT_3D ( 'NONE', #1749, #458, #1333 ) ;
#246 = AXIS2_PLACEMENT_3D ( 'NONE', #5042, #1523, #1044 ) ;
#247 = EDGE_CURVE ( 'NONE', #2344, #860, #3606, .T. ) ;
#248 = ORIENTED_EDGE ( 'NONE', *, *, #2518, .F. ) ;
#249 = DIRECTION ( 'NONE',  ( -1.000000000000000000, 0.000000000000000000, 0.000000000000000000 ) ) ;
#250 = VECTOR ( 'NONE', #4333, 1000.000000000000000 ) ;
#251 = CIRCLE ( 'NONE', #3864, 0.2000000000000000944 ) ;
#252 = ORIENTED_EDGE ( 'NONE', *, *, #2443, .T. ) ;
#253 = CARTESIAN_POINT ( 'NONE',  ( 2.950000000000003286, 0.3000000000000002665, -0.9499999999999998446 ) ) ;
#254 =( GEOMETRIC_REPRESENTATION_CONTEXT ( 3 ) GLOBAL_UNCERTAINTY_ASSIGNED_CONTEXT ( ( #4265 ) ) GLOBAL_UNIT_ASSIGNED_CONTEXT ( ( #3967, #5266, #2259 ) ) REPRESENTATION_CONTEXT ( 'NONE', 'WORKASPACE' ) );
#255 = ORIENTED_EDGE ( 'NONE', *, *, #451, .F. ) ;
#256 = DIRECTION ( 'NONE',  ( 1.000000000000000000, 0.000000000000000000, -0.000000000000000000 ) ) ;
#257 = DIRECTION ( 'NONE',  ( 0.000000000000000000, -1.000000000000000000, 0.000000000000000000 ) ) ;
#258 = ORIENTED_EDGE ( 'NONE', *, *, #4378, .F. ) ;
#259 = ORIENTED_EDGE ( 'NONE', *, *, #5215, .T. ) ;
#260 = CARTESIAN_POINT ( 'NONE',  ( -3.000000000000003109, 0.1500000000000005773, 1.374999999999999556 ) ) ;
#261 = DIRECTION ( 'NONE',  ( 0.000000000000000000, -1.000000000000000000, 0.000000000000000000 ) ) ;
#262 = DIRECTION ( 'NONE',  ( -1.000000000000000000, 3.304235192336774723E-15, 0.000000000000000000 ) ) ;
#263 = ORIENTED_EDGE ( 'NONE', *, *, #4569, .T. ) ;
#264 = VECTOR ( 'NONE', #4294, 1000.000000000000000 ) ;
#265 = FACE_OUTER_BOUND ( 'NONE', #5515, .T. ) ;
#266 = CARTESIAN_POINT ( 'NONE',  ( 2.800000000000003375, 0.2149999999999996358, -0.9250000000000002665 ) ) ;
#267 = CARTESIAN_POINT ( 'NONE',  ( -1.500000000000000000, -0.5500000000000001554, 0.000000000000000000 ) ) ;
#268 = CARTESIAN_POINT ( 'NONE',  ( 2.950000000000003286, 0.2150000000000001354, -0.9250000000000002665 ) ) ;
#269 = EDGE_CURVE ( 'NONE', #319, #2185, #2752, .T. ) ;
#270 = FACE_OUTER_BOUND ( 'NONE', #4744, .T. ) ;
#271 = CARTESIAN_POINT ( 'NONE',  ( 0.5749999999999998446, 0.000000000000000000, -1.399999999999999689 ) ) ;
#272 = EDGE_CURVE ( 'NONE', #923, #614, #2330, .T. ) ;
#273 = DIRECTION ( 'NONE',  ( 1.000000000000000000, 0.000000000000000000, 0.000000000000000000 ) ) ;
#274 = ORIENTED_EDGE ( 'NONE', *, *, #2294, .T. ) ;
#275 = ORIENTED_EDGE ( 'NONE', *, *, #2452, .T. ) ;
#276 = CARTESIAN_POINT ( 'NONE',  ( 0.000000000000000000, 0.000000000000000000, -0.9499999999999997335 ) ) ;
#277 = VERTEX_POINT ( 'NONE', #5392 ) ;
#278 = DIRECTION ( 'NONE',  ( -3.304235192336774723E-15, 1.000000000000000000, -1.530638361156005111E-15 ) ) ;
#279 = ORIENTED_EDGE ( 'NONE', *, *, #4925, .F. ) ;
#280 = LINE ( 'NONE', #4634, #2293 ) ;
#281 = EDGE_CURVE ( 'NONE', #822, #90, #1507, .T. ) ;
#282 = DIRECTION ( 'NONE',  ( -0.000000000000000000, -2.710505431213754182E-16, 1.000000000000000000 ) ) ;
#283 = ORIENTED_EDGE ( 'NONE', *, *, #3930, .T. ) ;
#284 = VERTEX_POINT ( 'NONE', #4535 ) ;
#285 = CARTESIAN_POINT ( 'NONE',  ( -2.799999999999999822, 1.300000000000000266, -0.9499999999999997335 ) ) ;
#286 = DIRECTION ( 'NONE',  ( -0.7071067811865474617, 0.7071067811865474617, -0.000000000000000000 ) ) ;
#287 = LINE ( 'NONE', #1581, #866 ) ;
#288 = DIRECTION ( 'NONE',  ( 0.000000000000000000, 0.000000000000000000, -1.000000000000000000 ) ) ;
#289 = ORIENTED_EDGE ( 'NONE', *, *, #387, .T. ) ;
#290 = DIRECTION ( 'NONE',  ( -2.736911063134408342E-48, 1.204669080539450330E-16, -1.000000000000000000 ) ) ;
#291 = CYLINDRICAL_SURFACE ( 'NONE', #4124, 0.2000000000000000944 ) ;
#292 = DIRECTION ( 'NONE',  ( -5.102127870520013488E-15, -1.000000000000000000, 0.000000000000000000 ) ) ;
#293 = FACE_OUTER_BOUND ( 'NONE', #4368, .T. ) ;
#294 = DIRECTION ( 'NONE',  ( -1.000000000000000000, 1.807003620809174139E-16, 0.000000000000000000 ) ) ;
#295 = DIRECTION ( 'NONE',  ( 0.000000000000000000, 0.000000000000000000, 1.000000000000000000 ) ) ;
#296 = CARTESIAN_POINT ( 'NONE',  ( 2.950000000000001066, 0.8999999999999996891, -1.375000000000000222 ) ) ;
#297 = ORIENTED_EDGE ( 'NONE', *, *, #4345, .F. ) ;
#298 = EDGE_CURVE ( 'NONE', #4108, #4202, #243, .T. ) ;
#299 = EDGE_CURVE ( 'NONE', #753, #4452, #1962, .T. ) ;
#300 = EDGE_LOOP ( 'NONE', ( #4910, #5492, #4518, #2229 ) ) ;
#301 = DIRECTION ( 'NONE',  ( 0.000000000000000000, 1.000000000000000000, 2.710505431213754182E-16 ) ) ;
#302 = ORIENTED_EDGE ( 'NONE', *, *, #5075, .F. ) ;
#303 = EDGE_CURVE ( 'NONE', #614, #1933, #1224, .T. ) ;
#304 = DIRECTION ( 'NONE',  ( 0.000000000000000000, -0.000000000000000000, 1.000000000000000000 ) ) ;
#305 = ORIENTED_EDGE ( 'NONE', *, *, #884, .F. ) ;
#306 = AXIS2_PLACEMENT_3D ( 'NONE', #2829, #680, #3316 ) ;
#307 = CARTESIAN_POINT ( 'NONE',  ( 2.950000000000000622, 1.055172413793104447, 0.8879310344827584522 ) ) ;
#308 = DIRECTION ( 'NONE',  ( 0.000000000000000000, -1.000000000000000000, 1.445602896647372167E-14 ) ) ;
#309 = ORIENTED_EDGE ( 'NONE', *, *, #4241, .F. ) ;
#310 = VERTEX_POINT ( 'NONE', #720 ) ;
#311 = DIRECTION ( 'NONE',  ( -1.000000000000000000, -1.872461465063584104E-16, 0.000000000000000000 ) ) ;
#312 = DIRECTION ( 'NONE',  ( -1.807003620809174139E-16, -1.000000000000000000, -1.204669080539449837E-16 ) ) ;
#313 = AXIS2_PLACEMENT_3D ( 'NONE', #5407, #907, #3219 ) ;
#314 = DIRECTION ( 'NONE',  ( 0.000000000000000000, -1.000000000000000000, 0.000000000000000000 ) ) ;
#315 = EDGE_CURVE ( 'NONE', #142, #5477, #358, .T. ) ;
#316 = EDGE_CURVE ( 'NONE', #4961, #4122, #4149, .T. ) ;
#317 = VECTOR ( 'NONE', #3543, 1000.000000000000000 ) ;
#318 = CARTESIAN_POINT ( 'NONE',  ( 2.974999999999999645, 0.9000000000000002442, -1.389999999999999680 ) ) ;
#319 = VERTEX_POINT ( 'NONE', #327 ) ;
#320 = CARTESIAN_POINT ( 'NONE',  ( -2.950000000000003286, 0.3000000000000002665, -0.9499999999999997335 ) ) ;
#321 = DIRECTION ( 'NONE',  ( -1.000000000000000000, 0.000000000000000000, 0.000000000000000000 ) ) ;
#322 = PLANE ( 'NONE',  #966 ) ;
#323 = CARTESIAN_POINT ( 'NONE',  ( 0.2000000000000000944, 1.200000000000000178, 2.699999999999999734 ) ) ;
#324 = CARTESIAN_POINT ( 'NONE',  ( 2.550000000000000266, 1.499999999999999556, -0.9499999999999997335 ) ) ;
#325 = CARTESIAN_POINT ( 'NONE',  ( 0.9749999999999999778, 1.355252715606880543E-17, -1.399999999999999689 ) ) ;
#326 = VECTOR ( 'NONE', #4268, 1000.000000000000000 ) ;
#327 = CARTESIAN_POINT ( 'NONE',  ( 2.799999999999999378, 1.200000000000000400, 0.9499999999999996225 ) ) ;
#328 = ORIENTED_EDGE ( 'NONE', *, *, #975, .T. ) ;
#329 = AXIS2_PLACEMENT_3D ( 'NONE', #1838, #974, #2243 ) ;
#330 = VECTOR ( 'NONE', #2717, 1000.000000000000000 ) ;
#331 = EDGE_CURVE ( 'NONE', #277, #5241, #2956, .T. ) ;
#332 = ORIENTED_EDGE ( 'NONE', *, *, #2328, .F. ) ;
#333 = PLANE ( 'NONE',  #1599 ) ;
#334 = ORIENTED_EDGE ( 'NONE', *, *, #1818, .T. ) ;
#335 = ADVANCED_FACE ( 'NONE', ( #5106 ), #2901, .F. ) ;
#336 = STYLED_ITEM ( 'NONE', ( #4232 ), #1023 ) ;
#337 = DIRECTION ( 'NONE',  ( 1.000000000000000000, 0.000000000000000000, 4.336808689942017736E-16 ) ) ;
#338 = VECTOR ( 'NONE', #377, 1000.000000000000000 ) ;
#339 = ORIENTED_EDGE ( 'NONE', *, *, #3749, .F. ) ;
#340 = VECTOR ( 'NONE', #3725, 1000.000000000000114 ) ;
#341 = CARTESIAN_POINT ( 'NONE',  ( 2.800000000000000266, 1.200000000000000400, -0.9499999999999995115 ) ) ;
#342 = EDGE_CURVE ( 'NONE', #2178, #1273, #2071, .T. ) ;
#343 = CARTESIAN_POINT ( 'NONE',  ( -2.425000000000000266, 0.1499999999999999944, -1.399999999999999689 ) ) ;
#344 = DIRECTION ( 'NONE',  ( -1.000000000000000000, 0.000000000000000000, 0.000000000000000000 ) ) ;
#345 = ADVANCED_FACE ( 'NONE', ( #5532 ), #3805, .T. ) ;
#346 = VECTOR ( 'NONE', #2217, 1000.000000000000000 ) ;
#347 = DIRECTION ( 'NONE',  ( 0.7071067811865475727, -0.7071067811865475727, 0.000000000000000000 ) ) ;
#348 = CIRCLE ( 'NONE', #3501, 0.05000000000000002359 ) ;
#349 = FACE_OUTER_BOUND ( 'NONE', #3617, .T. ) ;
#350 = VECTOR ( 'NONE', #689, 1000.000000000000000 ) ;
#351 = DIRECTION ( 'NONE',  ( 0.000000000000000000, -0.000000000000000000, 1.000000000000000000 ) ) ;
#352 = EDGE_LOOP ( 'NONE', ( #4571, #4824, #5539, #4866 ) ) ;
#353 = FACE_OUTER_BOUND ( 'NONE', #5240, .T. ) ;
#354 = DIRECTION ( 'NONE',  ( 0.000000000000000000, 0.000000000000000000, 1.000000000000000000 ) ) ;
#355 = CYLINDRICAL_SURFACE ( 'NONE', #5485, 0.09000000000000023259 ) ;
#356 = LINE ( 'NONE', #1644, #2584 ) ;
#357 = DIRECTION ( 'NONE',  ( 1.807003620809173892E-16, -1.000000000000000000, -1.204669080539450330E-16 ) ) ;
#358 = LINE ( 'NONE', #5056, #3848 ) ;
#359 = EDGE_LOOP ( 'NONE', ( #2064, #2490, #3673, #2364 ) ) ;
#360 = ORIENTED_EDGE ( 'NONE', *, *, #676, .T. ) ;
#361 = LINE ( 'NONE', #3697, #2773 ) ;
#362 = EDGE_LOOP ( 'NONE', ( #2074, #909, #111, #4042 ) ) ;
#363 = FACE_OUTER_BOUND ( 'NONE', #383, .T. ) ;
#364 = ORIENTED_EDGE ( 'NONE', *, *, #718, .T. ) ;
#365 = DIRECTION ( 'NONE',  ( -1.000000000000000000, 3.304235192336774723E-15, 0.000000000000000000 ) ) ;
#366 = LINE ( 'NONE', #1209, #1846 ) ;
#367 = FACE_OUTER_BOUND ( 'NONE', #4795, .T. ) ;
#368 = LINE ( 'NONE', #1635, #967 ) ;
#369 = ADVANCED_FACE ( 'NONE', ( #5557 ), #2045, .T. ) ;
#370 = LINE ( 'NONE', #2084, #4218 ) ;
#371 = EDGE_CURVE ( 'NONE', #990, #2719, #2252, .T. ) ;
#372 = EDGE_CURVE ( 'NONE', #4238, #4352, #3409, .T. ) ;
#373 = DIRECTION ( 'NONE',  ( 0.000000000000000000, -1.000000000000000000, 0.000000000000000000 ) ) ;
#374 = ORIENTED_EDGE ( 'NONE', *, *, #2295, .F. ) ;
#375 = DIRECTION ( 'NONE',  ( 0.000000000000000000, -1.000000000000000000, 0.000000000000000000 ) ) ;
#376 = DIRECTION ( 'NONE',  ( -1.000000000000000000, 0.000000000000000000, 2.320584820479771184E-34 ) ) ;
#377 = DIRECTION ( 'NONE',  ( 4.336808689942017736E-16, 1.094764425253763337E-47, -1.000000000000000000 ) ) ;
#378 = EDGE_CURVE ( 'NONE', #4093, #4283, #1176, .T. ) ;
#379 = PLANE ( 'NONE',  #4045 ) ;
#380 = DIRECTION ( 'NONE',  ( 4.818676322157784950E-15, 1.000000000000000000, 0.000000000000000000 ) ) ;
#381 = CARTESIAN_POINT ( 'NONE',  ( 2.974999999999999645, 1.100000000000000311, 0.9499999999999997335 ) ) ;
#382 = CARTESIAN_POINT ( 'NONE',  ( 1.449999999999999956, 0.3000000000000000444, 1.499999999999999334 ) ) ;
#383 = EDGE_LOOP ( 'NONE', ( #108, #3640, #1948, #3974 ) ) ;
#384 = ADVANCED_FACE ( 'NONE', ( #3717 ), #1593, .F. ) ;
#385 = EDGE_LOOP ( 'NONE', ( #3410, #2137, #4456, #2281 ) ) ;
#386 = DIRECTION ( 'NONE',  ( 0.000000000000000000, 0.000000000000000000, -1.000000000000000000 ) ) ;
#387 = EDGE_CURVE ( 'NONE', #5296, #2791, #5139, .T. ) ;
#388 = VERTEX_POINT ( 'NONE', #806 ) ;
#389 = LINE ( 'NONE', #1685, #76 ) ;
#390 = EDGE_LOOP ( 'NONE', ( #5035, #4751, #4538, #2361 ) ) ;
#391 = DIRECTION ( 'NONE',  ( -0.000000000000000000, 0.7071067811865486830, -0.7071067811865464625 ) ) ;
#392 = CARTESIAN_POINT ( 'NONE',  ( -2.974999999999999645, 0.9000000000000000222, -0.9499999999999997335 ) ) ;
#393 = CARTESIAN_POINT ( 'NONE',  ( 2.075000000000000178, 0.1499999999999999944, -2.399999999999999911 ) ) ;
#394 = DIRECTION ( 'NONE',  ( 1.000000000000000000, 0.000000000000000000, 0.000000000000000000 ) ) ;
#395 = DIRECTION ( 'NONE',  ( -4.776611965246228323E-29, -1.445602896647372167E-14, -1.000000000000000000 ) ) ;
#396 = VECTOR ( 'NONE', #2660, 1000.000000000000000 ) ;
#397 = ORIENTED_EDGE ( 'NONE', *, *, #4970, .F. ) ;
#398 = EDGE_CURVE ( 'NONE', #4122, #2273, #2301, .T. ) ;
#399 = FACE_OUTER_BOUND ( 'NONE', #1042, .T. ) ;
#400 = ORIENTED_EDGE ( 'NONE', *, *, #2187, .T. ) ;
#401 = PLANE ( 'NONE',  #2665 ) ;
#402 = AXIS2_PLACEMENT_3D ( 'NONE', #89, #3535, #1377 ) ;
#403 = CARTESIAN_POINT ( 'NONE',  ( -2.975000000000005418, 1.199999999999981304, 0.7499999999999995559 ) ) ;
#404 = EDGE_CURVE ( 'NONE', #4915, #1352, #4653, .T. ) ;
#405 =( NAMED_UNIT ( * ) PLANE_ANGLE_UNIT ( ) SI_UNIT ( $, .RADIAN. ) );
#406 = CARTESIAN_POINT ( 'NONE',  ( -4.000000000000003553, 4.133520782600985655E-16, -1.374999999999999556 ) ) ;
#407 = VECTOR ( 'NONE', #970, 1000.000000000000000 ) ;
#408 = DIRECTION ( 'NONE',  ( -1.000000000000000000, 0.000000000000000000, 0.000000000000000000 ) ) ;
#409 = VERTEX_POINT ( 'NONE', #771 ) ;
#410 = DIRECTION ( 'NONE',  ( 0.000000000000000000, 0.000000000000000000, -1.000000000000000000 ) ) ;
#411 = ORIENTED_EDGE ( 'NONE', *, *, #1677, .T. ) ;
#412 = ORIENTED_EDGE ( 'NONE', *, *, #1518, .T. ) ;
#413 = AXIS2_PLACEMENT_3D ( 'NONE', #5425, #605, #4479 ) ;
#414 = CARTESIAN_POINT ( 'NONE',  ( 1.550000000000000266, 0.4000000000000000222, 1.099999999999999867 ) ) ;
#415 = ORIENTED_EDGE ( 'NONE', *, *, #3509, .F. ) ;
#416 = PLANE ( 'NONE',  #2036 ) ;
#417 = VECTOR ( 'NONE', #4567, 1000.000000000000000 ) ;
#418 = ORIENTED_EDGE ( 'NONE', *, *, #65, .F. ) ;
#419 = LINE ( 'NONE', #469, #4490 ) ;
#420 = VECTOR ( 'NONE', #1488, 1000.000000000000000 ) ;
#421 = TOROIDAL_SURFACE ( 'NONE', #58, 0.1749999999999998779, 0.2000000000000000111 ) ;
#422 = CARTESIAN_POINT ( 'NONE',  ( -3.850000000000003642, 4.826205503911161921E-16, -1.074999999999999734 ) ) ;
#423 = CARTESIAN_POINT ( 'NONE',  ( -2.975000000000005418, 1.199999999999981304, 0.7499999999999995559 ) ) ;
#424 = DIRECTION ( 'NONE',  ( -1.000000000000000000, 0.000000000000000000, -0.000000000000000000 ) ) ;
#425 = FACE_OUTER_BOUND ( 'NONE', #4811, .T. ) ;
#426 = VECTOR ( 'NONE', #2868, 1000.000000000000000 ) ;
#427 = EDGE_LOOP ( 'NONE', ( #3271, #2445, #3233, #4098 ) ) ;
#428 = DIRECTION ( 'NONE',  ( -0.000000000000000000, 1.000000000000000000, -0.000000000000000000 ) ) ;
#429 = ORIENTED_EDGE ( 'NONE', *, *, #1093, .T. ) ;
#430 = CIRCLE ( 'NONE', #3588, 0.09000000000000023259 ) ;
#431 = CARTESIAN_POINT ( 'NONE',  ( -3.850000000000003642, 0.1500000000000004663, -0.9249999999999997113 ) ) ;
#432 = VECTOR ( 'NONE', #1181, 1000.000000000000000 ) ;
#433 = EDGE_CURVE ( 'NONE', #2154, #3700, #3355, .T. ) ;
#434 = DIRECTION ( 'NONE',  ( -0.4228854653311235889, 0.9061831399952654520, 0.000000000000000000 ) ) ;
#435 = VECTOR ( 'NONE', #2782, 1000.000000000000000 ) ;
#436 = CYLINDRICAL_SURFACE ( 'NONE', #4645, 0.1999999999999998723 ) ;
#437 = ORIENTED_EDGE ( 'NONE', *, *, #2802, .T. ) ;
#438 = DIRECTION ( 'NONE',  ( -5.473822126268816683E-48, -1.204669080539450330E-16, 1.000000000000000000 ) ) ;
#439 = ORIENTED_EDGE ( 'NONE', *, *, #4899, .T. ) ;
#440 = ADVANCED_FACE ( 'NONE', ( #1198 ), #2874, .T. ) ;
#441 = EDGE_CURVE ( 'NONE', #652, #3916, #5588, .T. ) ;
#442 = ORIENTED_EDGE ( 'NONE', *, *, #2158, .F. ) ;
#443 = DIRECTION ( 'NONE',  ( 1.023559706838454927E-30, -3.097720492815729138E-16, 1.000000000000000000 ) ) ;
#444 = ORIENTED_EDGE ( 'NONE', *, *, #897, .F. ) ;
#445 = ORIENTED_EDGE ( 'NONE', *, *, #1265, .T. ) ;
#446 = CARTESIAN_POINT ( 'NONE',  ( 2.799999999999999822, 1.475000000000000089, 0.9499999999999997335 ) ) ;
#447 = DIRECTION ( 'NONE',  ( -0.000000000000000000, 1.000000000000000000, 9.035018104045866996E-17 ) ) ;
#448 = CARTESIAN_POINT ( 'NONE',  ( 2.550000000000000266, 1.475000000000000089, 1.389999999999999680 ) ) ;
#449 = DIRECTION ( 'NONE',  ( 0.000000000000000000, -1.204669080539449837E-16, -1.000000000000000000 ) ) ;
#450 = LINE ( 'NONE', #3901, #3585 ) ;
#451 = EDGE_CURVE ( 'NONE', #4848, #5220, #2156, .T. ) ;
#452 = ORIENTED_EDGE ( 'NONE', *, *, #4531, .F. ) ;
#453 = DIRECTION ( 'NONE',  ( 1.872461465063586570E-16, 1.000000000000000000, 1.204669080539449837E-16 ) ) ;
#454 = ORIENTED_EDGE ( 'NONE', *, *, #2748, .T. ) ;
#455 = EDGE_CURVE ( 'NONE', #284, #5434, #3458, .T. ) ;
#456 = LINE ( 'NONE', #4868, #2844 ) ;
#457 = SURFACE_STYLE_FILL_AREA ( #4254 ) ;
#458 = DIRECTION ( 'NONE',  ( -0.000000000000000000, 0.000000000000000000, -1.000000000000000000 ) ) ;
#459 = LINE ( 'NONE', #3803, #2100 ) ;
#460 = ORIENTED_EDGE ( 'NONE', *, *, #1292, .F. ) ;
#461 = FACE_OUTER_BOUND ( 'NONE', #921, .T. ) ;
#462 = ORIENTED_EDGE ( 'NONE', *, *, #1535, .F. ) ;
#463 = VERTEX_POINT ( 'NONE', #1340 ) ;
#464 = LINE ( 'NONE', #2098, #5411 ) ;
#465 = VERTEX_POINT ( 'NONE', #38 ) ;
#466 = ADVANCED_FACE ( 'NONE', ( #5251 ), #4338, .F. ) ;
#467 = EDGE_CURVE ( 'NONE', #520, #620, #2206, .T. ) ;
#468 = EDGE_LOOP ( 'NONE', ( #2216, #2788, #1148, #692 ) ) ;
#469 = CARTESIAN_POINT ( 'NONE',  ( 1.399999999999999911, 0.2500000000000000000, 1.549999999999999378 ) ) ;
#470 = EDGE_CURVE ( 'NONE', #2797, #2169, #3037, .T. ) ;
#471 = ORIENTED_EDGE ( 'NONE', *, *, #549, .T. ) ;
#472 = DIRECTION ( 'NONE',  ( 0.000000000000000000, -9.035018104045866996E-17, 1.000000000000000000 ) ) ;
#473 = FILL_AREA_STYLE ('',( #4747 ) ) ;
#474 = LINE ( 'NONE', #4327, #786 ) ;
#475 = CARTESIAN_POINT ( 'NONE',  ( -2.750000000000000444, 1.300000000000000266, -0.9499999999999997335 ) ) ;
#476 = EDGE_CURVE ( 'NONE', #4343, #1201, #1279, .T. ) ;
#477 = ORIENTED_EDGE ( 'NONE', *, *, #571, .F. ) ;
#478 = CARTESIAN_POINT ( 'NONE',  ( -3.850000000000003642, 0.1500000000000004385, -1.224999999999999423 ) ) ;
#479 = ORIENTED_EDGE ( 'NONE', *, *, #1110, .T. ) ;
#480 = ORIENTED_EDGE ( 'NONE', *, *, #1265, .F. ) ;
#481 = CYLINDRICAL_SURFACE ( 'NONE', #4566, 0.1499999999999999667 ) ;
#482 = SURFACE_STYLE_FILL_AREA ( #3936 ) ;
#483 = DIRECTION ( 'NONE',  ( 0.000000000000000000, 0.000000000000000000, 1.000000000000000000 ) ) ;
#484 = ADVANCED_FACE ( 'NONE', ( #2638 ), #421, .T. ) ;
#485 = FILL_AREA_STYLE ('',( #2795 ) ) ;
#486 = CIRCLE ( 'NONE', #5098, 0.09000000000000023259 ) ;
#487 = CARTESIAN_POINT ( 'NONE',  ( -3.000000000000003109, 7.047314121155778821E-16, 0.9249999999999997113 ) ) ;
#488 = ORIENTED_EDGE ( 'NONE', *, *, #2209, .F. ) ;
#489 = CARTESIAN_POINT ( 'NONE',  ( 2.550000000000000266, 1.350000000000000089, 0.9499999999999997335 ) ) ;
#490 = DIRECTION ( 'NONE',  ( 0.000000000000000000, -1.530638361156005111E-15, 1.000000000000000000 ) ) ;
#491 = VERTEX_POINT ( 'NONE', #1789 ) ;
#492 = VECTOR ( 'NONE', #1157, 1000.000000000000000 ) ;
#493 = ORIENTED_EDGE ( 'NONE', *, *, #3373, .T. ) ;
#494 = FACE_OUTER_BOUND ( 'NONE', #359, .T. ) ;
#495 = CIRCLE ( 'NONE', #4562, 0.1999999999999998723 ) ;
#496 = VERTEX_POINT ( 'NONE', #4733 ) ;
#497 = ADVANCED_FACE ( 'NONE', ( #461 ), #4767, .T. ) ;
#498 = VECTOR ( 'NONE', #2604, 1000.000000000000000 ) ;
#499 = ORIENTED_EDGE ( 'NONE', *, *, #1695, .T. ) ;
#500 = DIRECTION ( 'NONE',  ( 0.000000000000000000, -0.000000000000000000, 1.000000000000000000 ) ) ;
#501 = ORIENTED_EDGE ( 'NONE', *, *, #3614, .F. ) ;
#502 = VECTOR ( 'NONE', #4245, 1000.000000000000000 ) ;
#503 = CARTESIAN_POINT ( 'NONE',  ( 2.974999999999999645, 1.100000000000000311, 1.389999999999999680 ) ) ;
#504 = EDGE_CURVE ( 'NONE', #2398, #1820, #912, .T. ) ;
#505 = AXIS2_PLACEMENT_3D ( 'NONE', #4061, #4003, #5170 ) ;
#506 = VERTEX_POINT ( 'NONE', #2611 ) ;
#507 = CIRCLE ( 'NONE', #5478, 0.1499999999999999667 ) ;
#508 = EDGE_CURVE ( 'NONE', #1843, #5248, #3976, .T. ) ;
#509 = LINE ( 'NONE', #4380, #4649 ) ;
#510 = EDGE_LOOP ( 'NONE', ( #5481, #2157, #3984, #2013 ) ) ;
#511 = EDGE_LOOP ( 'NONE', ( #3464, #3599, #4692, #1462, #4017, #1683, #1178, #2275, #1734, #2207, #668, #3561 ) ) ;
#512 = LINE ( 'NONE', #3538, #3844 ) ;
#513 = LINE ( 'NONE', #5243, #1236 ) ;
#514 =( GEOMETRIC_REPRESENTATION_CONTEXT ( 3 ) GLOBAL_UNCERTAINTY_ASSIGNED_CONTEXT ( ( #5117 ) ) GLOBAL_UNIT_ASSIGNED_CONTEXT ( ( #3578, #4565, #2528 ) ) REPRESENTATION_CONTEXT ( 'NONE', 'WORKASPACE' ) );
#515 = FACE_OUTER_BOUND ( 'NONE', #3592, .T. ) ;
#516 = FACE_OUTER_BOUND ( 'NONE', #5169, .T. ) ;
#517 = VECTOR ( 'NONE', #2736, 1000.000000000000000 ) ;
#518 = CIRCLE ( 'NONE', #5582, 0.05000000000000012768 ) ;
#519 = DIRECTION ( 'NONE',  ( -1.286288226170732780E-48, 0.000000000000000000, 1.000000000000000000 ) ) ;
#520 = VERTEX_POINT ( 'NONE', #2177 ) ;
#521 = DIRECTION ( 'NONE',  ( 1.000000000000000000, 0.000000000000000000, 0.000000000000000000 ) ) ;
#522 = DIRECTION ( 'NONE',  ( 0.000000000000000000, -1.000000000000000000, 0.000000000000000000 ) ) ;
#523 = ORIENTED_EDGE ( 'NONE', *, *, #4970, .T. ) ;
#524 = CARTESIAN_POINT ( 'NONE',  ( 3.850000000000003642, 5.729707314315748621E-16, 1.224999999999999423 ) ) ;
#525 = VECTOR ( 'NONE', #4941, 1000.000000000000000 ) ;
#526 = VECTOR ( 'NONE', #3352, 1000.000000000000000 ) ;
#527 = EDGE_CURVE ( 'NONE', #3769, #990, #3522, .T. ) ;
#528 = LINE ( 'NONE', #5275, #4686 ) ;
#529 = VECTOR ( 'NONE', #2641, 1000.000000000000000 ) ;
#530 = VERTEX_POINT ( 'NONE', #1755 ) ;
#531 = ORIENTED_EDGE ( 'NONE', *, *, #1240, .F. ) ;
#532 = ORIENTED_EDGE ( 'NONE', *, *, #5403, .T. ) ;
#533 =( NAMED_UNIT ( * ) SI_UNIT ( $, .STERADIAN. ) SOLID_ANGLE_UNIT ( ) );
#534 = LINE ( 'NONE', #4013, #3498 ) ;
#535 = ORIENTED_EDGE ( 'NONE', *, *, #3254, .F. ) ;
#536 = CARTESIAN_POINT ( 'NONE',  ( 2.750000000000000444, 1.499999999999999556, 0.9499999999999997335 ) ) ;
#537 = EDGE_LOOP ( 'NONE', ( #4568, #4659, #3788, #2510 ) ) ;
#538 = ORIENTED_EDGE ( 'NONE', *, *, #625, .F. ) ;
#539 = DIRECTION ( 'NONE',  ( -0.4228854653311235889, 0.9061831399952654520, 0.000000000000000000 ) ) ;
#540 = CARTESIAN_POINT ( 'NONE',  ( -4.000000000000003553, 0.1500000000000005218, 1.224999999999999423 ) ) ;
#541 = EDGE_CURVE ( 'NONE', #4821, #2247, #1815, .T. ) ;
#542 = PLANE ( 'NONE',  #1678 ) ;
#543 = EDGE_CURVE ( 'NONE', #860, #3753, #3092, .T. ) ;
#544 = DIRECTION ( 'NONE',  ( 1.084202172485504434E-16, 0.000000000000000000, -1.000000000000000000 ) ) ;
#545 = DIRECTION ( 'NONE',  ( -1.000000000000000000, -1.807003620809173892E-16, 0.000000000000000000 ) ) ;
#546 = ORIENTED_EDGE ( 'NONE', *, *, #3793, .F. ) ;
#547 = LINE ( 'NONE', #489, #4201 ) ;
#548 = CARTESIAN_POINT ( 'NONE',  ( 2.800000000000003375, 0.1999999999999999833, -0.9250000000000000444 ) ) ;
#549 = EDGE_CURVE ( 'NONE', #3986, #810, #2663, .T. ) ;
#550 = ORIENTED_EDGE ( 'NONE', *, *, #3970, .F. ) ;
#551 = LINE ( 'NONE', #1001, #793 ) ;
#552 = DIRECTION ( 'NONE',  ( -1.000000000000000000, 1.807003620809173892E-16, 0.000000000000000000 ) ) ;
#553 = EDGE_LOOP ( 'NONE', ( #3721, #5452, #4832, #1069, #2825, #2312, #4981 ) ) ;
#554 = EDGE_CURVE ( 'NONE', #3101, #138, #2241, .T. ) ;
#555 = EDGE_CURVE ( 'NONE', #1075, #4046, #5271, .T. ) ;
#556 = ORIENTED_EDGE ( 'NONE', *, *, #5109, .F. ) ;
#557 = FACE_OUTER_BOUND ( 'NONE', #749, .T. ) ;
#558 = ORIENTED_EDGE ( 'NONE', *, *, #3810, .F. ) ;
#559 = PLANE ( 'NONE',  #5399 ) ;
#560 = ORIENTED_EDGE ( 'NONE', *, *, #2092, .F. ) ;
#561 = CARTESIAN_POINT ( 'NONE',  ( -2.950000000000003286, 7.657177843178875065E-16, 0.9249999999999998224 ) ) ;
#562 = VERTEX_POINT ( 'NONE', #4060 ) ;
#563 = ORIENTED_EDGE ( 'NONE', *, *, #4563, .F. ) ;
#564 = LINE ( 'NONE', #2631, #498 ) ;
#565 = DIRECTION ( 'NONE',  ( 0.000000000000000000, 0.000000000000000000, 1.000000000000000000 ) ) ;
#566 = CARTESIAN_POINT ( 'NONE',  ( 2.950000000000000622, 0.9900000000000006573, -0.9499999999999999556 ) ) ;
#567 = EDGE_CURVE ( 'NONE', #3317, #1930, #1498, .T. ) ;
#568 = CARTESIAN_POINT ( 'NONE',  ( -2.550000000000000266, 1.475000000000000089, 0.9499999999999997335 ) ) ;
#569 = VERTEX_POINT ( 'NONE', #3234 ) ;
#570 = DIRECTION ( 'NONE',  ( 1.000000000000000000, 0.000000000000000000, 0.000000000000000000 ) ) ;
#571 = EDGE_CURVE ( 'NONE', #4937, #2398, #507, .T. ) ;
#572 = CARTESIAN_POINT ( 'NONE',  ( -2.750000000000000444, 1.350000000000000311, 0.9499999999999998446 ) ) ;
#573 = ORIENTED_EDGE ( 'NONE', *, *, #2221, .T. ) ;
#574 = CARTESIAN_POINT ( 'NONE',  ( 2.475000000000000089, 0.1499999999999999944, -1.399999999999999689 ) ) ;
#575 = VECTOR ( 'NONE', #2985, 1000.000000000000000 ) ;
#576 = PRODUCT_RELATED_PRODUCT_CATEGORY ( 'part', '', ( #1005 ) ) ;
#577 = CARTESIAN_POINT ( 'NONE',  ( -3.850000000000003642, 5.549006952234831873E-16, 1.374999999999999556 ) ) ;
#578 = EDGE_CURVE ( 'NONE', #1201, #172, #3199, .T. ) ;
#579 = LINE ( 'NONE', #3206, #1674 ) ;
#580 = ORIENTED_EDGE ( 'NONE', *, *, #1725, .F. ) ;
#581 = VECTOR ( 'NONE', #4159, 1000.000000000000000 ) ;
#582 = ORIENTED_EDGE ( 'NONE', *, *, #3340, .F. ) ;
#583 = CARTESIAN_POINT ( 'NONE',  ( 2.800000000000003375, 0.2000000000000000389, 1.375000000000000000 ) ) ;
#584 = ORIENTED_EDGE ( 'NONE', *, *, #1845, .T. ) ;
#585 = CARTESIAN_POINT ( 'NONE',  ( 2.475000000000000089, 0.1499999999999999944, -1.399999999999999689 ) ) ;
#586 = ORIENTED_EDGE ( 'NONE', *, *, #4447, .F. ) ;
#587 = LINE ( 'NONE', #5206, #3557 ) ;
#588 = ORIENTED_EDGE ( 'NONE', *, *, #555, .F. ) ;
#589 = VERTEX_POINT ( 'NONE', #1920 ) ;
#590 = LINE ( 'NONE', #2345, #3600 ) ;
#591 = CARTESIAN_POINT ( 'NONE',  ( 1.550000000000000266, 0.4000000000000000222, 1.099999999999999867 ) ) ;
#592 = CARTESIAN_POINT ( 'NONE',  ( 2.799999999999999822, 0.000000000000000000, 1.399999999999999689 ) ) ;
#593 = CIRCLE ( 'NONE', #4299, 0.1499999999999999667 ) ;
#594 = CARTESIAN_POINT ( 'NONE',  ( 2.799999999999999822, 0.9000000000000002442, -0.9499999999999997335 ) ) ;
#595 = ORIENTED_EDGE ( 'NONE', *, *, #3200, .T. ) ;
#596 = VECTOR ( 'NONE', #906, 1000.000000000000000 ) ;
#597 = LINE ( 'NONE', #3175, #5194 ) ;
#598 = AXIS2_PLACEMENT_3D ( 'NONE', #1269, #3021, #424 ) ;
#599 = DIRECTION ( 'NONE',  ( 1.000000000000000000, 3.304235192336774723E-15, 0.000000000000000000 ) ) ;
#600 = CARTESIAN_POINT ( 'NONE',  ( -2.800000000000003375, 0.2000000000000000944, 0.9250000000000000444 ) ) ;
#601 = VECTOR ( 'NONE', #54, 1000.000000000000000 ) ;
#602 = AXIS2_PLACEMENT_3D ( 'NONE', #5514, #337, #5063 ) ;
#603 = DIRECTION ( 'NONE',  ( 0.000000000000000000, -1.000000000000000000, 0.000000000000000000 ) ) ;
#604 = DIRECTION ( 'NONE',  ( 4.336808689942020891E-15, 1.000000000000000000, -1.084202172485505223E-15 ) ) ;
#605 = DIRECTION ( 'NONE',  ( 0.000000000000000000, -1.000000000000000000, 0.000000000000000000 ) ) ;
#606 = VERTEX_POINT ( 'NONE', #4962 ) ;
#607 = CIRCLE ( 'NONE', #877, 0.1499999999999999667 ) ;
#608 = CIRCLE ( 'NONE', #4390, 0.05000000000000012768 ) ;
#609 = EDGE_CURVE ( 'NONE', #5264, #721, #593, .T. ) ;
#610 = ADVANCED_FACE ( 'NONE', ( #1441 ), #3684, .F. ) ;
#611 = AXIS2_PLACEMENT_3D ( 'NONE', #3715, #4564, #1531 ) ;
#612 = VERTEX_POINT ( 'NONE', #2745 ) ;
#613 = PLANE ( 'NONE',  #1243 ) ;
#614 = VERTEX_POINT ( 'NONE', #4445 ) ;
#615 = EDGE_CURVE ( 'NONE', #2178, #3317, #5382, .T. ) ;
#616 = DIRECTION ( 'NONE',  ( -1.000000000000000000, 0.000000000000000000, -0.000000000000000000 ) ) ;
#617 = ORIENTED_EDGE ( 'NONE', *, *, #2363, .F. ) ;
#618 = DIRECTION ( 'NONE',  ( -5.102127870520013488E-15, 1.000000000000000000, 0.000000000000000000 ) ) ;
#619 = ORIENTED_EDGE ( 'NONE', *, *, #4244, .F. ) ;
#620 = VERTEX_POINT ( 'NONE', #5418 ) ;
#621 = DIRECTION ( 'NONE',  ( 1.000000000000000000, 0.000000000000000000, 0.000000000000000000 ) ) ;
#622 = FACE_OUTER_BOUND ( 'NONE', #5364, .T. ) ;
#623 = DIRECTION ( 'NONE',  ( -1.872461465063586570E-16, -1.000000000000000000, -1.204669080539449837E-16 ) ) ;
#624 = EDGE_CURVE ( 'NONE', #4339, #2878, #2290, .T. ) ;
#625 = EDGE_CURVE ( 'NONE', #3259, #142, #2324, .T. ) ;
#626 = CARTESIAN_POINT ( 'NONE',  ( 2.974999999999999645, 0.9000000000000002442, 0.9499999999999997335 ) ) ;
#627 = ORIENTED_EDGE ( 'NONE', *, *, #3097, .T. ) ;
#628 = DIRECTION ( 'NONE',  ( -1.000000000000000000, 4.336808689942006692E-15, 0.000000000000000000 ) ) ;
#629 = CARTESIAN_POINT ( 'NONE',  ( -3.850000000000003642, 5.910407676396666355E-16, 1.074999999999999734 ) ) ;
#630 = DIRECTION ( 'NONE',  ( -1.000000000000000000, 0.000000000000000000, -1.286288226170732932E-48 ) ) ;
#631 = DIRECTION ( 'NONE',  ( 1.000000000000000000, -0.000000000000000000, -0.000000000000000000 ) ) ;
#632 = CYLINDRICAL_SURFACE ( 'NONE', #2144, 0.08500000000000006162 ) ;
#633 = CARTESIAN_POINT ( 'NONE',  ( 2.799999999999999822, 0.9000000000000002442, 0.9499999999999997335 ) ) ;
#634 = DIRECTION ( 'NONE',  ( 1.000000000000000000, 3.304235192336774329E-15, -0.000000000000000000 ) ) ;
#635 = ORIENTED_EDGE ( 'NONE', *, *, #4054, .F. ) ;
#636 = EDGE_CURVE ( 'NONE', #1614, #4948, #2808, .T. ) ;
#637 = ORIENTED_EDGE ( 'NONE', *, *, #3524, .T. ) ;
#638 = CARTESIAN_POINT ( 'NONE',  ( 2.550000000000000266, 1.499999999999999556, -1.399999999999999689 ) ) ;
#639 = ORIENTED_EDGE ( 'NONE', *, *, #4697, .T. ) ;
#640 = ADVANCED_FACE ( 'NONE', ( #654 ), #4027, .T. ) ;
#641 = CARTESIAN_POINT ( 'NONE',  ( 0.1500000000000000777, 0.000000000000000000, 0.000000000000000000 ) ) ;
#642 = ORIENTED_EDGE ( 'NONE', *, *, #4326, .F. ) ;
#643 =( NAMED_UNIT ( * ) SI_UNIT ( $, .STERADIAN. ) SOLID_ANGLE_UNIT ( ) );
#644 = EDGE_CURVE ( 'NONE', #1436, #3459, #2377, .T. ) ;
#645 = CARTESIAN_POINT ( 'NONE',  ( 2.799999999999999822, 1.350000000000000089, 1.399999999999999689 ) ) ;
#646 = ORIENTED_EDGE ( 'NONE', *, *, #803, .T. ) ;
#647 = EDGE_LOOP ( 'NONE', ( #297, #2479, #1834, #3119 ) ) ;
#648 = PLANE ( 'NONE',  #4058 ) ;
#649 = CARTESIAN_POINT ( 'NONE',  ( -2.975000000000004530, 0.8999999999999811484, -0.9499999999999997335 ) ) ;
#650 = CARTESIAN_POINT ( 'NONE',  ( -2.550000000000000266, 1.499999999999999556, 0.9499999999999997335 ) ) ;
#651 = DIRECTION ( 'NONE',  ( -1.000000000000000000, 0.000000000000000000, 0.000000000000000000 ) ) ;
#652 = VERTEX_POINT ( 'NONE', #572 ) ;
#653 = CARTESIAN_POINT ( 'NONE',  ( -2.974999999999999645, 1.100000000000000089, 1.389999999999999680 ) ) ;
#654 = FACE_OUTER_BOUND ( 'NONE', #3958, .T. ) ;
#655 = CARTESIAN_POINT ( 'NONE',  ( -2.550000000000000266, 1.350000000000000089, 1.399999999999999689 ) ) ;
#656 = DIRECTION ( 'NONE',  ( 1.872461465063586570E-16, 1.000000000000000000, 1.204669080539449837E-16 ) ) ;
#657 = EDGE_CURVE ( 'NONE', #2854, #4093, #1869, .T. ) ;
#658 = LINE ( 'NONE', #1558, #2326 ) ;
#659 = CARTESIAN_POINT ( 'NONE',  ( 3.850000000000003642, 4.707059990055224417E-16, -1.074999999999999734 ) ) ;
#660 = ORIENTED_EDGE ( 'NONE', *, *, #3824, .T. ) ;
#661 = VECTOR ( 'NONE', #3736, 1000.000000000000000 ) ;
#662 = ORIENTED_EDGE ( 'NONE', *, *, #2543, .F. ) ;
#663 = DIRECTION ( 'NONE',  ( 0.000000000000000000, 0.000000000000000000, -1.000000000000000000 ) ) ;
#664 = VECTOR ( 'NONE', #4817, 1000.000000000000000 ) ;
#665 = ORIENTED_EDGE ( 'NONE', *, *, #4447, .T. ) ;
#666 = FACE_OUTER_BOUND ( 'NONE', #1918, .T. ) ;
#667 = AXIS2_PLACEMENT_3D ( 'NONE', #1885, #4493, #618 ) ;
#668 = ORIENTED_EDGE ( 'NONE', *, *, #2328, .T. ) ;
#669 = DIRECTION ( 'NONE',  ( -1.000000000000000000, -0.000000000000000000, -0.000000000000000000 ) ) ;
#670 = DIRECTION ( 'NONE',  ( 1.000000000000000000, 0.000000000000000000, 1.286288226170732780E-48 ) ) ;
#671 = ORIENTED_EDGE ( 'NONE', *, *, #4976, .F. ) ;
#672 = VERTEX_POINT ( 'NONE', #548 ) ;
#673 = PLANE ( 'NONE',  #5317 ) ;
#674 = VECTOR ( 'NONE', #2743, 1000.000000000000000 ) ;
#675 = CARTESIAN_POINT ( 'NONE',  ( -2.950000000000000622, 1.199999999999981304, -0.9499999999999995115 ) ) ;
#676 = EDGE_CURVE ( 'NONE', #876, #4202, #3759, .T. ) ;
#677 = DIRECTION ( 'NONE',  ( -1.000000000000000000, 0.000000000000000000, -0.000000000000000000 ) ) ;
#678 = EDGE_CURVE ( 'NONE', #4261, #822, #4504, .T. ) ;
#679 = AXIS2_PLACEMENT_3D ( 'NONE', #4617, #738, #3711 ) ;
#680 = DIRECTION ( 'NONE',  ( 1.000000000000000000, 0.000000000000000000, -0.000000000000000000 ) ) ;
#681 = VERTEX_POINT ( 'NONE', #4423 ) ;
#682 = CARTESIAN_POINT ( 'NONE',  ( -1.500000000000000000, -0.5500000000000001554, 0.000000000000000000 ) ) ;
#683 = PLANE ( 'NONE',  #1047 ) ;
#684 = FACE_OUTER_BOUND ( 'NONE', #3623, .T. ) ;
#685 = VECTOR ( 'NONE', #5359, 1000.000000000000000 ) ;
#686 = DIRECTION ( 'NONE',  ( -1.000000000000000000, 3.304235192336774723E-15, -0.000000000000000000 ) ) ;
#687 = AXIS2_PLACEMENT_3D ( 'NONE', #1438, #4418, #3516 ) ;
#688 = VECTOR ( 'NONE', #1145, 1000.000000000000000 ) ;
#689 = DIRECTION ( 'NONE',  ( 0.000000000000000000, -1.000000000000000000, 0.000000000000000000 ) ) ;
#690 = CARTESIAN_POINT ( 'NONE',  ( -2.950000000000003286, 0.2000000000000004829, -0.9250000000000000444 ) ) ;
#691 = DIRECTION ( 'NONE',  ( 1.000000000000000000, -3.304235192336774723E-15, 0.000000000000000000 ) ) ;
#692 = ORIENTED_EDGE ( 'NONE', *, *, #2787, .F. ) ;
#693 = CIRCLE ( 'NONE', #1321, 0.1499999999999999667 ) ;
#694 = EDGE_CURVE ( 'NONE', #465, #2238, #2266, .T. ) ;
#695 = ORIENTED_EDGE ( 'NONE', *, *, #1375, .T. ) ;
#696 = PLANE ( 'NONE',  #3954 ) ;
#697 = AXIS2_PLACEMENT_3D ( 'NONE', #2145, #2485, #4640 ) ;
#698 = ORIENTED_EDGE ( 'NONE', *, *, #636, .F. ) ;
#699 = DIRECTION ( 'NONE',  ( 0.000000000000000000, 0.000000000000000000, 1.000000000000000000 ) ) ;
#700 = AXIS2_PLACEMENT_3D ( 'NONE', #3868, #5142, #386 ) ;
#701 = ORIENTED_EDGE ( 'NONE', *, *, #801, .T. ) ;
#702 = DIRECTION ( 'NONE',  ( -0.000000000000000000, 1.000000000000000000, -0.000000000000000000 ) ) ;
#703 = DIRECTION ( 'NONE',  ( -1.000000000000000000, 3.304235192336774723E-15, 0.000000000000000000 ) ) ;
#704 = ORIENTED_EDGE ( 'NONE', *, *, #1399, .T. ) ;
#705 = ORIENTED_EDGE ( 'NONE', *, *, #3350, .T. ) ;
#706 = DIRECTION ( 'NONE',  ( 1.000000000000000000, 3.304235192336774723E-15, 0.000000000000000000 ) ) ;
#707 = CARTESIAN_POINT ( 'NONE',  ( 2.949999999999999734, 1.300000000000000711, 0.9499999999999998446 ) ) ;
#708 = DIRECTION ( 'NONE',  ( 0.000000000000000000, -1.000000000000000000, 0.000000000000000000 ) ) ;
#709 = CARTESIAN_POINT ( 'NONE',  ( 3.000000000000003109, 0.2000000000000007050, 0.9249999999999998224 ) ) ;
#710 = ORIENTED_EDGE ( 'NONE', *, *, #4337, .F. ) ;
#711 = CARTESIAN_POINT ( 'NONE',  ( 2.550000000000000266, 1.499999999999999556, 0.9499999999999997335 ) ) ;
#712 = CARTESIAN_POINT ( 'NONE',  ( -2.950000000000003286, 0.3000000000000002665, 0.9499999999999997335 ) ) ;
#713 = EDGE_CURVE ( 'NONE', #491, #3881, #3572, .T. ) ;
#714 = EDGE_CURVE ( 'NONE', #232, #4283, #5099, .T. ) ;
#715 = CARTESIAN_POINT ( 'NONE',  ( 2.974999999999999645, 1.100000000000000311, 0.9499999999999997335 ) ) ;
#716 = LINE ( 'NONE', #2810, #3485 ) ;
#717 = PLANE ( 'NONE',  #4953 ) ;
#718 = EDGE_CURVE ( 'NONE', #161, #612, #1137, .T. ) ;
#719 = CARTESIAN_POINT ( 'NONE',  ( 1.500000000000000000, -0.3499999999999999778, 0.3749999999999998890 ) ) ;
#720 = CARTESIAN_POINT ( 'NONE',  ( 1.550000000000000266, 1.250000000000000000, 1.099999999999999867 ) ) ;
#721 = VERTEX_POINT ( 'NONE', #4595 ) ;
#722 = ORIENTED_EDGE ( 'NONE', *, *, #2337, .T. ) ;
#723 = DIRECTION ( 'NONE',  ( -0.000000000000000000, 1.000000000000000000, 0.000000000000000000 ) ) ;
#724 = ORIENTED_EDGE ( 'NONE', *, *, #889, .F. ) ;
#725 = ADVANCED_FACE ( 'NONE', ( #2918 ), #2833, .T. ) ;
#726 = LINE ( 'NONE', #2449, #3050 ) ;
#727 = EDGE_CURVE ( 'NONE', #465, #2554, #1617, .T. ) ;
#728 = ORIENTED_EDGE ( 'NONE', *, *, #3621, .T. ) ;
#729 = DIRECTION ( 'NONE',  ( -1.000000000000000000, 0.000000000000000000, 0.000000000000000000 ) ) ;
#730 = CARTESIAN_POINT ( 'NONE',  ( -2.425000000000000266, 0.000000000000000000, -2.399999999999999911 ) ) ;
#731 = VERTEX_POINT ( 'NONE', #3321 ) ;
#732 = PLANE ( 'NONE',  #1039 ) ;
#733 = DIRECTION ( 'NONE',  ( 0.000000000000000000, 1.000000000000000000, 0.000000000000000000 ) ) ;
#734 = DIRECTION ( 'NONE',  ( 0.000000000000000000, 0.000000000000000000, -1.000000000000000000 ) ) ;
#735 = CARTESIAN_POINT ( 'NONE',  ( 2.800000000000003375, 0.2000000000000000944, 0.9250000000000000444 ) ) ;
#736 = CARTESIAN_POINT ( 'NONE',  ( -2.799999999999999822, 1.350000000000000089, 1.399999999999999689 ) ) ;
#737 = ORIENTED_EDGE ( 'NONE', *, *, #2333, .T. ) ;
#738 = DIRECTION ( 'NONE',  ( 0.000000000000000000, -0.000000000000000000, 1.000000000000000000 ) ) ;
#739 = CARTESIAN_POINT ( 'NONE',  ( 2.750000000000000444, 1.300000000000000266, 0.9499999999999998446 ) ) ;
#740 = CARTESIAN_POINT ( 'NONE',  ( -2.800000000000003375, 0.2149999999999997469, 0.8400000000000000799 ) ) ;
#741 = EDGE_CURVE ( 'NONE', #3337, #5140, #2008, .T. ) ;
#742 = CARTESIAN_POINT ( 'NONE',  ( -2.550000000000000266, 1.350000000000000089, -1.389999999999999680 ) ) ;
#743 = ADVANCED_FACE ( 'NONE', ( #5051 ), #3287, .F. ) ;
#744 = CARTESIAN_POINT ( 'NONE',  ( -3.850000000000003642, 0.1500000000000005496, 1.224999999999999423 ) ) ;
#745 = DIRECTION ( 'NONE',  ( -4.818676322157784950E-15, 1.000000000000000000, 0.000000000000000000 ) ) ;
#746 = EDGE_LOOP ( 'NONE', ( #943, #958, #2099, #4251, #39, #2406, #4511, #5288, #5096, #113, #4867, #751, #4331, #1091, #3074, #97, #4090, #4120, #334, #1880 ) ) ;
#747 = EDGE_CURVE ( 'NONE', #2878, #4288, #799, .T. ) ;
#748 = EDGE_CURVE ( 'NONE', #3211, #3590, #2524, .T. ) ;
#749 = EDGE_LOOP ( 'NONE', ( #5114, #1167, #580 ) ) ;
#750 = CARTESIAN_POINT ( 'NONE',  ( 2.949999999999999734, 1.350000000000000533, 0.9499999999999997335 ) ) ;
#751 = ORIENTED_EDGE ( 'NONE', *, *, #5529, .T. ) ;
#752 = CARTESIAN_POINT ( 'NONE',  ( -2.750000000000000444, 1.499999999999999556, 0.9499999999999997335 ) ) ;
#753 = VERTEX_POINT ( 'NONE', #3370 ) ;
#754 = CIRCLE ( 'NONE', #3380, 0.1499999999999999667 ) ;
#755 = DIRECTION ( 'NONE',  ( 1.000000000000000000, 3.304235192336774329E-15, -0.000000000000000000 ) ) ;
#756 = DIRECTION ( 'NONE',  ( 1.000000000000000000, 3.304235192336774329E-15, -0.000000000000000000 ) ) ;
#757 = ORIENTED_EDGE ( 'NONE', *, *, #5401, .T. ) ;
#758 = DIRECTION ( 'NONE',  ( 1.807003620809174139E-16, 1.000000000000000000, 1.204669080539450330E-16 ) ) ;
#759 = DIRECTION ( 'NONE',  ( -0.9061831399952655630, -0.4228854653311236445, 0.000000000000000000 ) ) ;
#760 = VECTOR ( 'NONE', #3367, 1000.000000000000000 ) ;
#761 = DIRECTION ( 'NONE',  ( 0.000000000000000000, 0.000000000000000000, -1.000000000000000000 ) ) ;
#762 = AXIS2_PLACEMENT_3D ( 'NONE', #1788, #2323, #233 ) ;
#763 = LINE ( 'NONE', #5522, #760 ) ;
#764 = ORIENTED_EDGE ( 'NONE', *, *, #1642, .T. ) ;
#765 = PLANE ( 'NONE',  #5376 ) ;
#766 = DIRECTION ( 'NONE',  ( 1.000000000000000000, 0.000000000000000000, 0.000000000000000000 ) ) ;
#767 = DIRECTION ( 'NONE',  ( -4.818676322157784950E-15, 1.000000000000000000, 0.000000000000000000 ) ) ;
#768 = LINE ( 'NONE', #4964, #3680 ) ;
#769 = CARTESIAN_POINT ( 'NONE',  ( -2.750000000000000444, 1.350000000000000089, -0.9499999999999997335 ) ) ;
#770 = VECTOR ( 'NONE', #1690, 1000.000000000000000 ) ;
#771 = CARTESIAN_POINT ( 'NONE',  ( 2.974999999999999645, 1.100000000000000311, -0.9499999999999997335 ) ) ;
#772 = ORIENTED_EDGE ( 'NONE', *, *, #1174, .T. ) ;
#773 = AXIS2_PLACEMENT_3D ( 'NONE', #1630, #5087, #3 ) ;
#774 = VECTOR ( 'NONE', #5300, 1000.000000000000000 ) ;
#775 = ORIENTED_EDGE ( 'NONE', *, *, #1110, .F. ) ;
#776 = DIRECTION ( 'NONE',  ( 0.000000000000000000, 0.000000000000000000, 1.000000000000000000 ) ) ;
#777 = EDGE_CURVE ( 'NONE', #1448, #1933, #5442, .T. ) ;
#778 = ORIENTED_EDGE ( 'NONE', *, *, #2073, .F. ) ;
#779 = VECTOR ( 'NONE', #2401, 1000.000000000000114 ) ;
#780 = VECTOR ( 'NONE', #1144, 1000.000000000000000 ) ;
#781 = ADVANCED_FACE ( 'NONE', ( #3823 ), #2492, .T. ) ;
#782 = CARTESIAN_POINT ( 'NONE',  ( 0.2000000000000000944, 0.2499999999999998890, 2.699999999999999734 ) ) ;
#783 = EDGE_CURVE ( 'NONE', #614, #844, #2947, .T. ) ;
#784 = AXIS2_PLACEMENT_3D ( 'NONE', #2090, #3453, #4226 ) ;
#785 = ORIENTED_EDGE ( 'NONE', *, *, #801, .F. ) ;
#786 = VECTOR ( 'NONE', #4375, 1000.000000000000000 ) ;
#787 = CARTESIAN_POINT ( 'NONE',  ( 3.850000000000003642, 0.1500000000000004108, -1.374999999999999556 ) ) ;
#788 = ADVANCED_FACE ( 'NONE', ( #2893 ), #291, .T. ) ;
#789 = DIRECTION ( 'NONE',  ( 1.000000000000000000, 0.000000000000000000, 0.000000000000000000 ) ) ;
#790 = LINE ( 'NONE', #2517, #2425 ) ;
#791 = VECTOR ( 'NONE', #3809, 1000.000000000000227 ) ;
#792 = CARTESIAN_POINT ( 'NONE',  ( -2.950000000000002842, 0.3000000000000003775, 0.8400000000000000799 ) ) ;
#793 = VECTOR ( 'NONE', #3574, 1000.000000000000000 ) ;
#794 = CARTESIAN_POINT ( 'NONE',  ( -2.800000000000003375, 0.1999999999999999833, -0.9250000000000000444 ) ) ;
#795 = VECTOR ( 'NONE', #4342, 1000.000000000000000 ) ;
#796 = DIRECTION ( 'NONE',  ( -0.000000000000000000, -0.000000000000000000, -1.000000000000000000 ) ) ;
#797 = EDGE_LOOP ( 'NONE', ( #4858, #2708, #913, #3821 ) ) ;
#798 = DIRECTION ( 'NONE',  ( 1.000000000000000000, 0.000000000000000000, 0.000000000000000000 ) ) ;
#799 = LINE ( 'NONE', #4646, #240 ) ;
#800 = CARTESIAN_POINT ( 'NONE',  ( 1.449999999999999956, 1.200000000000000178, 2.750000000000000000 ) ) ;
#801 = EDGE_CURVE ( 'NONE', #3332, #2903, #1170, .T. ) ;
#802 = PLANE ( 'NONE',  #245 ) ;
#803 = EDGE_CURVE ( 'NONE', #612, #3329, #1555, .T. ) ;
#804 = LINE ( 'NONE', #4309, #934 ) ;
#805 = SURFACE_SIDE_STYLE ('',( #2500 ) ) ;
#806 = CARTESIAN_POINT ( 'NONE',  ( -2.950000000000002842, 0.2000000000000006217, 0.9249999999999997113 ) ) ;
#807 = ORIENTED_EDGE ( 'NONE', *, *, #315, .F. ) ;
#808 = VERTEX_POINT ( 'NONE', #2066 ) ;
#809 = LINE ( 'NONE', #3494, #795 ) ;
#810 = VERTEX_POINT ( 'NONE', #3799 ) ;
#811 = CYLINDRICAL_SURFACE ( 'NONE', #773, 0.05000000000000012768 ) ;
#812 = ADVANCED_FACE ( 'NONE', ( #4678, #5525 ), #683, .F. ) ;
#813 = UNCERTAINTY_MEASURE_WITH_UNIT (LENGTH_MEASURE( 1.000000000000000082E-05 ), #5055, 'distance_accuracy_value', 'NONE');
#814 = VERTEX_POINT ( 'NONE', #5018 ) ;
#815 = CARTESIAN_POINT ( 'NONE',  ( 2.550000000000000266, 1.350000000000000089, -0.9499999999999997335 ) ) ;
#816 = EDGE_CURVE ( 'NONE', #4848, #4108, #2404, .T. ) ;
#817 = DIRECTION ( 'NONE',  ( -3.097720492815729039E-15, -1.000000000000000000, -3.097720492815729138E-16 ) ) ;
#818 = CYLINDRICAL_SURFACE ( 'NONE', #3972, 0.1999999999999998723 ) ;
#819 = PLANE ( 'NONE',  #963 ) ;
#820 = FACE_OUTER_BOUND ( 'NONE', #2472, .T. ) ;
#821 = DIRECTION ( 'NONE',  ( -1.000000000000000000, 1.807003620809174385E-16, 0.000000000000000000 ) ) ;
#822 = VERTEX_POINT ( 'NONE', #5133 ) ;
#823 = CARTESIAN_POINT ( 'NONE',  ( -1.550000000000000266, 0.4000000000000000222, 1.300000000000000044 ) ) ;
#824 = CARTESIAN_POINT ( 'NONE',  ( 2.974999999999999645, 0.9000000000000002442, -0.9499999999999997335 ) ) ;
#825 = DIRECTION ( 'NONE',  ( 0.000000000000000000, 1.000000000000000000, -0.000000000000000000 ) ) ;
#826 = CARTESIAN_POINT ( 'NONE',  ( 2.550000000000000266, 1.350000000000000089, 0.9499999999999997335 ) ) ;
#827 = EDGE_LOOP ( 'NONE', ( #196, #5190, #1348, #3496 ) ) ;
#828 = DIRECTION ( 'NONE',  ( 0.000000000000000000, -1.000000000000000000, 0.000000000000000000 ) ) ;
#829 = ORIENTED_EDGE ( 'NONE', *, *, #3479, .T. ) ;
#830 = EDGE_CURVE ( 'NONE', #16, #3955, #2116, .T. ) ;
#831 = ORIENTED_EDGE ( 'NONE', *, *, #1200, .F. ) ;
#832 = LINE ( 'NONE', #2616, #1066 ) ;
#833 = VERTEX_POINT ( 'NONE', #824 ) ;
#834 = DIRECTION ( 'NONE',  ( 0.000000000000000000, 2.710505431213754182E-16, -1.000000000000000000 ) ) ;
#835 = ORIENTED_EDGE ( 'NONE', *, *, #2630, .F. ) ;
#836 = DIRECTION ( 'NONE',  ( -1.000000000000000000, 0.000000000000000000, 0.000000000000000000 ) ) ;
#837 = DIRECTION ( 'NONE',  ( -4.336808689942017736E-16, -1.094764425253763337E-47, 1.000000000000000000 ) ) ;
#838 = LINE ( 'NONE', #1634, #3427 ) ;
#839 = CARTESIAN_POINT ( 'NONE',  ( -2.950000000000000178, 1.199999999999981304, 0.7499999999999995559 ) ) ;
#840 = CARTESIAN_POINT ( 'NONE',  ( 2.475000000000000089, 0.000000000000000000, -1.399999999999999689 ) ) ;
#841 = VECTOR ( 'NONE', #3973, 1000.000000000000000 ) ;
#842 = EDGE_LOOP ( 'NONE', ( #190, #3696, #3038, #2603 ) ) ;
#843 = LINE ( 'NONE', #5128, #1832 ) ;
#844 = VERTEX_POINT ( 'NONE', #2547 ) ;
#845 = CYLINDRICAL_SURFACE ( 'NONE', #1306, 0.1999999999999998723 ) ;
#846 = AXIS2_PLACEMENT_3D ( 'NONE', #2396, #5408, #1909 ) ;
#847 = ADVANCED_FACE ( 'NONE', ( #4275 ), #5549, .T. ) ;
#848 = DIRECTION ( 'NONE',  ( -1.000000000000000000, -0.000000000000000000, -0.000000000000000000 ) ) ;
#849 = DIRECTION ( 'NONE',  ( -2.176841390411645246E-32, 1.204669080539450330E-16, 1.000000000000000000 ) ) ;
#850 = EDGE_CURVE ( 'NONE', #520, #4536, #2383, .T. ) ;
#851 = AXIS2_PLACEMENT_3D ( 'NONE', #1543, #1156, #4693 ) ;
#852 = DIRECTION ( 'NONE',  ( 1.000000000000000000, -3.304235192336774723E-15, 0.000000000000000000 ) ) ;
#853 = VERTEX_POINT ( 'NONE', #2355 ) ;
#854 = CARTESIAN_POINT ( 'NONE',  ( -2.750000000000000444, 1.499999999999999556, 0.9499999999999997335 ) ) ;
#855 = ORIENTED_EDGE ( 'NONE', *, *, #1642, .F. ) ;
#856 = VECTOR ( 'NONE', #904, 1000.000000000000000 ) ;
#857 = ORIENTED_EDGE ( 'NONE', *, *, #4260, .F. ) ;
#858 = VECTOR ( 'NONE', #49, 1000.000000000000000 ) ;
#859 = DIRECTION ( 'NONE',  ( -1.000000000000000000, -0.000000000000000000, -0.000000000000000000 ) ) ;
#860 = VERTEX_POINT ( 'NONE', #209 ) ;
#861 = DIRECTION ( 'NONE',  ( 0.000000000000000000, 0.000000000000000000, 1.000000000000000000 ) ) ;
#862 = ADVANCED_FACE ( 'NONE', ( #1396 ), #4880, .F. ) ;
#863 = VECTOR ( 'NONE', #1390, 1000.000000000000000 ) ;
#864 = EDGE_LOOP ( 'NONE', ( #1626, #5067, #2430, #2821 ) ) ;
#865 = DIRECTION ( 'NONE',  ( 0.000000000000000000, -1.000000000000000000, 0.000000000000000000 ) ) ;
#866 = VECTOR ( 'NONE', #3678, 1000.000000000000000 ) ;
#867 = AXIS2_PLACEMENT_3D ( 'NONE', #159, #4967, #3241 ) ;
#868 = CARTESIAN_POINT ( 'NONE',  ( 4.000000000000003553, 5.850174222369694763E-16, -8.144521451741727255E-32 ) ) ;
#869 =( NAMED_UNIT ( * ) SI_UNIT ( $, .STERADIAN. ) SOLID_ANGLE_UNIT ( ) );
#870 = CARTESIAN_POINT ( 'NONE',  ( -2.950000000000003286, 0.3000000000000002665, -0.8400000000000001910 ) ) ;
#871 = CYLINDRICAL_SURFACE ( 'NONE', #1050, 0.05000000000000012768 ) ;
#872 = COLOUR_RGB ( '',0.7921568627450980005, 0.8196078431372548767, 0.9333333333333333481 ) ;
#873 = VECTOR ( 'NONE', #699, 1000.000000000000000 ) ;
#874 = ORIENTED_EDGE ( 'NONE', *, *, #571, .T. ) ;
#875 = CARTESIAN_POINT ( 'NONE',  ( -2.750000000000000444, 1.499999999999999556, -0.9499999999999997335 ) ) ;
#876 = VERTEX_POINT ( 'NONE', #1841 ) ;
#877 = AXIS2_PLACEMENT_3D ( 'NONE', #1347, #2537, #1689 ) ;
#878 = LINE ( 'NONE', #4223, #1579 ) ;
#879 = VECTOR ( 'NONE', #5186, 1000.000000000000000 ) ;
#880 = CARTESIAN_POINT ( 'NONE',  ( 2.550000000000000266, 1.475000000000000089, -0.9499999999999997335 ) ) ;
#881 = DIRECTION ( 'NONE',  ( 0.9061831399952656740, -0.4228854653311234224, 0.000000000000000000 ) ) ;
#882 = VECTOR ( 'NONE', #4688, 1000.000000000000000 ) ;
#883 = CYLINDRICAL_SURFACE ( 'NONE', #2380, 0.08500000000000011713 ) ;
#884 = EDGE_CURVE ( 'NONE', #3420, #612, #1061, .T. ) ;
#885 = ORIENTED_EDGE ( 'NONE', *, *, #398, .F. ) ;
#886 = EDGE_CURVE ( 'NONE', #4281, #2545, #1317, .T. ) ;
#887 = CARTESIAN_POINT ( 'NONE',  ( 1.500000000000000000, -0.3499999999999999778, 0.000000000000000000 ) ) ;
#888 = ORIENTED_EDGE ( 'NONE', *, *, #3315, .T. ) ;
#889 = EDGE_CURVE ( 'NONE', #923, #1448, #3858, .T. ) ;
#890 = ORIENTED_EDGE ( 'NONE', *, *, #2713, .T. ) ;
#891 = PLANE ( 'NONE',  #2598 ) ;
#892 = ORIENTED_EDGE ( 'NONE', *, *, #889, .T. ) ;
#893 = VECTOR ( 'NONE', #2251, 1000.000000000000000 ) ;
#894 = ORIENTED_EDGE ( 'NONE', *, *, #2295, .T. ) ;
#895 = PLANE ( 'NONE',  #2870 ) ;
#896 = CARTESIAN_POINT ( 'NONE',  ( -2.799999999999999822, 1.350000000000000089, 1.389999999999999680 ) ) ;
#897 = EDGE_CURVE ( 'NONE', #2878, #5000, #1505, .T. ) ;
#898 = DIRECTION ( 'NONE',  ( -1.000000000000000000, 0.000000000000000000, 0.000000000000000000 ) ) ;
#899 = LINE ( 'NONE', #2624, #2133 ) ;
#900 = ORIENTED_EDGE ( 'NONE', *, *, #1540, .T. ) ;
#901 = LINE ( 'NONE', #2193, #940 ) ;
#902 = ORIENTED_EDGE ( 'NONE', *, *, #3983, .T. ) ;
#903 = ORIENTED_EDGE ( 'NONE', *, *, #3688, .T. ) ;
#904 = DIRECTION ( 'NONE',  ( -2.168404344971008868E-16, 0.000000000000000000, 1.000000000000000000 ) ) ;
#905 = CARTESIAN_POINT ( 'NONE',  ( 2.950000000000003286, 0.3000000000000002665, 0.9499999999999995115 ) ) ;
#906 = DIRECTION ( 'NONE',  ( 0.000000000000000000, 0.000000000000000000, 1.000000000000000000 ) ) ;
#907 = DIRECTION ( 'NONE',  ( 1.807003620809174139E-16, 1.000000000000000000, 1.204669080539450330E-16 ) ) ;
#908 = CARTESIAN_POINT ( 'NONE',  ( 2.800000000000001155, 0.8999999999999991340, -1.375000000000000222 ) ) ;
#909 = ORIENTED_EDGE ( 'NONE', *, *, #3652, .F. ) ;
#910 = FACE_OUTER_BOUND ( 'NONE', #864, .T. ) ;
#911 = EDGE_CURVE ( 'NONE', #652, #4821, #5358, .T. ) ;
#912 = LINE ( 'NONE', #73, #4665 ) ;
#913 = ORIENTED_EDGE ( 'NONE', *, *, #1612, .F. ) ;
#914 = EDGE_LOOP ( 'NONE', ( #2176, #1997, #1010, #619 ) ) ;
#915 =( BOUNDED_CURVE ( )  B_SPLINE_CURVE ( 3, ( #62, #5209, #3168, #3595 ),
 .UNSPECIFIED., .F., .F. ) 
 B_SPLINE_CURVE_WITH_KNOTS ( ( 4, 4 ),
 ( 0.000000000000000000, 1.570796326794896558 ),
 .UNSPECIFIED. ) 
 CURVE ( )  GEOMETRIC_REPRESENTATION_ITEM ( )  RATIONAL_B_SPLINE_CURVE ( ( 1.000000000000000000, 0.8047378541243649375, 0.8047378541243649375, 1.000000000000000000 ) ) 
 REPRESENTATION_ITEM ( '' )  );
#916 = CARTESIAN_POINT ( 'NONE',  ( 1.550000000000000266, 0.4000000000000000222, 1.300000000000000044 ) ) ;
#917 = ORIENTED_EDGE ( 'NONE', *, *, #3661, .F. ) ;
#918 = ADVANCED_FACE ( 'NONE', ( #5391 ), #1424, .F. ) ;
#919 = EDGE_CURVE ( 'NONE', #3902, #3368, #2750, .T. ) ;
#920 = MANIFOLD_SOLID_BREP ( 'Boss-Extrude6[2]', #2124 ) ;
#921 = EDGE_LOOP ( 'NONE', ( #4480, #698, #134, #538 ) ) ;
#922 = CARTESIAN_POINT ( 'NONE',  ( 0.000000000000000000, 1.350000000000000089, 1.399999999999999689 ) ) ;
#923 = VERTEX_POINT ( 'NONE', #242 ) ;
#924 = APPLICATION_PROTOCOL_DEFINITION ( 'draft international standard', 'automotive_design', 1998, #3278 ) ;
#925 = CARTESIAN_POINT ( 'NONE',  ( 0.000000000000000000, 0.000000000000000000, 0.000000000000000000 ) ) ;
#926 = EDGE_LOOP ( 'NONE', ( #3911, #1624, #3761, #4318, #3941, #1378 ) ) ;
#927 = CARTESIAN_POINT ( 'NONE',  ( -1.550000000000000266, 1.250000000000000000, 1.300000000000000044 ) ) ;
#928 = EDGE_LOOP ( 'NONE', ( #1379, #3542, #3981, #1454 ) ) ;
#929 = EDGE_LOOP ( 'NONE', ( #3451, #1012, #5486, #1063 ) ) ;
#930 = PLANE ( 'NONE',  #4379 ) ;
#931 = SURFACE_SIDE_STYLE ('',( #482 ) ) ;
#932 = CARTESIAN_POINT ( 'NONE',  ( 2.799999999999999822, 0.000000000000000000, -1.399999999999999689 ) ) ;
#933 = CARTESIAN_POINT ( 'NONE',  ( 2.800000000000002931, 0.2999999999999998779, 0.8400000000000000799 ) ) ;
#934 = VECTOR ( 'NONE', #3483, 1000.000000000000000 ) ;
#935 = CARTESIAN_POINT ( 'NONE',  ( 1.550000000000000266, 1.250000000000000000, 1.099999999999999867 ) ) ;
#936 = ORIENTED_EDGE ( 'NONE', *, *, #4496, .F. ) ;
#937 = PLANE ( 'NONE',  #2022 ) ;
#938 = DIRECTION ( 'NONE',  ( 1.000000000000000000, 0.000000000000000000, 0.000000000000000000 ) ) ;
#939 = ORIENTED_EDGE ( 'NONE', *, *, #1844, .T. ) ;
#940 = VECTOR ( 'NONE', #3932, 1000.000000000000000 ) ;
#941 = LINE ( 'NONE', #1394, #4050 ) ;
#942 = AXIS2_PLACEMENT_3D ( 'NONE', #5328, #3067, #3521 ) ;
#943 = ORIENTED_EDGE ( 'NONE', *, *, #342, .F. ) ;
#944 = MANIFOLD_SOLID_BREP ( 'Cut-Extrude3', #5386 ) ;
#945 = ORIENTED_EDGE ( 'NONE', *, *, #3918, .F. ) ;
#946 = DIRECTION ( 'NONE',  ( 0.000000000000000000, 1.000000000000000000, 0.000000000000000000 ) ) ;
#947 = EDGE_CURVE ( 'NONE', #3610, #491, #4115, .T. ) ;
#948 = ORIENTED_EDGE ( 'NONE', *, *, #2928, .T. ) ;
#949 = DIRECTION ( 'NONE',  ( 1.000000000000000000, 0.000000000000000000, 0.000000000000000000 ) ) ;
#950 = ADVANCED_FACE ( 'NONE', ( #5531 ), #3716, .F. ) ;
#951 = VECTOR ( 'NONE', #634, 1000.000000000000000 ) ;
#952 = PLANE ( 'NONE',  #1058 ) ;
#953 = CIRCLE ( 'NONE', #4211, 0.1999999999999998723 ) ;
#954 = ORIENTED_EDGE ( 'NONE', *, *, #5175, .F. ) ;
#955 = AXIS2_PLACEMENT_3D ( 'NONE', #2437, #4168, #376 ) ;
#956 = EDGE_CURVE ( 'NONE', #4515, #808, #1559, .T. ) ;
#957 = CARTESIAN_POINT ( 'NONE',  ( 2.074999999999999734, 0.000000000000000000, -1.399999999999999689 ) ) ;
#958 = ORIENTED_EDGE ( 'NONE', *, *, #615, .T. ) ;
#959 = ORIENTED_EDGE ( 'NONE', *, *, #164, .F. ) ;
#960 = CARTESIAN_POINT ( 'NONE',  ( 0.5749999999999998446, 0.1499999999999999944, -1.399999999999999689 ) ) ;
#961 = VECTOR ( 'NONE', #3802, 1000.000000000000000 ) ;
#962 = CARTESIAN_POINT ( 'NONE',  ( 2.475000000000000089, 0.1499999999999999944, -1.399999999999999689 ) ) ;
#963 = AXIS2_PLACEMENT_3D ( 'NONE', #1244, #347, #3817 ) ;
#964 = CARTESIAN_POINT ( 'NONE',  ( -2.799999999999999822, 1.475000000000000089, -0.9499999999999997335 ) ) ;
#965 = FACE_OUTER_BOUND ( 'NONE', #2194, .T. ) ;
#966 = AXIS2_PLACEMENT_3D ( 'NONE', #715, #4111, #1955 ) ;
#967 = VECTOR ( 'NONE', #4719, 1000.000000000000000 ) ;
#968 = DIRECTION ( 'NONE',  ( 1.000000000000000000, -0.000000000000000000, 0.000000000000000000 ) ) ;
#969 = ORIENTED_EDGE ( 'NONE', *, *, #3196, .T. ) ;
#970 = DIRECTION ( 'NONE',  ( -0.000000000000000000, -1.000000000000000000, 1.445602896647372167E-14 ) ) ;
#971 = EDGE_CURVE ( 'NONE', #4329, #4495, #1647, .T. ) ;
#972 = DIRECTION ( 'NONE',  ( 0.000000000000000000, 1.000000000000000000, 0.000000000000000000 ) ) ;
#973 = ORIENTED_EDGE ( 'NONE', *, *, #3289, .T. ) ;
#974 = DIRECTION ( 'NONE',  ( 1.000000000000000000, 1.872461465063586570E-16, 2.255696431463702745E-32 ) ) ;
#975 = EDGE_CURVE ( 'NONE', #988, #1719, #3265, .T. ) ;
#976 = AXIS2_PLACEMENT_3D ( 'NONE', #1286, #3019, #865 ) ;
#977 = PLANE ( 'NONE',  #4235 ) ;
#978 = SURFACE_STYLE_FILL_AREA ( #4851 ) ;
#979 = ORIENTED_EDGE ( 'NONE', *, *, #164, .T. ) ;
#980 = VECTOR ( 'NONE', #4464, 1000.000000000000000 ) ;
#981 = ORIENTED_EDGE ( 'NONE', *, *, #3270, .F. ) ;
#982 = CARTESIAN_POINT ( 'NONE',  ( 2.950000000000000178, 1.200000000000000844, 0.7499999999999995559 ) ) ;
#983 = STYLED_ITEM ( 'NONE', ( #3468 ), #4385 ) ;
#984 = VERTEX_POINT ( 'NONE', #271 ) ;
#985 = EDGE_CURVE ( 'NONE', #2103, #3459, #2955, .T. ) ;
#986 = CARTESIAN_POINT ( 'NONE',  ( 2.800000000000001155, 0.8999999999999995781, 1.375000000000000222 ) ) ;
#987 = EDGE_CURVE ( 'NONE', #814, #188, #4651, .T. ) ;
#988 = VERTEX_POINT ( 'NONE', #2873 ) ;
#989 = LINE ( 'NONE', #3990, #2932 ) ;
#990 = VERTEX_POINT ( 'NONE', #2070 ) ;
#991 = VERTEX_POINT ( 'NONE', #325 ) ;
#992 = FACE_OUTER_BOUND ( 'NONE', #21, .T. ) ;
#993 = DIRECTION ( 'NONE',  ( 1.000000000000000000, 3.491481338843132961E-15, 0.000000000000000000 ) ) ;
#994 = ADVANCED_FACE ( 'NONE', ( #5105 ), #4600, .T. ) ;
#995 = DIRECTION ( 'NONE',  ( -1.000000000000000000, -0.000000000000000000, 0.000000000000000000 ) ) ;
#996 = PLANE ( 'NONE',  #2832 ) ;
#997 = ORIENTED_EDGE ( 'NONE', *, *, #5127, .T. ) ;
#998 = DIRECTION ( 'NONE',  ( 0.000000000000000000, 1.204669080539449837E-16, -1.000000000000000000 ) ) ;
#999 = DIRECTION ( 'NONE',  ( 0.000000000000000000, 1.000000000000000000, 0.000000000000000000 ) ) ;
#1000 = VERTEX_POINT ( 'NONE', #719 ) ;
#1001 = CARTESIAN_POINT ( 'NONE',  ( -2.975000000000005418, 1.199999999999981304, -0.9499999999999995115 ) ) ;
#1002 = CARTESIAN_POINT ( 'NONE',  ( -2.799999999999999822, 0.9000000000000000222, 0.9499999999999997335 ) ) ;
#1003 = DIRECTION ( 'NONE',  ( -1.000000000000000000, 3.304235192336774723E-15, 0.000000000000000000 ) ) ;
#1004 = ORIENTED_EDGE ( 'NONE', *, *, #1790, .F. ) ;
#1005 = PRODUCT ( 'MSK12C02', 'MSK12C02', '', ( #4012 ) ) ;
#1006 = ORIENTED_EDGE ( 'NONE', *, *, #1711, .T. ) ;
#1007 = LINE ( 'NONE', #2728, #2136 ) ;
#1008 = ORIENTED_EDGE ( 'NONE', *, *, #3472, .F. ) ;
#1009 = DIRECTION ( 'NONE',  ( 1.000000000000000000, 3.304235192336774329E-15, -0.000000000000000000 ) ) ;
#1010 = ORIENTED_EDGE ( 'NONE', *, *, #1953, .F. ) ;
#1011 = CARTESIAN_POINT ( 'NONE',  ( 2.950000000000001066, 0.8999999999999996891, -1.375000000000000222 ) ) ;
#1012 = ORIENTED_EDGE ( 'NONE', *, *, #1165, .F. ) ;
#1013 = EDGE_LOOP ( 'NONE', ( #61, #3811, #3747, #588 ) ) ;
#1014 = DIRECTION ( 'NONE',  ( 0.000000000000000000, 0.000000000000000000, 1.000000000000000000 ) ) ;
#1015 = PLANE ( 'NONE',  #4675 ) ;
#1016 = FACE_OUTER_BOUND ( 'NONE', #4603, .T. ) ;
#1017 = CARTESIAN_POINT ( 'NONE',  ( -2.550000000000000266, 1.475000000000000089, 1.389999999999999680 ) ) ;
#1018 = EDGE_CURVE ( 'NONE', #5343, #188, #1496, .T. ) ;
#1019 = ORIENTED_EDGE ( 'NONE', *, *, #476, .F. ) ;
#1020 = LINE ( 'NONE', #150, #3113 ) ;
#1021 = CARTESIAN_POINT ( 'NONE',  ( -2.550000000000000266, 1.350000000000000089, 0.9499999999999997335 ) ) ;
#1022 = EDGE_CURVE ( 'NONE', #990, #4772, #5507, .T. ) ;
#1023 = MANIFOLD_SOLID_BREP ( 'Fillet3', #2395 ) ;
#1024 = DIRECTION ( 'NONE',  ( 1.000000000000000000, 0.000000000000000000, 0.000000000000000000 ) ) ;
#1025 = AXIS2_PLACEMENT_3D ( 'NONE', #3173, #968, #2741 ) ;
#1026 = CARTESIAN_POINT ( 'NONE',  ( 2.800000000000003375, 0.2000000000000000944, 0.9250000000000000444 ) ) ;
#1027 = DIRECTION ( 'NONE',  ( -1.000000000000000000, -3.304235192336774723E-15, -0.000000000000000000 ) ) ;
#1028 = CARTESIAN_POINT ( 'NONE',  ( -3.000000000000003553, 6.505213034913026604E-16, -1.374999999999999556 ) ) ;
#1029 = EDGE_LOOP ( 'NONE', ( #3669, #166, #3436, #3512 ) ) ;
#1030 = CIRCLE ( 'NONE', #4197, 0.05000000000000012768 ) ;
#1031 = ORIENTED_EDGE ( 'NONE', *, *, #5349, .T. ) ;
#1032 = CIRCLE ( 'NONE', #4020, 0.09000000000000023259 ) ;
#1033 = CARTESIAN_POINT ( 'NONE',  ( -2.799999999999999822, 0.9000000000000000222, 1.389999999999999680 ) ) ;
#1034 = ORIENTED_EDGE ( 'NONE', *, *, #125, .T. ) ;
#1035 = EDGE_CURVE ( 'NONE', #3634, #4329, #5437, .T. ) ;
#1036 = DIRECTION ( 'NONE',  ( -1.000000000000000000, -3.304235192336774723E-15, 0.000000000000000000 ) ) ;
#1037 = ADVANCED_FACE ( 'NONE', ( #4918 ), #4613, .T. ) ;
#1038 = ORIENTED_EDGE ( 'NONE', *, *, #1200, .T. ) ;
#1039 = AXIS2_PLACEMENT_3D ( 'NONE', #343, #2058, #2798 ) ;
#1040 = LINE ( 'NONE', #5433, #492 ) ;
#1041 = ORIENTED_EDGE ( 'NONE', *, *, #3977, .F. ) ;
#1042 = EDGE_LOOP ( 'NONE', ( #4382, #2388, #114, #3441 ) ) ;
#1043 = PLANE ( 'NONE',  #1968 ) ;
#1044 = DIRECTION ( 'NONE',  ( 0.000000000000000000, -0.000000000000000000, -1.000000000000000000 ) ) ;
#1045 = DIRECTION ( 'NONE',  ( 0.000000000000000000, 1.000000000000000000, 0.000000000000000000 ) ) ;
#1046 = AXIS2_PLACEMENT_3D ( 'NONE', #2412, #2379, #2439 ) ;
#1047 = AXIS2_PLACEMENT_3D ( 'NONE', #3261, #4990, #4142 ) ;
#1048 = DIRECTION ( 'NONE',  ( 1.000000000000000000, -0.000000000000000000, 0.000000000000000000 ) ) ;
#1049 = ORIENTED_EDGE ( 'NONE', *, *, #5591, .T. ) ;
#1050 = AXIS2_PLACEMENT_3D ( 'NONE', #5544, #1289, #2061 ) ;
#1051 = CARTESIAN_POINT ( 'NONE',  ( -2.750000000000000444, 1.300000000000000266, -0.9499999999999998446 ) ) ;
#1052 = STYLED_ITEM ( 'NONE', ( #3179 ), #920 ) ;
#1053 = CARTESIAN_POINT ( 'NONE',  ( -2.800000000000000711, 0.9899999999999817835, 0.9499999999999999556 ) ) ;
#1054 = CARTESIAN_POINT ( 'NONE',  ( -2.550000000000000266, 1.350000000000000089, 1.389999999999999680 ) ) ;
#1055 = EDGE_CURVE ( 'NONE', #1516, #2454, #2458, .T. ) ;
#1056 = PLANE ( 'NONE',  #1762 ) ;
#1057 = AXIS2_PLACEMENT_3D ( 'NONE', #4727, #5527, #3402 ) ;
#1058 = AXIS2_PLACEMENT_3D ( 'NONE', #925, #2704, #4781 ) ;
#1059 = EDGE_CURVE ( 'NONE', #2853, #3608, #3707, .T. ) ;
#1060 = CARTESIAN_POINT ( 'NONE',  ( 2.013518320330218787E-16, 0.1500000000000012990, -1.807003620809191518E-17 ) ) ;
#1061 = LINE ( 'NONE', #1898, #1591 ) ;
#1062 = CARTESIAN_POINT ( 'NONE',  ( 2.800000000000001155, 0.8999999999999991340, -1.375000000000000222 ) ) ;
#1063 = ORIENTED_EDGE ( 'NONE', *, *, #1375, .F. ) ;
#1064 = VECTOR ( 'NONE', #4773, 1000.000000000000000 ) ;
#1065 = VECTOR ( 'NONE', #5444, 1000.000000000000000 ) ;
#1066 = VECTOR ( 'NONE', #4365, 1000.000000000000000 ) ;
#1067 = ORIENTED_EDGE ( 'NONE', *, *, #2644, .T. ) ;
#1068 = CARTESIAN_POINT ( 'NONE',  ( -2.974999999999999645, 0.9000000000000000222, -0.9499999999999997335 ) ) ;
#1069 = ORIENTED_EDGE ( 'NONE', *, *, #2993, .F. ) ;
#1070 = DIRECTION ( 'NONE',  ( 0.000000000000000000, 0.000000000000000000, -1.000000000000000000 ) ) ;
#1071 = ORIENTED_EDGE ( 'NONE', *, *, #4765, .F. ) ;
#1072 = DIRECTION ( 'NONE',  ( 0.000000000000000000, 0.000000000000000000, -1.000000000000000000 ) ) ;
#1073 = DIRECTION ( 'NONE',  ( 0.000000000000000000, 0.000000000000000000, 1.000000000000000000 ) ) ;
#1074 = VERTEX_POINT ( 'NONE', #2003 ) ;
#1075 = VERTEX_POINT ( 'NONE', #5374 ) ;
#1076 = EDGE_CURVE ( 'NONE', #3723, #2426, #2888, .T. ) ;
#1077 = FACE_OUTER_BOUND ( 'NONE', #187, .T. ) ;
#1078 = FACE_OUTER_BOUND ( 'NONE', #1764, .T. ) ;
#1079 = DIRECTION ( 'NONE',  ( -0.000000000000000000, -0.000000000000000000, 1.000000000000000000 ) ) ;
#1080 = CARTESIAN_POINT ( 'NONE',  ( -2.550000000000000266, 1.350000000000000089, 0.9499999999999997335 ) ) ;
#1081 = VERTEX_POINT ( 'NONE', #1548 ) ;
#1082 = CARTESIAN_POINT ( 'NONE',  ( 2.799999999999999378, 1.200000000000000400, 0.7499999999999995559 ) ) ;
#1083 = ORIENTED_EDGE ( 'NONE', *, *, #4276, .F. ) ;
#1084 = CARTESIAN_POINT ( 'NONE',  ( 0.2000000000000000944, 0.2500000000000000000, 1.549999999999999378 ) ) ;
#1085 = CARTESIAN_POINT ( 'NONE',  ( 0.5749999999999999556, -1.355252715606880543E-17, -2.399999999999999911 ) ) ;
#1086 = CARTESIAN_POINT ( 'NONE',  ( -2.950000000000000178, 1.199999999999981304, -0.7499999999999995559 ) ) ;
#1087 = LINE ( 'NONE', #2811, #1334 ) ;
#1088 = EDGE_CURVE ( 'NONE', #4339, #2882, #3732, .T. ) ;
#1089 = CARTESIAN_POINT ( 'NONE',  ( -2.799999999999999822, 1.475000000000000089, -1.389999999999999680 ) ) ;
#1090 = ORIENTED_EDGE ( 'NONE', *, *, #947, .T. ) ;
#1091 = ORIENTED_EDGE ( 'NONE', *, *, #4279, .T. ) ;
#1092 = DIRECTION ( 'NONE',  ( -1.000000000000000000, 0.000000000000000000, 2.320584820479771184E-34 ) ) ;
#1093 = EDGE_CURVE ( 'NONE', #853, #3913, #151, .T. ) ;
#1094 = VERTEX_POINT ( 'NONE', #260 ) ;
#1095 = DIRECTION ( 'NONE',  ( 0.000000000000000000, -0.000000000000000000, 1.000000000000000000 ) ) ;
#1096 = ADVANCED_FACE ( 'NONE', ( #1078 ), #2856, .F. ) ;
#1097 = VERTEX_POINT ( 'NONE', #707 ) ;
#1098 = DIRECTION ( 'NONE',  ( -0.000000000000000000, 1.000000000000000000, 0.000000000000000000 ) ) ;
#1099 = CARTESIAN_POINT ( 'NONE',  ( -2.800000000000003375, 0.2149999999999997469, 0.9250000000000002665 ) ) ;
#1100 = VERTEX_POINT ( 'NONE', #1487 ) ;
#1101 = VERTEX_POINT ( 'NONE', #675 ) ;
#1102 = CARTESIAN_POINT ( 'NONE',  ( -2.800000000000003375, 0.1999999999999999278, -1.375000000000000000 ) ) ;
#1103 = DIRECTION ( 'NONE',  ( -1.000000000000000000, -1.872461465063584104E-16, 0.000000000000000000 ) ) ;
#1104 = CARTESIAN_POINT ( 'NONE',  ( 1.550000000000000266, 0.4000000000000000222, 1.300000000000000044 ) ) ;
#1105 = DIRECTION ( 'NONE',  ( 0.000000000000000000, -1.000000000000000000, 0.000000000000000000 ) ) ;
#1106 = EDGE_LOOP ( 'NONE', ( #2588, #1857, #4263, #4776 ) ) ;
#1107 = FACE_OUTER_BOUND ( 'NONE', #4048, .T. ) ;
#1108 = DIRECTION ( 'NONE',  ( 1.000000000000000000, 3.252606517456511724E-15, 0.000000000000000000 ) ) ;
#1109 = FACE_OUTER_BOUND ( 'NONE', #1308, .T. ) ;
#1110 = EDGE_CURVE ( 'NONE', #2989, #5008, #3191, .T. ) ;
#1111 = DIRECTION ( 'NONE',  ( 0.000000000000000000, 1.000000000000000000, 0.000000000000000000 ) ) ;
#1112 = CARTESIAN_POINT ( 'NONE',  ( 1.449999999999999956, 0.4000000000000000222, 1.399999999999999689 ) ) ;
#1113 = DIRECTION ( 'NONE',  ( -6.944994767471928987E-47, 0.000000000000000000, 1.000000000000000000 ) ) ;
#1114 = ORIENTED_EDGE ( 'NONE', *, *, #4656, .T. ) ;
#1115 = VECTOR ( 'NONE', #4987, 1000.000000000000114 ) ;
#1116 = ORIENTED_EDGE ( 'NONE', *, *, #609, .F. ) ;
#1117 = FACE_OUTER_BOUND ( 'NONE', #3188, .T. ) ;
#1118 = AXIS2_PLACEMENT_3D ( 'NONE', #1939, #4914, #4950 ) ;
#1119 = ORIENTED_EDGE ( 'NONE', *, *, #2184, .T. ) ;
#1120 = LINE ( 'NONE', #4516, #1958 ) ;
#1121 = VERTEX_POINT ( 'NONE', #1943 ) ;
#1122 = FACE_OUTER_BOUND ( 'NONE', #1237, .T. ) ;
#1123 = ADVANCED_FACE ( 'NONE', ( #622 ), #4135, .T. ) ;
#1124 = ADVANCED_FACE ( 'NONE', ( #2371 ), #5413, .T. ) ;
#1125 = CYLINDRICAL_SURFACE ( 'NONE', #667, 0.08500000000000011713 ) ;
#1126 = ORIENTED_EDGE ( 'NONE', *, *, #4457, .F. ) ;
#1127 = ORIENTED_EDGE ( 'NONE', *, *, #2748, .F. ) ;
#1128 = CARTESIAN_POINT ( 'NONE',  ( 2.800000000000003375, 0.1999999999999999833, -0.9250000000000000444 ) ) ;
#1129 = CIRCLE ( 'NONE', #2571, 0.1499999999999999667 ) ;
#1130 = DIRECTION ( 'NONE',  ( 1.000000000000000000, 3.304235192336774723E-15, -0.000000000000000000 ) ) ;
#1131 = DIRECTION ( 'NONE',  ( -1.000000000000000000, -0.000000000000000000, -0.000000000000000000 ) ) ;
#1132 = EDGE_CURVE ( 'NONE', #2727, #2191, #5348, .T. ) ;
#1133 = VECTOR ( 'NONE', #3830, 1000.000000000000000 ) ;
#1134 = CARTESIAN_POINT ( 'NONE',  ( 2.974999999999999645, 1.100000000000000311, 0.9499999999999997335 ) ) ;
#1135 = ORIENTED_EDGE ( 'NONE', *, *, #247, .T. ) ;
#1136 = FACE_OUTER_BOUND ( 'NONE', #3012, .T. ) ;
#1137 = LINE ( 'NONE', #1192, #2859 ) ;
#1138 = LINE ( 'NONE', #4619, #426 ) ;
#1139 = VECTOR ( 'NONE', #522, 1000.000000000000000 ) ;
#1140 = DIRECTION ( 'NONE',  ( 1.000000000000000000, -0.000000000000000000, -0.000000000000000000 ) ) ;
#1141 = ADVANCED_FACE ( 'NONE', ( #3676 ), #3311, .T. ) ;
#1142 = AXIS2_PLACEMENT_3D ( 'NONE', #2125, #2582, #3945 ) ;
#1143 = DIRECTION ( 'NONE',  ( 0.000000000000000000, 1.000000000000000000, 0.000000000000000000 ) ) ;
#1144 = DIRECTION ( 'NONE',  ( -1.000000000000000000, -1.807003620809173892E-16, 0.000000000000000000 ) ) ;
#1145 = DIRECTION ( 'NONE',  ( 0.000000000000000000, 0.000000000000000000, -1.000000000000000000 ) ) ;
#1146 = ORIENTED_EDGE ( 'NONE', *, *, #4483, .T. ) ;
#1147 = ADVANCED_FACE ( 'NONE', ( #2769 ), #3256, .T. ) ;
#1148 = ORIENTED_EDGE ( 'NONE', *, *, #4055, .F. ) ;
#1149 = FACE_OUTER_BOUND ( 'NONE', #1410, .T. ) ;
#1150 = VECTOR ( 'NONE', #2389, 1000.000000000000000 ) ;
#1151 = VECTOR ( 'NONE', #4247, 1000.000000000000000 ) ;
#1152 = ORIENTED_EDGE ( 'NONE', *, *, #985, .T. ) ;
#1153 = CARTESIAN_POINT ( 'NONE',  ( -2.799999999999999822, 0.000000000000000000, 1.399999999999999689 ) ) ;
#1154 = VECTOR ( 'NONE', #3203, 1000.000000000000000 ) ;
#1155 = VERTEX_POINT ( 'NONE', #2827 ) ;
#1156 = DIRECTION ( 'NONE',  ( 0.000000000000000000, 0.000000000000000000, -1.000000000000000000 ) ) ;
#1157 = DIRECTION ( 'NONE',  ( 0.000000000000000000, 0.000000000000000000, -1.000000000000000000 ) ) ;
#1158 = ADVANCED_FACE ( 'NONE', ( #1288 ), #819, .F. ) ;
#1159 = ORIENTED_EDGE ( 'NONE', *, *, #543, .T. ) ;
#1160 = DIRECTION ( 'NONE',  ( 0.000000000000000000, -1.000000000000000000, 0.000000000000000000 ) ) ;
#1161 = PLANE ( 'NONE',  #4062 ) ;
#1162 = DIRECTION ( 'NONE',  ( -4.818676322157784950E-15, 1.000000000000000000, 0.000000000000000000 ) ) ;
#1163 = DIRECTION ( 'NONE',  ( 4.818676322157784950E-15, -1.000000000000000000, 0.000000000000000000 ) ) ;
#1164 = VECTOR ( 'NONE', #1242, 1000.000000000000000 ) ;
#1165 = EDGE_CURVE ( 'NONE', #2639, #3166, #5520, .T. ) ;
#1166 = DIRECTION ( 'NONE',  ( 1.000000000000000000, 0.000000000000000000, 0.000000000000000000 ) ) ;
#1167 = ORIENTED_EDGE ( 'NONE', *, *, #3865, .T. ) ;
#1168 = AXIS2_PLACEMENT_3D ( 'NONE', #2703, #4325, #4780 ) ;
#1169 = DIRECTION ( 'NONE',  ( -1.000000000000000000, 1.807003620809174385E-16, 0.000000000000000000 ) ) ;
#1170 = LINE ( 'NONE', #2088, #3036 ) ;
#1171 = ADVANCED_FACE ( 'NONE', ( #2999 ), #1661, .F. ) ;
#1172 = FACE_OUTER_BOUND ( 'NONE', #4377, .T. ) ;
#1173 = LINE ( 'NONE', #2897, #879 ) ;
#1174 = EDGE_CURVE ( 'NONE', #4821, #2559, #368, .T. ) ;
#1175 = CARTESIAN_POINT ( 'NONE',  ( 2.750000000000000444, 1.350000000000000311, 0.9499999999999998446 ) ) ;
#1176 = LINE ( 'NONE', #296, #5024 ) ;
#1177 = VERTEX_POINT ( 'NONE', #5153 ) ;
#1178 = ORIENTED_EDGE ( 'NONE', *, *, #4156, .T. ) ;
#1179 = FACE_OUTER_BOUND ( 'NONE', #4707, .T. ) ;
#1180 = VERTEX_POINT ( 'NONE', #792 ) ;
#1181 = DIRECTION ( 'NONE',  ( -0.000000000000000000, -0.000000000000000000, 1.000000000000000000 ) ) ;
#1182 = ORIENTED_EDGE ( 'NONE', *, *, #1714, .T. ) ;
#1183 = PLANE ( 'NONE',  #3565 ) ;
#1184 = PLANE ( 'NONE',  #1213 ) ;
#1185 = ORIENTED_EDGE ( 'NONE', *, *, #1324, .T. ) ;
#1186 = CARTESIAN_POINT ( 'NONE',  ( 2.750000000000000444, 1.499999999999999556, -0.9499999999999997335 ) ) ;
#1187 = LINE ( 'NONE', #2029, #3412 ) ;
#1188 = DIRECTION ( 'NONE',  ( 0.000000000000000000, 1.000000000000000000, 9.035018104045862066E-17 ) ) ;
#1189 = DIRECTION ( 'NONE',  ( -0.000000000000000000, -1.000000000000000000, -0.000000000000000000 ) ) ;
#1190 = VERTEX_POINT ( 'NONE', #870 ) ;
#1191 = DIRECTION ( 'NONE',  ( -1.000000000000000000, 3.304235192336774723E-15, 0.000000000000000000 ) ) ;
#1192 = CARTESIAN_POINT ( 'NONE',  ( 0.1500000000000000777, 0.4000000000000000222, 1.300000000000000044 ) ) ;
#1193 = LINE ( 'NONE', #4304, #4134 ) ;
#1194 = CARTESIAN_POINT ( 'NONE',  ( -1.500000000000000000, 0.000000000000000000, 0.3750000000000001665 ) ) ;
#1195 = EDGE_CURVE ( 'NONE', #4108, #3750, #3772, .T. ) ;
#1196 = CARTESIAN_POINT ( 'NONE',  ( 1.550000000000000266, 0.4000000000000000222, 1.399999999999999689 ) ) ;
#1197 = EDGE_CURVE ( 'NONE', #3116, #2086, #5043, .T. ) ;
#1198 = FACE_OUTER_BOUND ( 'NONE', #4689, .T. ) ;
#1199 = ORIENTED_EDGE ( 'NONE', *, *, #272, .T. ) ;
#1200 = EDGE_CURVE ( 'NONE', #4542, #2267, #2594, .T. ) ;
#1201 = VERTEX_POINT ( 'NONE', #2540 ) ;
#1202 = DIRECTION ( 'NONE',  ( -1.000000000000000000, 0.000000000000000000, 0.000000000000000000 ) ) ;
#1203 = VERTEX_POINT ( 'NONE', #5069 ) ;
#1204 = DIRECTION ( 'NONE',  ( -0.000000000000000000, -0.000000000000000000, 1.000000000000000000 ) ) ;
#1205 = VERTEX_POINT ( 'NONE', #5093 ) ;
#1206 = VECTOR ( 'NONE', #1105, 1000.000000000000000 ) ;
#1207 = DIRECTION ( 'NONE',  ( 0.000000000000000000, 1.000000000000000000, 1.445602896647372167E-14 ) ) ;
#1208 = EDGE_CURVE ( 'NONE', #3756, #1177, #4270, .T. ) ;
#1209 = CARTESIAN_POINT ( 'NONE',  ( -1.550000000000000266, 1.250000000000000000, 1.099999999999999867 ) ) ;
#1210 = DIRECTION ( 'NONE',  ( 3.097720492815731011E-15, 1.000000000000000000, -3.097720492815730617E-16 ) ) ;
#1211 = ADVANCED_FACE ( 'NONE', ( #3792 ), #1717, .F. ) ;
#1212 = DIRECTION ( 'NONE',  ( 1.000000000000000000, 3.304235192336774329E-15, -0.000000000000000000 ) ) ;
#1213 = AXIS2_PLACEMENT_3D ( 'NONE', #3760, #2025, #308 ) ;
#1214 = DIRECTION ( 'NONE',  ( 0.000000000000000000, 1.000000000000000000, -1.445602896647372167E-14 ) ) ;
#1215 = CYLINDRICAL_SURFACE ( 'NONE', #4909, 0.2000000000000000111 ) ;
#1216 = ORIENTED_EDGE ( 'NONE', *, *, #1680, .F. ) ;
#1217 = PLANE ( 'NONE',  #1479 ) ;
#1218 = CARTESIAN_POINT ( 'NONE',  ( 2.800000000000001155, 0.8999999999999991340, -1.375000000000000222 ) ) ;
#1219 = CARTESIAN_POINT ( 'NONE',  ( 3.000000000000003553, 0.1500000000000006606, -1.374999999999999556 ) ) ;
#1220 = CARTESIAN_POINT ( 'NONE',  ( 2.550000000000000266, 1.475000000000000089, 1.389999999999999680 ) ) ;
#1221 = VECTOR ( 'NONE', #3061, 1000.000000000000000 ) ;
#1222 = CARTESIAN_POINT ( 'NONE',  ( 4.000000000000003553, 4.675621868843737872E-16, -0.9249999999999998224 ) ) ;
#1223 = FILL_AREA_STYLE ('',( #4624 ) ) ;
#1224 = CIRCLE ( 'NONE', #3122, 0.08500000000000006162 ) ;
#1225 = EDGE_CURVE ( 'NONE', #3098, #2545, #2108, .T. ) ;
#1226 = CARTESIAN_POINT ( 'NONE',  ( 4.000000000000003553, 4.494921506762820137E-16, -1.074999999999999734 ) ) ;
#1227 = ORIENTED_EDGE ( 'NONE', *, *, #1433, .T. ) ;
#1228 = VECTOR ( 'NONE', #4620, 1000.000000000000000 ) ;
#1229 = EDGE_CURVE ( 'NONE', #319, #2794, #2567, .T. ) ;
#1230 = VECTOR ( 'NONE', #234, 1000.000000000000000 ) ;
#1231 = EDGE_LOOP ( 'NONE', ( #2072, #1256, #2690 ) ) ;
#1232 = CARTESIAN_POINT ( 'NONE',  ( 1.500000000000000000, -0.3499999999999999778, -0.3749999999999998890 ) ) ;
#1233 = ORIENTED_EDGE ( 'NONE', *, *, #4554, .T. ) ;
#1234 = VECTOR ( 'NONE', #228, 1000.000000000000000 ) ;
#1235 = CARTESIAN_POINT ( 'NONE',  ( -2.950000000000001066, 0.9000000000000003553, -0.9499999999999997335 ) ) ;
#1236 = VECTOR ( 'NONE', #4466, 1000.000000000000000 ) ;
#1237 = EDGE_LOOP ( 'NONE', ( #5227, #1354, #4436, #5173 ) ) ;
#1238 = VECTOR ( 'NONE', #53, 1000.000000000000000 ) ;
#1239 = DIRECTION ( 'NONE',  ( 0.000000000000000000, 0.000000000000000000, -1.000000000000000000 ) ) ;
#1240 = EDGE_CURVE ( 'NONE', #1800, #4685, #3425, .T. ) ;
#1241 = DIRECTION ( 'NONE',  ( 0.000000000000000000, -1.000000000000000000, 0.000000000000000000 ) ) ;
#1242 = DIRECTION ( 'NONE',  ( -0.000000000000000000, 1.000000000000000000, -0.000000000000000000 ) ) ;
#1243 = AXIS2_PLACEMENT_3D ( 'NONE', #638, #3609, #214 ) ;
#1244 = CARTESIAN_POINT ( 'NONE',  ( -2.750000000000000444, 1.350000000000000089, 0.000000000000000000 ) ) ;
#1245 = VECTOR ( 'NONE', #5356, 1000.000000000000000 ) ;
#1246 = CARTESIAN_POINT ( 'NONE',  ( -2.800000000000001155, 0.8999999999999991340, -1.375000000000000222 ) ) ;
#1247 = EDGE_CURVE ( 'NONE', #3008, #4242, #2519, .T. ) ;
#1248 = VECTOR ( 'NONE', #1760, 1000.000000000000000 ) ;
#1249 = CARTESIAN_POINT ( 'NONE',  ( 3.850000000000003642, 0.1500000000000004385, -1.224999999999999423 ) ) ;
#1250 = ORIENTED_EDGE ( 'NONE', *, *, #1018, .F. ) ;
#1251 = CARTESIAN_POINT ( 'NONE',  ( 1.500000000000000000, 0.000000000000000000, -0.3749999999999998890 ) ) ;
#1252 = CARTESIAN_POINT ( 'NONE',  ( 2.550000000000000266, 1.350000000000000089, -1.389999999999999680 ) ) ;
#1253 = LINE ( 'NONE', #3145, #5576 ) ;
#1254 = LINE ( 'NONE', #2633, #1590 ) ;
#1255 = LINE ( 'NONE', #826, #575 ) ;
#1256 = ORIENTED_EDGE ( 'NONE', *, *, #2971, .T. ) ;
#1257 = DIRECTION ( 'NONE',  ( 1.000000000000000000, -0.000000000000000000, -0.000000000000000000 ) ) ;
#1258 = ORIENTED_EDGE ( 'NONE', *, *, #1714, .F. ) ;
#1259 = ORIENTED_EDGE ( 'NONE', *, *, #5332, .T. ) ;
#1260 = DIRECTION ( 'NONE',  ( 0.000000000000000000, -0.000000000000000000, 1.000000000000000000 ) ) ;
#1261 = ORIENTED_EDGE ( 'NONE', *, *, #5422, .T. ) ;
#1262 = LINE ( 'NONE', #3336, #2758 ) ;
#1263 = ORIENTED_EDGE ( 'NONE', *, *, #1367, .F. ) ;
#1264 = DIRECTION ( 'NONE',  ( 1.000000000000000000, 0.000000000000000000, -0.000000000000000000 ) ) ;
#1265 = EDGE_CURVE ( 'NONE', #923, #3417, #4749, .T. ) ;
#1266 = DIRECTION ( 'NONE',  ( 0.000000000000000000, -1.000000000000000000, -0.000000000000000000 ) ) ;
#1267 = DIRECTION ( 'NONE',  ( -1.000000000000000000, -0.000000000000000000, -0.000000000000000000 ) ) ;
#1268 = EDGE_CURVE ( 'NONE', #5255, #4536, #1187, .T. ) ;
#1269 = CARTESIAN_POINT ( 'NONE',  ( 0.000000000000000000, 0.000000000000000000, 1.099999999999999867 ) ) ;
#1270 = DIRECTION ( 'NONE',  ( -3.304235192336774723E-15, 1.000000000000000000, 3.097720492815725686E-16 ) ) ;
#1271 = ORIENTED_EDGE ( 'NONE', *, *, #5058, .T. ) ;
#1272 = DIRECTION ( 'NONE',  ( 1.000000000000000000, -0.000000000000000000, 0.000000000000000000 ) ) ;
#1273 = VERTEX_POINT ( 'NONE', #3764 ) ;
#1274 = DIRECTION ( 'NONE',  ( -0.000000000000000000, -0.000000000000000000, -1.000000000000000000 ) ) ;
#1275 = CARTESIAN_POINT ( 'NONE',  ( -1.500000000000000000, -0.3499999999999999778, -0.3750000000000001665 ) ) ;
#1276 = DIRECTION ( 'NONE',  ( -1.000000000000000000, 3.304235192336774723E-15, 0.000000000000000000 ) ) ;
#1277 = ORIENTED_EDGE ( 'NONE', *, *, #4546, .T. ) ;
#1278 = ADVANCED_FACE ( 'NONE', ( #4698 ), #2913, .T. ) ;
#1279 = LINE ( 'NONE', #4282, #2581 ) ;
#1280 = ORIENTED_EDGE ( 'NONE', *, *, #2895, .F. ) ;
#1281 = ORIENTED_EDGE ( 'NONE', *, *, #5329, .T. ) ;
#1282 = DIRECTION ( 'NONE',  ( 0.000000000000000000, 1.000000000000000000, 0.000000000000000000 ) ) ;
#1283 = ORIENTED_EDGE ( 'NONE', *, *, #143, .T. ) ;
#1284 = CARTESIAN_POINT ( 'NONE',  ( 4.000000000000003553, 4.374454598708869065E-16, -1.224999999999999423 ) ) ;
#1285 = ORIENTED_EDGE ( 'NONE', *, *, #3509, .T. ) ;
#1286 = CARTESIAN_POINT ( 'NONE',  ( 3.000000000000003553, 0.2000000000000005940, -1.374999999999999556 ) ) ;
#1287 = LINE ( 'NONE', #3815, #3033 ) ;
#1288 = FACE_OUTER_BOUND ( 'NONE', #3142, .T. ) ;
#1289 = DIRECTION ( 'NONE',  ( -1.000000000000000000, 0.000000000000000000, 0.000000000000000000 ) ) ;
#1290 = CIRCLE ( 'NONE', #5548, 0.05000000000000012768 ) ;
#1291 = EDGE_CURVE ( 'NONE', #1201, #132, #3343, .T. ) ;
#1292 = EDGE_CURVE ( 'NONE', #2076, #844, #1688, .T. ) ;
#1293 = ORIENTED_EDGE ( 'NONE', *, *, #4721, .T. ) ;
#1294 = CARTESIAN_POINT ( 'NONE',  ( -3.000000000000003109, 0.1500000000000006328, 1.374999999999999556 ) ) ;
#1295 = ORIENTED_EDGE ( 'NONE', *, *, #2993, .T. ) ;
#1296 = LINE ( 'NONE', #3771, #4833 ) ;
#1297 = VECTOR ( 'NONE', #5216, 1000.000000000000000 ) ;
#1298 = CARTESIAN_POINT ( 'NONE',  ( 2.799999999999999822, 1.350000000000000089, -1.399999999999999689 ) ) ;
#1299 = ADVANCED_FACE ( 'NONE', ( #2253, #136, #3556 ), #952, .T. ) ;
#1300 = CARTESIAN_POINT ( 'NONE',  ( -3.000000000000003109, 7.056725598347492393E-16, 1.374999999999999556 ) ) ;
#1301 = AXIS2_PLACEMENT_3D ( 'NONE', #2716, #2637, #5270 ) ;
#1302 = DIRECTION ( 'NONE',  ( 0.000000000000000000, 1.530638361156005111E-15, 1.000000000000000000 ) ) ;
#1303 = EDGE_LOOP ( 'NONE', ( #1706, #4025, #1867, #2626, #3072, #1406, #5321, #5509 ) ) ;
#1304 = DIRECTION ( 'NONE',  ( 0.000000000000000000, 0.000000000000000000, 1.000000000000000000 ) ) ;
#1305 = EDGE_LOOP ( 'NONE', ( #5459, #3562, #501, #5148 ) ) ;
#1306 = AXIS2_PLACEMENT_3D ( 'NONE', #4192, #5158, #2917 ) ;
#1307 = EDGE_CURVE ( 'NONE', #833, #409, #534, .T. ) ;
#1308 = EDGE_LOOP ( 'NONE', ( #4798, #2916, #3780, #2390 ) ) ;
#1309 = CLOSED_SHELL ( 'NONE', ( #96, #171, #1736, #3968, #3639, #158 ) ) ;
#1310 = CARTESIAN_POINT ( 'NONE',  ( -3.850000000000003642, 5.006905865992080642E-16, -0.9249999999999997113 ) ) ;
#1311 = EDGE_CURVE ( 'NONE', #3916, #1927, #251, .T. ) ;
#1312 = ORIENTED_EDGE ( 'NONE', *, *, #4985, .T. ) ;
#1313 = VECTOR ( 'NONE', #3293, 1000.000000000000000 ) ;
#1314 = ORIENTED_EDGE ( 'NONE', *, *, #1247, .F. ) ;
#1315 = LINE ( 'NONE', #922, #3679 ) ;
#1316 = AXIS2_PLACEMENT_3D ( 'NONE', #5094, #1636, #1188 ) ;
#1317 = CIRCLE ( 'NONE', #1854, 0.1999999999999998723 ) ;
#1318 = CARTESIAN_POINT ( 'NONE',  ( 1.449999999999999956, 0.2500000000000000000, 1.549999999999999378 ) ) ;
#1319 = LINE ( 'NONE', #503, #1416 ) ;
#1320 = DIRECTION ( 'NONE',  ( -4.336808689942017736E-16, -2.189528850507526673E-47, 1.000000000000000000 ) ) ;
#1321 = AXIS2_PLACEMENT_3D ( 'NONE', #5503, #4560, #3235 ) ;
#1322 = VECTOR ( 'NONE', #3786, 1000.000000000000000 ) ;
#1323 = ORIENTED_EDGE ( 'NONE', *, *, #3646, .F. ) ;
#1324 = EDGE_CURVE ( 'NONE', #3634, #2610, #2222, .T. ) ;
#1325 = CARTESIAN_POINT ( 'NONE',  ( 2.799999999999999822, 1.300000000000000266, 0.9499999999999997335 ) ) ;
#1326 = ORIENTED_EDGE ( 'NONE', *, *, #3749, .T. ) ;
#1327 = ORIENTED_EDGE ( 'NONE', *, *, #5083, .F. ) ;
#1328 = CIRCLE ( 'NONE', #3416, 0.05000000000000012768 ) ;
#1329 = DIRECTION ( 'NONE',  ( 0.000000000000000000, -1.000000000000000000, 0.000000000000000000 ) ) ;
#1330 = AXIS2_PLACEMENT_3D ( 'NONE', #3755, #5033, #304 ) ;
#1331 = ADVANCED_FACE ( 'NONE', ( #2188 ), #559, .F. ) ;
#1332 = LINE ( 'NONE', #591, #1501 ) ;
#1333 = DIRECTION ( 'NONE',  ( -1.000000000000000000, 0.000000000000000000, 0.000000000000000000 ) ) ;
#1334 = VECTOR ( 'NONE', #1959, 1000.000000000000000 ) ;
#1335 = PRESENTATION_STYLE_ASSIGNMENT (( #2634 ) ) ;
#1336 = CARTESIAN_POINT ( 'NONE',  ( -2.949999999999999734, 1.300000000000000711, 0.9499999999999997335 ) ) ;
#1337 = EDGE_CURVE ( 'NONE', #1856, #3723, #518, .T. ) ;
#1338 = ORIENTED_EDGE ( 'NONE', *, *, #2268, .T. ) ;
#1339 = DIRECTION ( 'NONE',  ( -1.000000000000000000, -0.000000000000000000, -0.000000000000000000 ) ) ;
#1340 = CARTESIAN_POINT ( 'NONE',  ( -2.974999999999999645, 0.9000000000000000222, 1.389999999999999680 ) ) ;
#1341 = ORIENTED_EDGE ( 'NONE', *, *, #2929, .F. ) ;
#1342 = ADVANCED_FACE ( 'NONE', ( #2277 ), #2623, .F. ) ;
#1343 = ORIENTED_EDGE ( 'NONE', *, *, #4312, .T. ) ;
#1344 = CARTESIAN_POINT ( 'NONE',  ( 2.800000000000000266, 1.300000000000000266, 0.9499999999999998446 ) ) ;
#1345 = EDGE_LOOP ( 'NONE', ( #4732, #2051, #4573, #2000 ) ) ;
#1346 = ORIENTED_EDGE ( 'NONE', *, *, #850, .F. ) ;
#1347 = CARTESIAN_POINT ( 'NONE',  ( -3.850000000000003642, 4.645505141830244187E-16, -1.224999999999999423 ) ) ;
#1348 = ORIENTED_EDGE ( 'NONE', *, *, #4736, .T. ) ;
#1349 = CARTESIAN_POINT ( 'NONE',  ( -1.550000000000000266, 1.250000000000000000, 1.099999999999999867 ) ) ;
#1350 = CARTESIAN_POINT ( 'NONE',  ( -1.500000000000000000, -0.3499999999999999778, 0.000000000000000000 ) ) ;
#1351 = CARTESIAN_POINT ( 'NONE',  ( -2.975000000000004530, 0.8999999999999811484, 0.9499999999999997335 ) ) ;
#1352 = VERTEX_POINT ( 'NONE', #1802 ) ;
#1353 = DIRECTION ( 'NONE',  ( 1.000000000000000000, 3.304235192336774723E-15, -0.000000000000000000 ) ) ;
#1354 = ORIENTED_EDGE ( 'NONE', *, *, #2443, .F. ) ;
#1355 = EDGE_LOOP ( 'NONE', ( #1696, #493, #397, #2586 ) ) ;
#1356 = DIRECTION ( 'NONE',  ( 0.000000000000000000, 0.000000000000000000, -1.000000000000000000 ) ) ;
#1357 = DIRECTION ( 'NONE',  ( 6.944994767471928987E-47, 0.000000000000000000, 1.000000000000000000 ) ) ;
#1358 = PLANE ( 'NONE',  #4123 ) ;
#1359 = DIRECTION ( 'NONE',  ( 1.000000000000000000, 0.000000000000000000, 0.000000000000000000 ) ) ;
#1360 = DIRECTION ( 'NONE',  ( 1.000000000000000000, 0.000000000000000000, 0.000000000000000000 ) ) ;
#1361 = ORIENTED_EDGE ( 'NONE', *, *, #2337, .F. ) ;
#1362 = CARTESIAN_POINT ( 'NONE',  ( 2.550000000000000266, 1.499999999999999556, -1.399999999999999689 ) ) ;
#1363 = DIRECTION ( 'NONE',  ( 0.000000000000000000, 1.000000000000000000, 0.000000000000000000 ) ) ;
#1364 = ORIENTED_EDGE ( 'NONE', *, *, #1916, .T. ) ;
#1365 = EDGE_CURVE ( 'NONE', #4495, #1205, #3469, .T. ) ;
#1366 = EDGE_CURVE ( 'NONE', #3955, #2727, #474, .T. ) ;
#1367 = EDGE_CURVE ( 'NONE', #753, #2794, #5316, .T. ) ;
#1368 = DIRECTION ( 'NONE',  ( -1.000000000000000000, 0.000000000000000000, 0.000000000000000000 ) ) ;
#1369 = ORIENTED_EDGE ( 'NONE', *, *, #88, .F. ) ;
#1370 = EDGE_CURVE ( 'NONE', #1177, #606, #1769, .T. ) ;
#1371 = ORIENTED_EDGE ( 'NONE', *, *, #1844, .F. ) ;
#1372 = CARTESIAN_POINT ( 'NONE',  ( -2.974999999999999645, 0.9000000000000000222, 0.9499999999999997335 ) ) ;
#1373 = ORIENTED_EDGE ( 'NONE', *, *, #5422, .F. ) ;
#1374 = DIRECTION ( 'NONE',  ( -1.000000000000000000, -3.304235192336774723E-15, 0.000000000000000000 ) ) ;
#1375 = EDGE_CURVE ( 'NONE', #3583, #3847, #3102, .T. ) ;
#1376 = ORIENTED_EDGE ( 'NONE', *, *, #1725, .T. ) ;
#1377 = DIRECTION ( 'NONE',  ( -1.872461465063586570E-16, -1.000000000000000000, 0.000000000000000000 ) ) ;
#1378 = ORIENTED_EDGE ( 'NONE', *, *, #2143, .F. ) ;
#1379 = ORIENTED_EDGE ( 'NONE', *, *, #404, .T. ) ;
#1380 = ADVANCED_FACE ( 'NONE', ( #3081 ), #3507, .T. ) ;
#1381 = CARTESIAN_POINT ( 'NONE',  ( 0.000000000000000000, 0.000000000000000000, 1.099999999999999867 ) ) ;
#1382 = LINE ( 'NONE', #2233, #5398 ) ;
#1383 = CIRCLE ( 'NONE', #3827, 0.05000000000000012768 ) ;
#1384 = CARTESIAN_POINT ( 'NONE',  ( -2.750000000000000444, 1.350000000000000089, -0.9499999999999997335 ) ) ;
#1385 = SURFACE_STYLE_FILL_AREA ( #485 ) ;
#1386 = CIRCLE ( 'NONE', #2286, 0.3749999999999998890 ) ;
#1387 = CARTESIAN_POINT ( 'NONE',  ( 2.800000000000001155, 0.9000000000000002442, -0.9499999999999997335 ) ) ;
#1388 = ORIENTED_EDGE ( 'NONE', *, *, #269, .T. ) ;
#1389 = CARTESIAN_POINT ( 'NONE',  ( -2.800000000000002931, 0.2000000000000001221, 1.374999999999999556 ) ) ;
#1390 = DIRECTION ( 'NONE',  ( 1.872461465063586570E-16, 1.000000000000000000, 1.204669080539449837E-16 ) ) ;
#1391 = ORIENTED_EDGE ( 'NONE', *, *, #4660, .F. ) ;
#1392 = FACE_OUTER_BOUND ( 'NONE', #427, .T. ) ;
#1393 = VECTOR ( 'NONE', #1638, 1000.000000000000000 ) ;
#1394 = CARTESIAN_POINT ( 'NONE',  ( 2.799999999999999822, 1.475000000000000089, -0.9499999999999997335 ) ) ;
#1395 = EDGE_CURVE ( 'NONE', #4715, #853, #1772, .T. ) ;
#1396 = FACE_OUTER_BOUND ( 'NONE', #553, .T. ) ;
#1397 = CIRCLE ( 'NONE', #762, 0.05000000000000012768 ) ;
#1398 = VERTEX_POINT ( 'NONE', #5201 ) ;
#1399 = EDGE_CURVE ( 'NONE', #808, #4768, #1319, .T. ) ;
#1400 = ORIENTED_EDGE ( 'NONE', *, *, #40, .T. ) ;
#1401 = DIRECTION ( 'NONE',  ( 0.000000000000000000, 0.000000000000000000, -1.000000000000000000 ) ) ;
#1402 = ORIENTED_EDGE ( 'NONE', *, *, #3909, .T. ) ;
#1403 = VECTOR ( 'NONE', #1633, 1000.000000000000000 ) ;
#1404 = CARTESIAN_POINT ( 'NONE',  ( 1.449999999999999956, 1.200000000000000178, 0.000000000000000000 ) ) ;
#1405 = VECTOR ( 'NONE', #3937, 1000.000000000000000 ) ;
#1406 = ORIENTED_EDGE ( 'NONE', *, *, #3254, .T. ) ;
#1407 = VECTOR ( 'NONE', #1836, 1000.000000000000000 ) ;
#1408 = DIRECTION ( 'NONE',  ( -4.818676322157784950E-15, 1.000000000000000000, 0.000000000000000000 ) ) ;
#1409 = ORIENTED_EDGE ( 'NONE', *, *, #3172, .F. ) ;
#1410 = EDGE_LOOP ( 'NONE', ( #973, #3084, #3141, #2468 ) ) ;
#1411 = LINE ( 'NONE', #960, #4743 ) ;
#1412 = MECHANICAL_DESIGN_GEOMETRIC_PRESENTATION_REPRESENTATION (  '', ( #3130 ), #254 ) ;
#1413 = AXIS2_PLACEMENT_3D ( 'NONE', #4934, #1027, #4534 ) ;
#1414 = CYLINDRICAL_SURFACE ( 'NONE', #687, 0.2000000000000000666 ) ;
#1415 = AXIS2_PLACEMENT_3D ( 'NONE', #5029, #1966, #3722 ) ;
#1416 = VECTOR ( 'NONE', #4860, 1000.000000000000114 ) ;
#1417 = CARTESIAN_POINT ( 'NONE',  ( 2.550000000000000266, 1.499999999999999556, 1.399999999999999689 ) ) ;
#1418 = ORIENTED_EDGE ( 'NONE', *, *, #5529, .F. ) ;
#1419 = DIRECTION ( 'NONE',  ( -1.000000000000000000, -0.000000000000000000, 0.000000000000000000 ) ) ;
#1420 = DIRECTION ( 'NONE',  ( 0.000000000000000000, 1.000000000000000000, 1.204669080539449837E-16 ) ) ;
#1421 = ORIENTED_EDGE ( 'NONE', *, *, #1055, .T. ) ;
#1422 = PLANE ( 'NONE',  #4682 ) ;
#1423 = DIRECTION ( 'NONE',  ( 1.000000000000000000, 1.807003620809173892E-16, -0.000000000000000000 ) ) ;
#1424 = PLANE ( 'NONE',  #867 ) ;
#1425 = ORIENTED_EDGE ( 'NONE', *, *, #52, .T. ) ;
#1426 = ORIENTED_EDGE ( 'NONE', *, *, #1324, .F. ) ;
#1427 = CARTESIAN_POINT ( 'NONE',  ( 2.550000000000000266, 1.499999999999999556, 1.399999999999999689 ) ) ;
#1428 = COLOUR_RGB ( '',0.7921568627450980005, 0.8196078431372548767, 0.9333333333333333481 ) ;
#1429 = EDGE_LOOP ( 'NONE', ( #4631, #1326, #4354, #4069 ) ) ;
#1430 = DIRECTION ( 'NONE',  ( 0.000000000000000000, 0.000000000000000000, 1.000000000000000000 ) ) ;
#1431 = EDGE_CURVE ( 'NONE', #4343, #1497, #2676, .T. ) ;
#1432 = ORIENTED_EDGE ( 'NONE', *, *, #3898, .T. ) ;
#1433 = EDGE_CURVE ( 'NONE', #3537, #1973, #5002, .T. ) ;
#1434 = LINE ( 'NONE', #3105, #218 ) ;
#1435 = ORIENTED_EDGE ( 'NONE', *, *, #1059, .F. ) ;
#1436 = VERTEX_POINT ( 'NONE', #2391 ) ;
#1437 = CARTESIAN_POINT ( 'NONE',  ( 2.800000000000000266, 1.300000000000000266, 0.9499999999999998446 ) ) ;
#1438 = CARTESIAN_POINT ( 'NONE',  ( -3.000000000000003109, 0.2000000000000006495, 1.374999999999999556 ) ) ;
#1439 = CARTESIAN_POINT ( 'NONE',  ( 2.799999999999999822, 0.9000000000000002442, 1.389999999999999680 ) ) ;
#1440 = VERTEX_POINT ( 'NONE', #2793 ) ;
#1441 = FACE_OUTER_BOUND ( 'NONE', #5314, .T. ) ;
#1442 = FACE_OUTER_BOUND ( 'NONE', #2731, .T. ) ;
#1443 = ADVANCED_FACE ( 'NONE', ( #666 ), #2760, .T. ) ;
#1444 = FACE_OUTER_BOUND ( 'NONE', #2957, .T. ) ;
#1445 = FACE_OUTER_BOUND ( 'NONE', #1013, .T. ) ;
#1446 = ORIENTED_EDGE ( 'NONE', *, *, #467, .F. ) ;
#1447 = EDGE_CURVE ( 'NONE', #1075, #2426, #2339, .T. ) ;
#1448 = VERTEX_POINT ( 'NONE', #4458 ) ;
#1449 = DIRECTION ( 'NONE',  ( 1.000000000000000000, 0.000000000000000000, -2.320584820479771184E-34 ) ) ;
#1450 = VERTEX_POINT ( 'NONE', #2820 ) ;
#1451 = DIRECTION ( 'NONE',  ( -1.000000000000000000, 1.807003620809173892E-16, 0.000000000000000000 ) ) ;
#1452 = EDGE_LOOP ( 'NONE', ( #2149, #894 ) ) ;
#1453 = DIRECTION ( 'NONE',  ( -1.000000000000000000, 0.000000000000000000, -0.000000000000000000 ) ) ;
#1454 = ORIENTED_EDGE ( 'NONE', *, *, #2787, .T. ) ;
#1455 = ORIENTED_EDGE ( 'NONE', *, *, #2221, .F. ) ;
#1456 = FACE_OUTER_BOUND ( 'NONE', #4958, .T. ) ;
#1457 = CARTESIAN_POINT ( 'NONE',  ( -2.800000000000003375, 0.2149999999999996358, -0.9250000000000002665 ) ) ;
#1458 = EDGE_CURVE ( 'NONE', #129, #4320, #1120, .T. ) ;
#1459 = DIRECTION ( 'NONE',  ( 0.000000000000000000, 1.000000000000000000, 3.097720492815729138E-16 ) ) ;
#1460 = ADVANCED_FACE ( 'NONE', ( #170 ), #4125, .T. ) ;
#1461 = CARTESIAN_POINT ( 'NONE',  ( 2.750000000000000444, 1.499999999999999556, -0.9499999999999997335 ) ) ;
#1462 = ORIENTED_EDGE ( 'NONE', *, *, #897, .T. ) ;
#1463 = CARTESIAN_POINT ( 'NONE',  ( 1.500000000000000000, -0.3499999999999999778, 0.000000000000000000 ) ) ;
#1464 = CARTESIAN_POINT ( 'NONE',  ( 2.800000000000001155, 0.8999999999999995781, 1.375000000000000222 ) ) ;
#1465 = EDGE_CURVE ( 'NONE', #1847, #3041, #5132, .T. ) ;
#1466 = CARTESIAN_POINT ( 'NONE',  ( 1.550000000000000266, 0.4000000000000000222, 1.300000000000000044 ) ) ;
#1467 = CIRCLE ( 'NONE', #4455, 0.2000000000000000111 ) ;
#1468 = DIRECTION ( 'NONE',  ( 0.000000000000000000, 0.000000000000000000, -1.000000000000000000 ) ) ;
#1469 =( LENGTH_UNIT ( ) NAMED_UNIT ( * ) SI_UNIT ( .MILLI., .METRE. ) );
#1470 = DIRECTION ( 'NONE',  ( 1.872461465063586570E-16, 1.000000000000000000, -1.204669080539449837E-16 ) ) ;
#1471 = ORIENTED_EDGE ( 'NONE', *, *, #549, .F. ) ;
#1472 = VECTOR ( 'NONE', #453, 1000.000000000000000 ) ;
#1473 = ADVANCED_FACE ( 'NONE', ( #4576 ), #4155, .T. ) ;
#1474 = VERTEX_POINT ( 'NONE', #2362 ) ;
#1475 = CIRCLE ( 'NONE', #4655, 0.3749999999999998890 ) ;
#1476 = LINE ( 'NONE', #583, #3143 ) ;
#1477 = ORIENTED_EDGE ( 'NONE', *, *, #971, .F. ) ;
#1478 = PLANE ( 'NONE',  #2504 ) ;
#1479 = AXIS2_PLACEMENT_3D ( 'NONE', #4676, #1699, #2523 ) ;
#1480 = EDGE_LOOP ( 'NONE', ( #5500, #3570, #1708, #3508 ) ) ;
#1481 = CARTESIAN_POINT ( 'NONE',  ( -2.550000000000000266, 1.475000000000000089, 0.9499999999999997335 ) ) ;
#1482 = VECTOR ( 'NONE', #4805, 1000.000000000000000 ) ;
#1483 = PLANE ( 'NONE',  #4106 ) ;
#1484 = EDGE_LOOP ( 'NONE', ( #1604, #4980, #5143, #4835 ) ) ;
#1485 = ORIENTED_EDGE ( 'NONE', *, *, #56, .F. ) ;
#1486 = LINE ( 'NONE', #5412, #3244 ) ;
#1487 = CARTESIAN_POINT ( 'NONE',  ( -2.799999999999999822, 0.9000000000000000222, -0.9499999999999998446 ) ) ;
#1488 = DIRECTION ( 'NONE',  ( -1.000000000000000000, -0.000000000000000000, 0.000000000000000000 ) ) ;
#1489 = VECTOR ( 'NONE', #631, 1000.000000000000000 ) ;
#1490 = AXIS2_PLACEMENT_3D ( 'NONE', #1053, #2778, #4847 ) ;
#1491 = EDGE_CURVE ( 'NONE', #3317, #4273, #3248, .T. ) ;
#1492 = FACE_OUTER_BOUND ( 'NONE', #2331, .T. ) ;
#1493 = ORIENTED_EDGE ( 'NONE', *, *, #137, .T. ) ;
#1494 = VECTOR ( 'NONE', #3886, 1000.000000000000000 ) ;
#1495 = CARTESIAN_POINT ( 'NONE',  ( 1.399999999999999911, 0.2999999999999999334, 2.750000000000000000 ) ) ;
#1496 = CIRCLE ( 'NONE', #3948, 0.2000000000000000944 ) ;
#1497 = VERTEX_POINT ( 'NONE', #4911 ) ;
#1498 = LINE ( 'NONE', #1021, #2215 ) ;
#1499 = DIRECTION ( 'NONE',  ( 1.872461465063586570E-16, -1.000000000000000000, -1.204669080539449837E-16 ) ) ;
#1500 = CARTESIAN_POINT ( 'NONE',  ( -1.500000000000000000, -0.3499999999999999778, 0.000000000000000000 ) ) ;
#1501 = VECTOR ( 'NONE', #3994, 1000.000000000000000 ) ;
#1502 = AXIS2_PLACEMENT_3D ( 'NONE', #1851, #1738, #3925 ) ;
#1503 = EDGE_CURVE ( 'NONE', #1352, #3847, #2678, .T. ) ;
#1504 = DIRECTION ( 'NONE',  ( 0.000000000000000000, -1.000000000000000000, -0.000000000000000000 ) ) ;
#1505 = LINE ( 'NONE', #633, #4579 ) ;
#1506 = ADVANCED_FACE ( 'NONE', ( #4094 ), #1478, .T. ) ;
#1507 = LINE ( 'NONE', #4995, #4662 ) ;
#1508 = ORIENTED_EDGE ( 'NONE', *, *, #4925, .T. ) ;
#1509 = VECTOR ( 'NONE', #4292, 1000.000000000000000 ) ;
#1510 = VECTOR ( 'NONE', #4648, 1000.000000000000000 ) ;
#1511 = AXIS2_PLACEMENT_3D ( 'NONE', #1060, #2667, #552 ) ;
#1512 = ORIENTED_EDGE ( 'NONE', *, *, #4312, .F. ) ;
#1513 = CARTESIAN_POINT ( 'NONE',  ( -2.949999999999999289, 1.055172413793084907, -0.8879310344827583412 ) ) ;
#1514 = EDGE_LOOP ( 'NONE', ( #4028, #5448, #259, #4285 ) ) ;
#1515 = LINE ( 'NONE', #4977, #2138 ) ;
#1516 = VERTEX_POINT ( 'NONE', #585 ) ;
#1517 = LINE ( 'NONE', #4544, #1664 ) ;
#1518 = EDGE_CURVE ( 'NONE', #142, #1649, #2414, .T. ) ;
#1519 = ORIENTED_EDGE ( 'NONE', *, *, #1960, .F. ) ;
#1520 = ORIENTED_EDGE ( 'NONE', *, *, #2515, .T. ) ;
#1521 = CARTESIAN_POINT ( 'NONE',  ( 2.800000000000001155, 0.8999999999999991340, -1.375000000000000222 ) ) ;
#1522 = VECTOR ( 'NONE', #4246, 1000.000000000000000 ) ;
#1523 = DIRECTION ( 'NONE',  ( 0.000000000000000000, -1.000000000000000000, 0.000000000000000000 ) ) ;
#1524 = CARTESIAN_POINT ( 'NONE',  ( 0.2000000000000000944, 1.200000000000000178, 2.750000000000000000 ) ) ;
#1525 = LINE ( 'NONE', #1134, #1115 ) ;
#1526 = ORIENTED_EDGE ( 'NONE', *, *, #1076, .F. ) ;
#1527 = CARTESIAN_POINT ( 'NONE',  ( -3.000000000000003553, 6.514624512104740176E-16, -0.9249999999999998224 ) ) ;
#1528 = CARTESIAN_POINT ( 'NONE',  ( 0.1500000000000000777, 1.250000000000000000, 1.300000000000000044 ) ) ;
#1529 = LINE ( 'NONE', #205, #3952 ) ;
#1530 = DIRECTION ( 'NONE',  ( 4.336808689942020891E-15, 1.000000000000000000, 0.000000000000000000 ) ) ;
#1531 = DIRECTION ( 'NONE',  ( 0.000000000000000000, 0.000000000000000000, -1.000000000000000000 ) ) ;
#1532 = CARTESIAN_POINT ( 'NONE',  ( 2.750000000000000444, 1.350000000000000089, 0.000000000000000000 ) ) ;
#1533 = CARTESIAN_POINT ( 'NONE',  ( 2.949999999999999734, 1.300000000000000711, -0.9499999999999997335 ) ) ;
#1534 = ORIENTED_EDGE ( 'NONE', *, *, #3381, .T. ) ;
#1535 = EDGE_CURVE ( 'NONE', #3332, #1936, #191, .T. ) ;
#1536 = ADVANCED_FACE ( 'NONE', ( #1882 ), #3611, .F. ) ;
#1537 = ORIENTED_EDGE ( 'NONE', *, *, #4796, .F. ) ;
#1538 = CARTESIAN_POINT ( 'NONE',  ( 2.799999999999999822, 0.9000000000000002442, -0.9499999999999997335 ) ) ;
#1539 = ORIENTED_EDGE ( 'NONE', *, *, #2089, .F. ) ;
#1540 = EDGE_CURVE ( 'NONE', #17, #3166, #217, .T. ) ;
#1541 = CARTESIAN_POINT ( 'NONE',  ( -2.750000000000000444, 1.350000000000000089, 0.9499999999999997335 ) ) ;
#1542 = ORIENTED_EDGE ( 'NONE', *, *, #126, .T. ) ;
#1543 = CARTESIAN_POINT ( 'NONE',  ( -2.750000000000000444, 1.300000000000000266, -0.9499999999999997335 ) ) ;
#1544 = FACE_OUTER_BOUND ( 'NONE', #3164, .T. ) ;
#1545 = ORIENTED_EDGE ( 'NONE', *, *, #1165, .T. ) ;
#1546 = VERTEX_POINT ( 'NONE', #5402 ) ;
#1547 = FACE_OUTER_BOUND ( 'NONE', #5311, .T. ) ;
#1548 = CARTESIAN_POINT ( 'NONE',  ( 2.974999999999999645, 1.100000000000000311, -1.389999999999999680 ) ) ;
#1549 = CARTESIAN_POINT ( 'NONE',  ( 1.500000000000000000, 0.000000000000000000, 0.000000000000000000 ) ) ;
#1550 = EDGE_CURVE ( 'NONE', #3368, #12, #1515, .T. ) ;
#1551 = EDGE_CURVE ( 'NONE', #106, #1100, #3418, .T. ) ;
#1552 = CARTESIAN_POINT ( 'NONE',  ( -2.800000000000001155, 0.9000000000000002442, 0.9499999999999997335 ) ) ;
#1553 = ORIENTED_EDGE ( 'NONE', *, *, #1790, .T. ) ;
#1554 = CARTESIAN_POINT ( 'NONE',  ( -4.000000000000003553, 0.1500000000000005496, 0.9249999999999998224 ) ) ;
#1555 = LINE ( 'NONE', #1528, #3488 ) ;
#1556 = DIRECTION ( 'NONE',  ( -1.872461465063586570E-16, 1.000000000000000000, 1.204669080539449837E-16 ) ) ;
#1557 = CARTESIAN_POINT ( 'NONE',  ( 3.850000000000003642, 5.610561800459812103E-16, 1.224999999999999423 ) ) ;
#1558 = CARTESIAN_POINT ( 'NONE',  ( -2.550000000000000266, 1.475000000000000089, -0.9499999999999997335 ) ) ;
#1559 = LINE ( 'NONE', #381, #5032 ) ;
#1560 = DIRECTION ( 'NONE',  ( -1.872461465063586570E-16, 1.000000000000000000, 1.204669080539449837E-16 ) ) ;
#1561 = EDGE_LOOP ( 'NONE', ( #4401, #5164, #1126, #2846 ) ) ;
#1562 = VECTOR ( 'NONE', #4922, 1000.000000000000000 ) ;
#1563 = EDGE_CURVE ( 'NONE', #132, #4536, #2871, .T. ) ;
#1564 = EDGE_LOOP ( 'NONE', ( #979, #945, #1216, #5558 ) ) ;
#1565 = CARTESIAN_POINT ( 'NONE',  ( 2.550000000000000266, 1.499999999999999556, 1.399999999999999689 ) ) ;
#1566 = AXIS2_PLACEMENT_3D ( 'NONE', #1999, #2852, #3307 ) ;
#1567 = ORIENTED_EDGE ( 'NONE', *, *, #3473, .T. ) ;
#1568 = EDGE_CURVE ( 'NONE', #3462, #3174, #5565, .T. ) ;
#1569 = DIRECTION ( 'NONE',  ( -0.000000000000000000, 1.000000000000000000, -0.000000000000000000 ) ) ;
#1570 = AXIS2_PLACEMENT_3D ( 'NONE', #117, #1908, #4096 ) ;
#1571 = ORIENTED_EDGE ( 'NONE', *, *, #4514, .F. ) ;
#1572 = DIRECTION ( 'NONE',  ( 1.000000000000000000, 0.000000000000000000, 0.000000000000000000 ) ) ;
#1573 = EDGE_CURVE ( 'NONE', #1497, #172, #4206, .T. ) ;
#1574 = CARTESIAN_POINT ( 'NONE',  ( -2.975000000000005418, 1.199999999999981304, 0.9499999999999997335 ) ) ;
#1575 = ORIENTED_EDGE ( 'NONE', *, *, #2057, .F. ) ;
#1576 = ORIENTED_EDGE ( 'NONE', *, *, #3375, .F. ) ;
#1577 = DIRECTION ( 'NONE',  ( 0.000000000000000000, 1.000000000000000000, -0.000000000000000000 ) ) ;
#1578 = ADVANCED_FACE ( 'NONE', ( #1602 ), #4661, .F. ) ;
#1579 = VECTOR ( 'NONE', #3348, 1000.000000000000000 ) ;
#1580 = CARTESIAN_POINT ( 'NONE',  ( -2.550000000000000266, 1.475000000000000089, -0.9499999999999997335 ) ) ;
#1581 = CARTESIAN_POINT ( 'NONE',  ( -2.799999999999999822, 0.9000000000000000222, 0.9499999999999997335 ) ) ;
#1582 = AXIS2_PLACEMENT_3D ( 'NONE', #3328, #4626, #745 ) ;
#1583 = LINE ( 'NONE', #3283, #1206 ) ;
#1584 = ORIENTED_EDGE ( 'NONE', *, *, #713, .F. ) ;
#1585 = CARTESIAN_POINT ( 'NONE',  ( 0.000000000000000000, 0.000000000000000000, -1.389999999999999680 ) ) ;
#1586 = DIRECTION ( 'NONE',  ( -0.000000000000000000, 1.000000000000000000, -0.000000000000000000 ) ) ;
#1587 = CARTESIAN_POINT ( 'NONE',  ( -3.850000000000003642, 5.971962524621646586E-16, 0.9249999999999998224 ) ) ;
#1588 = VECTOR ( 'NONE', #1363, 1000.000000000000000 ) ;
#1589 = DIRECTION ( 'NONE',  ( 1.000000000000000000, 3.304235192336774329E-15, -0.000000000000000000 ) ) ;
#1590 = VECTOR ( 'NONE', #3454, 1000.000000000000000 ) ;
#1591 = VECTOR ( 'NONE', #5276, 1000.000000000000000 ) ;
#1592 = DIRECTION ( 'NONE',  ( 5.102127870520013488E-15, -1.000000000000000000, 0.000000000000000000 ) ) ;
#1593 = CYLINDRICAL_SURFACE ( 'NONE', #1582, 0.09000000000000023259 ) ;
#1594 = ORIENTED_EDGE ( 'NONE', *, *, #3172, .T. ) ;
#1595 = VECTOR ( 'NONE', #3653, 1000.000000000000000 ) ;
#1596 = VECTOR ( 'NONE', #1070, 1000.000000000000000 ) ;
#1597 = ORIENTED_EDGE ( 'NONE', *, *, #504, .T. ) ;
#1598 = CARTESIAN_POINT ( 'NONE',  ( 1.550000000000000266, 1.250000000000000000, 1.099999999999999867 ) ) ;
#1599 = AXIS2_PLACEMENT_3D ( 'NONE', #1627, #249, #776 ) ;
#1600 = AXIS2_PLACEMENT_3D ( 'NONE', #4761, #881, #4705 ) ;
#1601 = ORIENTED_EDGE ( 'NONE', *, *, #2614, .F. ) ;
#1602 = FACE_OUTER_BOUND ( 'NONE', #797, .T. ) ;
#1603 = CIRCLE ( 'NONE', #5310, 0.05000000000000012768 ) ;
#1604 = ORIENTED_EDGE ( 'NONE', *, *, #5250, .T. ) ;
#1605 = LINE ( 'NONE', #1658, #3470 ) ;
#1606 = CARTESIAN_POINT ( 'NONE',  ( -2.800000000000003375, 0.2000000000000000389, 1.375000000000000000 ) ) ;
#1607 = ORIENTED_EDGE ( 'NONE', *, *, #1540, .F. ) ;
#1608 = LINE ( 'NONE', #4718, #1522 ) ;
#1609 = DIRECTION ( 'NONE',  ( 1.000000000000000000, 0.000000000000000000, -2.320584820479771184E-34 ) ) ;
#1610 = ADVANCED_FACE ( 'NONE', ( #4632 ), #3812, .T. ) ;
#1611 = CARTESIAN_POINT ( 'NONE',  ( -4.000000000000003553, 0.1500000000000005218, 1.074999999999999734 ) ) ;
#1612 = EDGE_CURVE ( 'NONE', #409, #1081, #3837, .T. ) ;
#1613 = DIRECTION ( 'NONE',  ( 6.944994767471928987E-47, 0.000000000000000000, -1.000000000000000000 ) ) ;
#1614 = VERTEX_POINT ( 'NONE', #782 ) ;
#1615 =( GEOMETRIC_REPRESENTATION_CONTEXT ( 3 ) GLOBAL_UNCERTAINTY_ASSIGNED_CONTEXT ( ( #4537 ) ) GLOBAL_UNIT_ASSIGNED_CONTEXT ( ( #2648, #4431, #869 ) ) REPRESENTATION_CONTEXT ( 'NONE', 'WORKASPACE' ) );
#1616 = FACE_OUTER_BOUND ( 'NONE', #2429, .T. ) ;
#1617 = LINE ( 'NONE', #2410, #1946 ) ;
#1618 = LINE ( 'NONE', #4195, #3224 ) ;
#1619 = ADVANCED_FACE ( 'NONE', ( #4690 ), #416, .T. ) ;
#1620 = LINE ( 'NONE', #742, #1228 ) ;
#1621 = DIRECTION ( 'NONE',  ( -0.000000000000000000, 0.000000000000000000, 1.000000000000000000 ) ) ;
#1622 = DIRECTION ( 'NONE',  ( -0.000000000000000000, 0.000000000000000000, -1.000000000000000000 ) ) ;
#1623 = CARTESIAN_POINT ( 'NONE',  ( -2.013518320330218787E-16, 0.1500000000000012990, -1.807003620809191518E-17 ) ) ;
#1624 = ORIENTED_EDGE ( 'NONE', *, *, #4475, .T. ) ;
#1625 = EDGE_CURVE ( 'NONE', #589, #1614, #389, .T. ) ;
#1626 = ORIENTED_EDGE ( 'NONE', *, *, #1365, .T. ) ;
#1627 = CARTESIAN_POINT ( 'NONE',  ( 1.550000000000000266, 0.4000000000000000222, 1.300000000000000044 ) ) ;
#1628 = ADVANCED_FACE ( 'NONE', ( #363 ), #811, .T. ) ;
#1629 = EDGE_LOOP ( 'NONE', ( #4381, #1119, #997, #532 ) ) ;
#1630 = CARTESIAN_POINT ( 'NONE',  ( 1.399999999999999911, 0.000000000000000000, 2.699999999999999734 ) ) ;
#1631 = ORIENTED_EDGE ( 'NONE', *, *, #3763, .F. ) ;
#1632 = DIRECTION ( 'NONE',  ( -1.000000000000000000, 0.000000000000000000, 0.000000000000000000 ) ) ;
#1633 = DIRECTION ( 'NONE',  ( 2.736911063134408342E-48, 1.204669080539450330E-16, 1.000000000000000000 ) ) ;
#1634 = CARTESIAN_POINT ( 'NONE',  ( 2.974999999999999645, 0.9000000000000002442, 0.9499999999999997335 ) ) ;
#1635 = CARTESIAN_POINT ( 'NONE',  ( -2.550000000000000266, 1.350000000000000089, 0.000000000000000000 ) ) ;
#1636 = DIRECTION ( 'NONE',  ( 0.000000000000000000, 9.035018104045866996E-17, -1.000000000000000000 ) ) ;
#1637 = ADVANCED_FACE ( 'NONE', ( #5146 ), #2511, .T. ) ;
#1638 = DIRECTION ( 'NONE',  ( 0.000000000000000000, 0.000000000000000000, 1.000000000000000000 ) ) ;
#1639 = ORIENTED_EDGE ( 'NONE', *, *, #3720, .T. ) ;
#1640 = CARTESIAN_POINT ( 'NONE',  ( 3.850000000000003642, 4.595090364441441140E-16, -1.224999999999999423 ) ) ;
#1641 = DIRECTION ( 'NONE',  ( -0.000000000000000000, 1.000000000000000000, -0.000000000000000000 ) ) ;
#1642 = EDGE_CURVE ( 'NONE', #5166, #1398, #1262, .T. ) ;
#1643 = CARTESIAN_POINT ( 'NONE',  ( -2.687779585855529452E-16, 1.196386980610740503E-15, -0.9250000000000001554 ) ) ;
#1644 = CARTESIAN_POINT ( 'NONE',  ( 2.974999999999999645, 1.100000000000000311, -1.389999999999999680 ) ) ;
#1645 = FACE_OUTER_BOUND ( 'NONE', #1345, .T. ) ;
#1646 = PRODUCT_DEFINITION ( 'UNKNOWN', '', #3695, #1929 ) ;
#1647 = LINE ( 'NONE', #690, #4399 ) ;
#1648 = CARTESIAN_POINT ( 'NONE',  ( 1.449999999999999956, 0.2707106781186549571, 1.529289321881344588 ) ) ;
#1649 = VERTEX_POINT ( 'NONE', #2101 ) ;
#1650 = VERTEX_POINT ( 'NONE', #2077 ) ;
#1651 = LINE ( 'NONE', #4712, #1777 ) ;
#1652 = EDGE_LOOP ( 'NONE', ( #3528, #1034, #2734, #2601 ) ) ;
#1653 = DIRECTION ( 'NONE',  ( 0.000000000000000000, -1.000000000000000000, 0.000000000000000000 ) ) ;
#1654 = EDGE_CURVE ( 'NONE', #388, #1450, #3665, .T. ) ;
#1655 = UNCERTAINTY_MEASURE_WITH_UNIT (LENGTH_MEASURE( 1.000000000000000082E-05 ), #1469, 'distance_accuracy_value', 'NONE');
#1656 = ORIENTED_EDGE ( 'NONE', *, *, #1654, .F. ) ;
#1657 = VECTOR ( 'NONE', #3569, 1000.000000000000000 ) ;
#1658 = CARTESIAN_POINT ( 'NONE',  ( -2.550000000000000266, 1.475000000000000089, 1.389999999999999680 ) ) ;
#1659 = CARTESIAN_POINT ( 'NONE',  ( -2.025000000000000355, 0.1499999999999999944, -1.399999999999999689 ) ) ;
#1660 = CARTESIAN_POINT ( 'NONE',  ( 0.1500000000000000777, 1.200000000000000178, 2.699999999999999734 ) ) ;
#1661 = PLANE ( 'NONE',  #598 ) ;
#1662 = CIRCLE ( 'NONE', #2837, 0.1499999999999999667 ) ;
#1663 = DIRECTION ( 'NONE',  ( -3.304235192336774723E-15, -1.000000000000000000, 0.000000000000000000 ) ) ;
#1664 = VECTOR ( 'NONE', #669, 1000.000000000000000 ) ;
#1665 = DIRECTION ( 'NONE',  ( -4.776611965246228323E-29, -1.445602896647372167E-14, 1.000000000000000000 ) ) ;
#1666 = ORIENTED_EDGE ( 'NONE', *, *, #803, .F. ) ;
#1667 = CARTESIAN_POINT ( 'NONE',  ( -2.550000000000000266, 1.499999999999999556, -0.9499999999999997335 ) ) ;
#1668 = DIRECTION ( 'NONE',  ( 1.000000000000000000, 3.304235192336774329E-15, -0.000000000000000000 ) ) ;
#1669 = LINE ( 'NONE', #800, #4853 ) ;
#1670 = DIRECTION ( 'NONE',  ( 0.000000000000000000, 0.000000000000000000, -1.000000000000000000 ) ) ;
#1671 = AXIS2_PLACEMENT_3D ( 'NONE', #1585, #3260, #2777 ) ;
#1672 = DIRECTION ( 'NONE',  ( 0.000000000000000000, 0.000000000000000000, 1.000000000000000000 ) ) ;
#1673 = ORIENTED_EDGE ( 'NONE', *, *, #911, .T. ) ;
#1674 = VECTOR ( 'NONE', #3924, 1000.000000000000000 ) ;
#1675 = DIRECTION ( 'NONE',  ( -1.807003620809174139E-16, 1.000000000000000000, -1.204669080539450330E-16 ) ) ;
#1676 = ORIENTED_EDGE ( 'NONE', *, *, #1797, .F. ) ;
#1677 = EDGE_CURVE ( 'NONE', #1936, #16, #3386, .T. ) ;
#1678 = AXIS2_PLACEMENT_3D ( 'NONE', #5325, #4467, #1890 ) ;
#1679 = VECTOR ( 'NONE', #4794, 1000.000000000000000 ) ;
#1680 = EDGE_CURVE ( 'NONE', #3357, #310, #1710, .T. ) ;
#1681 = ORIENTED_EDGE ( 'NONE', *, *, #3612, .F. ) ;
#1682 = DIRECTION ( 'NONE',  ( -0.000000000000000000, 0.000000000000000000, -1.000000000000000000 ) ) ;
#1683 = ORIENTED_EDGE ( 'NONE', *, *, #1370, .T. ) ;
#1684 = VECTOR ( 'NONE', #3394, 1000.000000000000000 ) ;
#1685 = CARTESIAN_POINT ( 'NONE',  ( 1.449999999999999956, 0.2499999999999998890, 2.699999999999999734 ) ) ;
#1686 = AXIS2_PLACEMENT_3D ( 'NONE', #5052, #5020, #2009 ) ;
#1687 = EDGE_LOOP ( 'NONE', ( #5269, #1004, #4856, #3616 ) ) ;
#1688 = CIRCLE ( 'NONE', #1502, 0.08500000000000011713 ) ;
#1689 = DIRECTION ( 'NONE',  ( -1.000000000000000000, -1.807003620809174385E-16, 0.000000000000000000 ) ) ;
#1690 = DIRECTION ( 'NONE',  ( 0.000000000000000000, 0.000000000000000000, -1.000000000000000000 ) ) ;
#1691 = DIRECTION ( 'NONE',  ( -1.000000000000000000, 0.000000000000000000, 0.000000000000000000 ) ) ;
#1692 = AXIS2_PLACEMENT_3D ( 'NONE', #2789, #4513, #2701 ) ;
#1693 = CARTESIAN_POINT ( 'NONE',  ( -2.975000000000004974, 1.055172413793084907, -0.8879310344827583412 ) ) ;
#1694 = PLANE ( 'NONE',  #1859 ) ;
#1695 = EDGE_CURVE ( 'NONE', #1440, #2989, #2966, .T. ) ;
#1696 = ORIENTED_EDGE ( 'NONE', *, *, #1197, .F. ) ;
#1697 = DIRECTION ( 'NONE',  ( -0.000000000000000000, 1.000000000000000000, -0.000000000000000000 ) ) ;
#1698 = ORIENTED_EDGE ( 'NONE', *, *, #3801, .T. ) ;
#1699 = DIRECTION ( 'NONE',  ( 1.000000000000000000, 0.000000000000000000, -0.000000000000000000 ) ) ;
#1700 = VECTOR ( 'NONE', #4051, 1000.000000000000000 ) ;
#1701 = CARTESIAN_POINT ( 'NONE',  ( 0.2000000000000000666, 1.200000000000000178, 2.699999999999999734 ) ) ;
#1702 = CARTESIAN_POINT ( 'NONE',  ( 2.550000000000000266, 1.499999999999999556, 1.399999999999999689 ) ) ;
#1703 = ORIENTED_EDGE ( 'NONE', *, *, #2618, .T. ) ;
#1704 = DIRECTION ( 'NONE',  ( 5.473822126268816683E-48, -1.204669080539450330E-16, -1.000000000000000000 ) ) ;
#1705 = EDGE_LOOP ( 'NONE', ( #20, #3274, #462, #2349 ) ) ;
#1706 = ORIENTED_EDGE ( 'NONE', *, *, #1709, .T. ) ;
#1707 = CARTESIAN_POINT ( 'NONE',  ( -1.550000000000000266, 0.4000000000000000222, 1.399999999999999689 ) ) ;
#1708 = ORIENTED_EDGE ( 'NONE', *, *, #5315, .F. ) ;
#1709 = EDGE_CURVE ( 'NONE', #1100, #5416, #726, .T. ) ;
#1710 = LINE ( 'NONE', #5115, #2948 ) ;
#1711 = EDGE_CURVE ( 'NONE', #2288, #3753, #4474, .T. ) ;
#1712 = ORIENTED_EDGE ( 'NONE', *, *, #3894, .F. ) ;
#1713 = CARTESIAN_POINT ( 'NONE',  ( 2.750000000000000444, 1.350000000000000089, 0.9499999999999997335 ) ) ;
#1714 = EDGE_CURVE ( 'NONE', #4961, #3607, #2325, .T. ) ;
#1715 = DIRECTION ( 'NONE',  ( -1.000000000000000000, -1.807003620809174385E-16, 0.000000000000000000 ) ) ;
#1716 = DIRECTION ( 'NONE',  ( -1.000000000000000000, -1.872461465063587556E-16, 0.000000000000000000 ) ) ;
#1717 = PLANE ( 'NONE',  #156 ) ;
#1718 = DIRECTION ( 'NONE',  ( -1.000000000000000000, 3.304235192336774723E-15, 0.000000000000000000 ) ) ;
#1719 = VERTEX_POINT ( 'NONE', #3626 ) ;
#1720 = CARTESIAN_POINT ( 'NONE',  ( -2.800000000000000711, 1.055172413793090014, 0.8879310344827630042 ) ) ;
#1721 = EDGE_LOOP ( 'NONE', ( #499, #479, #5466, #3636 ) ) ;
#1722 = PLANE ( 'NONE',  #5472 ) ;
#1723 = EDGE_CURVE ( 'NONE', #284, #5141, #1945, .T. ) ;
#1724 = DIRECTION ( 'NONE',  ( 1.000000000000000000, 0.000000000000000000, 0.000000000000000000 ) ) ;
#1725 = EDGE_CURVE ( 'NONE', #1352, #2639, #608, .T. ) ;
#1726 = CARTESIAN_POINT ( 'NONE',  ( -2.975000000000005418, 1.199999999999981304, -0.7499999999999995559 ) ) ;
#1727 = ORIENTED_EDGE ( 'NONE', *, *, #4317, .T. ) ;
#1728 = CARTESIAN_POINT ( 'NONE',  ( -4.000000000000003553, 0.1500000000000003830, -1.374999999999999556 ) ) ;
#1729 = ORIENTED_EDGE ( 'NONE', *, *, #2922, .T. ) ;
#1730 = ORIENTED_EDGE ( 'NONE', *, *, #4177, .F. ) ;
#1731 = LINE ( 'NONE', #2557, #1064 ) ;
#1732 = ORIENTED_EDGE ( 'NONE', *, *, #467, .T. ) ;
#1733 = EDGE_CURVE ( 'NONE', #463, #3101, #3603, .T. ) ;
#1734 = ORIENTED_EDGE ( 'NONE', *, *, #1132, .F. ) ;
#1735 = FACE_OUTER_BOUND ( 'NONE', #2446, .T. ) ;
#1736 = ADVANCED_FACE ( 'NONE', ( #206 ), #154, .T. ) ;
#1737 = LINE ( 'NONE', #3790, #502 ) ;
#1738 = DIRECTION ( 'NONE',  ( -1.000000000000000000, -3.304235192336774723E-15, 0.000000000000000000 ) ) ;
#1739 = CARTESIAN_POINT ( 'NONE',  ( 2.974999999999999645, 0.9000000000000002442, 0.9499999999999997335 ) ) ;
#1740 = VECTOR ( 'NONE', #1276, 1000.000000000000000 ) ;
#1741 = ADVANCED_FACE ( 'NONE', ( #4877 ), #1871, .F. ) ;
#1742 = ORIENTED_EDGE ( 'NONE', *, *, #331, .T. ) ;
#1743 = ADVANCED_FACE ( 'NONE', ( #1442 ), #1056, .T. ) ;
#1744 = CARTESIAN_POINT ( 'NONE',  ( 2.687779585855529946E-16, 1.304807197859290947E-15, 0.9250000000000001554 ) ) ;
#1745 = ORIENTED_EDGE ( 'NONE', *, *, #4563, .T. ) ;
#1746 = DIRECTION ( 'NONE',  ( 1.000000000000000000, 0.000000000000000000, -0.000000000000000000 ) ) ;
#1747 = VECTOR ( 'NONE', #5007, 1000.000000000000000 ) ;
#1748 = DIRECTION ( 'NONE',  ( 1.000000000000000000, 0.000000000000000000, 0.000000000000000000 ) ) ;
#1749 = CARTESIAN_POINT ( 'NONE',  ( 0.000000000000000000, 0.000000000000000000, 0.9499999999999997335 ) ) ;
#1750 = VECTOR ( 'NONE', #998, 1000.000000000000000 ) ;
#1751 = SPHERICAL_SURFACE ( 'NONE', #2474, 0.05000000000000000278 ) ;
#1752 = CARTESIAN_POINT ( 'NONE',  ( 3.850000000000003642, 4.414390002360523406E-16, -1.374999999999999556 ) ) ;
#1753 = ORIENTED_EDGE ( 'NONE', *, *, #2457, .F. ) ;
#1754 = CARTESIAN_POINT ( 'NONE',  ( 0.2000000000000000666, 0.2999999999999999334, 2.699999999999999734 ) ) ;
#1755 = CARTESIAN_POINT ( 'NONE',  ( 2.950000000000000622, 1.055172413793104447, -0.8879310344827583412 ) ) ;
#1756 = ORIENTED_EDGE ( 'NONE', *, *, #5259, .T. ) ;
#1757 = CIRCLE ( 'NONE', #4921, 0.1750000000000001554 ) ;
#1758 = ORIENTED_EDGE ( 'NONE', *, *, #5083, .T. ) ;
#1759 = VECTOR ( 'NONE', #5236, 1000.000000000000000 ) ;
#1760 = DIRECTION ( 'NONE',  ( 0.000000000000000000, 1.000000000000000000, 0.000000000000000000 ) ) ;
#1761 = VERTEX_POINT ( 'NONE', #2694 ) ;
#1762 = AXIS2_PLACEMENT_3D ( 'NONE', #2269, #2780, #4396 ) ;
#1763 = VECTOR ( 'NONE', #599, 1000.000000000000000 ) ;
#1764 = EDGE_LOOP ( 'NONE', ( #2531, #835, #2534, #4527, #3593, #5111, #4888, #4687, #4602, #174, #1409, #617 ) ) ;
#1765 = LINE ( 'NONE', #3897, #5404 ) ;
#1766 = VECTOR ( 'NONE', #5179, 1000.000000000000000 ) ;
#1767 = ORIENTED_EDGE ( 'NONE', *, *, #2452, .F. ) ;
#1768 = CARTESIAN_POINT ( 'NONE',  ( 2.950000000000003286, 0.2150000000000001354, -0.8400000000000000799 ) ) ;
#1769 = LINE ( 'NONE', #1825, #3677 ) ;
#1770 = DIRECTION ( 'NONE',  ( 1.872461465063586570E-16, -1.000000000000000000, 1.204669080539449837E-16 ) ) ;
#1771 =( GEOMETRIC_REPRESENTATION_CONTEXT ( 3 ) GLOBAL_UNCERTAINTY_ASSIGNED_CONTEXT ( ( #3872 ) ) GLOBAL_UNIT_ASSIGNED_CONTEXT ( ( #4704, #405, #2151 ) ) REPRESENTATION_CONTEXT ( 'NONE', 'WORKASPACE' ) );
#1772 = CIRCLE ( 'NONE', #4316, 0.1999999999999998723 ) ;
#1773 = VERTEX_POINT ( 'NONE', #4506 ) ;
#1774 = CARTESIAN_POINT ( 'NONE',  ( -4.000000000000003553, 5.850174222369693777E-16, -8.144521451741727255E-32 ) ) ;
#1775 = VERTEX_POINT ( 'NONE', #3440 ) ;
#1776 = VERTEX_POINT ( 'NONE', #123 ) ;
#1777 = VECTOR ( 'NONE', #5563, 1000.000000000000000 ) ;
#1778 = DIRECTION ( 'NONE',  ( -0.000000000000000000, -0.000000000000000000, -1.000000000000000000 ) ) ;
#1779 = AXIS2_PLACEMENT_3D ( 'NONE', #1086, #5504, #238 ) ;
#1780 = ADVANCED_FACE ( 'NONE', ( #1392 ), #3121, .F. ) ;
#1781 = DIRECTION ( 'NONE',  ( 0.000000000000000000, 0.000000000000000000, 1.000000000000000000 ) ) ;
#1782 = FACE_OUTER_BOUND ( 'NONE', #1721, .T. ) ;
#1783 = ADVANCED_FACE ( 'NONE', ( #3546 ), #1422, .T. ) ;
#1784 = VECTOR ( 'NONE', #208, 1000.000000000000114 ) ;
#1785 = DIRECTION ( 'NONE',  ( 1.807003620809174139E-16, -1.000000000000000000, 1.204669080539449837E-16 ) ) ;
#1786 = PLANE ( 'NONE',  #2014 ) ;
#1787 = ORIENTED_EDGE ( 'NONE', *, *, #65, .T. ) ;
#1788 = CARTESIAN_POINT ( 'NONE',  ( -3.000000000000003553, 0.2000000000000005940, -1.374999999999999556 ) ) ;
#1789 = CARTESIAN_POINT ( 'NONE',  ( 2.750000000000000444, 1.350000000000000311, -0.9499999999999998446 ) ) ;
#1790 = EDGE_CURVE ( 'NONE', #1101, #4281, #551, .T. ) ;
#1791 = ORIENTED_EDGE ( 'NONE', *, *, #3393, .F. ) ;
#1792 = AXIS2_PLACEMENT_3D ( 'NONE', #4585, #1577, #1014 ) ;
#1793 = ORIENTED_EDGE ( 'NONE', *, *, #4892, .T. ) ;
#1794 = DIRECTION ( 'NONE',  ( -1.872461465063586570E-16, 1.000000000000000000, 1.204669080539449837E-16 ) ) ;
#1795 = ORIENTED_EDGE ( 'NONE', *, *, #1268, .T. ) ;
#1796 = EDGE_CURVE ( 'NONE', #3329, #4961, #5203, .T. ) ;
#1797 = EDGE_CURVE ( 'NONE', #1775, #388, #2292, .T. ) ;
#1798 = ORIENTED_EDGE ( 'NONE', *, *, #5526, .F. ) ;
#1799 = CARTESIAN_POINT ( 'NONE',  ( 2.750000000000000444, 1.300000000000000266, -0.9499999999999998446 ) ) ;
#1800 = VERTEX_POINT ( 'NONE', #1284 ) ;
#1801 = DIRECTION ( 'NONE',  ( 0.000000000000000000, 0.000000000000000000, -1.000000000000000000 ) ) ;
#1802 = CARTESIAN_POINT ( 'NONE',  ( 1.399999999999999911, 1.200000000000000178, 2.750000000000000000 ) ) ;
#1803 = VERTEX_POINT ( 'NONE', #183 ) ;
#1804 = CARTESIAN_POINT ( 'NONE',  ( -2.025000000000000355, 0.000000000000000000, -1.399999999999999689 ) ) ;
#1805 = EDGE_LOOP ( 'NONE', ( #637, #2863, #1876, #1146 ) ) ;
#1806 = VERTEX_POINT ( 'NONE', #4900 ) ;
#1807 = DIRECTION ( 'NONE',  ( -0.000000000000000000, 1.000000000000000000, -0.000000000000000000 ) ) ;
#1808 = DIRECTION ( 'NONE',  ( 0.000000000000000000, -1.000000000000000000, 0.000000000000000000 ) ) ;
#1809 = ADVANCED_FACE ( 'NONE', ( #3016 ), #2746, .T. ) ;
#1810 = FACE_OUTER_BOUND ( 'NONE', #1231, .T. ) ;
#1811 = CARTESIAN_POINT ( 'NONE',  ( -2.550000000000000266, 1.475000000000000089, -1.389999999999999680 ) ) ;
#1812 = ORIENTED_EDGE ( 'NONE', *, *, #331, .F. ) ;
#1813 = CARTESIAN_POINT ( 'NONE',  ( 4.000000000000003553, 0.1500000000000004385, -0.9249999999999998224 ) ) ;
#1814 = EDGE_CURVE ( 'NONE', #1820, #520, #4947, .T. ) ;
#1815 = LINE ( 'NONE', #5222, #1588 ) ;
#1816 = ORIENTED_EDGE ( 'NONE', *, *, #1447, .F. ) ;
#1817 = DIRECTION ( 'NONE',  ( 0.000000000000000000, 0.000000000000000000, -1.000000000000000000 ) ) ;
#1818 = EDGE_CURVE ( 'NONE', #822, #4321, #1620, .T. ) ;
#1819 = LINE ( 'NONE', #1897, #1154 ) ;
#1820 = VERTEX_POINT ( 'NONE', #2921 ) ;
#1821 = ORIENTED_EDGE ( 'NONE', *, *, #1195, .T. ) ;
#1822 = DIRECTION ( 'NONE',  ( -1.000000000000000000, -3.304235192336774723E-15, 0.000000000000000000 ) ) ;
#1823 = EDGE_LOOP ( 'NONE', ( #2705, #5426, #885 ) ) ;
#1824 = EDGE_CURVE ( 'NONE', #4122, #5477, #348, .T. ) ;
#1825 = CARTESIAN_POINT ( 'NONE',  ( 2.799999999999999822, 1.350000000000000089, 1.389999999999999680 ) ) ;
#1826 = ORIENTED_EDGE ( 'NONE', *, *, #3457, .T. ) ;
#1827 = FACE_OUTER_BOUND ( 'NONE', #2164, .T. ) ;
#1828 = ORIENTED_EDGE ( 'NONE', *, *, #3150, .F. ) ;
#1829 = ORIENTED_EDGE ( 'NONE', *, *, #1197, .T. ) ;
#1830 = CARTESIAN_POINT ( 'NONE',  ( 3.000000000000003109, 0.2000000000000007050, 0.9249999999999998224 ) ) ;
#1831 = PLANE ( 'NONE',  #4481 ) ;
#1832 = VECTOR ( 'NONE', #2063, 1000.000000000000000 ) ;
#1833 = DIRECTION ( 'NONE',  ( -1.000000000000000000, 0.000000000000000000, -1.286288226170732780E-48 ) ) ;
#1834 = ORIENTED_EDGE ( 'NONE', *, *, #1863, .F. ) ;
#1835 = CARTESIAN_POINT ( 'NONE',  ( 2.950000000000003286, 0.2000000000000004829, -0.9250000000000000444 ) ) ;
#1836 = DIRECTION ( 'NONE',  ( 1.000000000000000000, 0.000000000000000000, -2.320584820479771184E-34 ) ) ;
#1837 = ORIENTED_EDGE ( 'NONE', *, *, #3724, .T. ) ;
#1838 = CARTESIAN_POINT ( 'NONE',  ( -4.000000000000003553, 5.759824041329242306E-16, 0.9249999999999998224 ) ) ;
#1839 = CIRCLE ( 'NONE', #5014, 0.05000000000000012768 ) ;
#1840 = DIRECTION ( 'NONE',  ( -0.4228854653311234224, -0.9061831399952656740, -0.000000000000000000 ) ) ;
#1841 = CARTESIAN_POINT ( 'NONE',  ( -2.800000000000000711, 0.8999999999999817035, 0.9499999999999997335 ) ) ;
#1842 = CIRCLE ( 'NONE', #4023, 0.05000000000000012768 ) ;
#1843 = VERTEX_POINT ( 'NONE', #4532 ) ;
#1844 = EDGE_CURVE ( 'NONE', #1101, #3098, #2232, .T. ) ;
#1845 = EDGE_CURVE ( 'NONE', #4452, #1097, #5421, .T. ) ;
#1846 = VECTOR ( 'NONE', #2081, 1000.000000000000000 ) ;
#1847 = VERTEX_POINT ( 'NONE', #1194 ) ;
#1848 = FACE_OUTER_BOUND ( 'NONE', #928, .T. ) ;
#1849 = ORIENTED_EDGE ( 'NONE', *, *, #2725, .F. ) ;
#1850 = VECTOR ( 'NONE', #972, 1000.000000000000000 ) ;
#1851 = CARTESIAN_POINT ( 'NONE',  ( 2.950000000000003286, 0.2150000000000002465, 0.8400000000000000799 ) ) ;
#1852 = VECTOR ( 'NONE', #4384, 1000.000000000000000 ) ;
#1853 = ORIENTED_EDGE ( 'NONE', *, *, #1573, .F. ) ;
#1854 = AXIS2_PLACEMENT_3D ( 'NONE', #2783, #1874, #604 ) ;
#1855 = DIRECTION ( 'NONE',  ( 2.176841390411644152E-32, -1.204669080539449837E-16, 1.000000000000000000 ) ) ;
#1856 = VERTEX_POINT ( 'NONE', #2040 ) ;
#1857 = ORIENTED_EDGE ( 'NONE', *, *, #4721, .F. ) ;
#1858 = DIRECTION ( 'NONE',  ( 0.000000000000000000, 0.000000000000000000, 1.000000000000000000 ) ) ;
#1859 = AXIS2_PLACEMENT_3D ( 'NONE', #3000, #4720, #2146 ) ;
#1860 = DIRECTION ( 'NONE',  ( 0.000000000000000000, -0.000000000000000000, 1.000000000000000000 ) ) ;
#1861 = AXIS2_PLACEMENT_3D ( 'NONE', #5011, #1130, #1162 ) ;
#1862 = DIRECTION ( 'NONE',  ( 0.000000000000000000, -1.000000000000000000, 1.204669080539449837E-16 ) ) ;
#1863 = EDGE_CURVE ( 'NONE', #2238, #1803, #4561, .T. ) ;
#1864 = VECTOR ( 'NONE', #4179, 1000.000000000000000 ) ;
#1865 = VECTOR ( 'NONE', #1212, 1000.000000000000000 ) ;
#1866 = FACE_OUTER_BOUND ( 'NONE', #1564, .T. ) ;
#1867 = ORIENTED_EDGE ( 'NONE', *, *, #342, .T. ) ;
#1868 = CARTESIAN_POINT ( 'NONE',  ( -2.425000000000000266, 0.1499999999999999944, -2.399999999999999911 ) ) ;
#1869 = LINE ( 'NONE', #3602, #3944 ) ;
#1870 = ORIENTED_EDGE ( 'NONE', *, *, #4976, .T. ) ;
#1871 = PLANE ( 'NONE',  #329 ) ;
#1872 = AXIS2_PLACEMENT_3D ( 'NONE', #5078, #3292, #4533 ) ;
#1873 = DIRECTION ( 'NONE',  ( 1.000000000000000000, 3.304235192336774723E-15, 0.000000000000000000 ) ) ;
#1874 = DIRECTION ( 'NONE',  ( -1.000000000000000000, 3.304235192336774723E-15, -0.000000000000000000 ) ) ;
#1875 = DIRECTION ( 'NONE',  ( -1.000000000000000000, 0.000000000000000000, 2.320584820479771184E-34 ) ) ;
#1876 = ORIENTED_EDGE ( 'NONE', *, *, #2618, .F. ) ;
#1877 = ORIENTED_EDGE ( 'NONE', *, *, #4758, .T. ) ;
#1878 = DIRECTION ( 'NONE',  ( 3.304235192336774723E-15, -1.000000000000000000, -1.032573497605241854E-16 ) ) ;
#1879 = ADVANCED_FACE ( 'NONE', ( #5387 ), #4228, .T. ) ;
#1880 = ORIENTED_EDGE ( 'NONE', *, *, #3922, .F. ) ;
#1881 = ADVANCED_FACE ( 'NONE', ( #293 ), #2835, .T. ) ;
#1882 = FACE_OUTER_BOUND ( 'NONE', #3992, .T. ) ;
#1883 = ORIENTED_EDGE ( 'NONE', *, *, #371, .F. ) ;
#1884 = EDGE_CURVE ( 'NONE', #5255, #1650, #3290, .T. ) ;
#1885 = CARTESIAN_POINT ( 'NONE',  ( 2.800000000000003375, 0.2149999999999997469, 0.8400000000000000799 ) ) ;
#1886 = ORIENTED_EDGE ( 'NONE', *, *, #3029, .F. ) ;
#1887 = VERTEX_POINT ( 'NONE', #5021 ) ;
#1888 = DIRECTION ( 'NONE',  ( -1.807003620809173892E-16, 1.000000000000000000, 1.204669080539450330E-16 ) ) ;
#1889 = CARTESIAN_POINT ( 'NONE',  ( 2.013518320330219034E-16, 0.1500000000000014100, 1.807003620809192751E-17 ) ) ;
#1890 = DIRECTION ( 'NONE',  ( 1.000000000000000000, 0.000000000000000000, -0.000000000000000000 ) ) ;
#1891 = CARTESIAN_POINT ( 'NONE',  ( 1.449999999999999956, 1.200000000000000178, 2.699999999999999734 ) ) ;
#1892 = ORIENTED_EDGE ( 'NONE', *, *, #615, .F. ) ;
#1893 = CARTESIAN_POINT ( 'NONE',  ( -2.974999999999999645, 0.9000000000000000222, 0.9499999999999997335 ) ) ;
#1894 = DIRECTION ( 'NONE',  ( -1.000000000000000000, -1.807003620809174385E-16, 0.000000000000000000 ) ) ;
#1895 = CARTESIAN_POINT ( 'NONE',  ( 0.2000000000000000944, 0.2499999999999998890, 2.699999999999999734 ) ) ;
#1896 = EDGE_CURVE ( 'NONE', #138, #2629, #716, .T. ) ;
#1897 = CARTESIAN_POINT ( 'NONE',  ( -3.000000000000003553, 5.963111948670274387E-16, -1.374999999999999556 ) ) ;
#1898 = CARTESIAN_POINT ( 'NONE',  ( -1.550000000000000266, 0.4000000000000000222, 1.300000000000000044 ) ) ;
#1899 = CYLINDRICAL_SURFACE ( 'NONE', #3938, 0.1499999999999999667 ) ;
#1900 = ORIENTED_EDGE ( 'NONE', *, *, #1292, .T. ) ;
#1901 = ORIENTED_EDGE ( 'NONE', *, *, #222, .T. ) ;
#1902 = LINE ( 'NONE', #4828, #4855 ) ;
#1903 = ORIENTED_EDGE ( 'NONE', *, *, #5454, .T. ) ;
#1904 = EDGE_CURVE ( 'NONE', #1000, #4075, #3401, .T. ) ;
#1905 = CARTESIAN_POINT ( 'NONE',  ( 1.732649100570680543E-16, 1.196386980610740503E-15, -0.9249999999999998224 ) ) ;
#1906 = ADVANCED_FACE ( 'NONE', ( #2010 ), #5405, .T. ) ;
#1907 = EDGE_LOOP ( 'NONE', ( #224, #4057, #4186, #1421 ) ) ;
#1908 = DIRECTION ( 'NONE',  ( -0.000000000000000000, 0.7071067811865464625, 0.7071067811865486830 ) ) ;
#1909 = DIRECTION ( 'NONE',  ( -1.000000000000000000, 1.807003620809174385E-16, 0.000000000000000000 ) ) ;
#1910 = ORIENTED_EDGE ( 'NONE', *, *, #207, .T. ) ;
#1911 = VERTEX_POINT ( 'NONE', #4196 ) ;
#1912 = DIRECTION ( 'NONE',  ( -1.000000000000000000, 3.304235192336774723E-15, 0.000000000000000000 ) ) ;
#1913 = DIRECTION ( 'NONE',  ( -1.000000000000000000, 3.304235192336774723E-15, 0.000000000000000000 ) ) ;
#1914 = EDGE_CURVE ( 'NONE', #4202, #3385, #953, .T. ) ;
#1915 = CARTESIAN_POINT ( 'NONE',  ( -1.550000000000000266, 1.250000000000000000, 1.099999999999999867 ) ) ;
#1916 = EDGE_CURVE ( 'NONE', #1911, #2076, #3742, .T. ) ;
#1917 = DIRECTION ( 'NONE',  ( -1.000000000000000000, 0.000000000000000000, -6.944994767471928987E-47 ) ) ;
#1918 = EDGE_LOOP ( 'NONE', ( #2341, #4998, #3726, #91, #1666, #2818 ) ) ;
#1919 = DIRECTION ( 'NONE',  ( 0.000000000000000000, -1.000000000000000000, 0.000000000000000000 ) ) ;
#1920 = CARTESIAN_POINT ( 'NONE',  ( 1.399999999999999911, 0.2499999999999998890, 2.699999999999999734 ) ) ;
#1921 = PLANE ( 'NONE',  #1686 ) ;
#1922 = DIRECTION ( 'NONE',  ( -1.000000000000000000, 1.872461465063584104E-16, 0.000000000000000000 ) ) ;
#1923 = VECTOR ( 'NONE', #4673, 1000.000000000000000 ) ;
#1924 = DIRECTION ( 'NONE',  ( 0.000000000000000000, 1.000000000000000000, 0.000000000000000000 ) ) ;
#1925 = DIRECTION ( 'NONE',  ( 0.000000000000000000, -0.000000000000000000, 1.000000000000000000 ) ) ;
#1926 = CARTESIAN_POINT ( 'NONE',  ( 2.800000000000003375, 0.2999999999999995448, -0.8400000000000000799 ) ) ;
#1927 = VERTEX_POINT ( 'NONE', #5077 ) ;
#1928 = AXIS2_PLACEMENT_3D ( 'NONE', #4979, #257, #4581 ) ;
#1929 = PRODUCT_DEFINITION_CONTEXT ( 'detailed design', #104, 'design' ) ;
#1930 = VERTEX_POINT ( 'NONE', #3263 ) ;
#1931 = VECTOR ( 'NONE', #2688, 1000.000000000000000 ) ;
#1932 = CYLINDRICAL_SURFACE ( 'NONE', #1964, 0.3750000000000001665 ) ;
#1933 = VERTEX_POINT ( 'NONE', #268 ) ;
#1934 = CARTESIAN_POINT ( 'NONE',  ( 1.550000000000000266, 1.250000000000000000, 1.300000000000000044 ) ) ;
#1935 = AXIS2_PLACEMENT_3D ( 'NONE', #3993, #1807, #4813 ) ;
#1936 = VERTEX_POINT ( 'NONE', #5471 ) ;
#1937 = PLANE ( 'NONE',  #5373 ) ;
#1938 = VECTOR ( 'NONE', #3746, 1000.000000000000000 ) ;
#1939 = CARTESIAN_POINT ( 'NONE',  ( -3.000000000000003553, 0.2000000000000005940, -0.9249999999999998224 ) ) ;
#1940 = EDGE_LOOP ( 'NONE', ( #2048, #1995, #3075, #1432 ) ) ;
#1941 = ORIENTED_EDGE ( 'NONE', *, *, #3047, .T. ) ;
#1942 = DIRECTION ( 'NONE',  ( -0.000000000000000000, -1.000000000000000000, 1.445602896647372167E-14 ) ) ;
#1943 = CARTESIAN_POINT ( 'NONE',  ( 2.800000000000002931, 0.2000000000000001776, 0.9249999999999998224 ) ) ;
#1944 = PLANE ( 'NONE',  #3947 ) ;
#1945 = CIRCLE ( 'NONE', #4491, 0.1499999999999999667 ) ;
#1946 = VECTOR ( 'NONE', #5074, 1000.000000000000000 ) ;
#1947 = PLANE ( 'NONE',  #3554 ) ;
#1948 = ORIENTED_EDGE ( 'NONE', *, *, #1503, .F. ) ;
#1949 = AXIS2_PLACEMENT_3D ( 'NONE', #2234, #178, #2260 ) ;
#1950 = DIRECTION ( 'NONE',  ( -1.000000000000000000, 0.000000000000000000, 0.000000000000000000 ) ) ;
#1951 =( GEOMETRIC_REPRESENTATION_CONTEXT ( 3 ) GLOBAL_UNCERTAINTY_ASSIGNED_CONTEXT ( ( #813 ) ) GLOBAL_UNIT_ASSIGNED_CONTEXT ( ( #5055, #2900, #2044 ) ) REPRESENTATION_CONTEXT ( 'NONE', 'WORKASPACE' ) );
#1952 = CARTESIAN_POINT ( 'NONE',  ( -2.750000000000000444, 1.350000000000000089, 0.000000000000000000 ) ) ;
#1953 = EDGE_CURVE ( 'NONE', #569, #4725, #768, .T. ) ;
#1954 = EDGE_CURVE ( 'NONE', #1094, #1436, #2496, .T. ) ;
#1955 = DIRECTION ( 'NONE',  ( -0.4228854653311235889, 0.9061831399952654520, 0.000000000000000000 ) ) ;
#1956 = CARTESIAN_POINT ( 'NONE',  ( 2.950000000000003286, 0.2000000000000005662, 0.9250000000000000444 ) ) ;
#1957 = COLOUR_RGB ( '',0.7921568627450980005, 0.8196078431372548767, 0.9333333333333333481 ) ;
#1958 = VECTOR ( 'NONE', #3699, 1000.000000000000000 ) ;
#1959 = DIRECTION ( 'NONE',  ( -0.000000000000000000, -0.000000000000000000, 1.000000000000000000 ) ) ;
#1960 = EDGE_CURVE ( 'NONE', #3881, #2513, #1173, .T. ) ;
#1961 = DIRECTION ( 'NONE',  ( -1.000000000000000000, 0.000000000000000000, 0.000000000000000000 ) ) ;
#1962 = LINE ( 'NONE', #1533, #417 ) ;
#1963 = EDGE_LOOP ( 'NONE', ( #662, #5284, #5513, #3138 ) ) ;
#1964 = AXIS2_PLACEMENT_3D ( 'NONE', #3663, #4429, #3159 ) ;
#1965 = EDGE_LOOP ( 'NONE', ( #2933, #444, #4741, #902 ) ) ;
#1966 = DIRECTION ( 'NONE',  ( 0.000000000000000000, 1.000000000000000000, 0.000000000000000000 ) ) ;
#1967 = ORIENTED_EDGE ( 'NONE', *, *, #1814, .F. ) ;
#1968 = AXIS2_PLACEMENT_3D ( 'NONE', #4917, #198, #3618 ) ;
#1969 = EDGE_CURVE ( 'NONE', #5477, #2273, #4406, .T. ) ;
#1970 = DIRECTION ( 'NONE',  ( 0.000000000000000000, 1.000000000000000000, 1.032573497605241854E-16 ) ) ;
#1971 = ADVANCED_FACE ( 'NONE', ( #5214 ), #5551, .F. ) ;
#1972 = AXIS2_PLACEMENT_3D ( 'NONE', #3843, #5092, #311 ) ;
#1973 = VERTEX_POINT ( 'NONE', #2983 ) ;
#1974 = DIRECTION ( 'NONE',  ( 0.000000000000000000, 0.000000000000000000, 1.000000000000000000 ) ) ;
#1975 = CARTESIAN_POINT ( 'NONE',  ( -3.000000000000003109, 0.2000000000000007605, 0.9249999999999997113 ) ) ;
#1976 = ORIENTED_EDGE ( 'NONE', *, *, #777, .F. ) ;
#1977 = VERTEX_POINT ( 'NONE', #3856 ) ;
#1978 = SPHERICAL_SURFACE ( 'NONE', #1792, 0.05000000000000000278 ) ;
#1979 = DIRECTION ( 'NONE',  ( -0.4228854653311233669, -0.9061831399952655630, 0.000000000000000000 ) ) ;
#1980 = FACE_OUTER_BOUND ( 'NONE', #385, .T. ) ;
#1981 = DIRECTION ( 'NONE',  ( -5.102127870520017432E-15, -1.000000000000000000, 0.000000000000000000 ) ) ;
#1982 = EDGE_LOOP ( 'NONE', ( #2824, #4944, #5567, #1277 ) ) ;
#1983 = CARTESIAN_POINT ( 'NONE',  ( -2.025000000000000355, 0.1499999999999999944, -1.399999999999999689 ) ) ;
#1984 = DIRECTION ( 'NONE',  ( -0.000000000000000000, -0.000000000000000000, -1.000000000000000000 ) ) ;
#1985 = DIRECTION ( 'NONE',  ( 0.000000000000000000, -1.000000000000000000, 0.000000000000000000 ) ) ;
#1986 = EDGE_CURVE ( 'NONE', #5592, #3756, #2152, .T. ) ;
#1987 = DIRECTION ( 'NONE',  ( -1.000000000000000000, 1.807003620809174385E-16, 0.000000000000000000 ) ) ;
#1988 = ADVANCED_FACE ( 'NONE', ( #3908 ), #379, .F. ) ;
#1989 = CARTESIAN_POINT ( 'NONE',  ( 2.550000000000000266, 1.499999999999999556, -1.399999999999999689 ) ) ;
#1990 = CARTESIAN_POINT ( 'NONE',  ( -1.732649100570680790E-16, 1.250597089235015725E-15, 1.374999999999999556 ) ) ;
#1991 = DIRECTION ( 'NONE',  ( -3.097720492815731011E-15, 1.000000000000000000, -3.097720492815730617E-16 ) ) ;
#1992 = ORIENTED_EDGE ( 'NONE', *, *, #2080, .T. ) ;
#1993 = ORIENTED_EDGE ( 'NONE', *, *, #455, .T. ) ;
#1994 = FACE_OUTER_BOUND ( 'NONE', #2647, .T. ) ;
#1995 = ORIENTED_EDGE ( 'NONE', *, *, #727, .F. ) ;
#1996 = DIRECTION ( 'NONE',  ( -3.605211097872687068E-31, 1.032573497605241854E-16, -1.000000000000000000 ) ) ;
#1997 = ORIENTED_EDGE ( 'NONE', *, *, #4722, .T. ) ;
#1998 = DIRECTION ( 'NONE',  ( 0.000000000000000000, -0.000000000000000000, 1.000000000000000000 ) ) ;
#1999 = CARTESIAN_POINT ( 'NONE',  ( -3.000000000000003109, 0.2000000000000007605, 0.9249999999999997113 ) ) ;
#2000 = ORIENTED_EDGE ( 'NONE', *, *, #1240, .T. ) ;
#2001 = EDGE_LOOP ( 'NONE', ( #3294, #2654, #1402, #2302, #704, #2552, #3095 ) ) ;
#2002 = LINE ( 'NONE', #4187, #4778 ) ;
#2003 = CARTESIAN_POINT ( 'NONE',  ( 4.000000000000003553, 0.1500000000000005218, 1.074999999999999734 ) ) ;
#2004 = CARTESIAN_POINT ( 'NONE',  ( -2.799999999999999822, 1.350000000000000089, 1.389999999999999680 ) ) ;
#2005 = CARTESIAN_POINT ( 'NONE',  ( 2.800000000000001155, 0.9000000000000002442, 0.9499999999999997335 ) ) ;
#2006 = ORIENTED_EDGE ( 'NONE', *, *, #4374, .F. ) ;
#2007 = LINE ( 'NONE', #1554, #4468 ) ;
#2008 = LINE ( 'NONE', #2463, #4846 ) ;
#2009 = DIRECTION ( 'NONE',  ( 0.000000000000000000, 1.000000000000000000, -1.204669080539450083E-16 ) ) ;
#2010 = FACE_OUTER_BOUND ( 'NONE', #1355, .T. ) ;
#2011 = CARTESIAN_POINT ( 'NONE',  ( -2.799999999999999822, 1.475000000000000089, -1.389999999999999680 ) ) ;
#2012 = DIRECTION ( 'NONE',  ( 0.000000000000000000, -0.000000000000000000, 1.000000000000000000 ) ) ;
#2013 = ORIENTED_EDGE ( 'NONE', *, *, #2792, .F. ) ;
#2014 = AXIS2_PLACEMENT_3D ( 'NONE', #95, #519, #5268 ) ;
#2015 = ORIENTED_EDGE ( 'NONE', *, *, #1093, .F. ) ;
#2016 = FACE_OUTER_BOUND ( 'NONE', #1480, .T. ) ;
#2017 = AXIS2_PLACEMENT_3D ( 'NONE', #2342, #2453, #1453 ) ;
#2018 = EDGE_CURVE ( 'NONE', #496, #2964, #3432, .T. ) ;
#2019 = EDGE_LOOP ( 'NONE', ( #4095, #2532, #1338, #2250 ) ) ;
#2020 = DIRECTION ( 'NONE',  ( 0.000000000000000000, 0.000000000000000000, 1.000000000000000000 ) ) ;
#2021 = ADVANCED_FACE ( 'NONE', ( #2118 ), #4255, .T. ) ;
#2022 = AXIS2_PLACEMENT_3D ( 'NONE', #2239, #3975, #98 ) ;
#2023 = ORIENTED_EDGE ( 'NONE', *, *, #5215, .F. ) ;
#2024 = CARTESIAN_POINT ( 'NONE',  ( 1.500000000000000000, -0.5500000000000001554, 0.000000000000000000 ) ) ;
#2025 = DIRECTION ( 'NONE',  ( -4.776611965246228323E-29, 1.445602896647372167E-14, 1.000000000000000000 ) ) ;
#2026 = ORIENTED_EDGE ( 'NONE', *, *, #5150, .F. ) ;
#2027 = FACE_OUTER_BOUND ( 'NONE', #5429, .T. ) ;
#2028 = VECTOR ( 'NONE', #3004, 1000.000000000000000 ) ;
#2029 = CARTESIAN_POINT ( 'NONE',  ( 3.000000000000003109, 7.024726575895664474E-16, 1.374999999999999556 ) ) ;
#2030 = DIRECTION ( 'NONE',  ( 0.000000000000000000, 0.000000000000000000, -1.000000000000000000 ) ) ;
#2031 = AXIS2_PLACEMENT_3D ( 'NONE', #5151, #1266, #2997 ) ;
#2032 = PLANE ( 'NONE',  #4193 ) ;
#2033 = ORIENTED_EDGE ( 'NONE', *, *, #2792, .T. ) ;
#2034 = LINE ( 'NONE', #13, #3297 ) ;
#2035 = DIRECTION ( 'NONE',  ( 1.000000000000000000, -3.304235192336774723E-15, 0.000000000000000000 ) ) ;
#2036 = AXIS2_PLACEMENT_3D ( 'NONE', #752, #2477, #4240 ) ;
#2037 = CARTESIAN_POINT ( 'NONE',  ( -2.799999999999999378, 1.055172413793085573, -0.8879310344827583412 ) ) ;
#2038 = ADVANCED_FACE ( 'NONE', ( #3480 ), #3826, .F. ) ;
#2039 = VECTOR ( 'NONE', #354, 1000.000000000000000 ) ;
#2040 = CARTESIAN_POINT ( 'NONE',  ( 2.950000000000003286, 0.2000000000000004829, -0.9250000000000000444 ) ) ;
#2041 = EDGE_CURVE ( 'NONE', #4951, #4657, #4334, .T. ) ;
#2042 = PRESENTATION_LAYER_ASSIGNMENT (  '', '', ( #1052 ) ) ;
#2043 = DIRECTION ( 'NONE',  ( -1.807003620809173892E-16, 1.000000000000000000, 1.204669080539450330E-16 ) ) ;
#2044 =( NAMED_UNIT ( * ) SI_UNIT ( $, .STERADIAN. ) SOLID_ANGLE_UNIT ( ) );
#2045 = PLANE ( 'NONE',  #2666 ) ;
#2046 = ORIENTED_EDGE ( 'NONE', *, *, #4176, .F. ) ;
#2047 = AXIS2_PLACEMENT_3D ( 'NONE', #5123, #2974, #1609 ) ;
#2048 = ORIENTED_EDGE ( 'NONE', *, *, #3097, .F. ) ;
#2049 = CARTESIAN_POINT ( 'NONE',  ( -2.799999999999999822, 0.000000000000000000, 1.399999999999999689 ) ) ;
#2050 = AXIS2_PLACEMENT_3D ( 'NONE', #446, #5174, #3874 ) ;
#2051 = ORIENTED_EDGE ( 'NONE', *, *, #372, .T. ) ;
#2052 = DIRECTION ( 'NONE',  ( -1.000000000000000000, 0.000000000000000000, 0.000000000000000000 ) ) ;
#2053 = ADVANCED_FACE ( 'NONE', ( #33 ), #802, .T. ) ;
#2054 = AXIS2_PLACEMENT_3D ( 'NONE', #3264, #2415, #1592 ) ;
#2055 = EDGE_LOOP ( 'NONE', ( #2385, #4804, #4437, #1285 ) ) ;
#2056 = DIRECTION ( 'NONE',  ( 0.000000000000000000, -1.000000000000000000, 0.000000000000000000 ) ) ;
#2057 = EDGE_CURVE ( 'NONE', #2502, #5157, #3063, .T. ) ;
#2058 = DIRECTION ( 'NONE',  ( -1.000000000000000000, 0.000000000000000000, 1.286288226170732780E-48 ) ) ;
#2059 = CARTESIAN_POINT ( 'NONE',  ( -1.550000000000000266, 0.4000000000000000222, 1.099999999999999867 ) ) ;
#2060 = DIRECTION ( 'NONE',  ( 4.336808689942020891E-15, 1.000000000000000000, 0.000000000000000000 ) ) ;
#2061 = DIRECTION ( 'NONE',  ( 0.000000000000000000, 0.000000000000000000, 1.000000000000000000 ) ) ;
#2062 = EDGE_CURVE ( 'NONE', #3437, #4937, #5161, .T. ) ;
#2063 = DIRECTION ( 'NONE',  ( -0.000000000000000000, 1.530638361156005111E-15, 1.000000000000000000 ) ) ;
#2064 = ORIENTED_EDGE ( 'NONE', *, *, #2470, .F. ) ;
#2065 = DIRECTION ( 'NONE',  ( 6.944994767471928987E-47, 0.000000000000000000, 1.000000000000000000 ) ) ;
#2066 = CARTESIAN_POINT ( 'NONE',  ( 2.974999999999999645, 1.100000000000000311, 1.389999999999999680 ) ) ;
#2067 = CARTESIAN_POINT ( 'NONE',  ( 2.074999999999999734, 0.1499999999999999944, -1.399999999999999689 ) ) ;
#2068 = DIRECTION ( 'NONE',  ( 0.000000000000000000, 0.000000000000000000, 1.000000000000000000 ) ) ;
#2069 = CARTESIAN_POINT ( 'NONE',  ( -2.800000000000003375, 0.2149999999999997469, 0.8400000000000000799 ) ) ;
#2070 = CARTESIAN_POINT ( 'NONE',  ( 1.449999999999999956, 0.3000000000000000444, 1.499999999999999334 ) ) ;
#2071 = LINE ( 'NONE', #2417, #1133 ) ;
#2072 = ORIENTED_EDGE ( 'NONE', *, *, #4055, .T. ) ;
#2073 = EDGE_CURVE ( 'NONE', #1081, #2964, #356, .T. ) ;
#2074 = ORIENTED_EDGE ( 'NONE', *, *, #3353, .T. ) ;
#2075 = LINE ( 'NONE', #1565, #3048 ) ;
#2076 = VERTEX_POINT ( 'NONE', #4680 ) ;
#2077 = CARTESIAN_POINT ( 'NONE',  ( 3.000000000000003109, 0.1500000000000006883, 0.9249999999999998224 ) ) ;
#2078 = EDGE_LOOP ( 'NONE', ( #46, #4557, #5028, #2506 ) ) ;
#2079 = CARTESIAN_POINT ( 'NONE',  ( -2.800000000000000266, 1.300000000000000266, -0.9499999999999997335 ) ) ;
#2080 = EDGE_CURVE ( 'NONE', #213, #1155, #2526, .T. ) ;
#2081 = DIRECTION ( 'NONE',  ( -1.000000000000000000, -0.000000000000000000, -0.000000000000000000 ) ) ;
#2082 = FACE_OUTER_BOUND ( 'NONE', #3439, .T. ) ;
#2083 = CARTESIAN_POINT ( 'NONE',  ( 2.974999999999999645, 1.100000000000000311, -0.9499999999999997335 ) ) ;
#2084 = CARTESIAN_POINT ( 'NONE',  ( -2.800000000000004263, 9.086646778926145772E-15, 0.9499999999999997335 ) ) ;
#2085 = DIRECTION ( 'NONE',  ( -1.872461465063586570E-16, 1.000000000000000000, -1.204669080539449837E-16 ) ) ;
#2086 = VERTEX_POINT ( 'NONE', #1275 ) ;
#2087 = LINE ( 'NONE', #320, #5287 ) ;
#2088 = CARTESIAN_POINT ( 'NONE',  ( 2.550000000000000266, 1.475000000000000089, -0.9499999999999997335 ) ) ;
#2089 = EDGE_CURVE ( 'NONE', #3998, #5140, #3580, .T. ) ;
#2090 = CARTESIAN_POINT ( 'NONE',  ( 0.000000000000000000, 0.1499999999999999944, 0.000000000000000000 ) ) ;
#2091 = DIRECTION ( 'NONE',  ( -1.872461465063586570E-16, 1.000000000000000000, 0.000000000000000000 ) ) ;
#2092 = EDGE_CURVE ( 'NONE', #3449, #4011, #1254, .T. ) ;
#2093 = DIRECTION ( 'NONE',  ( -1.000000000000000000, -1.301042606982602008E-14, 0.000000000000000000 ) ) ;
#2094 = ORIENTED_EDGE ( 'NONE', *, *, #816, .F. ) ;
#2095 = DIRECTION ( 'NONE',  ( -1.000000000000000000, -3.304235192336774723E-15, -0.000000000000000000 ) ) ;
#2096 = ORIENTED_EDGE ( 'NONE', *, *, #5046, .F. ) ;
#2097 = ORIENTED_EDGE ( 'NONE', *, *, #2711, .T. ) ;
#2098 = CARTESIAN_POINT ( 'NONE',  ( 1.550000000000000266, 1.250000000000000000, 2.699999999999999734 ) ) ;
#2099 = ORIENTED_EDGE ( 'NONE', *, *, #567, .T. ) ;
#2100 = VECTOR ( 'NONE', #1302, 1000.000000000000000 ) ;
#2101 = CARTESIAN_POINT ( 'NONE',  ( 0.2000000000000000944, 0.2999999999999999334, 2.750000000000000000 ) ) ;
#2102 = EDGE_CURVE ( 'NONE', #5241, #4405, #5528, .T. ) ;
#2103 = VERTEX_POINT ( 'NONE', #1300 ) ;
#2104 = VECTOR ( 'NONE', #112, 1000.000000000000000 ) ;
#2105 = DIRECTION ( 'NONE',  ( 0.000000000000000000, 1.000000000000000000, 1.445602896647372167E-14 ) ) ;
#2106 = CARTESIAN_POINT ( 'NONE',  ( -3.000000000000003553, 5.940524403410159054E-16, -1.374999999999999556 ) ) ;
#2107 = CARTESIAN_POINT ( 'NONE',  ( 1.500000000000000000, -0.3499999999999999778, -0.1749999999999998779 ) ) ;
#2108 = LINE ( 'NONE', #1693, #1865 ) ;
#2109 = VECTOR ( 'NONE', #2408, 1000.000000000000000 ) ;
#2110 = CARTESIAN_POINT ( 'NONE',  ( 1.500000000000000000, -0.5500000000000001554, 0.000000000000000000 ) ) ;
#2111 = ORIENTED_EDGE ( 'NONE', *, *, #2263, .T. ) ;
#2112 = AXIS2_PLACEMENT_3D ( 'NONE', #5456, #1239, #1632 ) ;
#2113 = DIRECTION ( 'NONE',  ( -0.000000000000000000, 1.000000000000000000, -0.000000000000000000 ) ) ;
#2114 = ORIENTED_EDGE ( 'NONE', *, *, #272, .F. ) ;
#2115 = CARTESIAN_POINT ( 'NONE',  ( -1.550000000000000266, 0.4000000000000000222, 1.099999999999999867 ) ) ;
#2116 = LINE ( 'NONE', #1252, #4932 ) ;
#2117 = DIRECTION ( 'NONE',  ( 1.000000000000000000, 0.000000000000000000, 6.944994767471928987E-47 ) ) ;
#2118 = FACE_OUTER_BOUND ( 'NONE', #929, .T. ) ;
#2119 = AXIS2_PLACEMENT_3D ( 'NONE', #1381, #1858, #1746 ) ;
#2120 = DIRECTION ( 'NONE',  ( -1.872461465063586570E-16, -1.000000000000000000, 1.204669080539449837E-16 ) ) ;
#2121 = ADVANCED_FACE ( 'NONE', ( #1016 ), #1414, .T. ) ;
#2122 = VERTEX_POINT ( 'NONE', #4871 ) ;
#2123 = ADVANCED_FACE ( 'NONE', ( #515 ), #3969, .F. ) ;
#2124 = CLOSED_SHELL ( 'NONE', ( #2907, #1278, #1881, #781, #950, #640 ) ) ;
#2125 = CARTESIAN_POINT ( 'NONE',  ( 0.2000000000000000944, 0.3000000000000000444, 1.549999999999999378 ) ) ;
#2126 = VERTEX_POINT ( 'NONE', #592 ) ;
#2127 = CIRCLE ( 'NONE', #4036, 0.3749999999999998890 ) ;
#2128 = VECTOR ( 'NONE', #999, 1000.000000000000000 ) ;
#2129 = EDGE_CURVE ( 'NONE', #2853, #2154, #2738, .T. ) ;
#2130 = EDGE_LOOP ( 'NONE', ( #4829, #45, #1343, #2733 ) ) ;
#2131 = CARTESIAN_POINT ( 'NONE',  ( -2.550000000000000266, 1.350000000000000089, -1.399999999999999689 ) ) ;
#2132 = ORIENTED_EDGE ( 'NONE', *, *, #2470, .T. ) ;
#2133 = VECTOR ( 'NONE', #1770, 1000.000000000000000 ) ;
#2134 = VECTOR ( 'NONE', #4478, 1000.000000000000000 ) ;
#2135 = CARTESIAN_POINT ( 'NONE',  ( 2.550000000000000266, 1.475000000000000089, -1.389999999999999680 ) ) ;
#2136 = VECTOR ( 'NONE', #5362, 1000.000000000000000 ) ;
#2137 = ORIENTED_EDGE ( 'NONE', *, *, #3457, .F. ) ;
#2138 = VECTOR ( 'NONE', #1095, 1000.000000000000000 ) ;
#2139 = LINE ( 'NONE', #4745, #1509 ) ;
#2140 = ADVANCED_FACE ( 'NONE', ( #4053 ), #3540, .F. ) ;
#2141 = DIRECTION ( 'NONE',  ( -1.000000000000000000, 0.000000000000000000, -4.336808689942017736E-16 ) ) ;
#2142 = CYLINDRICAL_SURFACE ( 'NONE', #2695, 0.1499999999999999667 ) ;
#2143 = EDGE_CURVE ( 'NONE', #3723, #2765, #4919, .T. ) ;
#2144 = AXIS2_PLACEMENT_3D ( 'NONE', #2382, #2872, #2466 ) ;
#2145 = CARTESIAN_POINT ( 'NONE',  ( -3.850000000000003642, 0.1500000000000005496, 1.074999999999999734 ) ) ;
#2146 = DIRECTION ( 'NONE',  ( -1.000000000000000000, 0.000000000000000000, -0.000000000000000000 ) ) ;
#2147 = ORIENTED_EDGE ( 'NONE', *, *, #1395, .F. ) ;
#2148 = LINE ( 'NONE', #1294, #130 ) ;
#2149 = ORIENTED_EDGE ( 'NONE', *, *, #4812, .T. ) ;
#2150 = DIRECTION ( 'NONE',  ( 0.000000000000000000, -0.000000000000000000, 1.000000000000000000 ) ) ;
#2151 =( NAMED_UNIT ( * ) SI_UNIT ( $, .STERADIAN. ) SOLID_ANGLE_UNIT ( ) );
#2152 = LINE ( 'NONE', #1220, #2493 ) ;
#2153 = PLANE ( 'NONE',  #2512 ) ;
#2154 = VERTEX_POINT ( 'NONE', #2657 ) ;
#2155 = ADVANCED_FACE ( 'NONE', ( #4022 ), #5267, .F. ) ;
#2156 = LINE ( 'NONE', #3489, #5205 ) ;
#2157 = ORIENTED_EDGE ( 'NONE', *, *, #247, .F. ) ;
#2158 = EDGE_CURVE ( 'NONE', #3916, #2247, #3088, .T. ) ;
#2159 = ORIENTED_EDGE ( 'NONE', *, *, #5390, .T. ) ;
#2160 = DIRECTION ( 'NONE',  ( 0.000000000000000000, -1.000000000000000000, -3.097720492815729138E-16 ) ) ;
#2161 = EDGE_LOOP ( 'NONE', ( #1259, #244, #193, #2304 ) ) ;
#2162 = ADVANCED_FACE ( 'NONE', ( #1782 ), #1358, .F. ) ;
#2163 = ADVANCED_FACE ( 'NONE', ( #2687 ), #542, .T. ) ;
#2164 = EDGE_LOOP ( 'NONE', ( #5301, #737, #3181, #3586 ) ) ;
#2165 = DIRECTION ( 'NONE',  ( -0.000000000000000000, 0.000000000000000000, -1.000000000000000000 ) ) ;
#2166 = DIRECTION ( 'NONE',  ( 1.807003620809174139E-16, -1.000000000000000000, 1.204669080539449837E-16 ) ) ;
#2167 = CARTESIAN_POINT ( 'NONE',  ( 2.800000000000000266, 1.300000000000000266, -0.9499999999999998446 ) ) ;
#2168 = CARTESIAN_POINT ( 'NONE',  ( 2.750000000000000444, 1.300000000000000266, 0.9499999999999998446 ) ) ;
#2169 = VERTEX_POINT ( 'NONE', #3620 ) ;
#2170 = CARTESIAN_POINT ( 'NONE',  ( -2.949999999999999289, 1.055172413793084907, 0.8879310344827584522 ) ) ;
#2171 = ORIENTED_EDGE ( 'NONE', *, *, #4279, .F. ) ;
#2172 = DIRECTION ( 'NONE',  ( -1.000000000000000000, 3.304235192336774723E-15, 0.000000000000000000 ) ) ;
#2173 = FACE_OUTER_BOUND ( 'NONE', #4348, .T. ) ;
#2174 = DIRECTION ( 'NONE',  ( -1.000000000000000000, 1.807003620809173892E-16, 0.000000000000000000 ) ) ;
#2175 = CARTESIAN_POINT ( 'NONE',  ( -2.800000000000000711, 0.9899999999999817835, -0.9499999999999999556 ) ) ;
#2176 = ORIENTED_EDGE ( 'NONE', *, *, #1431, .T. ) ;
#2177 = CARTESIAN_POINT ( 'NONE',  ( 3.850000000000003642, 5.549006952234830887E-16, 1.374999999999999556 ) ) ;
#2178 = VERTEX_POINT ( 'NONE', #1384 ) ;
#2179 = ORIENTED_EDGE ( 'NONE', *, *, #5556, .F. ) ;
#2180 = PLANE ( 'NONE',  #4946 ) ;
#2181 = ORIENTED_EDGE ( 'NONE', *, *, #4276, .T. ) ;
#2182 = ORIENTED_EDGE ( 'NONE', *, *, #508, .F. ) ;
#2183 = CARTESIAN_POINT ( 'NONE',  ( 0.1500000000000000777, 0.4000000000000000222, 1.399999999999999689 ) ) ;
#2184 = EDGE_CURVE ( 'NONE', #5371, #1719, #4838, .T. ) ;
#2185 = VERTEX_POINT ( 'NONE', #5350 ) ;
#2186 = LINE ( 'NONE', #3504, #2754 ) ;
#2187 = EDGE_CURVE ( 'NONE', #4416, #530, #63, .T. ) ;
#2188 = FACE_OUTER_BOUND ( 'NONE', #2583, .T. ) ;
#2189 = CARTESIAN_POINT ( 'NONE',  ( 2.550000000000000266, 1.499999999999999556, -0.9499999999999997335 ) ) ;
#2190 = AXIS2_PLACEMENT_3D ( 'NONE', #2321, #3622, #118 ) ;
#2191 = VERTEX_POINT ( 'NONE', #932 ) ;
#2192 = EDGE_CURVE ( 'NONE', #2765, #4629, #3995, .T. ) ;
#2193 = CARTESIAN_POINT ( 'NONE',  ( 0.5749999999999998446, 0.1499999999999999944, -1.399999999999999689 ) ) ;
#2194 = EDGE_LOOP ( 'NONE', ( #274, #4341, #2645, #3527, #2612, #1 ) ) ;
#2195 = ORIENTED_EDGE ( 'NONE', *, *, #4596, .F. ) ;
#2196 = CARTESIAN_POINT ( 'NONE',  ( -2.950000000000001066, 0.9000000000000001332, 1.375000000000000222 ) ) ;
#2197 = VECTOR ( 'NONE', #1697, 1000.000000000000000 ) ;
#2198 = CARTESIAN_POINT ( 'NONE',  ( -1.500000000000000000, -0.5500000000000001554, -0.1750000000000001554 ) ) ;
#2199 = CARTESIAN_POINT ( 'NONE',  ( 3.000000000000003553, 0.1500000000000006883, -0.9249999999999998224 ) ) ;
#2200 = STYLED_ITEM ( 'NONE', ( #1335 ), #4621 ) ;
#2201 = PLANE ( 'NONE',  #3743 ) ;
#2202 = LINE ( 'NONE', #4388, #841 ) ;
#2203 = ORIENTED_EDGE ( 'NONE', *, *, #2644, .F. ) ;
#2204 = CARTESIAN_POINT ( 'NONE',  ( -1.500000000000000000, -0.5500000000000001554, 0.1750000000000001554 ) ) ;
#2205 = ADVANCED_FACE ( 'NONE', ( #116 ), #1831, .F. ) ;
#2206 = LINE ( 'NONE', #3069, #863 ) ;
#2207 = ORIENTED_EDGE ( 'NONE', *, *, #1366, .F. ) ;
#2208 = AXIS2_PLACEMENT_3D ( 'NONE', #1640, #3369, #4756 ) ;
#2209 = EDGE_CURVE ( 'NONE', #2559, #3434, #2285, .T. ) ;
#2210 = ORIENTED_EDGE ( 'NONE', *, *, #2041, .T. ) ;
#2211 = AXIS2_PLACEMENT_3D ( 'NONE', #5040, #4952, #1160 ) ;
#2212 = DIRECTION ( 'NONE',  ( -0.000000000000000000, 1.530638361156005111E-15, 1.000000000000000000 ) ) ;
#2213 = ORIENTED_EDGE ( 'NONE', *, *, #4635, .F. ) ;
#2214 = VECTOR ( 'NONE', #4606, 1000.000000000000000 ) ;
#2215 = VECTOR ( 'NONE', #204, 1000.000000000000000 ) ;
#2216 = ORIENTED_EDGE ( 'NONE', *, *, #4971, .F. ) ;
#2217 = DIRECTION ( 'NONE',  ( 0.000000000000000000, 0.000000000000000000, 1.000000000000000000 ) ) ;
#2218 = AXIS2_PLACEMENT_3D ( 'NONE', #66, #146, #1862 ) ;
#2219 = AXIS2_PLACEMENT_3D ( 'NONE', #1889, #4551, #4524 ) ;
#2220 = EDGE_LOOP ( 'NONE', ( #558, #3890, #1910, #3279 ) ) ;
#2221 = EDGE_CURVE ( 'NONE', #530, #562, #5482, .T. ) ;
#2222 = LINE ( 'NONE', #4432, #1238 ) ;
#2223 = STYLED_ITEM ( 'NONE', ( #3371 ), #2772 ) ;
#2224 = VECTOR ( 'NONE', #5543, 1000.000000000000000 ) ;
#2225 = ADVANCED_FACE ( 'NONE', ( #3312 ), #2771, .T. ) ;
#2226 = ORIENTED_EDGE ( 'NONE', *, *, #3898, .F. ) ;
#2227 = CARTESIAN_POINT ( 'NONE',  ( -2.800000000000001155, 0.8999999999999991340, -1.375000000000000222 ) ) ;
#2228 = ORIENTED_EDGE ( 'NONE', *, *, #4622, .T. ) ;
#2229 = ORIENTED_EDGE ( 'NONE', *, *, #4172, .F. ) ;
#2230 = VECTOR ( 'NONE', #1449, 1000.000000000000000 ) ;
#2231 = DIRECTION ( 'NONE',  ( 1.872461465063586570E-16, 1.000000000000000000, 1.204669080539449837E-16 ) ) ;
#2232 = CIRCLE ( 'NONE', #1779, 0.1999999999999998723 ) ;
#2233 = CARTESIAN_POINT ( 'NONE',  ( 1.500000000000000000, -0.5500000000000001554, 0.3749999999999998890 ) ) ;
#2234 = CARTESIAN_POINT ( 'NONE',  ( 2.950000000000000178, 1.200000000000000844, -0.7499999999999995559 ) ) ;
#2235 = CIRCLE ( 'NONE', #5047, 0.1499999999999999667 ) ;
#2236 = CARTESIAN_POINT ( 'NONE',  ( -3.850000000000003642, 0.1500000000000005773, 0.9249999999999998224 ) ) ;
#2237 = FACE_OUTER_BOUND ( 'NONE', #5318, .T. ) ;
#2238 = VERTEX_POINT ( 'NONE', #5070 ) ;
#2239 = CARTESIAN_POINT ( 'NONE',  ( -4.000000000000003553, 5.217722955086490089E-16, 1.374999999999999556 ) ) ;
#2240 = EDGE_CURVE ( 'NONE', #3125, #3634, #3668, .T. ) ;
#2241 = LINE ( 'NONE', #99, #147 ) ;
#2242 = ORIENTED_EDGE ( 'NONE', *, *, #4935, .F. ) ;
#2243 = DIRECTION ( 'NONE',  ( -1.872461465063586570E-16, 1.000000000000000000, 0.000000000000000000 ) ) ;
#2244 = CIRCLE ( 'NONE', #4959, 0.04999999999999991257 ) ;
#2245 = FACE_OUTER_BOUND ( 'NONE', #1705, .T. ) ;
#2246 = ADVANCED_FACE ( 'NONE', ( #5496 ), #2433, .T. ) ;
#2247 = VERTEX_POINT ( 'NONE', #650 ) ;
#2248 = ORIENTED_EDGE ( 'NONE', *, *, #2971, .F. ) ;
#2249 = CARTESIAN_POINT ( 'NONE',  ( -1.500000000000000000, -0.3499999999999999778, 0.3750000000000001665 ) ) ;
#2250 = ORIENTED_EDGE ( 'NONE', *, *, #2899, .T. ) ;
#2251 = DIRECTION ( 'NONE',  ( -2.736911063134408342E-48, 1.204669080539450330E-16, -1.000000000000000000 ) ) ;
#2252 =( BOUNDED_CURVE ( )  B_SPLINE_CURVE ( 3, ( #382, #1648, #2530, #2987 ),
 .UNSPECIFIED., .F., .F. ) 
 B_SPLINE_CURVE_WITH_KNOTS ( ( 4, 4 ),
 ( 1.570796326794892783, 3.141592653589793116 ),
 .UNSPECIFIED. ) 
 CURVE ( )  GEOMETRIC_REPRESENTATION_ITEM ( )  RATIONAL_B_SPLINE_CURVE ( ( 1.000000000000000000, 0.8047378541243640493, 0.8047378541243640493, 1.000000000000000000 ) ) 
 REPRESENTATION_ITEM ( '' )  );
#2253 = FACE_BOUND ( 'NONE', #3284, .T. ) ;
#2254 = ORIENTED_EDGE ( 'NONE', *, *, #3139, .F. ) ;
#2255 = LINE ( 'NONE', #1774, #4014 ) ;
#2256 = EDGE_LOOP ( 'NONE', ( #5082, #3503, #829, #5281 ) ) ;
#2257 = ORIENTED_EDGE ( 'NONE', *, *, #299, .F. ) ;
#2258 = FACE_OUTER_BOUND ( 'NONE', #2334, .T. ) ;
#2259 =( NAMED_UNIT ( * ) SI_UNIT ( $, .STERADIAN. ) SOLID_ANGLE_UNIT ( ) );
#2260 = DIRECTION ( 'NONE',  ( -4.336808689942020891E-15, 1.000000000000000000, 0.000000000000000000 ) ) ;
#2261 = SURFACE_SIDE_STYLE ('',( #1385 ) ) ;
#2262 = CARTESIAN_POINT ( 'NONE',  ( 2.550000000000000266, 1.350000000000000089, -1.399999999999999689 ) ) ;
#2263 = EDGE_CURVE ( 'NONE', #1803, #991, #4137, .T. ) ;
#2264 = ORIENTED_EDGE ( 'NONE', *, *, #1337, .F. ) ;
#2265 = FACE_OUTER_BOUND ( 'NONE', #300, .T. ) ;
#2266 = LINE ( 'NONE', #121, #1407 ) ;
#2267 = VERTEX_POINT ( 'NONE', #1611 ) ;
#2268 = EDGE_CURVE ( 'NONE', #5009, #3536, #287, .T. ) ;
#2269 = CARTESIAN_POINT ( 'NONE',  ( 2.550000000000000266, 1.475000000000000089, 0.9499999999999997335 ) ) ;
#2270 = DIRECTION ( 'NONE',  ( 0.000000000000000000, 0.000000000000000000, -1.000000000000000000 ) ) ;
#2271 =( NAMED_UNIT ( * ) SI_UNIT ( $, .STERADIAN. ) SOLID_ANGLE_UNIT ( ) );
#2272 = ORIENTED_EDGE ( 'NONE', *, *, #3096, .T. ) ;
#2273 = VERTEX_POINT ( 'NONE', #1524 ) ;
#2274 = FACE_OUTER_BOUND ( 'NONE', #4039, .T. ) ;
#2275 = ORIENTED_EDGE ( 'NONE', *, *, #56, .T. ) ;
#2276 = EDGE_CURVE ( 'NONE', #138, #2905, #2372, .T. ) ;
#2277 = FACE_OUTER_BOUND ( 'NONE', #5258, .T. ) ;
#2278 = EDGE_LOOP ( 'NONE', ( #2257, #2807, #2322, #5180 ) ) ;
#2279 = LINE ( 'NONE', #4016, #2104 ) ;
#2280 = ORIENTED_EDGE ( 'NONE', *, *, #5420, .F. ) ;
#2281 = ORIENTED_EDGE ( 'NONE', *, *, #3472, .T. ) ;
#2282 = DIRECTION ( 'NONE',  ( -1.000000000000000000, 0.000000000000000000, 0.000000000000000000 ) ) ;
#2283 = DIRECTION ( 'NONE',  ( 1.000000000000000000, 0.000000000000000000, -0.000000000000000000 ) ) ;
#2284 = AXIS2_PLACEMENT_3D ( 'NONE', #1222, #2527, #2954 ) ;
#2285 = LINE ( 'NONE', #3146, #2952 ) ;
#2286 = AXIS2_PLACEMENT_3D ( 'NONE', #3346, #2113, #3882 ) ;
#2287 = CARTESIAN_POINT ( 'NONE',  ( -1.732649100570681036E-16, 1.416239087809190167E-15, 1.805559322863033612E-31 ) ) ;
#2288 = VERTEX_POINT ( 'NONE', #1104 ) ;
#2289 = DIRECTION ( 'NONE',  ( -1.000000000000000000, 0.000000000000000000, 0.000000000000000000 ) ) ;
#2290 = LINE ( 'NONE', #4926, #2759 ) ;
#2291 = ORIENTED_EDGE ( 'NONE', *, *, #1796, .T. ) ;
#2292 = LINE ( 'NONE', #600, #2669 ) ;
#2293 = VECTOR ( 'NONE', #5516, 1000.000000000000000 ) ;
#2294 = EDGE_CURVE ( 'NONE', #2719, #4948, #5463, .T. ) ;
#2295 = EDGE_CURVE ( 'NONE', #4075, #1761, #5394, .T. ) ;
#2296 = PLANE ( 'NONE',  #4591 ) ;
#2297 = VECTOR ( 'NONE', #2462, 1000.000000000000227 ) ;
#2298 = CARTESIAN_POINT ( 'NONE',  ( -2.425000000000000266, 0.1499999999999999944, -1.399999999999999689 ) ) ;
#2299 = ORIENTED_EDGE ( 'NONE', *, *, #2240, .T. ) ;
#2300 = EDGE_CURVE ( 'NONE', #5030, #4389, #4104, .T. ) ;
#2301 = CIRCLE ( 'NONE', #3396, 0.05000000000000012768 ) ;
#2302 = ORIENTED_EDGE ( 'NONE', *, *, #4326, .T. ) ;
#2303 = DIRECTION ( 'NONE',  ( 0.000000000000000000, 0.000000000000000000, -1.000000000000000000 ) ) ;
#2304 = ORIENTED_EDGE ( 'NONE', *, *, #3810, .T. ) ;
#2305 = CARTESIAN_POINT ( 'NONE',  ( 0.2000000000000000944, 0.2999999999999999334, 2.699999999999999734 ) ) ;
#2306 = CIRCLE ( 'NONE', #3039, 0.05000000000000012768 ) ;
#2307 = EDGE_CURVE ( 'NONE', #3536, #4273, #4614, .T. ) ;
#2308 = ORIENTED_EDGE ( 'NONE', *, *, #1568, .T. ) ;
#2309 = VECTOR ( 'NONE', #4955, 1000.000000000000000 ) ;
#2310 = LINE ( 'NONE', #1744, #5462 ) ;
#2311 = ORIENTED_EDGE ( 'NONE', *, *, #4244, .T. ) ;
#2312 = ORIENTED_EDGE ( 'NONE', *, *, #3866, .F. ) ;
#2313 = ADVANCED_FACE ( 'NONE', ( #1980 ), #1944, .T. ) ;
#2314 = CARTESIAN_POINT ( 'NONE',  ( -2.950000000000003286, 0.2150000000000001354, -0.8400000000000000799 ) ) ;
#2315 = VECTOR ( 'NONE', #1499, 1000.000000000000000 ) ;
#2316 = CARTESIAN_POINT ( 'NONE',  ( 1.449999999999999956, 0.2999999999999999334, 2.750000000000000000 ) ) ;
#2317 = VECTOR ( 'NONE', #449, 1000.000000000000000 ) ;
#2318 = DIRECTION ( 'NONE',  ( 1.000000000000000000, 0.000000000000000000, 6.944994767471928987E-47 ) ) ;
#2319 = AXIS2_PLACEMENT_3D ( 'NONE', #1538, #723, #3269 ) ;
#2320 = AXIS2_PLACEMENT_3D ( 'NONE', #3404, #2068, #1724 ) ;
#2321 = CARTESIAN_POINT ( 'NONE',  ( 1.399999999999999911, 1.200000000000000178, 2.699999999999999734 ) ) ;
#2322 = ORIENTED_EDGE ( 'NONE', *, *, #713, .T. ) ;
#2323 = DIRECTION ( 'NONE',  ( 0.000000000000000000, 0.000000000000000000, -1.000000000000000000 ) ) ;
#2324 = LINE ( 'NONE', #3151, #330 ) ;
#2325 = LINE ( 'NONE', #3201, #1245 ) ;
#2326 = VECTOR ( 'NONE', #1924, 1000.000000000000000 ) ;
#2327 = LINE ( 'NONE', #5254, #2876 ) ;
#2328 = EDGE_CURVE ( 'NONE', #3955, #2715, #2459, .T. ) ;
#2329 = SURFACE_STYLE_USAGE ( .BOTH. , #4088 ) ;
#2330 = LINE ( 'NONE', #1926, #3660 ) ;
#2331 = EDGE_LOOP ( 'NONE', ( #4363, #2843, #2573, #728, #2814, #2570, #4492, #2308, #4988, #5440, #4067, #5546 ) ) ;
#2332 = CIRCLE ( 'NONE', #5505, 0.2000000000000000111 ) ;
#2333 = EDGE_CURVE ( 'NONE', #506, #1820, #5438, .T. ) ;
#2334 = EDGE_LOOP ( 'NONE', ( #3579, #3148, #4034, #3361 ) ) ;
#2335 = CARTESIAN_POINT ( 'NONE',  ( 2.950000000000003286, 0.3000000000000002665, -0.9499999999999998446 ) ) ;
#2336 = VECTOR ( 'NONE', #1210, 1000.000000000000000 ) ;
#2337 = EDGE_CURVE ( 'NONE', #5140, #3998, #2127, .T. ) ;
#2338 = ORIENTED_EDGE ( 'NONE', *, *, #1953, .T. ) ;
#2339 = LINE ( 'NONE', #1905, #5218 ) ;
#2340 = ADVANCED_FACE ( 'NONE', ( #3282 ), #2347, .T. ) ;
#2341 = ORIENTED_EDGE ( 'NONE', *, *, #2894, .F. ) ;
#2342 = CARTESIAN_POINT ( 'NONE',  ( 0.000000000000000000, 0.000000000000000000, 1.389999999999999680 ) ) ;
#2343 = ORIENTED_EDGE ( 'NONE', *, *, #1723, .F. ) ;
#2344 = VERTEX_POINT ( 'NONE', #1915 ) ;
#2345 = CARTESIAN_POINT ( 'NONE',  ( 2.800000000000003375, 0.1999999999999999833, -0.9250000000000000444 ) ) ;
#2346 = CARTESIAN_POINT ( 'NONE',  ( -3.850000000000003642, 5.791262162540728851E-16, 1.074999999999999734 ) ) ;
#2347 = CYLINDRICAL_SURFACE ( 'NONE', #3313, 0.2000000000000000944 ) ;
#2348 = LINE ( 'NONE', #3648, #2560 ) ;
#2349 = ORIENTED_EDGE ( 'NONE', *, *, #3532, .F. ) ;
#2350 = CARTESIAN_POINT ( 'NONE',  ( 0.2000000000000000944, 0.2500000000000000000, 1.549999999999999378 ) ) ;
#2351 = DIRECTION ( 'NONE',  ( 2.176841390411644152E-32, 1.204669080539449837E-16, -1.000000000000000000 ) ) ;
#2352 = DIRECTION ( 'NONE',  ( -0.000000000000000000, -1.000000000000000000, -0.000000000000000000 ) ) ;
#2353 = DIRECTION ( 'NONE',  ( -0.000000000000000000, -0.000000000000000000, -1.000000000000000000 ) ) ;
#2354 = CARTESIAN_POINT ( 'NONE',  ( -1.550000000000000266, 1.250000000000000000, 1.099999999999999867 ) ) ;
#2355 = CARTESIAN_POINT ( 'NONE',  ( 2.799999999999999822, 1.055172413793099562, -0.8879310344827536783 ) ) ;
#2356 = DIRECTION ( 'NONE',  ( 0.000000000000000000, -1.000000000000000000, 0.000000000000000000 ) ) ;
#2357 = EDGE_LOOP ( 'NONE', ( #3460, #3705, #4907, #4633 ) ) ;
#2358 = PRODUCT_DEFINITION_SHAPE ( 'NONE', 'NONE',  #1646 ) ;
#2359 = ORIENTED_EDGE ( 'NONE', *, *, #5006, .F. ) ;
#2360 = DIRECTION ( 'NONE',  ( 4.336808689942020891E-15, -1.000000000000000000, 0.000000000000000000 ) ) ;
#2361 = ORIENTED_EDGE ( 'NONE', *, *, #40, .F. ) ;
#2362 = CARTESIAN_POINT ( 'NONE',  ( 2.550000000000000266, 1.350000000000000089, 1.399999999999999689 ) ) ;
#2363 = EDGE_CURVE ( 'NONE', #491, #3929, #3645, .T. ) ;
#2364 = ORIENTED_EDGE ( 'NONE', *, *, #3150, .T. ) ;
#2365 = EDGE_CURVE ( 'NONE', #2794, #3610, #2306, .T. ) ;
#2366 = ADVANCED_FACE ( 'NONE', ( #820 ), #3023, .T. ) ;
#2367 = LINE ( 'NONE', #221, #1747 ) ;
#2368 = ORIENTED_EDGE ( 'NONE', *, *, #5231, .F. ) ;
#2369 = CYLINDRICAL_SURFACE ( 'NONE', #5200, 0.09000000000000023259 ) ;
#2370 = LINE ( 'NONE', #5436, #2423 ) ;
#2371 = FACE_OUTER_BOUND ( 'NONE', #84, .T. ) ;
#2372 = LINE ( 'NONE', #2004, #3405 ) ;
#2373 = EDGE_CURVE ( 'NONE', #4015, #1081, #4750, .T. ) ;
#2374 = LINE ( 'NONE', #626, #3100 ) ;
#2375 = ORIENTED_EDGE ( 'NONE', *, *, #5088, .T. ) ;
#2376 = PLANE ( 'NONE',  #3205 ) ;
#2377 = LINE ( 'NONE', #5355, #1230 ) ;
#2378 = DIRECTION ( 'NONE',  ( -1.000000000000000000, 0.000000000000000000, 0.000000000000000000 ) ) ;
#2379 = DIRECTION ( 'NONE',  ( 1.000000000000000000, 0.000000000000000000, -1.224646799147353207E-16 ) ) ;
#2380 = AXIS2_PLACEMENT_3D ( 'NONE', #2069, #4335, #5187 ) ;
#2381 = EDGE_CURVE ( 'NONE', #1180, #1190, #4669, .T. ) ;
#2382 = CARTESIAN_POINT ( 'NONE',  ( 2.800000000000003375, 0.2149999999999996358, -0.8400000000000000799 ) ) ;
#2383 = LINE ( 'NONE', #4902, #3127 ) ;
#2384 = DIRECTION ( 'NONE',  ( 0.000000000000000000, -1.000000000000000000, 0.000000000000000000 ) ) ;
#2385 = ORIENTED_EDGE ( 'NONE', *, *, #2928, .F. ) ;
#2386 = ADVANCED_FACE ( 'NONE', ( #2541 ), #2520, .F. ) ;
#2387 = VECTOR ( 'NONE', #756, 1000.000000000000000 ) ;
#2388 = ORIENTED_EDGE ( 'NONE', *, *, #5573, .F. ) ;
#2389 = DIRECTION ( 'NONE',  ( -1.000000000000000000, 0.000000000000000000, 0.000000000000000000 ) ) ;
#2390 = ORIENTED_EDGE ( 'NONE', *, *, #4213, .T. ) ;
#2391 = CARTESIAN_POINT ( 'NONE',  ( -3.850000000000003642, 0.1500000000000005218, 1.374999999999999556 ) ) ;
#2392 = VECTOR ( 'NONE', #798, 1000.000000000000000 ) ;
#2393 = ORIENTED_EDGE ( 'NONE', *, *, #2062, .T. ) ;
#2394 = FACE_OUTER_BOUND ( 'NONE', #4453, .T. ) ;
#2395 = CLOSED_SHELL ( 'NONE', ( #2163, #3345, #3163, #3446, #5145, #2877, #5181, #3132, #79, #4625, #3627, #1443, #2366, #2403, #497, #4582, #4807, #2021, #1628, #1809, #2225, #3068, #5340, #440 ) ) ;
#2396 = CARTESIAN_POINT ( 'NONE',  ( 3.850000000000003642, 0.1500000000000004385, -1.074999999999999734 ) ) ;
#2397 = EDGE_LOOP ( 'NONE', ( #3407, #959, #2724, #4180 ) ) ;
#2398 = VERTEX_POINT ( 'NONE', #4297 ) ;
#2399 = DIRECTION ( 'NONE',  ( 5.102127870520017432E-15, 1.000000000000000000, 0.000000000000000000 ) ) ;
#2400 = CARTESIAN_POINT ( 'NONE',  ( 0.000000000000000000, 0.000000000000000000, 0.9499999999999997335 ) ) ;
#2401 = DIRECTION ( 'NONE',  ( 0.7071067811865474617, -0.7071067811865474617, -0.000000000000000000 ) ) ;
#2402 = AXIS2_PLACEMENT_3D ( 'NONE', #3257, #708, #4589 ) ;
#2403 = ADVANCED_FACE ( 'NONE', ( #4641 ), #871, .T. ) ;
#2404 = CIRCLE ( 'NONE', #4212, 0.09000000000000023259 ) ;
#2405 = FACE_OUTER_BOUND ( 'NONE', #2130, .T. ) ;
#2406 = ORIENTED_EDGE ( 'NONE', *, *, #2276, .T. ) ;
#2407 = VECTOR ( 'NONE', #1556, 1000.000000000000000 ) ;
#2408 = DIRECTION ( 'NONE',  ( 1.000000000000000000, -0.000000000000000000, 0.000000000000000000 ) ) ;
#2409 = MECHANICAL_DESIGN_GEOMETRIC_PRESENTATION_REPRESENTATION (  '', ( #1052 ), #5304 ) ;
#2410 = CARTESIAN_POINT ( 'NONE',  ( 0.5749999999999999556, 0.1499999999999999667, -2.399999999999999911 ) ) ;
#2411 = PLANE ( 'NONE',  #4486 ) ;
#2412 = CARTESIAN_POINT ( 'NONE',  ( 1.500000000000000000, -0.3499999999999999778, 0.1749999999999998779 ) ) ;
#2413 = PRESENTATION_LAYER_ASSIGNMENT (  '', '', ( #2223 ) ) ;
#2414 = CIRCLE ( 'NONE', #3137, 0.05000000000000012768 ) ;
#2415 = DIRECTION ( 'NONE',  ( -1.000000000000000000, -3.304235192336774723E-15, 0.000000000000000000 ) ) ;
#2416 = DIRECTION ( 'NONE',  ( 0.000000000000000000, -1.000000000000000000, 1.445602896647372167E-14 ) ) ;
#2417 = CARTESIAN_POINT ( 'NONE',  ( -2.550000000000000266, 1.350000000000000089, -0.9499999999999997335 ) ) ;
#2418 = ORIENTED_EDGE ( 'NONE', *, *, #2158, .T. ) ;
#2419 = VECTOR ( 'NONE', #2303, 1000.000000000000000 ) ;
#2420 = ORIENTED_EDGE ( 'NONE', *, *, #1695, .F. ) ;
#2421 = FACE_OUTER_BOUND ( 'NONE', #4913, .T. ) ;
#2422 = VERTEX_POINT ( 'NONE', #4248 ) ;
#2423 = VECTOR ( 'NONE', #4100, 1000.000000000000000 ) ;
#2424 = CARTESIAN_POINT ( 'NONE',  ( 2.800000000000001155, 0.8999999999999998002, -0.9499999999999997335 ) ) ;
#2425 = VECTOR ( 'NONE', #5041, 1000.000000000000000 ) ;
#2426 = VERTEX_POINT ( 'NONE', #3818 ) ;
#2427 = LINE ( 'NONE', #5065, #3022 ) ;
#2428 = CARTESIAN_POINT ( 'NONE',  ( 1.449999999999999956, 0.4000000000000000222, 1.300000000000000044 ) ) ;
#2429 = EDGE_LOOP ( 'NONE', ( #1135, #4488, #1083, #665 ) ) ;
#2430 = ORIENTED_EDGE ( 'NONE', *, *, #2102, .T. ) ;
#2431 = DIRECTION ( 'NONE',  ( -1.000000000000000000, 0.000000000000000000, -6.944994767471928987E-47 ) ) ;
#2432 = DIRECTION ( 'NONE',  ( 1.000000000000000000, 3.304235192336774329E-15, -0.000000000000000000 ) ) ;
#2433 = PLANE ( 'NONE',  #5031 ) ;
#2434 = DIRECTION ( 'NONE',  ( -0.000000000000000000, 1.000000000000000000, -0.000000000000000000 ) ) ;
#2435 = ORIENTED_EDGE ( 'NONE', *, *, #1550, .T. ) ;
#2436 = CARTESIAN_POINT ( 'NONE',  ( -2.799999999999999822, 1.350000000000000089, -1.399999999999999689 ) ) ;
#2437 = CARTESIAN_POINT ( 'NONE',  ( 0.5749999999999999556, 0.1499999999999999667, -2.399999999999999911 ) ) ;
#2438 = FACE_OUTER_BOUND ( 'NONE', #3184, .T. ) ;
#2439 = DIRECTION ( 'NONE',  ( 0.000000000000000000, 0.000000000000000000, -1.000000000000000000 ) ) ;
#2440 = ADVANCED_FACE ( 'NONE', ( #3426 ), #3794, .T. ) ;
#2441 = DIRECTION ( 'NONE',  ( 0.000000000000000000, 0.000000000000000000, -1.000000000000000000 ) ) ;
#2442 = CARTESIAN_POINT ( 'NONE',  ( 2.475000000000000089, 0.1499999999999999944, -2.399999999999999911 ) ) ;
#2443 = EDGE_CURVE ( 'NONE', #4951, #3385, #370, .T. ) ;
#2444 = DIRECTION ( 'NONE',  ( 1.000000000000000000, 1.807003620809174139E-16, -2.736911063134408342E-48 ) ) ;
#2445 = ORIENTED_EDGE ( 'NONE', *, *, #1654, .T. ) ;
#2446 = EDGE_LOOP ( 'NONE', ( #5360, #4301, #5479, #5059 ) ) ;
#2447 = DIRECTION ( 'NONE',  ( 0.000000000000000000, 0.000000000000000000, 1.000000000000000000 ) ) ;
#2448 = ORIENTED_EDGE ( 'NONE', *, *, #714, .F. ) ;
#2449 = CARTESIAN_POINT ( 'NONE',  ( -2.799999999999999822, 1.350000000000000089, -0.9499999999999997335 ) ) ;
#2450 = ORIENTED_EDGE ( 'NONE', *, *, #2307, .F. ) ;
#2451 = CARTESIAN_POINT ( 'NONE',  ( 2.074999999999999734, 0.1499999999999999944, -1.399999999999999689 ) ) ;
#2452 = EDGE_CURVE ( 'NONE', #1650, #5138, #2486, .T. ) ;
#2453 = DIRECTION ( 'NONE',  ( 0.000000000000000000, 0.000000000000000000, -1.000000000000000000 ) ) ;
#2454 = VERTEX_POINT ( 'NONE', #840 ) ;
#2455 = ORIENTED_EDGE ( 'NONE', *, *, #2967, .F. ) ;
#2456 = FACE_OUTER_BOUND ( 'NONE', #3277, .T. ) ;
#2457 = EDGE_CURVE ( 'NONE', #4259, #1440, #3471, .T. ) ;
#2458 = LINE ( 'NONE', #3643, #5483 ) ;
#2459 = LINE ( 'NONE', #2828, #3126 ) ;
#2460 = PLANE ( 'NONE',  #3103 ) ;
#2461 = EDGE_LOOP ( 'NONE', ( #1597, #4713, #5393, #4002, #87, #874 ) ) ;
#2462 = DIRECTION ( 'NONE',  ( -0.4228854653311234224, -0.9061831399952656740, -0.000000000000000000 ) ) ;
#2463 = CARTESIAN_POINT ( 'NONE',  ( 1.500000000000000000, -0.5500000000000001554, -0.3749999999999998890 ) ) ;
#2464 = CARTESIAN_POINT ( 'NONE',  ( -4.000000000000003553, 5.579123679248324571E-16, 1.074999999999999734 ) ) ;
#2465 = DIRECTION ( 'NONE',  ( 1.000000000000000000, 0.000000000000000000, 2.168404344971008868E-16 ) ) ;
#2466 = DIRECTION ( 'NONE',  ( -5.102127870520017432E-15, 1.000000000000000000, 0.000000000000000000 ) ) ;
#2467 = DIRECTION ( 'NONE',  ( 0.000000000000000000, 0.000000000000000000, 1.000000000000000000 ) ) ;
#2468 = ORIENTED_EDGE ( 'NONE', *, *, #2558, .T. ) ;
#2469 = AXIS2_PLACEMENT_3D ( 'NONE', #3518, #3541, #1833 ) ;
#2470 = EDGE_CURVE ( 'NONE', #172, #1776, #450, .T. ) ;
#2471 = EDGE_CURVE ( 'NONE', #2185, #1097, #5521, .T. ) ;
#2472 = EDGE_LOOP ( 'NONE', ( #1883, #197, #2248, #4810 ) ) ;
#2473 = DIRECTION ( 'NONE',  ( 1.081563329361805989E-30, -3.097720492815725686E-16, 1.000000000000000000 ) ) ;
#2474 = AXIS2_PLACEMENT_3D ( 'NONE', #3517, #1359, #1072 ) ;
#2475 = EDGE_LOOP ( 'NONE', ( #4863, #5291, #4366, #1537 ) ) ;
#2476 = ADVANCED_FACE ( 'NONE', ( #425 ), #27, .F. ) ;
#2477 = DIRECTION ( 'NONE',  ( -0.000000000000000000, 0.000000000000000000, 1.000000000000000000 ) ) ;
#2478 = CIRCLE ( 'NONE', #942, 0.2000000000000000944 ) ;
#2479 = ORIENTED_EDGE ( 'NONE', *, *, #222, .F. ) ;
#2480 = LINE ( 'NONE', #5090, #2935 ) ;
#2481 = ADVANCED_FACE ( 'NONE', ( #349 ), #4699, .T. ) ;
#2482 = CARTESIAN_POINT ( 'NONE',  ( 2.550000000000000266, 1.499999999999999556, 0.9499999999999997335 ) ) ;
#2483 = DIRECTION ( 'NONE',  ( -1.000000000000000000, 1.807003620809174385E-16, 0.000000000000000000 ) ) ;
#2484 = VECTOR ( 'NONE', #4989, 1000.000000000000000 ) ;
#2485 = DIRECTION ( 'NONE',  ( -1.807003620809173892E-16, 1.000000000000000000, 1.204669080539450330E-16 ) ) ;
#2486 = LINE ( 'NONE', #5124, #1766 ) ;
#2487 = CLOSED_SHELL ( 'NONE', ( #725, #2815, #1460, #2246, #5313, #3071, #1380, #3702, #1619, #4672, #1506, #3807, #4070, #5517, #3204, #1096, #2982, #743, #788, #2123, #3304, #3581, #1331, #345, #5560, #2340, #5019, #4753, #5044, #2751, #5079, #25, #847, #2726, #384, #3819, #4861, #5490, #4442, #2313, #3413, #4004, #3558, #1473, #3855, #4517, #335, #2205, #4207, #3719, #4073, #2386, #2625, #2162, #1783, #2836, #4103, #5294, #4545, #610, #3692, #1123, #4323, #5001, #1536, #2984, #2140, #5319, #2155, #2038, #3547, #3758, #5280, #2488, #2, #4769, #2642, #5489, #2613, #369, #1988, #4371, #3212, #2121, #1780, #4823, #4340, #3895, #5351, #1741, #1879, #5171, #235, #5110, #1147, #3519, #5538, #5470 ) ) ;
#2488 = ADVANCED_FACE ( 'NONE', ( #5575 ), #1694, .F. ) ;
#2489 = CARTESIAN_POINT ( 'NONE',  ( -4.000000000000003553, 4.494921506762820137E-16, -1.074999999999999734 ) ) ;
#2490 = ORIENTED_EDGE ( 'NONE', *, *, #578, .F. ) ;
#2491 = DIRECTION ( 'NONE',  ( 0.000000000000000000, 0.000000000000000000, -1.000000000000000000 ) ) ;
#2492 = PLANE ( 'NONE',  #955 ) ;
#2493 = VECTOR ( 'NONE', #5102, 1000.000000000000000 ) ;
#2494 = LINE ( 'NONE', #2067, #338 ) ;
#2495 = VECTOR ( 'NONE', #3861, 1000.000000000000000 ) ;
#2496 = LINE ( 'NONE', #4992, #3325 ) ;
#2497 = VECTOR ( 'NONE', #1131, 1000.000000000000000 ) ;
#2498 = COLOUR_RGB ( '',0.7921568627450980005, 0.8196078431372548767, 0.9333333333333333481 ) ;
#2499 = CARTESIAN_POINT ( 'NONE',  ( -2.550000000000000266, 1.499999999999999556, -0.9499999999999997335 ) ) ;
#2500 = SURFACE_STYLE_FILL_AREA ( #1223 ) ;
#2501 = DIRECTION ( 'NONE',  ( -0.000000000000000000, 1.000000000000000000, -0.000000000000000000 ) ) ;
#2502 = VERTEX_POINT ( 'NONE', #9 ) ;
#2503 = VECTOR ( 'NONE', #848, 1000.000000000000000 ) ;
#2504 = AXIS2_PLACEMENT_3D ( 'NONE', #3635, #4489, #4071 ) ;
#2505 = EDGE_CURVE ( 'NONE', #12, #5157, #3056, .T. ) ;
#2506 = ORIENTED_EDGE ( 'NONE', *, *, #2129, .F. ) ;
#2507 = DIRECTION ( 'NONE',  ( -1.286288226170732780E-48, 0.000000000000000000, -1.000000000000000000 ) ) ;
#2508 = VECTOR ( 'NONE', #4883, 1000.000000000000000 ) ;
#2509 = AXIS2_PLACEMENT_3D ( 'NONE', #4598, #2465, #3714 ) ;
#2510 = ORIENTED_EDGE ( 'NONE', *, *, #4892, .F. ) ;
#2511 = PLANE ( 'NONE',  #1330 ) ;
#2512 = AXIS2_PLACEMENT_3D ( 'NONE', #2499, #4706, #408 ) ;
#2513 = VERTEX_POINT ( 'NONE', #2189 ) ;
#2514 = CARTESIAN_POINT ( 'NONE',  ( -2.550000000000000266, 1.499999999999999556, 0.9499999999999997335 ) ) ;
#2515 = EDGE_CURVE ( 'NONE', #5141, #3379, #899, .T. ) ;
#2516 = LINE ( 'NONE', #4695, #770 ) ;
#2517 = CARTESIAN_POINT ( 'NONE',  ( 3.000000000000003553, 6.505213034913026604E-16, -0.9249999999999998224 ) ) ;
#2518 = EDGE_CURVE ( 'NONE', #810, #4320, #3927, .T. ) ;
#2519 = LINE ( 'NONE', #4296, #1151 ) ;
#2520 = PLANE ( 'NONE',  #2761 ) ;
#2521 = LINE ( 'NONE', #2489, #215 ) ;
#2522 = ORIENTED_EDGE ( 'NONE', *, *, #3982, .T. ) ;
#2523 = DIRECTION ( 'NONE',  ( -0.000000000000000000, 0.000000000000000000, -1.000000000000000000 ) ) ;
#2524 = LINE ( 'NONE', #3712, #3403 ) ;
#2525 = DIRECTION ( 'NONE',  ( -1.000000000000000000, -1.807003620809173892E-16, 1.032573497605242101E-16 ) ) ;
#2526 = LINE ( 'NONE', #3006, #1494 ) ;
#2527 = DIRECTION ( 'NONE',  ( -1.000000000000000000, 1.872461465063586570E-16, -2.255696431463702745E-32 ) ) ;
#2528 =( NAMED_UNIT ( * ) SI_UNIT ( $, .STERADIAN. ) SOLID_ANGLE_UNIT ( ) );
#2529 = EDGE_CURVE ( 'NONE', #4657, #2122, #3770, .T. ) ;
#2530 = CARTESIAN_POINT ( 'NONE',  ( 1.429289321881345609, 0.2500000000000000555, 1.549999999999999156 ) ) ;
#2531 = ORIENTED_EDGE ( 'NONE', *, *, #947, .F. ) ;
#2532 = ORIENTED_EDGE ( 'NONE', *, *, #3009, .F. ) ;
#2533 = CARTESIAN_POINT ( 'NONE',  ( 0.1500000000000000777, 1.200000000000000178, 1.300000000000000044 ) ) ;
#2534 = ORIENTED_EDGE ( 'NONE', *, *, #4249, .F. ) ;
#2535 = DIRECTION ( 'NONE',  ( 0.000000000000000000, 0.000000000000000000, 1.000000000000000000 ) ) ;
#2536 = EDGE_LOOP ( 'NONE', ( #5016, #2448, #1534, #4099 ) ) ;
#2537 = DIRECTION ( 'NONE',  ( 1.807003620809174139E-16, -1.000000000000000000, 1.204669080539450330E-16 ) ) ;
#2538 = FACE_OUTER_BOUND ( 'NONE', #2661, .T. ) ;
#2539 = DIRECTION ( 'NONE',  ( 1.000000000000000000, 0.000000000000000000, 0.000000000000000000 ) ) ;
#2540 = CARTESIAN_POINT ( 'NONE',  ( 2.800000000000001155, 0.8999999999999995781, 1.375000000000000222 ) ) ;
#2541 = FACE_OUTER_BOUND ( 'NONE', #119, .T. ) ;
#2542 = EDGE_CURVE ( 'NONE', #1177, #5000, #4963, .T. ) ;
#2543 = EDGE_CURVE ( 'NONE', #4460, #3881, #1138, .T. ) ;
#2544 = DIRECTION ( 'NONE',  ( 0.000000000000000000, -1.000000000000000000, -1.445602896647372167E-14 ) ) ;
#2545 = VERTEX_POINT ( 'NONE', #2037 ) ;
#2546 = DIRECTION ( 'NONE',  ( -0.000000000000000000, -0.000000000000000000, -1.000000000000000000 ) ) ;
#2547 = CARTESIAN_POINT ( 'NONE',  ( 2.950000000000002842, 0.3000000000000003775, 0.8400000000000000799 ) ) ;
#2548 = CARTESIAN_POINT ( 'NONE',  ( 4.000000000000003553, 0.1500000000000005496, 0.9249999999999997113 ) ) ;
#2549 = EDGE_CURVE ( 'NONE', #90, #3462, #4597, .T. ) ;
#2550 = DIRECTION ( 'NONE',  ( 1.000000000000000000, 1.872461465063586570E-16, -2.255696431463702472E-32 ) ) ;
#2551 = FACE_OUTER_BOUND ( 'NONE', #2357, .T. ) ;
#2552 = ORIENTED_EDGE ( 'NONE', *, *, #4310, .T. ) ;
#2553 = DIRECTION ( 'NONE',  ( -0.000000000000000000, -1.000000000000000000, 0.000000000000000000 ) ) ;
#2554 = VERTEX_POINT ( 'NONE', #1085 ) ;
#2555 = EDGE_CURVE ( 'NONE', #2086, #3116, #4762, .T. ) ;
#2556 = ORIENTED_EDGE ( 'NONE', *, *, #783, .F. ) ;
#2557 = CARTESIAN_POINT ( 'NONE',  ( -2.800000000000003375, 0.1999999999999999833, -0.9250000000000000444 ) ) ;
#2558 = EDGE_CURVE ( 'NONE', #4320, #5248, #1618, .T. ) ;
#2559 = VERTEX_POINT ( 'NONE', #655 ) ;
#2560 = VECTOR ( 'NONE', #2434, 1000.000000000000000 ) ;
#2561 = DIRECTION ( 'NONE',  ( 0.000000000000000000, -1.530638361156005111E-15, 1.000000000000000000 ) ) ;
#2562 = ORIENTED_EDGE ( 'NONE', *, *, #5342, .T. ) ;
#2563 = VECTOR ( 'NONE', #1272, 1000.000000000000000 ) ;
#2564 = CARTESIAN_POINT ( 'NONE',  ( -2.950000000000003286, 0.2000000000000005662, 0.9250000000000000444 ) ) ;
#2565 = CARTESIAN_POINT ( 'NONE',  ( -3.000000000000003109, 7.566827662138416691E-16, 0.9249999999999998224 ) ) ;
#2566 = LINE ( 'NONE', #3364, #264 ) ;
#2567 = LINE ( 'NONE', #3447, #4677 ) ;
#2568 = CIRCLE ( 'NONE', #5282, 0.05000000000000007910 ) ;
#2569 = DIRECTION ( 'NONE',  ( 0.000000000000000000, 0.000000000000000000, 1.000000000000000000 ) ) ;
#2570 = ORIENTED_EDGE ( 'NONE', *, *, #281, .T. ) ;
#2571 = AXIS2_PLACEMENT_3D ( 'NONE', #5017, #3738, #1169 ) ;
#2572 = LINE ( 'NONE', #5578, #1923 ) ;
#2573 = ORIENTED_EDGE ( 'NONE', *, *, #1709, .F. ) ;
#2574 = FACE_OUTER_BOUND ( 'NONE', #5272, .T. ) ;
#2575 = ADVANCED_FACE ( 'NONE', ( #1109 ), #322, .T. ) ;
#2576 = FILL_AREA_STYLE_COLOUR ( '', #872 ) ;
#2577 = CARTESIAN_POINT ( 'NONE',  ( 1.500000000000000000, 0.000000000000000000, 0.000000000000000000 ) ) ;
#2578 = CLOSED_SHELL ( 'NONE', ( #23, #3838, #1610, #3880, #2718, #3215 ) ) ;
#2579 = CARTESIAN_POINT ( 'NONE',  ( -3.850000000000003642, 5.729707314315749607E-16, 1.224999999999999423 ) ) ;
#2580 = ORIENTED_EDGE ( 'NONE', *, *, #1367, .T. ) ;
#2581 = VECTOR ( 'NONE', #3010, 1000.000000000000000 ) ;
#2582 = DIRECTION ( 'NONE',  ( 0.000000000000000000, -9.035018104045866996E-17, 1.000000000000000000 ) ) ;
#2583 = EDGE_LOOP ( 'NONE', ( #724, #445, #917, #1071, #4786, #2766, #1019, #2311, #1508, #3430, #1263, #2753, #3525, #429, #4205, #5379, #954, #4470 ) ) ;
#2584 = VECTOR ( 'NONE', #434, 1000.000000000000114 ) ;
#2585 = AXIS2_PLACEMENT_3D ( 'NONE', #2400, #3619, #4078 ) ;
#2586 = ORIENTED_EDGE ( 'NONE', *, *, #3795, .F. ) ;
#2587 = PLANE ( 'NONE',  #80 ) ;
#2588 = ORIENTED_EDGE ( 'NONE', *, *, #4118, .F. ) ;
#2589 = CIRCLE ( 'NONE', #5217, 0.08500000000000011713 ) ;
#2590 = VECTOR ( 'NONE', #3135, 1000.000000000000000 ) ;
#2591 = CARTESIAN_POINT ( 'NONE',  ( -3.850000000000003642, 0.1500000000000004385, -1.074999999999999734 ) ) ;
#2592 = AXIS2_PLACEMENT_3D ( 'NONE', #1799, #2165, #3421 ) ;
#2593 = ORIENTED_EDGE ( 'NONE', *, *, #2529, .T. ) ;
#2594 = CIRCLE ( 'NONE', #697, 0.1499999999999999667 ) ;
#2595 = DIRECTION ( 'NONE',  ( -0.000000000000000000, -9.035018104045866996E-17, 1.000000000000000000 ) ) ;
#2596 = PLANE ( 'NONE',  #5475 ) ;
#2597 = DIRECTION ( 'NONE',  ( 0.000000000000000000, -1.000000000000000000, 0.000000000000000000 ) ) ;
#2598 = AXIS2_PLACEMENT_3D ( 'NONE', #3415, #1282, #1260 ) ;
#2599 = CARTESIAN_POINT ( 'NONE',  ( -2.750000000000000444, 1.300000000000000266, 0.9499999999999998446 ) ) ;
#2600 = DIRECTION ( 'NONE',  ( 1.000000000000000000, 0.000000000000000000, 0.000000000000000000 ) ) ;
#2601 = ORIENTED_EDGE ( 'NONE', *, *, #1551, .F. ) ;
#2602 = CARTESIAN_POINT ( 'NONE',  ( -1.500000000000000000, -0.5500000000000001554, -0.3750000000000001665 ) ) ;
#2603 = ORIENTED_EDGE ( 'NONE', *, *, #3305, .T. ) ;
#2604 = DIRECTION ( 'NONE',  ( -0.000000000000000000, -1.204669080539449837E-16, -1.000000000000000000 ) ) ;
#2605 = CIRCLE ( 'NONE', #3335, 0.1499999999999999667 ) ;
#2606 = CARTESIAN_POINT ( 'NONE',  ( 1.399999999999999911, 0.2500000000000000000, 1.549999999999999378 ) ) ;
#2607 = CARTESIAN_POINT ( 'NONE',  ( 1.732649100570680790E-16, 1.307818870560639724E-15, -1.685188701338831371E-31 ) ) ;
#2608 = AXIS2_PLACEMENT_3D ( 'NONE', #1350, #2597, #1801 ) ;
#2609 = LINE ( 'NONE', #4895, #3917 ) ;
#2610 = VERTEX_POINT ( 'NONE', #4991 ) ;
#2611 = CARTESIAN_POINT ( 'NONE',  ( 4.000000000000003553, 0.1500000000000005218, 1.224999999999999423 ) ) ;
#2612 = ORIENTED_EDGE ( 'NONE', *, *, #1022, .F. ) ;
#2613 = ADVANCED_FACE ( 'NONE', ( #2438 ), #4169, .F. ) ;
#2614 = EDGE_CURVE ( 'NONE', #721, #4542, #3685, .T. ) ;
#2615 = EDGE_LOOP ( 'NONE', ( #4654, #3860, #4627, #4711 ) ) ;
#2616 = CARTESIAN_POINT ( 'NONE',  ( -2.800000000000003375, 0.2000000000000000389, 1.375000000000000000 ) ) ;
#2617 = EDGE_LOOP ( 'NONE', ( #4701, #4428, #4663, #328 ) ) ;
#2618 = EDGE_CURVE ( 'NONE', #681, #3710, #2589, .T. ) ;
#2619 = EDGE_LOOP ( 'NONE', ( #3797, #2182, #1271, #3060 ) ) ;
#2620 = DIRECTION ( 'NONE',  ( -1.000000000000000000, 0.000000000000000000, -1.084202172485504434E-16 ) ) ;
#2621 = CARTESIAN_POINT ( 'NONE',  ( 2.799999999999999822, 0.9000000000000002442, -1.389999999999999680 ) ) ;
#2622 = LINE ( 'NONE', #135, #893 ) ;
#2623 = PLANE ( 'NONE',  #163 ) ;
#2624 = CARTESIAN_POINT ( 'NONE',  ( -3.850000000000003642, 4.956491088603275623E-16, -0.9249999999999997113 ) ) ;
#2625 = ADVANCED_FACE ( 'NONE', ( #1172 ), #4927, .F. ) ;
#2626 = ORIENTED_EDGE ( 'NONE', *, *, #3563, .T. ) ;
#2627 = DIRECTION ( 'NONE',  ( -0.000000000000000000, 0.000000000000000000, -1.000000000000000000 ) ) ;
#2628 = ORIENTED_EDGE ( 'NONE', *, *, #3532, .T. ) ;
#2629 = VERTEX_POINT ( 'NONE', #1054 ) ;
#2630 = EDGE_CURVE ( 'NONE', #3077, #3610, #1529, .T. ) ;
#2631 = CARTESIAN_POINT ( 'NONE',  ( 2.800000000000003375, 0.1999999999999999278, -1.375000000000000000 ) ) ;
#2632 = CARTESIAN_POINT ( 'NONE',  ( 2.800000000000003375, 0.1999999999999998168, -1.374999999999999556 ) ) ;
#2633 = CARTESIAN_POINT ( 'NONE',  ( -1.550000000000000266, 1.250000000000000000, 1.099999999999999867 ) ) ;
#2634 = SURFACE_STYLE_USAGE ( .BOTH. , #2261 ) ;
#2635 = DIRECTION ( 'NONE',  ( 0.000000000000000000, 1.000000000000000000, 0.000000000000000000 ) ) ;
#2636 = ORIENTED_EDGE ( 'NONE', *, *, #1677, .F. ) ;
#2637 = DIRECTION ( 'NONE',  ( -0.000000000000000000, -0.000000000000000000, 1.000000000000000000 ) ) ;
#2638 = FACE_OUTER_BOUND ( 'NONE', #4896, .T. ) ;
#2639 = VERTEX_POINT ( 'NONE', #3262 ) ;
#2640 = ORIENTED_EDGE ( 'NONE', *, *, #5046, .T. ) ;
#2641 = DIRECTION ( 'NONE',  ( 0.000000000000000000, -1.204669080539449837E-16, -1.000000000000000000 ) ) ;
#2642 = ADVANCED_FACE ( 'NONE', ( #3741 ), #1921, .F. ) ;
#2643 = ORIENTED_EDGE ( 'NONE', *, *, #229, .T. ) ;
#2644 = EDGE_CURVE ( 'NONE', #2267, #5264, #2779, .T. ) ;
#2645 = ORIENTED_EDGE ( 'NONE', *, *, #2894, .T. ) ;
#2646 = LINE ( 'NONE', #2564, #5225 ) ;
#2647 = EDGE_LOOP ( 'NONE', ( #660, #3961, #1567, #283, #3024, #4549, #2628, #701 ) ) ;
#2648 =( LENGTH_UNIT ( ) NAMED_UNIT ( * ) SI_UNIT ( .MILLI., .METRE. ) );
#2649 = CARTESIAN_POINT ( 'NONE',  ( 2.750000000000000444, 1.350000000000000089, 0.000000000000000000 ) ) ;
#2650 = VECTOR ( 'NONE', #4300, 1000.000000000000000 ) ;
#2651 = ORIENTED_EDGE ( 'NONE', *, *, #3894, .T. ) ;
#2652 = CARTESIAN_POINT ( 'NONE',  ( 2.974999999999999645, 0.9000000000000002442, 0.9499999999999997335 ) ) ;
#2653 = VERTEX_POINT ( 'NONE', #3774 ) ;
#2654 = ORIENTED_EDGE ( 'NONE', *, *, #2542, .T. ) ;
#2655 = CARTESIAN_POINT ( 'NONE',  ( -3.000000000000003553, 0.2000000000000005940, -1.374999999999999556 ) ) ;
#2656 = VECTOR ( 'NONE', #1785, 1000.000000000000000 ) ;
#2657 = CARTESIAN_POINT ( 'NONE',  ( -2.799999999999999822, 1.475000000000000089, -0.9499999999999997335 ) ) ;
#2658 = EDGE_CURVE ( 'NONE', #1155, #1800, #693, .T. ) ;
#2659 = VECTOR ( 'NONE', #2970, 1000.000000000000000 ) ;
#2660 = DIRECTION ( 'NONE',  ( -0.000000000000000000, -0.000000000000000000, 1.000000000000000000 ) ) ;
#2661 = EDGE_LOOP ( 'NONE', ( #550, #1314, #454, #5307 ) ) ;
#2662 = LINE ( 'NONE', #3601, #4465 ) ;
#2663 = LINE ( 'NONE', #4394, #1139 ) ;
#2664 = ORIENTED_EDGE ( 'NONE', *, *, #3495, .F. ) ;
#2665 = AXIS2_PLACEMENT_3D ( 'NONE', #2115, #2282, #4417 ) ;
#2666 = AXIS2_PLACEMENT_3D ( 'NONE', #1623, #1675, #3779 ) ;
#2667 = DIRECTION ( 'NONE',  ( 1.807003620809173892E-16, 1.000000000000000000, -1.204669080539450330E-16 ) ) ;
#2668 = ORIENTED_EDGE ( 'NONE', *, *, #1018, .T. ) ;
#2669 = VECTOR ( 'NONE', #5331, 1000.000000000000000 ) ;
#2670 = AXIS2_PLACEMENT_3D ( 'NONE', #3625, #152, #2692 ) ;
#2671 = ORIENTED_EDGE ( 'NONE', *, *, #2062, .F. ) ;
#2672 = LINE ( 'NONE', #3985, #2508 ) ;
#2673 = AXIS2_PLACEMENT_3D ( 'NONE', #566, #4553, #1163 ) ;
#2674 = VECTOR ( 'NONE', #5023, 1000.000000000000000 ) ;
#2675 = ORIENTED_EDGE ( 'NONE', *, *, #554, .T. ) ;
#2676 = LINE ( 'NONE', #1351, #3320 ) ;
#2677 = AXIS2_PLACEMENT_3D ( 'NONE', #2110, #3846, #2569 ) ;
#2678 = CIRCLE ( 'NONE', #4854, 0.05000000000000012768 ) ;
#2679 = ADVANCED_FACE ( 'NONE', ( #684 ), #2411, .T. ) ;
#2680 = ORIENTED_EDGE ( 'NONE', *, *, #5454, .F. ) ;
#2681 = ADVANCED_FACE ( 'NONE', ( #5443 ), #2949, .F. ) ;
#2682 = CARTESIAN_POINT ( 'NONE',  ( -2.799999999999999822, 1.300000000000000266, 0.9499999999999997335 ) ) ;
#2683 = VERTEX_POINT ( 'NONE', #5076 ) ;
#2684 = EDGE_LOOP ( 'NONE', ( #4923, #5207, #2210, #2593 ) ) ;
#2685 = CARTESIAN_POINT ( 'NONE',  ( 3.000000000000003109, 0.1500000000000006883, 1.374999999999999556 ) ) ;
#2686 = DIRECTION ( 'NONE',  ( 1.000000000000000000, -0.000000000000000000, -0.000000000000000000 ) ) ;
#2687 = FACE_OUTER_BOUND ( 'NONE', #4462, .T. ) ;
#2688 = DIRECTION ( 'NONE',  ( -1.807003620809173646E-16, -1.000000000000000000, 1.204669080539449837E-16 ) ) ;
#2689 = CARTESIAN_POINT ( 'NONE',  ( 2.550000000000000266, 1.350000000000000089, -0.9499999999999997335 ) ) ;
#2690 = ORIENTED_EDGE ( 'NONE', *, *, #4694, .F. ) ;
#2691 = CARTESIAN_POINT ( 'NONE',  ( -2.975000000000004974, 0.9899999999999811173, 0.9499999999999999556 ) ) ;
#2692 = DIRECTION ( 'NONE',  ( 2.320584820479771184E-34, 0.000000000000000000, -1.000000000000000000 ) ) ;
#2693 = ORIENTED_EDGE ( 'NONE', *, *, #4722, .F. ) ;
#2694 = CARTESIAN_POINT ( 'NONE',  ( 1.500000000000000000, -0.5500000000000001554, -0.1749999999999998779 ) ) ;
#2695 = AXIS2_PLACEMENT_3D ( 'NONE', #4667, #7, #1716 ) ;
#2696 = EDGE_CURVE ( 'NONE', #5449, #988, #1193, .T. ) ;
#2697 = FACE_OUTER_BOUND ( 'NONE', #926, .T. ) ;
#2698 = PRESENTATION_STYLE_ASSIGNMENT (( #5334 ) ) ;
#2699 = VERTEX_POINT ( 'NONE', #3853 ) ;
#2700 = ORIENTED_EDGE ( 'NONE', *, *, #5587, .T. ) ;
#2701 = DIRECTION ( 'NONE',  ( 0.000000000000000000, 0.000000000000000000, -1.000000000000000000 ) ) ;
#2702 = ORIENTED_EDGE ( 'NONE', *, *, #4035, .F. ) ;
#2703 = CARTESIAN_POINT ( 'NONE',  ( 3.000000000000003109, 0.2000000000000007050, 0.9249999999999998224 ) ) ;
#2704 = DIRECTION ( 'NONE',  ( 0.000000000000000000, -1.000000000000000000, 0.000000000000000000 ) ) ;
#2705 = ORIENTED_EDGE ( 'NONE', *, *, #1824, .T. ) ;
#2706 = DIRECTION ( 'NONE',  ( -1.807003620809174139E-16, 1.000000000000000000, -1.204669080539450330E-16 ) ) ;
#2707 = ORIENTED_EDGE ( 'NONE', *, *, #1896, .T. ) ;
#2708 = ORIENTED_EDGE ( 'NONE', *, *, #2373, .T. ) ;
#2709 = DIRECTION ( 'NONE',  ( -1.000000000000000000, 0.000000000000000000, -0.000000000000000000 ) ) ;
#2710 = FACE_OUTER_BOUND ( 'NONE', #2729, .T. ) ;
#2711 = EDGE_CURVE ( 'NONE', #3923, #1398, #2919, .T. ) ;
#2712 = DIRECTION ( 'NONE',  ( -3.304235192336774723E-15, -1.000000000000000000, 1.530638361156005111E-15 ) ) ;
#2713 = EDGE_CURVE ( 'NONE', #1650, #3437, #5159, .T. ) ;
#2714 = LINE ( 'NONE', #1811, #4543 ) ;
#2715 = VERTEX_POINT ( 'NONE', #3351 ) ;
#2716 = CARTESIAN_POINT ( 'NONE',  ( -3.000000000000003553, 0.2000000000000005940, -0.9249999999999997113 ) ) ;
#2717 = DIRECTION ( 'NONE',  ( -0.000000000000000000, -9.035018104045866996E-17, 1.000000000000000000 ) ) ;
#2718 = ADVANCED_FACE ( 'NONE', ( #3030 ), #5185, .F. ) ;
#2719 = VERTEX_POINT ( 'NONE', #2606 ) ;
#2720 = DIRECTION ( 'NONE',  ( -0.000000000000000000, -0.000000000000000000, -1.000000000000000000 ) ) ;
#2721 = PLANE ( 'NONE',  #1511 ) ;
#2722 = FILL_AREA_STYLE_COLOUR ( '', #3218 ) ;
#2723 = FACE_OUTER_BOUND ( 'NONE', #1965, .T. ) ;
#2724 = ORIENTED_EDGE ( 'NONE', *, *, #3032, .F. ) ;
#2725 = EDGE_CURVE ( 'NONE', #1352, #2273, #1669, .T. ) ;
#2726 = ADVANCED_FACE ( 'NONE', ( #2173 ), #355, .F. ) ;
#2727 = VERTEX_POINT ( 'NONE', #1298 ) ;
#2728 = CARTESIAN_POINT ( 'NONE',  ( -3.850000000000003642, 4.345659265893389935E-16, -1.374999999999999556 ) ) ;
#2729 = EDGE_LOOP ( 'NONE', ( #1373, #2272, #5192, #900, #1031 ) ) ;
#2730 = DIRECTION ( 'NONE',  ( 0.000000000000000000, 1.000000000000000000, 0.000000000000000000 ) ) ;
#2731 = EDGE_LOOP ( 'NONE', ( #3085, #4373, #4940, #1698 ) ) ;
#2732 = DIRECTION ( 'NONE',  ( 0.000000000000000000, -1.000000000000000000, -1.204669080539449837E-16 ) ) ;
#2733 = ORIENTED_EDGE ( 'NONE', *, *, #4930, .F. ) ;
#2734 = ORIENTED_EDGE ( 'NONE', *, *, #3621, .F. ) ;
#2735 = LINE ( 'NONE', #1521, #3966 ) ;
#2736 = DIRECTION ( 'NONE',  ( 0.000000000000000000, 1.000000000000000000, 0.000000000000000000 ) ) ;
#2737 = CIRCLE ( 'NONE', #306, 0.05000000000000012768 ) ;
#2738 = LINE ( 'NONE', #964, #4303 ) ;
#2739 = EDGE_CURVE ( 'NONE', #4996, #3379, #3825, .T. ) ;
#2740 = AXIS2_PLACEMENT_3D ( 'NONE', #561, #1855, #2732 ) ;
#2741 = DIRECTION ( 'NONE',  ( 0.000000000000000000, 0.000000000000000000, -1.000000000000000000 ) ) ;
#2742 = EDGE_LOOP ( 'NONE', ( #1812, #2757, #4081, #4808, #4605, #5579 ) ) ;
#2743 = DIRECTION ( 'NONE',  ( 1.000000000000000000, 0.000000000000000000, 1.286288226170732780E-48 ) ) ;
#2744 = EDGE_CURVE ( 'NONE', #5290, #5220, #3005, .T. ) ;
#2745 = CARTESIAN_POINT ( 'NONE',  ( 0.1499999999999999667, 0.4000000000000000222, 1.300000000000000044 ) ) ;
#2746 = CYLINDRICAL_SURFACE ( 'NONE', #3956, 0.05000000000000012768 ) ;
#2747 = CIRCLE ( 'NONE', #851, 0.2000000000000000944 ) ;
#2748 = EDGE_CURVE ( 'NONE', #3008, #5449, #2494, .T. ) ;
#2749 = DIRECTION ( 'NONE',  ( 0.000000000000000000, 0.000000000000000000, -1.000000000000000000 ) ) ;
#2750 = LINE ( 'NONE', #128, #2134 ) ;
#2751 = ADVANCED_FACE ( 'NONE', ( #3800 ), #5134, .T. ) ;
#2752 = LINE ( 'NONE', #4936, #858 ) ;
#2753 = ORIENTED_EDGE ( 'NONE', *, *, #3326, .T. ) ;
#2754 = VECTOR ( 'NONE', #2356, 1000.000000000000000 ) ;
#2755 = ORIENTED_EDGE ( 'NONE', *, *, #4546, .F. ) ;
#2756 = CARTESIAN_POINT ( 'NONE',  ( -2.949999999999999734, 1.350000000000000533, 0.9499999999999997335 ) ) ;
#2757 = ORIENTED_EDGE ( 'NONE', *, *, #4337, .T. ) ;
#2758 = VECTOR ( 'NONE', #2020, 1000.000000000000000 ) ;
#2759 = VECTOR ( 'NONE', #3176, 1000.000000000000000 ) ;
#2760 = PLANE ( 'NONE',  #4403 ) ;
#2761 = AXIS2_PLACEMENT_3D ( 'NONE', #794, #395, #1214 ) ;
#2762 = ORIENTED_EDGE ( 'NONE', *, *, #5378, .F. ) ;
#2763 = VECTOR ( 'NONE', #4509, 1000.000000000000000 ) ;
#2764 = DIRECTION ( 'NONE',  ( -0.000000000000000000, -1.000000000000000000, -0.000000000000000000 ) ) ;
#2765 = VERTEX_POINT ( 'NONE', #1219 ) ;
#2766 = ORIENTED_EDGE ( 'NONE', *, *, #1291, .F. ) ;
#2767 = LINE ( 'NONE', #4162, #1700 ) ;
#2768 = AXIS2_PLACEMENT_3D ( 'NONE', #475, #5202, #2378 ) ;
#2769 = FACE_OUTER_BOUND ( 'NONE', #3963, .T. ) ;
#2770 = AXIS2_PLACEMENT_3D ( 'NONE', #253, #1996, #1970 ) ;
#2771 = CYLINDRICAL_SURFACE ( 'NONE', #4844, 0.04999999999999999584 ) ;
#2772 = MANIFOLD_SOLID_BREP ( 'Boss-Extrude6[3]', #1309 ) ;
#2773 = VECTOR ( 'NONE', #5450, 1000.000000000000000 ) ;
#2774 = AXIS2_PLACEMENT_3D ( 'NONE', #524, #3979, #1987 ) ;
#2775 = PLANE ( 'NONE',  #3644 ) ;
#2776 = ORIENTED_EDGE ( 'NONE', *, *, #131, .T. ) ;
#2777 = DIRECTION ( 'NONE',  ( -1.000000000000000000, 0.000000000000000000, 0.000000000000000000 ) ) ;
#2778 = DIRECTION ( 'NONE',  ( 1.000000000000000000, -3.304235192336774723E-15, 0.000000000000000000 ) ) ;
#2779 = LINE ( 'NONE', #2464, #2315 ) ;
#2780 = DIRECTION ( 'NONE',  ( -1.000000000000000000, 0.000000000000000000, 0.000000000000000000 ) ) ;
#2781 = AXIS2_PLACEMENT_3D ( 'NONE', #5333, #1794, #3094 ) ;
#2782 = DIRECTION ( 'NONE',  ( 0.000000000000000000, 1.204669080539449837E-16, -1.000000000000000000 ) ) ;
#2783 = CARTESIAN_POINT ( 'NONE',  ( -2.800000000000000266, 1.199999999999981970, -0.7499999999999995559 ) ) ;
#2784 = PLANE ( 'NONE',  #413 ) ;
#2785 = VERTEX_POINT ( 'NONE', #3478 ) ;
#2786 = EDGE_CURVE ( 'NONE', #1973, #463, #1253, .T. ) ;
#2787 = EDGE_CURVE ( 'NONE', #1649, #4915, #4052, .T. ) ;
#2788 = ORIENTED_EDGE ( 'NONE', *, *, #1625, .F. ) ;
#2789 = CARTESIAN_POINT ( 'NONE',  ( 1.399999999999999911, 1.200000000000000178, 2.699999999999999734 ) ) ;
#2790 = AXIS2_PLACEMENT_3D ( 'NONE', #1186, #2912, #344 ) ;
#2791 = VERTEX_POINT ( 'NONE', #540 ) ;
#2792 = EDGE_CURVE ( 'NONE', #3753, #2422, #1332, .T. ) ;
#2793 = CARTESIAN_POINT ( 'NONE',  ( -2.950000000000001066, 0.8999999999999996891, -1.375000000000000222 ) ) ;
#2794 = VERTEX_POINT ( 'NONE', #1437 ) ;
#2795 = FILL_AREA_STYLE_COLOUR ( '', #4113 ) ;
#2796 = CARTESIAN_POINT ( 'NONE',  ( 2.750000000000000444, 1.500000000000000222, 0.9499999999999998446 ) ) ;
#2797 = VERTEX_POINT ( 'NONE', #4021 ) ;
#2798 = DIRECTION ( 'NONE',  ( 1.286288226170732780E-48, 0.000000000000000000, 1.000000000000000000 ) ) ;
#2799 = DIRECTION ( 'NONE',  ( 0.000000000000000000, -0.000000000000000000, -1.000000000000000000 ) ) ;
#2800 = CARTESIAN_POINT ( 'NONE',  ( 0.000000000000000000, 1.350000000000000089, 0.000000000000000000 ) ) ;
#2801 = CARTESIAN_POINT ( 'NONE',  ( 2.750000000000000444, 1.350000000000000089, -0.9499999999999997335 ) ) ;
#2802 = EDGE_CURVE ( 'NONE', #142, #1614, #4942, .T. ) ;
#2803 = EDGE_CURVE ( 'NONE', #988, #1516, #4870, .T. ) ;
#2804 = CARTESIAN_POINT ( 'NONE',  ( 3.850000000000003642, 0.1500000000000004663, -0.9249999999999998224 ) ) ;
#2805 = ORIENTED_EDGE ( 'NONE', *, *, #4317, .F. ) ;
#2806 = DIRECTION ( 'NONE',  ( -4.336808689942020891E-15, 1.000000000000000000, 0.000000000000000000 ) ) ;
#2807 = ORIENTED_EDGE ( 'NONE', *, *, #4569, .F. ) ;
#2808 = LINE ( 'NONE', #1084, #3854 ) ;
#2809 = DIRECTION ( 'NONE',  ( -0.000000000000000000, 1.000000000000000000, -0.000000000000000000 ) ) ;
#2810 = CARTESIAN_POINT ( 'NONE',  ( -2.550000000000000266, 1.350000000000000089, 1.389999999999999680 ) ) ;
#2811 = CARTESIAN_POINT ( 'NONE',  ( -1.550000000000000266, 0.4000000000000000222, 1.099999999999999867 ) ) ;
#2812 = CARTESIAN_POINT ( 'NONE',  ( 0.000000000000000000, 0.000000000000000000, -1.389999999999999680 ) ) ;
#2813 = DIRECTION ( 'NONE',  ( -1.000000000000000000, 1.872461465063584104E-16, 0.000000000000000000 ) ) ;
#2814 = ORIENTED_EDGE ( 'NONE', *, *, #678, .T. ) ;
#2815 = ADVANCED_FACE ( 'NONE', ( #4891 ), #1015, .T. ) ;
#2816 = ORIENTED_EDGE ( 'NONE', *, *, #2373, .F. ) ;
#2817 = DIRECTION ( 'NONE',  ( 0.000000000000000000, -1.000000000000000000, 0.000000000000000000 ) ) ;
#2818 = ORIENTED_EDGE ( 'NONE', *, *, #718, .F. ) ;
#2819 = EDGE_CURVE ( 'NONE', #1000, #3998, #1382, .T. ) ;
#2820 = CARTESIAN_POINT ( 'NONE',  ( -3.000000000000003109, 0.1500000000000007161, 0.9249999999999997113 ) ) ;
#2821 = ORIENTED_EDGE ( 'NONE', *, *, #4392, .T. ) ;
#2822 = CARTESIAN_POINT ( 'NONE',  ( 0.5749999999999998446, 0.000000000000000000, -1.399999999999999689 ) ) ;
#2823 = CARTESIAN_POINT ( 'NONE',  ( -2.950000000000003286, 0.2000000000000004829, -0.9249999999999998224 ) ) ;
#2824 = ORIENTED_EDGE ( 'NONE', *, *, #4656, .F. ) ;
#2825 = ORIENTED_EDGE ( 'NONE', *, *, #194, .F. ) ;
#2826 = DIRECTION ( 'NONE',  ( -2.176841390411644152E-32, -1.204669080539449837E-16, -1.000000000000000000 ) ) ;
#2827 = CARTESIAN_POINT ( 'NONE',  ( 3.850000000000003642, 4.464804779749327439E-16, -1.374999999999999556 ) ) ;
#2828 = CARTESIAN_POINT ( 'NONE',  ( 2.799999999999999822, 1.350000000000000089, -1.389999999999999680 ) ) ;
#2829 = CARTESIAN_POINT ( 'NONE',  ( 1.399999999999999911, 0.2999999999999999334, 2.699999999999999734 ) ) ;
#2830 = VERTEX_POINT ( 'NONE', #2198 ) ;
#2831 = PLANE ( 'NONE',  #1671 ) ;
#2832 = AXIS2_PLACEMENT_3D ( 'NONE', #568, #3940, #4024 ) ;
#2833 = PLANE ( 'NONE',  #4030 ) ;
#2834 = CARTESIAN_POINT ( 'NONE',  ( -1.732649100570680790E-16, 1.307818870560639724E-15, -1.685188701338831371E-31 ) ) ;
#2835 = PLANE ( 'NONE',  #2509 ) ;
#2836 = ADVANCED_FACE ( 'NONE', ( #145 ), #3566, .F. ) ;
#2837 = AXIS2_PLACEMENT_3D ( 'NONE', #478, #2706, #5289 ) ;
#2838 = DIRECTION ( 'NONE',  ( -1.000000000000000000, -1.807003620809174385E-16, 0.000000000000000000 ) ) ;
#2839 = CARTESIAN_POINT ( 'NONE',  ( 2.799999999999999822, 0.9000000000000002442, 0.9499999999999997335 ) ) ;
#2840 = CARTESIAN_POINT ( 'NONE',  ( -2.800000000000002931, 0.2999999999999998779, 0.8400000000000000799 ) ) ;
#2841 = ORIENTED_EDGE ( 'NONE', *, *, #747, .F. ) ;
#2842 = VECTOR ( 'NONE', #3727, 1000.000000000000000 ) ;
#2843 = ORIENTED_EDGE ( 'NONE', *, *, #5109, .T. ) ;
#2844 = VECTOR ( 'NONE', #1356, 1000.000000000000000 ) ;
#2845 = FACE_OUTER_BOUND ( 'NONE', #4066, .T. ) ;
#2846 = ORIENTED_EDGE ( 'NONE', *, *, #1195, .F. ) ;
#2847 = DIRECTION ( 'NONE',  ( 0.000000000000000000, -1.000000000000000000, 0.000000000000000000 ) ) ;
#2848 = CIRCLE ( 'NONE', #3025, 0.2000000000000000944 ) ;
#2849 = ORIENTED_EDGE ( 'NONE', *, *, #3734, .T. ) ;
#2850 = PLANE ( 'NONE',  #4740 ) ;
#2851 = CIRCLE ( 'NONE', #4119, 0.1750000000000001554 ) ;
#2852 = DIRECTION ( 'NONE',  ( 0.000000000000000000, 2.710505431213754182E-16, -1.000000000000000000 ) ) ;
#2853 = VERTEX_POINT ( 'NONE', #3169 ) ;
#2854 = VERTEX_POINT ( 'NONE', #2632 ) ;
#2855 = CARTESIAN_POINT ( 'NONE',  ( 2.074999999999999734, 0.000000000000000000, -1.399999999999999689 ) ) ;
#2856 = PLANE ( 'NONE',  #5036 ) ;
#2857 = EDGE_CURVE ( 'NONE', #3077, #18, #4357, .T. ) ;
#2858 = DIRECTION ( 'NONE',  ( 0.000000000000000000, 0.000000000000000000, -1.000000000000000000 ) ) ;
#2859 = VECTOR ( 'NONE', #1984, 1000.000000000000000 ) ;
#2860 = EDGE_CURVE ( 'NONE', #5138, #4536, #513, .T. ) ;
#2861 = MANIFOLD_SOLID_BREP ( 'Boss-Extrude6[1]', #2578 ) ;
#2862 = CARTESIAN_POINT ( 'NONE',  ( 2.550000000000000266, 1.499999999999999556, 0.9499999999999997335 ) ) ;
#2863 = ORIENTED_EDGE ( 'NONE', *, *, #207, .F. ) ;
#2864 = VECTOR ( 'NONE', #4679, 1000.000000000000000 ) ;
#2865 = CARTESIAN_POINT ( 'NONE',  ( 3.850000000000003642, 6.091108038477585076E-16, 0.9249999999999997113 ) ) ;
#2866 = VECTOR ( 'NONE', #2924, 1000.000000000000000 ) ;
#2867 = DIRECTION ( 'NONE',  ( -1.000000000000000000, 0.000000000000000000, 0.000000000000000000 ) ) ;
#2868 = DIRECTION ( 'NONE',  ( 0.000000000000000000, 0.000000000000000000, -1.000000000000000000 ) ) ;
#2869 = CARTESIAN_POINT ( 'NONE',  ( 3.000000000000003109, 0.1500000000000006883, 1.374999999999999556 ) ) ;
#2870 = AXIS2_PLACEMENT_3D ( 'NONE', #4267, #500, #836 ) ;
#2871 = CIRCLE ( 'NONE', #5487, 0.2000000000000000944 ) ;
#2872 = DIRECTION ( 'NONE',  ( 1.000000000000000000, 3.304235192336774723E-15, 0.000000000000000000 ) ) ;
#2873 = CARTESIAN_POINT ( 'NONE',  ( 2.475000000000000089, 0.1499999999999999944, -2.399999999999999911 ) ) ;
#2874 = CYLINDRICAL_SURFACE ( 'NONE', #2950, 0.05000000000000012768 ) ;
#2875 = ORIENTED_EDGE ( 'NONE', *, *, #2711, .F. ) ;
#2876 = VECTOR ( 'NONE', #1873, 1000.000000000000000 ) ;
#2877 = ADVANCED_FACE ( 'NONE', ( #2710 ), #4439, .T. ) ;
#2878 = VERTEX_POINT ( 'NONE', #2839 ) ;
#2879 = CARTESIAN_POINT ( 'NONE',  ( 0.1500000000000000777, 0.3000000000000000444, 1.499999999999999334 ) ) ;
#2880 = ORIENTED_EDGE ( 'NONE', *, *, #2744, .T. ) ;
#2881 = DIRECTION ( 'NONE',  ( 0.000000000000000000, 1.000000000000000000, 0.000000000000000000 ) ) ;
#2882 = VERTEX_POINT ( 'NONE', #1713 ) ;
#2883 = DIRECTION ( 'NONE',  ( 1.000000000000000000, 3.304235192336774723E-15, 0.000000000000000000 ) ) ;
#2884 = CARTESIAN_POINT ( 'NONE',  ( -1.550000000000000266, 0.4000000000000000222, 1.099999999999999867 ) ) ;
#2885 = ORIENTED_EDGE ( 'NONE', *, *, #541, .T. ) ;
#2886 = CARTESIAN_POINT ( 'NONE',  ( -2.550000000000000266, 1.350000000000000089, -0.9499999999999997335 ) ) ;
#2887 = CYLINDRICAL_SURFACE ( 'NONE', #1972, 0.1499999999999999667 ) ;
#2888 = LINE ( 'NONE', #3225, #2309 ) ;
#2889 = CARTESIAN_POINT ( 'NONE',  ( 1.449999999999999956, 0.2500000000000000000, 1.549999999999999378 ) ) ;
#2890 = DIRECTION ( 'NONE',  ( -3.304235192336774723E-15, 1.000000000000000000, 1.530638361156005111E-15 ) ) ;
#2891 = ORIENTED_EDGE ( 'NONE', *, *, #2187, .F. ) ;
#2892 = DIRECTION ( 'NONE',  ( -0.000000000000000000, -0.000000000000000000, 1.000000000000000000 ) ) ;
#2893 = FACE_OUTER_BOUND ( 'NONE', #1963, .T. ) ;
#2894 = EDGE_CURVE ( 'NONE', #3259, #161, #3957, .T. ) ;
#2895 = EDGE_CURVE ( 'NONE', #5396, #814, #607, .T. ) ;
#2896 = DIRECTION ( 'NONE',  ( -1.000000000000000000, -1.807003620809174139E-16, 0.000000000000000000 ) ) ;
#2897 = CARTESIAN_POINT ( 'NONE',  ( 2.750000000000000444, 1.499999999999999556, -0.9499999999999997335 ) ) ;
#2898 = LINE ( 'NONE', #4198, #5498 ) ;
#2899 = EDGE_CURVE ( 'NONE', #3536, #3101, #3099, .T. ) ;
#2900 =( NAMED_UNIT ( * ) PLANE_ANGLE_UNIT ( ) SI_UNIT ( $, .RADIAN. ) );
#2901 = PLANE ( 'NONE',  #5116 ) ;
#2902 = EDGE_LOOP ( 'NONE', ( #563, #2368, #5427, #3231 ) ) ;
#2903 = VERTEX_POINT ( 'NONE', #815 ) ;
#2904 = PLANE ( 'NONE',  #5494 ) ;
#2905 = VERTEX_POINT ( 'NONE', #2995 ) ;
#2906 = DIRECTION ( 'NONE',  ( -1.000000000000000000, 0.000000000000000000, 0.000000000000000000 ) ) ;
#2907 = ADVANCED_FACE ( 'NONE', ( #3051 ), #4777, .T. ) ;
#2908 = ORIENTED_EDGE ( 'NONE', *, *, #5245, .F. ) ;
#2909 = FACE_OUTER_BOUND ( 'NONE', #5339, .T. ) ;
#2910 = DIRECTION ( 'NONE',  ( 0.000000000000000000, 1.204669080539449837E-16, -1.000000000000000000 ) ) ;
#2911 = ORIENTED_EDGE ( 'NONE', *, *, #4310, .F. ) ;
#2912 = DIRECTION ( 'NONE',  ( 0.000000000000000000, 0.000000000000000000, -1.000000000000000000 ) ) ;
#2913 = PLANE ( 'NONE',  #2047 ) ;
#2914 = CARTESIAN_POINT ( 'NONE',  ( -2.950000000000003286, 0.3000000000000002665, 0.9499999999999997335 ) ) ;
#2915 = LINE ( 'NONE', #4330, #1393 ) ;
#2916 = ORIENTED_EDGE ( 'NONE', *, *, #956, .F. ) ;
#2917 = DIRECTION ( 'NONE',  ( -4.336808689942020891E-15, 1.000000000000000000, 0.000000000000000000 ) ) ;
#2918 = FACE_OUTER_BOUND ( 'NONE', #2220, .T. ) ;
#2919 = LINE ( 'NONE', #5550, #2503 ) ;
#2920 = ADVANCED_FACE ( 'NONE', ( #4347 ), #895, .T. ) ;
#2921 = CARTESIAN_POINT ( 'NONE',  ( 4.000000000000003553, 5.458656771194372513E-16, 1.224999999999999423 ) ) ;
#2922 = EDGE_CURVE ( 'NONE', #2719, #589, #419, .T. ) ;
#2923 = CARTESIAN_POINT ( 'NONE',  ( -2.800000000000003375, 0.2149999999999996358, -0.9250000000000002665 ) ) ;
#2924 = DIRECTION ( 'NONE',  ( -0.000000000000000000, 0.7071067811865486830, -0.7071067811865464625 ) ) ;
#2925 = CARTESIAN_POINT ( 'NONE',  ( -2.950000000000003286, 0.1500000000000005773, -1.374999999999999556 ) ) ;
#2926 = ORIENTED_EDGE ( 'NONE', *, *, #4840, .T. ) ;
#2927 = VECTOR ( 'NONE', #1166, 1000.000000000000000 ) ;
#2928 = EDGE_CURVE ( 'NONE', #1856, #4093, #2139, .T. ) ;
#2929 = EDGE_CURVE ( 'NONE', #1776, #5255, #1328, .T. ) ;
#2930 = ORIENTED_EDGE ( 'NONE', *, *, #5006, .T. ) ;
#2931 = LINE ( 'NONE', #5535, #1864 ) ;
#2932 = VECTOR ( 'NONE', #3083, 1000.000000000000000 ) ;
#2933 = ORIENTED_EDGE ( 'NONE', *, *, #3909, .F. ) ;
#2934 = DIRECTION ( 'NONE',  ( -1.000000000000000000, -3.523657060577887833E-15, 0.000000000000000000 ) ) ;
#2935 = VECTOR ( 'NONE', #1207, 1000.000000000000000 ) ;
#2936 = ORIENTED_EDGE ( 'NONE', *, *, #555, .T. ) ;
#2937 = CARTESIAN_POINT ( 'NONE',  ( 2.799999999999999822, 1.475000000000000089, 1.389999999999999680 ) ) ;
#2938 = CARTESIAN_POINT ( 'NONE',  ( 0.1500000000000000777, 0.2999999999999999334, 2.699999999999999734 ) ) ;
#2939 = FACE_OUTER_BOUND ( 'NONE', #4430, .T. ) ;
#2940 = VECTOR ( 'NONE', #2065, 1000.000000000000000 ) ;
#2941 = CARTESIAN_POINT ( 'NONE',  ( 4.000000000000003553, 4.314221144681903389E-16, -1.224999999999999423 ) ) ;
#2942 = DIRECTION ( 'NONE',  ( 0.000000000000000000, 0.000000000000000000, 1.000000000000000000 ) ) ;
#2943 = VECTOR ( 'NONE', #789, 1000.000000000000000 ) ;
#2944 = CARTESIAN_POINT ( 'NONE',  ( 3.000000000000003109, 0.2000000000000007050, 0.9249999999999998224 ) ) ;
#2945 = VERTEX_POINT ( 'NONE', #83 ) ;
#2946 = FACE_OUTER_BOUND ( 'NONE', #5367, .T. ) ;
#2947 = LINE ( 'NONE', #4225, #2039 ) ;
#2948 = VECTOR ( 'NONE', #2881, 1000.000000000000000 ) ;
#2949 = PLANE ( 'NONE',  #5303 ) ;
#2950 = AXIS2_PLACEMENT_3D ( 'NONE', #4601, #4709, #1304 ) ;
#2951 = DIRECTION ( 'NONE',  ( 0.000000000000000000, 0.000000000000000000, -1.000000000000000000 ) ) ;
#2952 = VECTOR ( 'NONE', #1045, 1000.000000000000000 ) ;
#2953 = MECHANICAL_DESIGN_GEOMETRIC_PRESENTATION_REPRESENTATION (  '', ( #336 ), #1951 ) ;
#2954 = DIRECTION ( 'NONE',  ( -1.872461465063586570E-16, -1.000000000000000000, 0.000000000000000000 ) ) ;
#2955 = LINE ( 'NONE', #1990, #780 ) ;
#2956 = LINE ( 'NONE', #2925, #4570 ) ;
#2957 = EDGE_LOOP ( 'NONE', ( #1545, #1607, #3831, #969, #586, #1258, #4610, #3157 ) ) ;
#2958 = AXIS2_PLACEMENT_3D ( 'NONE', #3515, #1860, #3062 ) ;
#2959 = VECTOR ( 'NONE', #3055, 1000.000000000000000 ) ;
#2960 = ORIENTED_EDGE ( 'NONE', *, *, #4227, .T. ) ;
#2961 = DIRECTION ( 'NONE',  ( 1.000000000000000000, 3.304235192336774723E-15, -5.800362252335211311E-32 ) ) ;
#2962 = AXIS2_PLACEMENT_3D ( 'NONE', #982, #1822, #2360 ) ;
#2963 = AXIS2_PLACEMENT_3D ( 'NONE', #1500, #5053, #3237 ) ;
#2964 = VERTEX_POINT ( 'NONE', #3442 ) ;
#2965 = ADVANCED_FACE ( 'NONE', ( #47 ), #3502, .T. ) ;
#2966 = LINE ( 'NONE', #1235, #2214 ) ;
#2967 = EDGE_CURVE ( 'NONE', #388, #2699, #2646, .T. ) ;
#2968 = CIRCLE ( 'NONE', #3687, 0.08500000000000011713 ) ;
#2969 = ORIENTED_EDGE ( 'NONE', *, *, #609, .T. ) ;
#2970 = DIRECTION ( 'NONE',  ( -1.000000000000000000, 0.000000000000000000, -6.944994767471928987E-47 ) ) ;
#2971 = EDGE_CURVE ( 'NONE', #589, #3769, #162, .T. ) ;
#2972 = DIRECTION ( 'NONE',  ( -4.818676322157784950E-15, 1.000000000000000000, 0.000000000000000000 ) ) ;
#2973 = CARTESIAN_POINT ( 'NONE',  ( -2.750000000000000444, 1.300000000000000266, -0.9499999999999997335 ) ) ;
#2974 = DIRECTION ( 'NONE',  ( 2.320584820479771184E-34, 0.000000000000000000, 1.000000000000000000 ) ) ;
#2975 = DIRECTION ( 'NONE',  ( 0.000000000000000000, -1.000000000000000000, 0.000000000000000000 ) ) ;
#2976 = DIRECTION ( 'NONE',  ( 1.807003620809173892E-16, 1.000000000000000000, -1.204669080539450330E-16 ) ) ;
#2977 = ORIENTED_EDGE ( 'NONE', *, *, #4554, .F. ) ;
#2978 = PRESENTATION_LAYER_ASSIGNMENT (  '', '', ( #983 ) ) ;
#2979 = FACE_OUTER_BOUND ( 'NONE', #2019, .T. ) ;
#2980 = DIRECTION ( 'NONE',  ( 4.818676322157784950E-15, 1.000000000000000000, 0.000000000000000000 ) ) ;
#2981 = SURFACE_STYLE_USAGE ( .BOTH. , #4759 ) ;
#2982 = ADVANCED_FACE ( 'NONE', ( #5197 ), #4803, .T. ) ;
#2983 = CARTESIAN_POINT ( 'NONE',  ( -2.974999999999999645, 1.100000000000000089, 1.389999999999999680 ) ) ;
#2984 = ADVANCED_FACE ( 'NONE', ( #1735 ), #3466, .T. ) ;
#2985 = DIRECTION ( 'NONE',  ( 0.000000000000000000, 0.000000000000000000, 1.000000000000000000 ) ) ;
#2986 = ORIENTED_EDGE ( 'NONE', *, *, #476, .T. ) ;
#2987 = CARTESIAN_POINT ( 'NONE',  ( 1.399999999999999911, 0.2500000000000000000, 1.549999999999999378 ) ) ;
#2988 = EDGE_LOOP ( 'NONE', ( #2675, #2707, #1114, #2097, #2930, #3559, #5224 ) ) ;
#2989 = VERTEX_POINT ( 'NONE', #5149 ) ;
#2990 = CARTESIAN_POINT ( 'NONE',  ( 2.800000000000001155, 0.8999999999999998002, -0.9499999999999997335 ) ) ;
#2991 = ORIENTED_EDGE ( 'NONE', *, *, #2558, .F. ) ;
#2992 = CARTESIAN_POINT ( 'NONE',  ( -2.799999999999999822, 0.9000000000000000222, -0.9499999999999997335 ) ) ;
#2993 = EDGE_CURVE ( 'NONE', #3700, #2797, #1765, .T. ) ;
#2994 = ORIENTED_EDGE ( 'NONE', *, *, #2819, .F. ) ;
#2995 = CARTESIAN_POINT ( 'NONE',  ( -2.799999999999999822, 1.350000000000000089, 1.399999999999999689 ) ) ;
#2996 = EDGE_CURVE ( 'NONE', #2559, #1474, #1315, .T. ) ;
#2997 = DIRECTION ( 'NONE',  ( -6.944994767471928987E-47, 0.000000000000000000, -1.000000000000000000 ) ) ;
#2998 = DIRECTION ( 'NONE',  ( -4.336808689942020891E-15, 1.000000000000000000, 0.000000000000000000 ) ) ;
#2999 = FACE_OUTER_BOUND ( 'NONE', #3630, .T. ) ;
#3000 = CARTESIAN_POINT ( 'NONE',  ( -3.000000000000003553, 0.2000000000000005940, -0.9249999999999998224 ) ) ;
#3001 = ORIENTED_EDGE ( 'NONE', *, *, #5451, .T. ) ;
#3002 = DIRECTION ( 'NONE',  ( 0.000000000000000000, 0.000000000000000000, -1.000000000000000000 ) ) ;
#3003 = ORIENTED_EDGE ( 'NONE', *, *, #2739, .T. ) ;
#3004 = DIRECTION ( 'NONE',  ( 0.000000000000000000, 1.000000000000000000, 0.000000000000000000 ) ) ;
#3005 = LINE ( 'NONE', #5100, #250 ) ;
#3006 = CARTESIAN_POINT ( 'NONE',  ( 1.732649100570680543E-16, 1.142176871986465282E-15, -1.374999999999999556 ) ) ;
#3007 = CARTESIAN_POINT ( 'NONE',  ( 3.000000000000003553, 0.1500000000000006606, -0.9249999999999998224 ) ) ;
#3008 = VERTEX_POINT ( 'NONE', #4370 ) ;
#3009 = EDGE_CURVE ( 'NONE', #5009, #463, #5257, .T. ) ;
#3010 = DIRECTION ( 'NONE',  ( 0.000000000000000000, -1.530638361156005111E-15, 1.000000000000000000 ) ) ;
#3011 = ORIENTED_EDGE ( 'NONE', *, *, #200, .F. ) ;
#3012 = EDGE_LOOP ( 'NONE', ( #3249, #1791, #3659, #3167 ) ) ;
#3013 = DIRECTION ( 'NONE',  ( 1.000000000000000000, -0.000000000000000000, -0.000000000000000000 ) ) ;
#3014 = ORIENTED_EDGE ( 'NONE', *, *, #4930, .T. ) ;
#3015 = VECTOR ( 'NONE', #796, 1000.000000000000000 ) ;
#3016 = FACE_OUTER_BOUND ( 'NONE', #4616, .T. ) ;
#3017 = ORIENTED_EDGE ( 'NONE', *, *, #4143, .F. ) ;
#3018 = TOROIDAL_SURFACE ( 'NONE', #1928, 0.1749999999999998779, 0.2000000000000000111 ) ;
#3019 = DIRECTION ( 'NONE',  ( 0.000000000000000000, 0.000000000000000000, -1.000000000000000000 ) ) ;
#3020 = CARTESIAN_POINT ( 'NONE',  ( -1.500000000000000000, -0.5500000000000001554, 0.000000000000000000 ) ) ;
#3021 = DIRECTION ( 'NONE',  ( 0.000000000000000000, 0.000000000000000000, -1.000000000000000000 ) ) ;
#3022 = VECTOR ( 'NONE', #755, 1000.000000000000000 ) ;
#3023 = CYLINDRICAL_SURFACE ( 'NONE', #1316, 0.05000000000000002359 ) ;
#3024 = ORIENTED_EDGE ( 'NONE', *, *, #1307, .T. ) ;
#3025 = AXIS2_PLACEMENT_3D ( 'NONE', #3108, #1778, #31 ) ;
#3026 = CARTESIAN_POINT ( 'NONE',  ( 2.950000000000003286, 0.2000000000000004274, -1.375000000000000000 ) ) ;
#3027 = ORIENTED_EDGE ( 'NONE', *, *, #2018, .F. ) ;
#3028 = LINE ( 'NONE', #5501, #5562 ) ;
#3029 = EDGE_CURVE ( 'NONE', #1074, #506, #2672, .T. ) ;
#3030 = FACE_OUTER_BOUND ( 'NONE', #537, .T. ) ;
#3031 = DIRECTION ( 'NONE',  ( 0.000000000000000000, 0.000000000000000000, -1.000000000000000000 ) ) ;
#3032 = EDGE_CURVE ( 'NONE', #3934, #3613, #5312, .T. ) ;
#3033 = VECTOR ( 'NONE', #4746, 1000.000000000000000 ) ;
#3034 = DIRECTION ( 'NONE',  ( 1.000000000000000000, 3.304235192336774329E-15, -0.000000000000000000 ) ) ;
#3035 = ORIENTED_EDGE ( 'NONE', *, *, #2057, .T. ) ;
#3036 = VECTOR ( 'NONE', #4618, 1000.000000000000000 ) ;
#3037 = LINE ( 'NONE', #3889, #3582 ) ;
#3038 = ORIENTED_EDGE ( 'NONE', *, *, #4935, .T. ) ;
#3039 = AXIS2_PLACEMENT_3D ( 'NONE', #2168, #2942, #4328 ) ;
#3040 = AXIS2_PLACEMENT_3D ( 'NONE', #4163, #4101, #1979 ) ;
#3041 = VERTEX_POINT ( 'NONE', #4485 ) ;
#3042 = CARTESIAN_POINT ( 'NONE',  ( -2.800000000000003375, 0.1999999999999999278, -1.375000000000000000 ) ) ;
#3043 = ORIENTED_EDGE ( 'NONE', *, *, #3983, .F. ) ;
#3044 = VECTOR ( 'NONE', #2686, 1000.000000000000000 ) ;
#3045 = AXIS2_PLACEMENT_3D ( 'NONE', #5537, #2906, #2535 ) ;
#3046 = EDGE_CURVE ( 'NONE', #106, #2169, #3210, .T. ) ;
#3047 = EDGE_CURVE ( 'NONE', #4725, #2185, #4770, .T. ) ;
#3048 = VECTOR ( 'NONE', #3298, 1000.000000000000000 ) ;
#3049 = ORIENTED_EDGE ( 'NONE', *, *, #5329, .F. ) ;
#3050 = VECTOR ( 'NONE', #4181, 1000.000000000000000 ) ;
#3051 = FACE_OUTER_BOUND ( 'NONE', #2902, .T. ) ;
#3052 = LINE ( 'NONE', #2565, #326 ) ;
#3053 = DIRECTION ( 'NONE',  ( -1.000000000000000000, -1.807003620809173892E-16, 1.032573497605242101E-16 ) ) ;
#3054 = AXIS2_PLACEMENT_3D ( 'NONE', #5389, #3777, #1621 ) ;
#3055 = DIRECTION ( 'NONE',  ( -0.000000000000000000, -0.000000000000000000, 1.000000000000000000 ) ) ;
#3056 = LINE ( 'NONE', #4782, #601 ) ;
#3057 = ORIENTED_EDGE ( 'NONE', *, *, #2209, .T. ) ;
#3058 = FACE_OUTER_BOUND ( 'NONE', #2256, .T. ) ;
#3059 = ORIENTED_EDGE ( 'NONE', *, *, #1796, .F. ) ;
#3060 = ORIENTED_EDGE ( 'NONE', *, *, #4660, .T. ) ;
#3061 = DIRECTION ( 'NONE',  ( 3.097720492815731011E-15, 1.000000000000000000, -3.097720492815730617E-16 ) ) ;
#3062 = DIRECTION ( 'NONE',  ( 1.000000000000000000, 0.000000000000000000, 0.000000000000000000 ) ) ;
#3063 = LINE ( 'NONE', #4789, #596 ) ;
#3064 = DIRECTION ( 'NONE',  ( 0.000000000000000000, -1.000000000000000000, -1.204669080539450083E-16 ) ) ;
#3065 = CARTESIAN_POINT ( 'NONE',  ( -1.500000000000000000, -0.3499999999999999778, -0.1750000000000001554 ) ) ;
#3066 = ORIENTED_EDGE ( 'NONE', *, *, #741, .F. ) ;
#3067 = DIRECTION ( 'NONE',  ( -0.000000000000000000, -0.000000000000000000, 1.000000000000000000 ) ) ;
#3068 = ADVANCED_FACE ( 'NONE', ( #557 ), #4092, .T. ) ;
#3069 = CARTESIAN_POINT ( 'NONE',  ( 3.850000000000003642, 5.429861438378894369E-16, 1.374999999999999556 ) ) ;
#3070 = ORIENTED_EDGE ( 'NONE', *, *, #1884, .T. ) ;
#3071 = ADVANCED_FACE ( 'NONE', ( #3633 ), #613, .T. ) ;
#3072 = ORIENTED_EDGE ( 'NONE', *, *, #2129, .T. ) ;
#3073 = DIRECTION ( 'NONE',  ( -1.000000000000000000, 0.000000000000000000, 0.000000000000000000 ) ) ;
#3074 = ORIENTED_EDGE ( 'NONE', *, *, #830, .T. ) ;
#3075 = ORIENTED_EDGE ( 'NONE', *, *, #694, .T. ) ;
#3076 = DIRECTION ( 'NONE',  ( -0.000000000000000000, 0.000000000000000000, 1.000000000000000000 ) ) ;
#3077 = VERTEX_POINT ( 'NONE', #107 ) ;
#3078 = CARTESIAN_POINT ( 'NONE',  ( -2.975000000000004974, 1.055172413793084907, 0.8879310344827584522 ) ) ;
#3079 =( LENGTH_UNIT ( ) NAMED_UNIT ( * ) SI_UNIT ( .MILLI., .METRE. ) );
#3080 = ADVANCED_FACE ( 'NONE', ( #2274 ), #1932, .T. ) ;
#3081 = FACE_OUTER_BOUND ( 'NONE', #3682, .T. ) ;
#3082 = ORIENTED_EDGE ( 'NONE', *, *, #2263, .F. ) ;
#3083 = DIRECTION ( 'NONE',  ( 0.000000000000000000, 0.000000000000000000, -1.000000000000000000 ) ) ;
#3084 = ORIENTED_EDGE ( 'NONE', *, *, #4434, .T. ) ;
#3085 = ORIENTED_EDGE ( 'NONE', *, *, #1986, .F. ) ;
#3086 = CARTESIAN_POINT ( 'NONE',  ( -4.000000000000003553, 5.639357133275290247E-16, 1.074999999999999734 ) ) ;
#3087 = DIRECTION ( 'NONE',  ( 3.491481338843132961E-15, -1.000000000000000000, 0.000000000000000000 ) ) ;
#3088 = LINE ( 'NONE', #4358, #5569 ) ;
#3089 = LINE ( 'NONE', #1439, #664 ) ;
#3090 = ORIENTED_EDGE ( 'NONE', *, *, #3032, .T. ) ;
#3091 = DIRECTION ( 'NONE',  ( 0.000000000000000000, -1.000000000000000000, 0.000000000000000000 ) ) ;
#3092 = LINE ( 'NONE', #4820, #4305 ) ;
#3093 = ORIENTED_EDGE ( 'NONE', *, *, #4697, .F. ) ;
#3094 = DIRECTION ( 'NONE',  ( -1.000000000000000000, -1.872461465063584104E-16, 0.000000000000000000 ) ) ;
#3095 = ORIENTED_EDGE ( 'NONE', *, *, #1986, .T. ) ;
#3096 = EDGE_CURVE ( 'NONE', #1773, #2288, #3183, .T. ) ;
#3097 = EDGE_CURVE ( 'NONE', #2554, #1887, #4407, .T. ) ;
#3098 = VERTEX_POINT ( 'NONE', #1513 ) ;
#3099 = LINE ( 'NONE', #4716, #346 ) ;
#3100 = VECTOR ( 'NONE', #4080, 1000.000000000000000 ) ;
#3101 = VERTEX_POINT ( 'NONE', #1033 ) ;
#3102 = LINE ( 'NONE', #1404, #2590 ) ;
#3103 = AXIS2_PLACEMENT_3D ( 'NONE', #5465, #1613, #1917 ) ;
#3104 = ORIENTED_EDGE ( 'NONE', *, *, #4086, .F. ) ;
#3105 = CARTESIAN_POINT ( 'NONE',  ( -2.800000000000004263, 9.086646778926145772E-15, -0.9499999999999997335 ) ) ;
#3106 = ORIENTED_EDGE ( 'NONE', *, *, #1969, .F. ) ;
#3107 = EDGE_LOOP ( 'NONE', ( #2338, #1941, #3476, #279 ) ) ;
#3108 = CARTESIAN_POINT ( 'NONE',  ( 2.750000000000000444, 1.300000000000000266, -0.9499999999999998446 ) ) ;
#3109 = AXIS2_PLACEMENT_3D ( 'NONE', #1975, #3187, #5038 ) ;
#3110 = FILL_AREA_STYLE_COLOUR ( '', #1957 ) ;
#3111 = DIRECTION ( 'NONE',  ( 0.000000000000000000, 0.000000000000000000, -1.000000000000000000 ) ) ;
#3112 = EDGE_CURVE ( 'NONE', #3368, #2502, #1902, .T. ) ;
#3113 = VECTOR ( 'NONE', #5249, 1000.000000000000000 ) ;
#3114 = LINE ( 'NONE', #1481, #1297 ) ;
#3115 = LINE ( 'NONE', #4842, #4825 ) ;
#3116 = VERTEX_POINT ( 'NONE', #2249 ) ;
#3117 = DIRECTION ( 'NONE',  ( 1.000000000000000000, 3.304235192336774329E-15, -0.000000000000000000 ) ) ;
#3118 = DIRECTION ( 'NONE',  ( 1.000000000000000000, 3.304235192336774723E-15, 0.000000000000000000 ) ) ;
#3119 = ORIENTED_EDGE ( 'NONE', *, *, #694, .F. ) ;
#3120 = VECTOR ( 'NONE', #3477, 1000.000000000000000 ) ;
#3121 = CYLINDRICAL_SURFACE ( 'NONE', #505, 0.05000000000000007910 ) ;
#3122 = AXIS2_PLACEMENT_3D ( 'NONE', #1768, #2095, #4684 ) ;
#3123 = CARTESIAN_POINT ( 'NONE',  ( 2.799999999999999822, 1.350000000000000089, -0.9499999999999997335 ) ) ;
#3124 = CARTESIAN_POINT ( 'NONE',  ( 0.000000000000000000, 1.350000000000000089, 0.9499999999999997335 ) ) ;
#3125 = VERTEX_POINT ( 'NONE', #133 ) ;
#3126 = VECTOR ( 'NONE', #3708, 1000.000000000000000 ) ;
#3127 = VECTOR ( 'NONE', #4032, 1000.000000000000000 ) ;
#3128 = ORIENTED_EDGE ( 'NONE', *, *, #4801, .F. ) ;
#3129 = DIRECTION ( 'NONE',  ( -1.000000000000000000, 0.000000000000000000, -0.000000000000000000 ) ) ;
#3130 = STYLED_ITEM ( 'NONE', ( #4814 ), #2861 ) ;
#3131 = AXIS2_PLACEMENT_3D ( 'NONE', #5446, #4257, #3745 ) ;
#3132 = ADVANCED_FACE ( 'NONE', ( #1848 ), #3553, .F. ) ;
#3133 = EDGE_LOOP ( 'NONE', ( #888, #2420, #5252, #4607, #1477, #4783, #5577, #5208, #2455, #4843, #2096, #255, #3550, #1821, #4314, #3951, #2026, #939 ) ) ;
#3134 = EDGE_CURVE ( 'NONE', #3919, #18, #3584, .T. ) ;
#3135 = DIRECTION ( 'NONE',  ( 0.000000000000000000, 0.000000000000000000, 1.000000000000000000 ) ) ;
#3136 = VECTOR ( 'NONE', #4009, 1000.000000000000000 ) ;
#3137 = AXIS2_PLACEMENT_3D ( 'NONE', #2305, #1569, #3300 ) ;
#3138 = ORIENTED_EDGE ( 'NONE', *, *, #5232, .F. ) ;
#3139 = EDGE_CURVE ( 'NONE', #814, #277, #1007, .T. ) ;
#3140 = DIRECTION ( 'NONE',  ( 2.176841390411644699E-32, -1.204669080539450330E-16, 1.000000000000000000 ) ) ;
#3141 = ORIENTED_EDGE ( 'NONE', *, *, #2518, .T. ) ;
#3142 = EDGE_LOOP ( 'NONE', ( #1323, #556, #5183, #1892 ) ) ;
#3143 = VECTOR ( 'NONE', #4040, 1000.000000000000000 ) ;
#3144 = CARTESIAN_POINT ( 'NONE',  ( -2.800000000000001155, 0.8999999999999991340, -1.375000000000000222 ) ) ;
#3145 = CARTESIAN_POINT ( 'NONE',  ( -2.974999999999999645, 0.9000000000000000222, 1.389999999999999680 ) ) ;
#3146 = CARTESIAN_POINT ( 'NONE',  ( -2.550000000000000266, 1.499999999999999556, 1.399999999999999689 ) ) ;
#3147 = FACE_OUTER_BOUND ( 'NONE', #4643, .T. ) ;
#3148 = ORIENTED_EDGE ( 'NONE', *, *, #2555, .T. ) ;
#3149 = LINE ( 'NONE', #4874, #1750 ) ;
#3150 = EDGE_CURVE ( 'NONE', #132, #1776, #1476, .T. ) ;
#3151 = CARTESIAN_POINT ( 'NONE',  ( 0.1500000000000000777, 0.2999999999999999334, 2.750000000000000000 ) ) ;
#3152 = ORIENTED_EDGE ( 'NONE', *, *, #2365, .F. ) ;
#3153 = DIRECTION ( 'NONE',  ( -6.944994767471928987E-47, 0.000000000000000000, -1.000000000000000000 ) ) ;
#3154 = EDGE_CURVE ( 'NONE', #4452, #4416, #4908, .T. ) ;
#3155 = VECTOR ( 'NONE', #5122, 1000.000000000000000 ) ;
#3156 = CYLINDRICAL_SURFACE ( 'NONE', #2781, 0.1499999999999999667 ) ;
#3157 = ORIENTED_EDGE ( 'NONE', *, *, #3390, .T. ) ;
#3158 = EDGE_LOOP ( 'NONE', ( #2450, #4346, #4710, #3252, #2195, #5400, #3989, #5107 ) ) ;
#3159 = DIRECTION ( 'NONE',  ( 0.000000000000000000, 0.000000000000000000, 1.000000000000000000 ) ) ;
#3160 = ORIENTED_EDGE ( 'NONE', *, *, #3612, .T. ) ;
#3161 = EDGE_CURVE ( 'NONE', #1927, #3750, #5338, .T. ) ;
#3162 = DIRECTION ( 'NONE',  ( 0.000000000000000000, 1.000000000000000000, 0.000000000000000000 ) ) ;
#3163 = ADVANCED_FACE ( 'NONE', ( #2421 ), #333, .F. ) ;
#3164 = EDGE_LOOP ( 'NONE', ( #4876, #1656, #1676, #4502 ) ) ;
#3165 = DIRECTION ( 'NONE',  ( 3.304235192336774723E-15, 1.000000000000000000, 0.000000000000000000 ) ) ;
#3166 = VERTEX_POINT ( 'NONE', #4152 ) ;
#3167 = ORIENTED_EDGE ( 'NONE', *, *, #5556, .T. ) ;
#3168 = CARTESIAN_POINT ( 'NONE',  ( 0.1500000000000000777, 0.2707106781186547906, 1.529289321881344588 ) ) ;
#3169 = CARTESIAN_POINT ( 'NONE',  ( -2.550000000000000266, 1.475000000000000089, -0.9499999999999997335 ) ) ;
#3170 = ADVANCED_FACE ( 'NONE', ( #1994 ), #4121, .T. ) ;
#3171 = DIRECTION ( 'NONE',  ( 1.000000000000000000, 4.336808689942006692E-15, 0.000000000000000000 ) ) ;
#3172 = EDGE_CURVE ( 'NONE', #3929, #3902, #2931, .T. ) ;
#3173 = CARTESIAN_POINT ( 'NONE',  ( 1.550000000000000266, 0.4000000000000000222, 1.099999999999999867 ) ) ;
#3174 = VERTEX_POINT ( 'NONE', #2049 ) ;
#3175 = CARTESIAN_POINT ( 'NONE',  ( -1.550000000000000266, 1.250000000000000000, 1.399999999999999689 ) ) ;
#3176 = DIRECTION ( 'NONE',  ( 0.000000000000000000, -1.000000000000000000, 0.000000000000000000 ) ) ;
#3177 = DIRECTION ( 'NONE',  ( -1.000000000000000000, -1.807003620809174385E-16, 0.000000000000000000 ) ) ;
#3178 = CARTESIAN_POINT ( 'NONE',  ( -2.950000000000003286, 0.1500000000000007438, 0.9249999999999998224 ) ) ;
#3179 = PRESENTATION_STYLE_ASSIGNMENT (( #2329 ) ) ;
#3180 = LINE ( 'NONE', #2840, #51 ) ;
#3181 = ORIENTED_EDGE ( 'NONE', *, *, #504, .F. ) ;
#3182 = ORIENTED_EDGE ( 'NONE', *, *, #2294, .F. ) ;
#3183 = LINE ( 'NONE', #4454, #3136 ) ;
#3184 = EDGE_LOOP ( 'NONE', ( #1727, #5118, #5589, #2664, #3003, #4421 ) ) ;
#3185 = DIRECTION ( 'NONE',  ( 0.000000000000000000, 0.000000000000000000, -1.000000000000000000 ) ) ;
#3186 = ORIENTED_EDGE ( 'NONE', *, *, #378, .T. ) ;
#3187 = DIRECTION ( 'NONE',  ( 0.000000000000000000, 2.710505431213754182E-16, -1.000000000000000000 ) ) ;
#3188 = EDGE_LOOP ( 'NONE', ( #5057, #4160, #2562, #3891, #3035, #1283, #4200, #2418, #5233, #4018, #4185, #3014 ) ) ;
#3189 = ORIENTED_EDGE ( 'NONE', *, *, #1711, .F. ) ;
#3190 = DIRECTION ( 'NONE',  ( -1.000000000000000000, -1.807003620809173892E-16, 0.000000000000000000 ) ) ;
#3191 = LINE ( 'NONE', #649, #3314 ) ;
#3192 = CIRCLE ( 'NONE', #2190, 0.04999999999999991257 ) ;
#3193 = CARTESIAN_POINT ( 'NONE',  ( 2.750000000000000444, 1.300000000000000266, 0.9499999999999998446 ) ) ;
#3194 = AXIS2_PLACEMENT_3D ( 'NONE', #3796, #1665, #2544 ) ;
#3195 = FACE_OUTER_BOUND ( 'NONE', #5026, .T. ) ;
#3196 = EDGE_CURVE ( 'NONE', #2422, #2344, #3783, .T. ) ;
#3197 = ORIENTED_EDGE ( 'NONE', *, *, #5245, .T. ) ;
#3198 = CARTESIAN_POINT ( 'NONE',  ( -3.000000000000003553, 0.2000000000000005940, -0.9249999999999998224 ) ) ;
#3199 = LINE ( 'NONE', #1464, #1763 ) ;
#3200 = EDGE_CURVE ( 'NONE', #991, #984, #3358, .T. ) ;
#3201 = CARTESIAN_POINT ( 'NONE',  ( 1.550000000000000266, 1.250000000000000000, 1.300000000000000044 ) ) ;
#3202 = AXIS2_PLACEMENT_3D ( 'NONE', #5432, #5119, #1572 ) ;
#3203 = DIRECTION ( 'NONE',  ( 2.176841390411645246E-32, -1.204669080539450330E-16, -1.000000000000000000 ) ) ;
#3204 = ADVANCED_FACE ( 'NONE', ( #1117 ), #4572, .T. ) ;
#3205 = AXIS2_PLACEMENT_3D ( 'NONE', #4109, #4726, #5131 ) ;
#3206 = CARTESIAN_POINT ( 'NONE',  ( 1.550000000000000266, 0.4000000000000000222, 1.399999999999999689 ) ) ;
#3207 = ORIENTED_EDGE ( 'NONE', *, *, #3922, .T. ) ;
#3208 = VECTOR ( 'NONE', #2384, 1000.000000000000000 ) ;
#3209 = ORIENTED_EDGE ( 'NONE', *, *, #2471, .F. ) ;
#3210 = LINE ( 'NONE', #1068, #3228 ) ;
#3211 = VERTEX_POINT ( 'NONE', #3246 ) ;
#3212 = ADVANCED_FACE ( 'NONE', ( #2845 ), #3333, .F. ) ;
#3213 = VECTOR ( 'NONE', #5189, 1000.000000000000000 ) ;
#3214 = DIRECTION ( 'NONE',  ( 0.000000000000000000, 0.000000000000000000, 1.000000000000000000 ) ) ;
#3215 = ADVANCED_FACE ( 'NONE', ( #1149 ), #696, .T. ) ;
#3216 = VECTOR ( 'NONE', #2318, 1000.000000000000000 ) ;
#3217 = EDGE_LOOP ( 'NONE', ( #460, #1008, #3356, #4008 ) ) ;
#3218 = COLOUR_RGB ( '',0.2509803921568627416, 0.2509803921568627416, 0.2509803921568627416 ) ;
#3219 = DIRECTION ( 'NONE',  ( -1.000000000000000000, 1.807003620809174385E-16, 0.000000000000000000 ) ) ;
#3220 = DIRECTION ( 'NONE',  ( -1.000000000000000000, 0.000000000000000000, 0.000000000000000000 ) ) ;
#3221 = ORIENTED_EDGE ( 'NONE', *, *, #200, .T. ) ;
#3222 = ORIENTED_EDGE ( 'NONE', *, *, #4758, .F. ) ;
#3223 = CARTESIAN_POINT ( 'NONE',  ( 2.974999999999999645, 0.9000000000000002442, -0.9499999999999997335 ) ) ;
#3224 = VECTOR ( 'NONE', #630, 1000.000000000000000 ) ;
#3225 = CARTESIAN_POINT ( 'NONE',  ( 3.000000000000003553, 6.482625489652911271E-16, -0.9249999999999998224 ) ) ;
#3226 = VECTOR ( 'NONE', #4411, 1000.000000000000000 ) ;
#3227 = CARTESIAN_POINT ( 'NONE',  ( 0.9749999999999999778, 0.1500000000000000222, -1.399999999999999689 ) ) ;
#3228 = VECTOR ( 'NONE', #5283, 1000.000000000000000 ) ;
#3229 = AXIS2_PLACEMENT_3D ( 'NONE', #574, #5273, #3153 ) ;
#3230 = DIRECTION ( 'NONE',  ( 1.000000000000000000, -0.000000000000000000, 0.000000000000000000 ) ) ;
#3231 = ORIENTED_EDGE ( 'NONE', *, *, #727, .T. ) ;
#3232 = LINE ( 'NONE', #711, #2109 ) ;
#3233 = ORIENTED_EDGE ( 'NONE', *, *, #4260, .T. ) ;
#3234 = CARTESIAN_POINT ( 'NONE',  ( 2.799999999999998934, 1.055172413793104003, 0.8879310344827584522 ) ) ;
#3235 = DIRECTION ( 'NONE',  ( -1.000000000000000000, 1.807003620809174385E-16, 0.000000000000000000 ) ) ;
#3236 = EDGE_CURVE ( 'NONE', #2905, #3174, #361, .T. ) ;
#3237 = DIRECTION ( 'NONE',  ( 0.000000000000000000, 0.000000000000000000, -1.000000000000000000 ) ) ;
#3238 = VECTOR ( 'NONE', #2212, 1000.000000000000000 ) ;
#3239 = EDGE_CURVE ( 'NONE', #1474, #3919, #2075, .T. ) ;
#3240 = DIRECTION ( 'NONE',  ( -6.944994767471928987E-47, 0.000000000000000000, -1.000000000000000000 ) ) ;
#3241 = DIRECTION ( 'NONE',  ( 0.000000000000000000, 0.000000000000000000, 1.000000000000000000 ) ) ;
#3242 = DIRECTION ( 'NONE',  ( -0.000000000000000000, -0.000000000000000000, -1.000000000000000000 ) ) ;
#3243 = ORIENTED_EDGE ( 'NONE', *, *, #2929, .T. ) ;
#3244 = VECTOR ( 'NONE', #3731, 1000.000000000000000 ) ;
#3245 = ORIENTED_EDGE ( 'NONE', *, *, #1055, .F. ) ;
#3246 = CARTESIAN_POINT ( 'NONE',  ( 2.799999999999999822, 1.475000000000000089, 0.9499999999999997335 ) ) ;
#3247 = ORIENTED_EDGE ( 'NONE', *, *, #4170, .T. ) ;
#3248 = LINE ( 'NONE', #1541, #340 ) ;
#3249 = ORIENTED_EDGE ( 'NONE', *, *, #2549, .F. ) ;
#3250 = DIRECTION ( 'NONE',  ( 1.032573497605241854E-16, -1.204669080539450083E-16, 1.000000000000000000 ) ) ;
#3251 = LINE ( 'NONE', #1099, #3835 ) ;
#3252 = ORIENTED_EDGE ( 'NONE', *, *, #3443, .F. ) ;
#3253 = ORIENTED_EDGE ( 'NONE', *, *, #636, .T. ) ;
#3254 = EDGE_CURVE ( 'NONE', #2154, #1806, #5480, .T. ) ;
#3255 = FACE_OUTER_BOUND ( 'NONE', #746, .T. ) ;
#3256 = CYLINDRICAL_SURFACE ( 'NONE', #4128, 0.1499999999999999667 ) ;
#3257 = CARTESIAN_POINT ( 'NONE',  ( 1.500000000000000000, -0.5500000000000001554, 0.000000000000000000 ) ) ;
#3258 = CARTESIAN_POINT ( 'NONE',  ( 2.799999999999999822, 1.350000000000000089, -1.389999999999999680 ) ) ;
#3259 = VERTEX_POINT ( 'NONE', #2879 ) ;
#3260 = DIRECTION ( 'NONE',  ( 0.000000000000000000, 0.000000000000000000, 1.000000000000000000 ) ) ;
#3261 = CARTESIAN_POINT ( 'NONE',  ( -2.799999999999999822, 1.350000000000000089, 1.399999999999999689 ) ) ;
#3262 = CARTESIAN_POINT ( 'NONE',  ( 1.399999999999999911, 1.250000000000000000, 2.699999999999999734 ) ) ;
#3263 = CARTESIAN_POINT ( 'NONE',  ( -2.550000000000000266, 1.350000000000000089, 0.9499999999999997335 ) ) ;
#3264 = CARTESIAN_POINT ( 'NONE',  ( 2.800000000000003375, 0.2149999999999997469, 0.8400000000000000799 ) ) ;
#3265 = LINE ( 'NONE', #2442, #2674 ) ;
#3266 = CARTESIAN_POINT ( 'NONE',  ( 3.000000000000003553, 5.972523425861986973E-16, -1.374999999999999556 ) ) ;
#3267 = VERTEX_POINT ( 'NONE', #4604 ) ;
#3268 = ORIENTED_EDGE ( 'NONE', *, *, #1573, .T. ) ;
#3269 = DIRECTION ( 'NONE',  ( 0.000000000000000000, -0.000000000000000000, 1.000000000000000000 ) ) ;
#3270 = EDGE_CURVE ( 'NONE', #3041, #1847, #3499, .T. ) ;
#3271 = ORIENTED_EDGE ( 'NONE', *, *, #3548, .T. ) ;
#3272 = CARTESIAN_POINT ( 'NONE',  ( 1.399999999999999911, 1.200000000000000178, 2.699999999999999734 ) ) ;
#3273 = ADVANCED_FACE ( 'NONE', ( #2016 ), #4630, .F. ) ;
#3274 = ORIENTED_EDGE ( 'NONE', *, *, #5420, .T. ) ;
#3275 = DIRECTION ( 'NONE',  ( 0.000000000000000000, -1.000000000000000000, 0.000000000000000000 ) ) ;
#3276 = CARTESIAN_POINT ( 'NONE',  ( 2.799999999999999822, 1.300000000000000266, -0.9499999999999997335 ) ) ;
#3277 = EDGE_LOOP ( 'NONE', ( #3302, #1756, #1293, #48 ) ) ;
#3278 = APPLICATION_CONTEXT ( 'automotive_design' ) ;
#3279 = ORIENTED_EDGE ( 'NONE', *, *, #2381, .T. ) ;
#3280 = CARTESIAN_POINT ( 'NONE',  ( -4.000000000000003553, 4.374454598708868079E-16, -1.224999999999999423 ) ) ;
#3281 = CARTESIAN_POINT ( 'NONE',  ( 2.750000000000000444, 1.350000000000000089, 0.9499999999999997335 ) ) ;
#3282 = FACE_OUTER_BOUND ( 'NONE', #1106, .T. ) ;
#3283 = CARTESIAN_POINT ( 'NONE',  ( 2.550000000000000266, 1.475000000000000089, 0.9499999999999997335 ) ) ;
#3284 = EDGE_LOOP ( 'NONE', ( #1539, #1361 ) ) ;
#3285 = DIRECTION ( 'NONE',  ( 0.000000000000000000, 0.000000000000000000, -1.000000000000000000 ) ) ;
#3286 = VECTOR ( 'NONE', #1672, 1000.000000000000000 ) ;
#3287 = PLANE ( 'NONE',  #5120 ) ;
#3288 = DIRECTION ( 'NONE',  ( 0.000000000000000000, -1.000000000000000000, 3.097720492815731110E-16 ) ) ;
#3289 = EDGE_CURVE ( 'NONE', #5248, #4266, #4999, .T. ) ;
#3290 = LINE ( 'NONE', #2869, #239 ) ;
#3291 = VECTOR ( 'NONE', #2764, 1000.000000000000000 ) ;
#3292 = DIRECTION ( 'NONE',  ( 1.000000000000000000, 3.304235192336774723E-15, -0.000000000000000000 ) ) ;
#3293 = DIRECTION ( 'NONE',  ( -0.000000000000000000, 1.000000000000000000, -0.000000000000000000 ) ) ;
#3294 = ORIENTED_EDGE ( 'NONE', *, *, #1208, .T. ) ;
#3295 = CIRCLE ( 'NONE', #3202, 0.2000000000000000944 ) ;
#3296 = ORIENTED_EDGE ( 'NONE', *, *, #398, .T. ) ;
#3297 = VECTOR ( 'NONE', #1274, 1000.000000000000000 ) ;
#3298 = DIRECTION ( 'NONE',  ( 0.000000000000000000, 1.000000000000000000, 0.000000000000000000 ) ) ;
#3299 = ORIENTED_EDGE ( 'NONE', *, *, #2505, .F. ) ;
#3300 = DIRECTION ( 'NONE',  ( 0.000000000000000000, 0.000000000000000000, -1.000000000000000000 ) ) ;
#3301 = AXIS2_PLACEMENT_3D ( 'NONE', #1318, #447, #472 ) ;
#3302 = ORIENTED_EDGE ( 'NONE', *, *, #2529, .F. ) ;
#3303 = LINE ( 'NONE', #3701, #3655 ) ;
#3304 = ADVANCED_FACE ( 'NONE', ( #1179 ), #2904, .T. ) ;
#3305 = EDGE_CURVE ( 'NONE', #2610, #4495, #1731, .T. ) ;
#3306 = AXIS2_PLACEMENT_3D ( 'NONE', #4472, #2351, #1420 ) ;
#3307 = DIRECTION ( 'NONE',  ( 0.000000000000000000, 1.000000000000000000, 2.710505431213754182E-16 ) ) ;
#3308 = EDGE_LOOP ( 'NONE', ( #2911, #223, #4209, #3914 ) ) ;
#3309 = FACE_OUTER_BOUND ( 'NONE', #180, .T. ) ;
#3310 = CARTESIAN_POINT ( 'NONE',  ( 2.075000000000000178, 0.000000000000000000, -2.399999999999999911 ) ) ;
#3311 = PLANE ( 'NONE',  #246 ) ;
#3312 = FACE_OUTER_BOUND ( 'NONE', #4766, .T. ) ;
#3313 = AXIS2_PLACEMENT_3D ( 'NONE', #5013, #2858, #199 ) ;
#3314 = VECTOR ( 'NONE', #2432, 1000.000000000000000 ) ;
#3315 = EDGE_CURVE ( 'NONE', #3098, #2989, #430, .T. ) ;
#3316 = DIRECTION ( 'NONE',  ( 0.000000000000000000, 0.000000000000000000, -1.000000000000000000 ) ) ;
#3317 = VERTEX_POINT ( 'NONE', #5113 ) ;
#3318 = VECTOR ( 'NONE', #2525, 1000.000000000000000 ) ;
#3319 = PLANE ( 'NONE',  #679 ) ;
#3320 = VECTOR ( 'NONE', #1009, 1000.000000000000000 ) ;
#3321 = CARTESIAN_POINT ( 'NONE',  ( -2.950000000000002842, 0.2000000000000005107, 1.374999999999999556 ) ) ;
#3322 = DIRECTION ( 'NONE',  ( 1.023559706838455452E-30, 3.097720492815731110E-16, 1.000000000000000000 ) ) ;
#3323 = DIRECTION ( 'NONE',  ( -1.000000000000000000, -1.807003620809173892E-16, -0.000000000000000000 ) ) ;
#3324 = VECTOR ( 'NONE', #4068, 1000.000000000000000 ) ;
#3325 = VECTOR ( 'NONE', #3323, 1000.000000000000000 ) ;
#3326 = EDGE_CURVE ( 'NONE', #753, #4715, #1651, .T. ) ;
#3327 = DIRECTION ( 'NONE',  ( 1.807003620809174139E-16, 1.000000000000000000, 1.204669080539450330E-16 ) ) ;
#3328 = CARTESIAN_POINT ( 'NONE',  ( -2.975000000000004974, 0.9899999999999811173, -0.9499999999999999556 ) ) ;
#3329 = VERTEX_POINT ( 'NONE', #2533 ) ;
#3330 = ADVANCED_FACE ( 'NONE', ( #4286 ), #2180, .F. ) ;
#3331 = VECTOR ( 'NONE', #859, 1000.000000000000000 ) ;
#3332 = VERTEX_POINT ( 'NONE', #5593 ) ;
#3333 = PLANE ( 'NONE',  #4681 ) ;
#3334 = ORIENTED_EDGE ( 'NONE', *, *, #1247, .T. ) ;
#3335 = AXIS2_PLACEMENT_3D ( 'NONE', #3791, #758, #2483 ) ;
#3336 = CARTESIAN_POINT ( 'NONE',  ( -2.799999999999999822, 1.475000000000000089, 0.9499999999999997335 ) ) ;
#3337 = VERTEX_POINT ( 'NONE', #1232 ) ;
#3338 = CARTESIAN_POINT ( 'NONE',  ( 1.449999999999999956, 0.000000000000000000, 2.699999999999999734 ) ) ;
#3339 = CARTESIAN_POINT ( 'NONE',  ( -2.975000000000005418, 1.199999999999981304, -0.9499999999999995115 ) ) ;
#3340 = EDGE_CURVE ( 'NONE', #2794, #1097, #3461, .T. ) ;
#3341 = ORIENTED_EDGE ( 'NONE', *, *, #5591, .F. ) ;
#3342 = CARTESIAN_POINT ( 'NONE',  ( -2.950000000000001066, 0.8999999999999996891, -1.375000000000000222 ) ) ;
#3343 = LINE ( 'NONE', #986, #3226 ) ;
#3344 = DIRECTION ( 'NONE',  ( -4.776611965246228323E-29, 1.445602896647372167E-14, -1.000000000000000000 ) ) ;
#3345 = ADVANCED_FACE ( 'NONE', ( #3438 ), #891, .F. ) ;
#3346 = CARTESIAN_POINT ( 'NONE',  ( 1.500000000000000000, -0.3499999999999999778, 0.000000000000000000 ) ) ;
#3347 = EDGE_LOOP ( 'NONE', ( #488, #57, #3664, #309 ) ) ;
#3348 = DIRECTION ( 'NONE',  ( -3.097720492815729039E-15, -1.000000000000000000, -3.097720492815729138E-16 ) ) ;
#3349 = CARTESIAN_POINT ( 'NONE',  ( 2.750000000000000444, 1.300000000000000266, 0.9499999999999998446 ) ) ;
#3350 = EDGE_CURVE ( 'NONE', #2610, #5343, #5193, .T. ) ;
#3351 = CARTESIAN_POINT ( 'NONE',  ( 2.799999999999999822, 0.9000000000000002442, -1.389999999999999680 ) ) ;
#3352 = DIRECTION ( 'NONE',  ( 0.000000000000000000, 1.000000000000000000, 1.445602896647372167E-14 ) ) ;
#3353 = EDGE_CURVE ( 'NONE', #4011, #3934, #4799, .T. ) ;
#3354 = PLANE ( 'NONE',  #611 ) ;
#3355 = LINE ( 'NONE', #5025, #688 ) ;
#3356 = ORIENTED_EDGE ( 'NONE', *, *, #3661, .T. ) ;
#3357 = VERTEX_POINT ( 'NONE', #414 ) ;
#3358 = LINE ( 'NONE', #5085, #5580 ) ;
#3359 = ORIENTED_EDGE ( 'NONE', *, *, #4739, .T. ) ;
#3360 = CARTESIAN_POINT ( 'NONE',  ( 2.950000000000001066, 0.9000000000000006883, 0.9499999999999997335 ) ) ;
#3361 = ORIENTED_EDGE ( 'NONE', *, *, #1465, .T. ) ;
#3362 = LINE ( 'NONE', #3338, #5464 ) ;
#3363 = FACE_OUTER_BOUND ( 'NONE', #3474, .T. ) ;
#3364 = CARTESIAN_POINT ( 'NONE',  ( 2.750000000000000444, 1.350000000000000089, 0.000000000000000000 ) ) ;
#3365 = CARTESIAN_POINT ( 'NONE',  ( -1.500000000000000000, -0.3499999999999999778, 0.000000000000000000 ) ) ;
#3366 = DIRECTION ( 'NONE',  ( 0.000000000000000000, 1.000000000000000000, 0.000000000000000000 ) ) ;
#3367 = DIRECTION ( 'NONE',  ( 1.000000000000000000, 1.807003620809173892E-16, 0.000000000000000000 ) ) ;
#3368 = VERTEX_POINT ( 'NONE', #2131 ) ;
#3369 = DIRECTION ( 'NONE',  ( 1.872461465063586570E-16, 1.000000000000000000, -1.204669080539449837E-16 ) ) ;
#3370 = CARTESIAN_POINT ( 'NONE',  ( 2.800000000000000266, 1.300000000000000266, -0.9499999999999998446 ) ) ;
#3371 = PRESENTATION_STYLE_ASSIGNMENT (( #2981 ) ) ;
#3372 = CARTESIAN_POINT ( 'NONE',  ( -3.000000000000003553, 0.1500000000000006883, -1.374999999999999556 ) ) ;
#3373 = EDGE_CURVE ( 'NONE', #3116, #4792, #4774, .T. ) ;
#3374 = PLANE ( 'NONE',  #2284 ) ;
#3375 = EDGE_CURVE ( 'NONE', #4389, #4339, #809, .T. ) ;
#3376 = CARTESIAN_POINT ( 'NONE',  ( -1.732649100570680543E-16, 1.142176871986465282E-15, -1.374999999999999556 ) ) ;
#3377 = EDGE_CURVE ( 'NONE', #4873, #731, #832, .T. ) ;
#3378 = DIRECTION ( 'NONE',  ( -1.872461465063586570E-16, -1.000000000000000000, 1.204669080539449837E-16 ) ) ;
#3379 = VERTEX_POINT ( 'NONE', #1310 ) ;
#3380 = AXIS2_PLACEMENT_3D ( 'NONE', #2579, #357, #5219 ) ;
#3381 = EDGE_CURVE ( 'NONE', #232, #3913, #5228, .T. ) ;
#3382 = EDGE_LOOP ( 'NONE', ( #3299, #439, #2375, #4886 ) ) ;
#3383 = CARTESIAN_POINT ( 'NONE',  ( 0.000000000000000000, 0.000000000000000000, 1.389999999999999680 ) ) ;
#3384 = VECTOR ( 'NONE', #4414, 1000.000000000000000 ) ;
#3385 = VERTEX_POINT ( 'NONE', #5168 ) ;
#3386 = LINE ( 'NONE', #2135, #5388 ) ;
#3387 = AXIS2_PLACEMENT_3D ( 'NONE', #2024, #702, #5488 ) ;
#3388 = ORIENTED_EDGE ( 'NONE', *, *, #1914, .F. ) ;
#3389 = CYLINDRICAL_SURFACE ( 'NONE', #3387, 0.3749999999999998890 ) ;
#3390 = EDGE_CURVE ( 'NONE', #4122, #2639, #464, .T. ) ;
#3391 = DIRECTION ( 'NONE',  ( 0.000000000000000000, 0.000000000000000000, -1.000000000000000000 ) ) ;
#3392 = CARTESIAN_POINT ( 'NONE',  ( -2.799999999999999822, 0.000000000000000000, -1.399999999999999689 ) ) ;
#3393 = EDGE_CURVE ( 'NONE', #2727, #90, #3915, .T. ) ;
#3394 = DIRECTION ( 'NONE',  ( -0.000000000000000000, -0.000000000000000000, -1.000000000000000000 ) ) ;
#3395 = DIRECTION ( 'NONE',  ( -0.000000000000000000, -0.000000000000000000, -1.000000000000000000 ) ) ;
#3396 = AXIS2_PLACEMENT_3D ( 'NONE', #4258, #1257, #2467 ) ;
#3397 = LINE ( 'NONE', #5156, #34 ) ;
#3398 = ORIENTED_EDGE ( 'NONE', *, *, #2803, .F. ) ;
#3399 = DIRECTION ( 'NONE',  ( -0.000000000000000000, 1.000000000000000000, 0.000000000000000000 ) ) ;
#3400 = DIRECTION ( 'NONE',  ( -4.336808689942020891E-15, 1.000000000000000000, 0.000000000000000000 ) ) ;
#3401 = CIRCLE ( 'NONE', #1046, 0.2000000000000000111 ) ;
#3402 = DIRECTION ( 'NONE',  ( 3.304235192336774723E-15, 1.000000000000000000, 0.000000000000000000 ) ) ;
#3403 = VECTOR ( 'NONE', #2867, 1000.000000000000000 ) ;
#3404 = CARTESIAN_POINT ( 'NONE',  ( 1.399999999999999911, 1.200000000000000178, 0.000000000000000000 ) ) ;
#3405 = VECTOR ( 'NONE', #1079, 1000.000000000000000 ) ;
#3406 = DIRECTION ( 'NONE',  ( -1.000000000000000000, -0.000000000000000000, -0.000000000000000000 ) ) ;
#3407 = ORIENTED_EDGE ( 'NONE', *, *, #4840, .F. ) ;
#3408 = EDGE_CURVE ( 'NONE', #2288, #17, #43, .T. ) ;
#3409 = LINE ( 'NONE', #1226, #4295 ) ;
#3410 = ORIENTED_EDGE ( 'NONE', *, *, #1916, .F. ) ;
#3411 = AXIS2_PLACEMENT_3D ( 'NONE', #5324, #1781, #1748 ) ;
#3412 = VECTOR ( 'NONE', #312, 1000.000000000000000 ) ;
#3413 = ADVANCED_FACE ( 'NONE', ( #494 ), #2587, .T. ) ;
#3414 = EDGE_LOOP ( 'NONE', ( #2875, #2755, #5188, #764 ) ) ;
#3415 = CARTESIAN_POINT ( 'NONE',  ( -1.550000000000000266, 0.4000000000000000222, 1.300000000000000044 ) ) ;
#3416 = AXIS2_PLACEMENT_3D ( 'NONE', #5568, #5, #22 ) ;
#3417 = VERTEX_POINT ( 'NONE', #3892 ) ;
#3418 = LINE ( 'NONE', #2992, #5309 ) ;
#3419 = UNCERTAINTY_MEASURE_WITH_UNIT (LENGTH_MEASURE( 1.000000000000000082E-05 ), #67, 'distance_accuracy_value', 'NONE');
#3420 = VERTEX_POINT ( 'NONE', #19 ) ;
#3421 = DIRECTION ( 'NONE',  ( -1.000000000000000000, 0.000000000000000000, 0.000000000000000000 ) ) ;
#3422 = AXIS2_PLACEMENT_3D ( 'NONE', #1830, #4077, #5460 ) ;
#3423 = PLANE ( 'NONE',  #2031 ) ;
#3424 = CARTESIAN_POINT ( 'NONE',  ( 1.449999999999999956, 1.250000000000000000, 1.300000000000000044 ) ) ;
#3425 = LINE ( 'NONE', #2941, #4136 ) ;
#3426 = FACE_OUTER_BOUND ( 'NONE', #3530, .T. ) ;
#3427 = VECTOR ( 'NONE', #733, 1000.000000000000000 ) ;
#3428 = ORIENTED_EDGE ( 'NONE', *, *, #4639, .F. ) ;
#3429 = CARTESIAN_POINT ( 'NONE',  ( -2.550000000000000266, 1.499999999999999556, 1.399999999999999689 ) ) ;
#3430 = ORIENTED_EDGE ( 'NONE', *, *, #1229, .T. ) ;
#3431 = CYLINDRICAL_SURFACE ( 'NONE', #2208, 0.1499999999999999667 ) ;
#3432 = LINE ( 'NONE', #14, #55 ) ;
#3433 = DIRECTION ( 'NONE',  ( 0.000000000000000000, 0.000000000000000000, -1.000000000000000000 ) ) ;
#3434 = VERTEX_POINT ( 'NONE', #184 ) ;
#3435 = CARTESIAN_POINT ( 'NONE',  ( -2.799999999999999822, 1.475000000000000089, -0.9499999999999997335 ) ) ;
#3436 = ORIENTED_EDGE ( 'NONE', *, *, #5390, .F. ) ;
#3437 = VERTEX_POINT ( 'NONE', #3628 ) ;
#3438 = FACE_OUTER_BOUND ( 'NONE', #4583, .T. ) ;
#3439 = EDGE_LOOP ( 'NONE', ( #4836, #3160, #1519, #1584 ) ) ;
#3440 = CARTESIAN_POINT ( 'NONE',  ( -2.800000000000003375, 0.2000000000000000944, 0.9250000000000000444 ) ) ;
#3441 = ORIENTED_EDGE ( 'NONE', *, *, #1563, .F. ) ;
#3442 = CARTESIAN_POINT ( 'NONE',  ( 2.799999999999999822, 1.475000000000000089, -1.389999999999999680 ) ) ;
#3443 = EDGE_CURVE ( 'NONE', #5166, #3537, #4063, .T. ) ;
#3444 = CARTESIAN_POINT ( 'NONE',  ( 2.950000000000003286, 0.1500000000000006328, -0.9249999999999998224 ) ) ;
#3445 = LINE ( 'NONE', #50, #4869 ) ;
#3446 = ADVANCED_FACE ( 'NONE', ( #1444 ), #977, .F. ) ;
#3447 = CARTESIAN_POINT ( 'NONE',  ( 2.800000000000004263, 8.792363332108652162E-15, 0.9499999999999994005 ) ) ;
#3448 = CARTESIAN_POINT ( 'NONE',  ( 2.974999999999999645, 0.9000000000000002442, -1.389999999999999680 ) ) ;
#3449 = VERTEX_POINT ( 'NONE', #2354 ) ;
#3450 = LINE ( 'NONE', #2602, #2197 ) ;
#3451 = ORIENTED_EDGE ( 'NONE', *, *, #5349, .F. ) ;
#3452 = LINE ( 'NONE', #5547, #2940 ) ;
#3453 = DIRECTION ( 'NONE',  ( 0.000000000000000000, -1.000000000000000000, -0.000000000000000000 ) ) ;
#3454 = DIRECTION ( 'NONE',  ( -0.000000000000000000, -0.000000000000000000, 1.000000000000000000 ) ) ;
#3455 = LINE ( 'NONE', #5163, #1740 ) ;
#3456 = EDGE_LOOP ( 'NONE', ( #3207, #4463, #1435, #4973 ) ) ;
#3457 = EDGE_CURVE ( 'NONE', #1121, #1911, #3526, .T. ) ;
#3458 = LINE ( 'NONE', #1728, #4393 ) ;
#3459 = VERTEX_POINT ( 'NONE', #577 ) ;
#3460 = ORIENTED_EDGE ( 'NONE', *, *, #3239, .F. ) ;
#3461 = LINE ( 'NONE', #1344, #3594 ) ;
#3462 = VERTEX_POINT ( 'NONE', #3576 ) ;
#3463 = AXIS2_PLACEMENT_3D ( 'NONE', #1702, #3910, #3433 ) ;
#3464 = ORIENTED_EDGE ( 'NONE', *, *, #3473, .F. ) ;
#3465 = VECTOR ( 'NONE', #5262, 1000.000000000000000 ) ;
#3466 = CYLINDRICAL_SURFACE ( 'NONE', #976, 0.1999999999999999278 ) ;
#3467 = LINE ( 'NONE', #5198, #5566 ) ;
#3468 = PRESENTATION_STYLE_ASSIGNMENT (( #5285 ) ) ;
#3469 = LINE ( 'NONE', #4885, #2317 ) ;
#3470 = VECTOR ( 'NONE', #4158, 1000.000000000000000 ) ;
#3471 = LINE ( 'NONE', #1246, #4938 ) ;
#3472 = EDGE_CURVE ( 'NONE', #2785, #2076, #2327, .T. ) ;
#3473 = EDGE_CURVE ( 'NONE', #4389, #2683, #78, .T. ) ;
#3474 = EDGE_LOOP ( 'NONE', ( #4153, #3253, #3182, #1729 ) ) ;
#3475 = LINE ( 'NONE', #927, #3384 ) ;
#3476 = ORIENTED_EDGE ( 'NONE', *, *, #269, .F. ) ;
#3477 = DIRECTION ( 'NONE',  ( 1.000000000000000000, 0.000000000000000000, 0.000000000000000000 ) ) ;
#3478 = CARTESIAN_POINT ( 'NONE',  ( 2.800000000000003375, 0.2149999999999997469, 0.9250000000000002665 ) ) ;
#3479 = EDGE_CURVE ( 'NONE', #4542, #1450, #3604, .T. ) ;
#3480 = FACE_OUTER_BOUND ( 'NONE', #3534, .T. ) ;
#3481 = VECTOR ( 'NONE', #2166, 1000.000000000000000 ) ;
#3482 = LINE ( 'NONE', #2822, #4369 ) ;
#3483 = DIRECTION ( 'NONE',  ( 1.872461465063586570E-16, -1.000000000000000000, 1.204669080539449837E-16 ) ) ;
#3484 = ORIENTED_EDGE ( 'NONE', *, *, #1458, .F. ) ;
#3485 = VECTOR ( 'NONE', #1140, 1000.000000000000000 ) ;
#3486 = SPHERICAL_SURFACE ( 'NONE', #3748, 0.05000000000000000278 ) ;
#3487 = EDGE_CURVE ( 'NONE', #2683, #2715, #528, .T. ) ;
#3488 = VECTOR ( 'NONE', #1586, 1000.000000000000000 ) ;
#3489 = CARTESIAN_POINT ( 'NONE',  ( -2.950000000000001066, 0.9000000000000006883, 0.9499999999999997335 ) ) ;
#3490 = ORIENTED_EDGE ( 'NONE', *, *, #433, .T. ) ;
#3491 = AXIS2_PLACEMENT_3D ( 'NONE', #1739, #2600, #761 ) ;
#3492 = VECTOR ( 'NONE', #1622, 1000.000000000000000 ) ;
#3493 = ORIENTED_EDGE ( 'NONE', *, *, #1088, .T. ) ;
#3494 = CARTESIAN_POINT ( 'NONE',  ( 2.799999999999999822, 1.300000000000000266, 1.399999999999999689 ) ) ;
#3495 = EDGE_CURVE ( 'NONE', #4996, #188, #1819, .T. ) ;
#3496 = ORIENTED_EDGE ( 'NONE', *, *, #3009, .T. ) ;
#3497 = MECHANICAL_DESIGN_GEOMETRIC_PRESENTATION_REPRESENTATION (  '', ( #2223 ), #1771 ) ;
#3498 = VECTOR ( 'NONE', #3162, 1000.000000000000000 ) ;
#3499 = CIRCLE ( 'NONE', #4586, 0.3750000000000001665 ) ;
#3500 = VERTEX_POINT ( 'NONE', #5305 ) ;
#3501 = AXIS2_PLACEMENT_3D ( 'NONE', #323, #4146, #3686 ) ;
#3502 = PLANE ( 'NONE',  #2050 ) ;
#3503 = ORIENTED_EDGE ( 'NONE', *, *, #2614, .T. ) ;
#3504 = CARTESIAN_POINT ( 'NONE',  ( 2.075000000000000178, 0.1499999999999999944, -2.399999999999999911 ) ) ;
#3505 = DIRECTION ( 'NONE',  ( 0.000000000000000000, 0.000000000000000000, 1.000000000000000000 ) ) ;
#3506 = VECTOR ( 'NONE', #1111, 1000.000000000000000 ) ;
#3507 = PLANE ( 'NONE',  #4224 ) ;
#3508 = ORIENTED_EDGE ( 'NONE', *, *, #3930, .F. ) ;
#3509 = EDGE_CURVE ( 'NONE', #2765, #4093, #1603, .T. ) ;
#3510 = CARTESIAN_POINT ( 'NONE',  ( 4.000000000000003553, 4.555154960789785813E-16, -1.074999999999999734 ) ) ;
#3511 = ORIENTED_EDGE ( 'NONE', *, *, #1904, .F. ) ;
#3512 = ORIENTED_EDGE ( 'NONE', *, *, #1797, .T. ) ;
#3513 = CARTESIAN_POINT ( 'NONE',  ( -3.000000000000003553, 0.1500000000000006328, -1.374999999999999556 ) ) ;
#3514 = CIRCLE ( 'NONE', #4239, 0.08500000000000006162 ) ;
#3515 = CARTESIAN_POINT ( 'NONE',  ( 3.000000000000003109, 0.2000000000000007050, 0.9249999999999998224 ) ) ;
#3516 = DIRECTION ( 'NONE',  ( 0.000000000000000000, -1.000000000000000000, 0.000000000000000000 ) ) ;
#3517 = CARTESIAN_POINT ( 'NONE',  ( 1.399999999999999911, 0.2999999999999999334, 2.699999999999999734 ) ) ;
#3518 = CARTESIAN_POINT ( 'NONE',  ( -2.425000000000000266, 0.1499999999999999944, -2.399999999999999911 ) ) ;
#3519 = ADVANCED_FACE ( 'NONE', ( #103 ), #3156, .T. ) ;
#3520 = ORIENTED_EDGE ( 'NONE', *, *, #4864, .F. ) ;
#3521 = DIRECTION ( 'NONE',  ( -1.000000000000000000, -3.523657060577887833E-15, 0.000000000000000000 ) ) ;
#3522 = LINE ( 'NONE', #3912, #1679 ) ;
#3523 = VERTEX_POINT ( 'NONE', #127 ) ;
#3524 = EDGE_CURVE ( 'NONE', #2699, #1180, #2968, .T. ) ;
#3525 = ORIENTED_EDGE ( 'NONE', *, *, #1395, .T. ) ;
#3526 = LINE ( 'NONE', #1026, #4410 ) ;
#3527 = ORIENTED_EDGE ( 'NONE', *, *, #212, .F. ) ;
#3528 = ORIENTED_EDGE ( 'NONE', *, *, #3046, .T. ) ;
#3529 = DIRECTION ( 'NONE',  ( -0.4228854653311234224, -0.9061831399952656740, 0.000000000000000000 ) ) ;
#3530 = EDGE_LOOP ( 'NONE', ( #642, #3043, #4916, #4072 ) ) ;
#3531 = CARTESIAN_POINT ( 'NONE',  ( 0.000000000000000000, 0.000000000000000000, 0.000000000000000000 ) ) ;
#3532 = EDGE_CURVE ( 'NONE', #496, #3332, #941, .T. ) ;
#3533 = DIRECTION ( 'NONE',  ( -1.000000000000000000, -1.301042606982604690E-14, 0.000000000000000000 ) ) ;
#3534 = EDGE_LOOP ( 'NONE', ( #1425, #1312, #5345, #5455, #1992, #4723 ) ) ;
#3535 = DIRECTION ( 'NONE',  ( -1.000000000000000000, 1.872461465063586570E-16, 2.255696431463702472E-32 ) ) ;
#3536 = VERTEX_POINT ( 'NONE', #1002 ) ;
#3537 = VERTEX_POINT ( 'NONE', #4426 ) ;
#3538 = CARTESIAN_POINT ( 'NONE',  ( -2.800000000000000266, 1.300000000000000266, -0.9499999999999997335 ) ) ;
#3539 = CARTESIAN_POINT ( 'NONE',  ( 2.550000000000000266, 1.499999999999999556, 0.9499999999999997335 ) ) ;
#3540 = CYLINDRICAL_SURFACE ( 'NONE', #3852, 0.04999999999999994033 ) ;
#3541 = DIRECTION ( 'NONE',  ( 1.286288226170732780E-48, 0.000000000000000000, -1.000000000000000000 ) ) ;
#3542 = ORIENTED_EDGE ( 'NONE', *, *, #2725, .T. ) ;
#3543 = DIRECTION ( 'NONE',  ( 2.736911063134408342E-48, 1.204669080539450330E-16, 1.000000000000000000 ) ) ;
#3544 = DIRECTION ( 'NONE',  ( -0.000000000000000000, 1.000000000000000000, -0.000000000000000000 ) ) ;
#3545 = EDGE_LOOP ( 'NONE', ( #437, #3836, #5155 ) ) ;
#3546 = FACE_OUTER_BOUND ( 'NONE', #211, .T. ) ;
#3547 = ADVANCED_FACE ( 'NONE', ( #2697 ), #2721, .T. ) ;
#3548 = EDGE_CURVE ( 'NONE', #731, #388, #3980, .T. ) ;
#3549 = CARTESIAN_POINT ( 'NONE',  ( -2.974999999999999645, 1.100000000000000089, 0.9499999999999997335 ) ) ;
#3550 = ORIENTED_EDGE ( 'NONE', *, *, #816, .T. ) ;
#3551 = ADVANCED_FACE ( 'NONE', ( #2245 ), #2296, .F. ) ;
#3552 = ORIENTED_EDGE ( 'NONE', *, *, #5210, .F. ) ;
#3553 = PLANE ( 'NONE',  #4138 ) ;
#3554 = AXIS2_PLACEMENT_3D ( 'NONE', #2005, #2890, #3681 ) ;
#3555 = ORIENTED_EDGE ( 'NONE', *, *, #4229, .F. ) ;
#3556 = FACE_OUTER_BOUND ( 'NONE', #4593, .T. ) ;
#3557 = VECTOR ( 'NONE', #3560, 1000.000000000000000 ) ;
#3558 = ADVANCED_FACE ( 'NONE', ( #4477 ), #632, .F. ) ;
#3559 = ORIENTED_EDGE ( 'NONE', *, *, #2786, .T. ) ;
#3560 = DIRECTION ( 'NONE',  ( 0.000000000000000000, 1.000000000000000000, 0.000000000000000000 ) ) ;
#3561 = ORIENTED_EDGE ( 'NONE', *, *, #3487, .F. ) ;
#3562 = ORIENTED_EDGE ( 'NONE', *, *, #644, .F. ) ;
#3563 = EDGE_CURVE ( 'NONE', #1273, #2853, #658, .T. ) ;
#3564 = CARTESIAN_POINT ( 'NONE',  ( 0.9749999999999999778, 1.355252715606880543E-17, -1.399999999999999689 ) ) ;
#3565 = AXIS2_PLACEMENT_3D ( 'NONE', #4129, #1974, #256 ) ;
#3566 = PLANE ( 'NONE',  #2958 ) ;
#3567 = CARTESIAN_POINT ( 'NONE',  ( -2.800000000000001155, 0.8999999999999995781, 1.375000000000000222 ) ) ;
#3568 = VECTOR ( 'NONE', #539, 1000.000000000000114 ) ;
#3569 = DIRECTION ( 'NONE',  ( 0.000000000000000000, 1.204669080539449837E-16, -1.000000000000000000 ) ) ;
#3570 = ORIENTED_EDGE ( 'NONE', *, *, #37, .T. ) ;
#3571 = DIRECTION ( 'NONE',  ( 1.000000000000000000, 0.000000000000000000, 0.000000000000000000 ) ) ;
#3572 = LINE ( 'NONE', #4875, #2128 ) ;
#3573 = ORIENTED_EDGE ( 'NONE', *, *, #2073, .T. ) ;
#3574 = DIRECTION ( 'NONE',  ( 1.000000000000000000, 3.304235192336774329E-15, -0.000000000000000000 ) ) ;
#3575 = AXIS2_PLACEMENT_3D ( 'NONE', #422, #5091, #1715 ) ;
#3576 = CARTESIAN_POINT ( 'NONE',  ( -2.799999999999999822, 0.000000000000000000, -1.399999999999999689 ) ) ;
#3577 = EDGE_CURVE ( 'NONE', #2273, #1649, #241, .T. ) ;
#3578 =( LENGTH_UNIT ( ) NAMED_UNIT ( * ) SI_UNIT ( .MILLI., .METRE. ) );
#3579 = ORIENTED_EDGE ( 'NONE', *, *, #4204, .F. ) ;
#3580 = CIRCLE ( 'NONE', #4670, 0.3749999999999998890 ) ;
#3581 = ADVANCED_FACE ( 'NONE', ( #5445 ), #5506, .T. ) ;
#3582 = VECTOR ( 'NONE', #2553, 1000.000000000000000 ) ;
#3583 = VERTEX_POINT ( 'NONE', #5473 ) ;
#3584 = LINE ( 'NONE', #1427, #2419 ) ;
#3585 = VECTOR ( 'NONE', #4271, 1000.000000000000000 ) ;
#3586 = ORIENTED_EDGE ( 'NONE', *, *, #4177, .T. ) ;
#3587 = CARTESIAN_POINT ( 'NONE',  ( 3.000000000000003553, 0.2000000000000005940, -0.9249999999999998224 ) ) ;
#3588 = AXIS2_PLACEMENT_3D ( 'NONE', #4738, #3950, #4262 ) ;
#3589 = VECTOR ( 'NONE', #2561, 1000.000000000000000 ) ;
#3590 = VERTEX_POINT ( 'NONE', #4623 ) ;
#3591 = CARTESIAN_POINT ( 'NONE',  ( -2.425000000000000266, 0.000000000000000000, -2.399999999999999911 ) ) ;
#3592 = EDGE_LOOP ( 'NONE', ( #1090, #263, #2580, #4236 ) ) ;
#3593 = ORIENTED_EDGE ( 'NONE', *, *, #1174, .F. ) ;
#3594 = VECTOR ( 'NONE', #2961, 1000.000000000000000 ) ;
#3595 = CARTESIAN_POINT ( 'NONE',  ( 0.1500000000000000777, 0.3000000000000000444, 1.499999999999999334 ) ) ;
#3596 = DIRECTION ( 'NONE',  ( -0.000000000000000000, -1.000000000000000000, -0.000000000000000000 ) ) ;
#3597 = DIRECTION ( 'NONE',  ( 1.000000000000000000, -3.304235192336774723E-15, 0.000000000000000000 ) ) ;
#3598 = CARTESIAN_POINT ( 'NONE',  ( 2.950000000000003286, 0.2000000000000005107, 1.375000000000000000 ) ) ;
#3599 = ORIENTED_EDGE ( 'NONE', *, *, #3375, .T. ) ;
#3600 = VECTOR ( 'NONE', #706, 1000.000000000000000 ) ;
#3601 = CARTESIAN_POINT ( 'NONE',  ( -2.799999999999999822, 1.350000000000000089, 1.399999999999999689 ) ) ;
#3602 = CARTESIAN_POINT ( 'NONE',  ( 2.800000000000003375, 0.1999999999999999278, -1.375000000000000000 ) ) ;
#3603 = LINE ( 'NONE', #102, #1489 ) ;
#3604 = LINE ( 'NONE', #3178, #165 ) ;
#3605 = SURFACE_SIDE_STYLE ('',( #978 ) ) ;
#3606 = LINE ( 'NONE', #1349, #3208 ) ;
#3607 = VERTEX_POINT ( 'NONE', #3656 ) ;
#3608 = VERTEX_POINT ( 'NONE', #3690 ) ;
#3609 = DIRECTION ( 'NONE',  ( 0.000000000000000000, 0.000000000000000000, -1.000000000000000000 ) ) ;
#3610 = VERTEX_POINT ( 'NONE', #1175 ) ;
#3611 = PLANE ( 'NONE',  #4763 ) ;
#3612 = EDGE_CURVE ( 'NONE', #3929, #2513, #4993, .T. ) ;
#3613 = VERTEX_POINT ( 'NONE', #1196 ) ;
#3614 = EDGE_CURVE ( 'NONE', #2791, #1436, #2235, .T. ) ;
#3615 = DIRECTION ( 'NONE',  ( 0.000000000000000000, -1.000000000000000000, 0.000000000000000000 ) ) ;
#3616 = ORIENTED_EDGE ( 'NONE', *, *, #5259, .F. ) ;
#3617 = EDGE_LOOP ( 'NONE', ( #3066, #4178, #74, #3729 ) ) ;
#3618 = DIRECTION ( 'NONE',  ( 0.000000000000000000, 0.000000000000000000, -1.000000000000000000 ) ) ;
#3619 = DIRECTION ( 'NONE',  ( 0.000000000000000000, 0.000000000000000000, -1.000000000000000000 ) ) ;
#3620 = CARTESIAN_POINT ( 'NONE',  ( -2.974999999999999645, 0.9000000000000000222, -1.389999999999999680 ) ) ;
#3621 = EDGE_CURVE ( 'NONE', #1100, #4261, #2898, .T. ) ;
#3622 = DIRECTION ( 'NONE',  ( 0.000000000000000000, 0.000000000000000000, 1.000000000000000000 ) ) ;
#3623 = EDGE_LOOP ( 'NONE', ( #523, #1400 ) ) ;
#3624 = FACE_OUTER_BOUND ( 'NONE', #2684, .T. ) ;
#3625 = CARTESIAN_POINT ( 'NONE',  ( 0.000000000000000000, 0.000000000000000000, 0.000000000000000000 ) ) ;
#3626 = CARTESIAN_POINT ( 'NONE',  ( 2.475000000000000089, 0.000000000000000000, -2.399999999999999911 ) ) ;
#3627 = ADVANCED_FACE ( 'NONE', ( #270 ), #5423, .F. ) ;
#3628 = CARTESIAN_POINT ( 'NONE',  ( 3.850000000000003642, 0.1500000000000005773, 0.9249999999999997113 ) ) ;
#3629 = LINE ( 'NONE', #2298, #685 ) ;
#3630 = EDGE_LOOP ( 'NONE', ( #4355, #1542, #5277, #1758 ) ) ;
#3631 = ADVANCED_FACE ( 'NONE', ( #3744 ), #3354, .F. ) ;
#3632 = ORIENTED_EDGE ( 'NONE', *, *, #2739, .F. ) ;
#3633 = FACE_OUTER_BOUND ( 'NONE', #2475, .T. ) ;
#3634 = VERTEX_POINT ( 'NONE', #2923 ) ;
#3635 = CARTESIAN_POINT ( 'NONE',  ( -2.550000000000000266, 1.499999999999999556, 1.399999999999999689 ) ) ;
#3636 = ORIENTED_EDGE ( 'NONE', *, *, #2457, .T. ) ;
#3637 = CARTESIAN_POINT ( 'NONE',  ( 4.000000000000003553, 5.759824041329242306E-16, 0.9249999999999997113 ) ) ;
#3638 = FACE_OUTER_BOUND ( 'NONE', #3840, .T. ) ;
#3639 = ADVANCED_FACE ( 'NONE', ( #4650 ), #4114, .F. ) ;
#3640 = ORIENTED_EDGE ( 'NONE', *, *, #4739, .F. ) ;
#3641 = ORIENTED_EDGE ( 'NONE', *, *, #5510, .T. ) ;
#3642 = CARTESIAN_POINT ( 'NONE',  ( 2.950000000000003286, 6.572975670693370631E-16, -0.9249999999999998224 ) ) ;
#3643 = CARTESIAN_POINT ( 'NONE',  ( 2.475000000000000089, 0.1499999999999999944, -1.399999999999999689 ) ) ;
#3644 = AXIS2_PLACEMENT_3D ( 'NONE', #736, #3230, #288 ) ;
#3645 = LINE ( 'NONE', #5375, #420 ) ;
#3646 = EDGE_CURVE ( 'NONE', #5416, #2178, #4966, .T. ) ;
#3647 = VECTOR ( 'NONE', #2910, 1000.000000000000000 ) ;
#3648 = CARTESIAN_POINT ( 'NONE',  ( -2.550000000000000266, 1.475000000000000089, 0.9499999999999997335 ) ) ;
#3649 = ORIENTED_EDGE ( 'NONE', *, *, #4290, .T. ) ;
#3650 = DIRECTION ( 'NONE',  ( 0.000000000000000000, 0.000000000000000000, 1.000000000000000000 ) ) ;
#3651 = DIRECTION ( 'NONE',  ( -1.807003620809174139E-16, -1.000000000000000000, -1.204669080539450330E-16 ) ) ;
#3652 = EDGE_CURVE ( 'NONE', #5435, #3934, #1087, .T. ) ;
#3653 = DIRECTION ( 'NONE',  ( 0.000000000000000000, -1.000000000000000000, 0.000000000000000000 ) ) ;
#3654 = DIRECTION ( 'NONE',  ( 2.176841390411645246E-32, 1.204669080539450330E-16, -1.000000000000000000 ) ) ;
#3655 = VECTOR ( 'NONE', #365, 1000.000000000000000 ) ;
#3656 = CARTESIAN_POINT ( 'NONE',  ( -1.550000000000000266, 1.250000000000000000, 1.300000000000000044 ) ) ;
#3657 = AXIS2_PLACEMENT_3D ( 'NONE', #1051, #4503, #628 ) ;
#3658 = DIRECTION ( 'NONE',  ( 1.000000000000000000, 3.304235192336774723E-15, 0.000000000000000000 ) ) ;
#3659 = ORIENTED_EDGE ( 'NONE', *, *, #1132, .T. ) ;
#3660 = VECTOR ( 'NONE', #3658, 1000.000000000000000 ) ;
#3661 = EDGE_CURVE ( 'NONE', #2785, #3417, #4497, .T. ) ;
#3662 = EDGE_LOOP ( 'NONE', ( #2556, #4, #4191, #948, #3186, #3247, #1455, #2891, #5406, #584, #3209, #4175, #2693, #3268, #2132, #2651, #1364, #1900 ) ) ;
#3663 = CARTESIAN_POINT ( 'NONE',  ( -1.500000000000000000, -0.5500000000000001554, 0.000000000000000000 ) ) ;
#3664 = ORIENTED_EDGE ( 'NONE', *, *, #3239, .T. ) ;
#3665 = CIRCLE ( 'NONE', #3942, 0.05000000000000007910 ) ;
#3666 = VECTOR ( 'NONE', #4001, 1000.000000000000000 ) ;
#3667 = DIRECTION ( 'NONE',  ( 1.000000000000000000, 0.000000000000000000, 0.000000000000000000 ) ) ;
#3668 = CIRCLE ( 'NONE', #5125, 0.08500000000000006162 ) ;
#3669 = ORIENTED_EDGE ( 'NONE', *, *, #2967, .T. ) ;
#3670 = VECTOR ( 'NONE', #5461, 1000.000000000000000 ) ;
#3671 = CARTESIAN_POINT ( 'NONE',  ( -2.799999999999999822, 0.9000000000000000222, -0.9499999999999997335 ) ) ;
#3672 = CARTESIAN_POINT ( 'NONE',  ( 2.950000000000000178, 1.300000000000000933, -0.9499999999999998446 ) ) ;
#3673 = ORIENTED_EDGE ( 'NONE', *, *, #1291, .T. ) ;
#3674 = FACE_OUTER_BOUND ( 'NONE', #2619, .T. ) ;
#3675 = LINE ( 'NONE', #2855, #5590 ) ;
#3676 = FACE_OUTER_BOUND ( 'NONE', #1452, .T. ) ;
#3677 = VECTOR ( 'NONE', #5237, 1000.000000000000000 ) ;
#3678 = DIRECTION ( 'NONE',  ( 1.000000000000000000, -0.000000000000000000, -0.000000000000000000 ) ) ;
#3679 = VECTOR ( 'NONE', #1264, 1000.000000000000000 ) ;
#3680 = VECTOR ( 'NONE', #1589, 1000.000000000000000 ) ;
#3681 = DIRECTION ( 'NONE',  ( -1.000000000000000000, -3.304235192336774723E-15, 0.000000000000000000 ) ) ;
#3682 = EDGE_LOOP ( 'NONE', ( #105, #2435, #3698, #1575 ) ) ;
#3683 = DIRECTION ( 'NONE',  ( 0.000000000000000000, 0.000000000000000000, -1.000000000000000000 ) ) ;
#3684 = PLANE ( 'NONE',  #3306 ) ;
#3685 = LINE ( 'NONE', #1587, #2407 ) ;
#3686 = DIRECTION ( 'NONE',  ( 1.000000000000000000, 0.000000000000000000, 0.000000000000000000 ) ) ;
#3687 = AXIS2_PLACEMENT_3D ( 'NONE', #4901, #4933, #157 ) ;
#3688 = EDGE_CURVE ( 'NONE', #3902, #2653, #4147, .T. ) ;
#3689 = VECTOR ( 'NONE', #1942, 1000.000000000000000 ) ;
#3690 = CARTESIAN_POINT ( 'NONE',  ( -2.550000000000000266, 1.475000000000000089, -1.389999999999999680 ) ) ;
#3691 = DIRECTION ( 'NONE',  ( 1.000000000000000000, 1.807003620809174139E-16, -2.736911063134408342E-48 ) ) ;
#3692 = ADVANCED_FACE ( 'NONE', ( #4599 ), #717, .F. ) ;
#3693 = LINE ( 'NONE', #160, #4839 ) ;
#3694 = EDGE_LOOP ( 'NONE', ( #3152, #5196, #4433, #1512 ) ) ;
#3695 = PRODUCT_DEFINITION_FORMATION_WITH_SPECIFIED_SOURCE ( 'ANY', '', #1005, .NOT_KNOWN. ) ;
#3696 = ORIENTED_EDGE ( 'NONE', *, *, #4531, .T. ) ;
#3697 = CARTESIAN_POINT ( 'NONE',  ( -2.799999999999999822, 1.350000000000000089, 1.399999999999999689 ) ) ;
#3698 = ORIENTED_EDGE ( 'NONE', *, *, #2505, .T. ) ;
#3699 = DIRECTION ( 'NONE',  ( 0.000000000000000000, -1.000000000000000000, 0.000000000000000000 ) ) ;
#3700 = VERTEX_POINT ( 'NONE', #2011 ) ;
#3701 = CARTESIAN_POINT ( 'NONE',  ( -2.800000000000003375, 0.1999999999999999278, -1.375000000000000000 ) ) ;
#3702 = ADVANCED_FACE ( 'NONE', ( #5054 ), #2153, .T. ) ;
#3703 = LINE ( 'NONE', #730, #5191 ) ;
#3704 = ORIENTED_EDGE ( 'NONE', *, *, #4374, .T. ) ;
#3705 = ORIENTED_EDGE ( 'NONE', *, *, #4249, .T. ) ;
#3706 = CARTESIAN_POINT ( 'NONE',  ( 1.399999999999999911, 1.200000000000000178, 1.300000000000000044 ) ) ;
#3707 = LINE ( 'NONE', #1580, #4939 ) ;
#3708 = DIRECTION ( 'NONE',  ( 0.000000000000000000, -1.000000000000000000, 0.000000000000000000 ) ) ;
#3709 = CARTESIAN_POINT ( 'NONE',  ( 1.500000000000000000, -0.5500000000000001554, 0.1749999999999998779 ) ) ;
#3710 = VERTEX_POINT ( 'NONE', #3859 ) ;
#3711 = DIRECTION ( 'NONE',  ( 1.000000000000000000, 0.000000000000000000, 0.000000000000000000 ) ) ;
#3712 = CARTESIAN_POINT ( 'NONE',  ( 2.799999999999999822, 1.475000000000000089, 0.9499999999999997335 ) ) ;
#3713 = DIRECTION ( 'NONE',  ( 0.000000000000000000, -0.000000000000000000, -1.000000000000000000 ) ) ;
#3714 = DIRECTION ( 'NONE',  ( 2.168404344971008868E-16, 0.000000000000000000, -1.000000000000000000 ) ) ;
#3715 = CARTESIAN_POINT ( 'NONE',  ( -2.974999999999999645, 0.9000000000000000222, -0.9499999999999997335 ) ) ;
#3716 = PLANE ( 'NONE',  #3131 ) ;
#3717 = FACE_OUTER_BOUND ( 'NONE', #3718, .T. ) ;
#3718 = EDGE_LOOP ( 'NONE', ( #3221, #573, #3104, #2015 ) ) ;
#3719 = ADVANCED_FACE ( 'NONE', ( #4256 ), #883, .F. ) ;
#3720 = EDGE_CURVE ( 'NONE', #3459, #5296, #754, .T. ) ;
#3721 = ORIENTED_EDGE ( 'NONE', *, *, #678, .F. ) ;
#3722 = DIRECTION ( 'NONE',  ( 0.000000000000000000, -0.000000000000000000, 1.000000000000000000 ) ) ;
#3723 = VERTEX_POINT ( 'NONE', #3007 ) ;
#3724 = EDGE_CURVE ( 'NONE', #4259, #5008, #459, .T. ) ;
#3725 = DIRECTION ( 'NONE',  ( -0.7071067811865474617, -0.7071067811865474617, -0.000000000000000000 ) ) ;
#3726 = ORIENTED_EDGE ( 'NONE', *, *, #315, .T. ) ;
#3727 = DIRECTION ( 'NONE',  ( 0.000000000000000000, -1.000000000000000000, 0.000000000000000000 ) ) ;
#3728 = LINE ( 'NONE', #1574, #3920 ) ;
#3729 = ORIENTED_EDGE ( 'NONE', *, *, #2089, .T. ) ;
#3730 = CYLINDRICAL_SURFACE ( 'NONE', #2211, 0.1999999999999999556 ) ;
#3731 = DIRECTION ( 'NONE',  ( -2.176841390411644699E-32, 1.204669080539450330E-16, -1.000000000000000000 ) ) ;
#3732 = LINE ( 'NONE', #3281, #4671 ) ;
#3733 = CARTESIAN_POINT ( 'NONE',  ( -2.799999999999999822, 1.350000000000000089, 0.9499999999999997335 ) ) ;
#3734 = EDGE_CURVE ( 'NONE', #5434, #5396, #804, .T. ) ;
#3735 = EDGE_CURVE ( 'NONE', #652, #4951, #1383, .T. ) ;
#3736 = DIRECTION ( 'NONE',  ( 0.000000000000000000, 0.000000000000000000, 1.000000000000000000 ) ) ;
#3737 = EDGE_LOOP ( 'NONE', ( #1127, #3093, #3398, #3784 ) ) ;
#3738 = DIRECTION ( 'NONE',  ( -1.807003620809173892E-16, -1.000000000000000000, 1.204669080539450330E-16 ) ) ;
#3739 = AXIS2_PLACEMENT_3D ( 'NONE', #908, #179, #4420 ) ;
#3740 = DIRECTION ( 'NONE',  ( 0.000000000000000000, 0.000000000000000000, 1.000000000000000000 ) ) ;
#3741 = FACE_OUTER_BOUND ( 'NONE', #30, .T. ) ;
#3742 = LINE ( 'NONE', #1956, #526 ) ;
#3743 = AXIS2_PLACEMENT_3D ( 'NONE', #3637, #3250, #3064 ) ;
#3744 = FACE_OUTER_BOUND ( 'NONE', #1484, .T. ) ;
#3745 = DIRECTION ( 'NONE',  ( 2.320584820479771184E-34, 0.000000000000000000, -1.000000000000000000 ) ) ;
#3746 = DIRECTION ( 'NONE',  ( 0.000000000000000000, 0.000000000000000000, 1.000000000000000000 ) ) ;
#3747 = ORIENTED_EDGE ( 'NONE', *, *, #4475, .F. ) ;
#3748 = AXIS2_PLACEMENT_3D ( 'NONE', #1754, #4422, #570 ) ;
#3749 = EDGE_CURVE ( 'NONE', #4629, #1155, #4280, .T. ) ;
#3750 = VERTEX_POINT ( 'NONE', #5530 ) ;
#3751 = VECTOR ( 'NONE', #5581, 1000.000000000000000 ) ;
#3752 = CARTESIAN_POINT ( 'NONE',  ( -2.425000000000000266, 0.000000000000000000, -1.399999999999999689 ) ) ;
#3753 = VERTEX_POINT ( 'NONE', #35 ) ;
#3754 = EDGE_CURVE ( 'NONE', #1203, #1927, #5104, .T. ) ;
#3755 = CARTESIAN_POINT ( 'NONE',  ( -2.799999999999999822, 1.475000000000000089, 0.9499999999999997335 ) ) ;
#3756 = VERTEX_POINT ( 'NONE', #4683 ) ;
#3757 = CARTESIAN_POINT ( 'NONE',  ( 2.950000000000000622, 0.9900000000000006573, 0.9499999999999999556 ) ) ;
#3758 = ADVANCED_FACE ( 'NONE', ( #1645 ), #3374, .F. ) ;
#3759 = CIRCLE ( 'NONE', #1490, 0.09000000000000023259 ) ;
#3760 = CARTESIAN_POINT ( 'NONE',  ( 2.800000000000003375, 0.1999999999999999833, -0.9250000000000000444 ) ) ;
#3761 = ORIENTED_EDGE ( 'NONE', *, *, #4878, .F. ) ;
#3762 = DIRECTION ( 'NONE',  ( -2.176841390411644152E-32, 1.204669080539449837E-16, 1.000000000000000000 ) ) ;
#3763 = EDGE_CURVE ( 'NONE', #2545, #5008, #486, .T. ) ;
#3764 = CARTESIAN_POINT ( 'NONE',  ( -2.550000000000000266, 1.350000000000000089, -0.9499999999999997335 ) ) ;
#3765 = DIRECTION ( 'NONE',  ( 0.000000000000000000, 0.000000000000000000, -1.000000000000000000 ) ) ;
#3766 = VECTOR ( 'NONE', #3366, 1000.000000000000000 ) ;
#3767 = VECTOR ( 'NONE', #3691, 1000.000000000000000 ) ;
#3768 = LINE ( 'NONE', #4615, #1562 ) ;
#3769 = VERTEX_POINT ( 'NONE', #3887 ) ;
#3770 = CIRCLE ( 'NONE', #2768, 0.05000000000000012768 ) ;
#3771 = CARTESIAN_POINT ( 'NONE',  ( -2.949999999999999734, 1.300000000000000711, 0.9499999999999997335 ) ) ;
#3772 = CIRCLE ( 'NONE', #69, 0.1999999999999998723 ) ;
#3773 = DIRECTION ( 'NONE',  ( 1.000000000000000000, 3.304235192336774723E-15, 0.000000000000000000 ) ) ;
#3774 = CARTESIAN_POINT ( 'NONE',  ( 2.550000000000000266, 1.499999999999999556, -1.399999999999999689 ) ) ;
#3775 = CARTESIAN_POINT ( 'NONE',  ( 0.9749999999999999778, 0.1500000000000000222, -1.399999999999999689 ) ) ;
#3776 = AXIS2_PLACEMENT_3D ( 'NONE', #5302, #2720, #4448 ) ;
#3777 = DIRECTION ( 'NONE',  ( -1.000000000000000000, 0.000000000000000000, -0.000000000000000000 ) ) ;
#3778 = DIRECTION ( 'NONE',  ( -1.000000000000000000, 0.000000000000000000, 0.000000000000000000 ) ) ;
#3779 = DIRECTION ( 'NONE',  ( -1.000000000000000000, -1.807003620809174139E-16, 0.000000000000000000 ) ) ;
#3780 = ORIENTED_EDGE ( 'NONE', *, *, #4035, .T. ) ;
#3781 = AXIS2_PLACEMENT_3D ( 'NONE', #5022, #1504, #3240 ) ;
#3782 = EDGE_LOOP ( 'NONE', ( #1993, #2849, #2805, #4091 ) ) ;
#3783 = LINE ( 'NONE', #1598, #1150 ) ;
#3784 = ORIENTED_EDGE ( 'NONE', *, *, #2696, .F. ) ;
#3785 = AXIS2_PLACEMENT_3D ( 'NONE', #5152, #3762, #4215 ) ;
#3786 = DIRECTION ( 'NONE',  ( 0.000000000000000000, 0.000000000000000000, -1.000000000000000000 ) ) ;
#3787 = CIRCLE ( 'NONE', #1168, 0.2000000000000000944 ) ;
#3788 = ORIENTED_EDGE ( 'NONE', *, *, #4997, .F. ) ;
#3789 = DIRECTION ( 'NONE',  ( -0.000000000000000000, 1.000000000000000000, -0.000000000000000000 ) ) ;
#3790 = CARTESIAN_POINT ( 'NONE',  ( -2.799999999999999822, 0.9000000000000000222, -1.389999999999999680 ) ) ;
#3791 = CARTESIAN_POINT ( 'NONE',  ( 3.850000000000003642, 0.1500000000000005496, 1.224999999999999423 ) ) ;
#3792 = FACE_OUTER_BOUND ( 'NONE', #219, .T. ) ;
#3793 = EDGE_CURVE ( 'NONE', #2247, #3434, #3828, .T. ) ;
#3794 = PLANE ( 'NONE',  #3491 ) ;
#3795 = EDGE_CURVE ( 'NONE', #2086, #2830, #1467, .T. ) ;
#3796 = CARTESIAN_POINT ( 'NONE',  ( -2.800000000000003375, 0.2000000000000000944, 0.9250000000000000444 ) ) ;
#3797 = ORIENTED_EDGE ( 'NONE', *, *, #3289, .F. ) ;
#3798 = CARTESIAN_POINT ( 'NONE',  ( -1.550000000000000266, 0.4000000000000000222, 1.099999999999999867 ) ) ;
#3799 = CARTESIAN_POINT ( 'NONE',  ( -2.024999999999999911, 0.000000000000000000, -2.399999999999999911 ) ) ;
#3800 = FACE_OUTER_BOUND ( 'NONE', #4291, .T. ) ;
#3801 = EDGE_CURVE ( 'NONE', #3500, #3756, #1255, .T. ) ;
#3802 = DIRECTION ( 'NONE',  ( -1.872461465063586570E-16, -1.000000000000000000, -1.204669080539449837E-16 ) ) ;
#3803 = CARTESIAN_POINT ( 'NONE',  ( -2.800000000000001155, 0.8999999999999998002, -0.9499999999999997335 ) ) ;
#3804 = DIRECTION ( 'NONE',  ( 0.000000000000000000, 0.000000000000000000, 1.000000000000000000 ) ) ;
#3805 = PLANE ( 'NONE',  #237 ) ;
#3806 = ORIENTED_EDGE ( 'NONE', *, *, #1225, .T. ) ;
#3807 = ADVANCED_FACE ( 'NONE', ( #2551 ), #5585, .T. ) ;
#3808 = ORIENTED_EDGE ( 'NONE', *, *, #2744, .F. ) ;
#3809 = DIRECTION ( 'NONE',  ( -0.4228854653311234224, -0.9061831399952656740, 0.000000000000000000 ) ) ;
#3810 = EDGE_CURVE ( 'NONE', #3125, #1190, #3455, .T. ) ;
#3811 = ORIENTED_EDGE ( 'NONE', *, *, #372, .F. ) ;
#3812 = PLANE ( 'NONE',  #602 ) ;
#3813 = EDGE_LOOP ( 'NONE', ( #1967, #4413, #4140, #1446 ) ) ;
#3814 = CARTESIAN_POINT ( 'NONE',  ( -3.000000000000003109, 0.2000000000000006495, 1.374999999999999556 ) ) ;
#3815 = CARTESIAN_POINT ( 'NONE',  ( -2.550000000000000266, 1.499999999999999556, -0.9499999999999997335 ) ) ;
#3816 = LINE ( 'NONE', #3392, #3155 ) ;
#3817 = DIRECTION ( 'NONE',  ( 0.000000000000000000, 0.000000000000000000, 1.000000000000000000 ) ) ;
#3818 = CARTESIAN_POINT ( 'NONE',  ( 3.000000000000003553, 6.776263578034402713E-16, -0.9249999999999999334 ) ) ;
#3819 = ADVANCED_FACE ( 'NONE', ( #15 ), #436, .T. ) ;
#3820 = LINE ( 'NONE', #11, #1472 ) ;
#3821 = ORIENTED_EDGE ( 'NONE', *, *, #1307, .F. ) ;
#3822 = DIRECTION ( 'NONE',  ( 3.304235192336774723E-15, 1.000000000000000000, -0.000000000000000000 ) ) ;
#3823 = FACE_OUTER_BOUND ( 'NONE', #1940, .T. ) ;
#3824 = EDGE_CURVE ( 'NONE', #2903, #5030, #2609, .T. ) ;
#3825 = LINE ( 'NONE', #1643, #3318 ) ;
#3826 = PLANE ( 'NONE',  #4771 ) ;
#3827 = AXIS2_PLACEMENT_3D ( 'NONE', #4791, #4731, #2093 ) ;
#3828 = LINE ( 'NONE', #5553, #3286 ) ;
#3829 = EDGE_LOOP ( 'NONE', ( #3806, #3904, #775, #3946 ) ) ;
#3830 = DIRECTION ( 'NONE',  ( 1.000000000000000000, 0.000000000000000000, 0.000000000000000000 ) ) ;
#3831 = ORIENTED_EDGE ( 'NONE', *, *, #5075, .T. ) ;
#3832 = AXIS2_PLACEMENT_3D ( 'NONE', #5239, #1353, #1408 ) ;
#3833 = ORIENTED_EDGE ( 'NONE', *, *, #5160, .T. ) ;
#3834 = CARTESIAN_POINT ( 'NONE',  ( -2.799999999999999822, 1.350000000000000089, -1.399999999999999689 ) ) ;
#3835 = VECTOR ( 'NONE', #703, 1000.000000000000000 ) ;
#3836 = ORIENTED_EDGE ( 'NONE', *, *, #4971, .T. ) ;
#3837 = LINE ( 'NONE', #4264, #1322 ) ;
#3838 = ADVANCED_FACE ( 'NONE', ( #3195 ), #1786, .T. ) ;
#3839 = VECTOR ( 'NONE', #1419, 1000.000000000000000 ) ;
#3840 = EDGE_LOOP ( 'NONE', ( #4298, #4424, #4076, #2680 ) ) ;
#3841 = DIRECTION ( 'NONE',  ( 1.000000000000000000, 0.000000000000000000, 0.000000000000000000 ) ) ;
#3842 = DIRECTION ( 'NONE',  ( -1.000000000000000000, 1.807003620809173892E-16, -0.000000000000000000 ) ) ;
#3843 = CARTESIAN_POINT ( 'NONE',  ( -3.850000000000003642, 4.775790726522357889E-16, -1.074999999999999734 ) ) ;
#3844 = VECTOR ( 'NONE', #2172, 1000.000000000000000 ) ;
#3845 = DIRECTION ( 'NONE',  ( -0.000000000000000000, 1.000000000000000000, -0.000000000000000000 ) ) ;
#3846 = DIRECTION ( 'NONE',  ( -0.000000000000000000, 1.000000000000000000, -0.000000000000000000 ) ) ;
#3847 = VERTEX_POINT ( 'NONE', #1891 ) ;
#3848 = VECTOR ( 'NONE', #2501, 1000.000000000000000 ) ;
#3849 = LINE ( 'NONE', #3429, #2563 ) ;
#3850 = ORIENTED_EDGE ( 'NONE', *, *, #1268, .F. ) ;
#3851 = CARTESIAN_POINT ( 'NONE',  ( -2.750000000000000444, 1.499999999999999556, -0.9499999999999997335 ) ) ;
#3852 = AXIS2_PLACEMENT_3D ( 'NONE', #93, #3111, #1808 ) ;
#3853 = CARTESIAN_POINT ( 'NONE',  ( -2.950000000000003286, 0.2150000000000002465, 0.9250000000000002665 ) ) ;
#3854 = VECTOR ( 'NONE', #4529, 1000.000000000000000 ) ;
#3855 = ADVANCED_FACE ( 'NONE', ( #70 ), #5352, .T. ) ;
#3856 = CARTESIAN_POINT ( 'NONE',  ( 0.5749999999999998446, 0.1499999999999999944, -1.399999999999999689 ) ) ;
#3857 = PRESENTATION_LAYER_ASSIGNMENT (  '', '', ( #3130 ) ) ;
#3858 = CIRCLE ( 'NONE', #1413, 0.08500000000000006162 ) ;
#3859 = CARTESIAN_POINT ( 'NONE',  ( -2.800000000000002931, 0.2999999999999998779, 0.8400000000000000799 ) ) ;
#3860 = ORIENTED_EDGE ( 'NONE', *, *, #657, .F. ) ;
#3861 = DIRECTION ( 'NONE',  ( 0.000000000000000000, -1.000000000000000000, 0.000000000000000000 ) ) ;
#3862 = EDGE_LOOP ( 'NONE', ( #248, #1471, #5511, #4975 ) ) ;
#3863 = AXIS2_PLACEMENT_3D ( 'NONE', #5234, #3076, #3841 ) ;
#3864 = AXIS2_PLACEMENT_3D ( 'NONE', #2599, #26, #3533 ) ;
#3865 = EDGE_CURVE ( 'NONE', #3847, #2639, #3192, .T. ) ;
#3866 = EDGE_CURVE ( 'NONE', #4321, #3608, #2714, .T. ) ;
#3867 = ORIENTED_EDGE ( 'NONE', *, *, #3982, .F. ) ;
#3868 = CARTESIAN_POINT ( 'NONE',  ( -1.500000000000000000, -0.3499999999999999778, 0.1750000000000001554 ) ) ;
#3869 = VECTOR ( 'NONE', #603, 1000.000000000000000 ) ;
#3870 = ORIENTED_EDGE ( 'NONE', *, *, #971, .T. ) ;
#3871 = DIRECTION ( 'NONE',  ( 0.000000000000000000, -1.000000000000000000, 0.000000000000000000 ) ) ;
#3872 = UNCERTAINTY_MEASURE_WITH_UNIT (LENGTH_MEASURE( 1.000000000000000082E-05 ), #4704, 'distance_accuracy_value', 'NONE');
#3873 = ORIENTED_EDGE ( 'NONE', *, *, #748, .F. ) ;
#3874 = DIRECTION ( 'NONE',  ( 0.000000000000000000, 0.000000000000000000, 1.000000000000000000 ) ) ;
#3875 = CARTESIAN_POINT ( 'NONE',  ( 2.800000000000003375, 0.2000000000000000389, 1.375000000000000000 ) ) ;
#3876 = DIRECTION ( 'NONE',  ( 0.000000000000000000, 0.000000000000000000, 1.000000000000000000 ) ) ;
#3877 = DIRECTION ( 'NONE',  ( 0.4228854653311235889, -0.9061831399952654520, 0.000000000000000000 ) ) ;
#3878 = CARTESIAN_POINT ( 'NONE',  ( -1.550000000000000266, 0.4000000000000000222, 1.099999999999999867 ) ) ;
#3879 =( GEOMETRIC_REPRESENTATION_CONTEXT ( 3 ) GLOBAL_UNCERTAINTY_ASSIGNED_CONTEXT ( ( #5172 ) ) GLOBAL_UNIT_ASSIGNED_CONTEXT ( ( #3079, #4859, #533 ) ) REPRESENTATION_CONTEXT ( 'NONE', 'WORKASPACE' ) );
#3880 = ADVANCED_FACE ( 'NONE', ( #2237 ), #4359, .T. ) ;
#3881 = VERTEX_POINT ( 'NONE', #1461 ) ;
#3882 = DIRECTION ( 'NONE',  ( 0.000000000000000000, 0.000000000000000000, -1.000000000000000000 ) ) ;
#3883 = ORIENTED_EDGE ( 'NONE', *, *, #987, .F. ) ;
#3884 = LINE ( 'NONE', #5073, #3751 ) ;
#3885 = DIRECTION ( 'NONE',  ( 1.000000000000000000, 0.000000000000000000, 0.000000000000000000 ) ) ;
#3886 = DIRECTION ( 'NONE',  ( 1.000000000000000000, -1.807003620809173892E-16, 0.000000000000000000 ) ) ;
#3887 = CARTESIAN_POINT ( 'NONE',  ( 1.449999999999999956, 0.2999999999999999334, 2.699999999999999734 ) ) ;
#3888 = ORIENTED_EDGE ( 'NONE', *, *, #2515, .F. ) ;
#3889 = CARTESIAN_POINT ( 'NONE',  ( -2.974999999999999645, 0.9000000000000000222, -1.389999999999999680 ) ) ;
#3890 = ORIENTED_EDGE ( 'NONE', *, *, #4409, .F. ) ;
#3891 = ORIENTED_EDGE ( 'NONE', *, *, #4796, .T. ) ;
#3892 = CARTESIAN_POINT ( 'NONE',  ( 2.800000000000002931, 0.2999999999999998779, 0.8400000000000000799 ) ) ;
#3893 = ORIENTED_EDGE ( 'NONE', *, *, #5210, .T. ) ;
#3894 = EDGE_CURVE ( 'NONE', #1776, #1911, #5247, .T. ) ;
#3895 = ADVANCED_FACE ( 'NONE', ( #3147 ), #4872, .F. ) ;
#3896 = VERTEX_POINT ( 'NONE', #487 ) ;
#3897 = CARTESIAN_POINT ( 'NONE',  ( -2.974999999999999645, 1.100000000000000089, -1.389999999999999680 ) ) ;
#3898 = EDGE_CURVE ( 'NONE', #2238, #1887, #2202, .T. ) ;
#3899 = CARTESIAN_POINT ( 'NONE',  ( -2.975000000000004974, 0.9899999999999811173, -0.9499999999999999556 ) ) ;
#3900 = DIRECTION ( 'NONE',  ( -4.336808689942020891E-15, 1.000000000000000000, 0.000000000000000000 ) ) ;
#3901 = CARTESIAN_POINT ( 'NONE',  ( 2.950000000000001066, 0.9000000000000001332, 1.375000000000000222 ) ) ;
#3902 = VERTEX_POINT ( 'NONE', #2262 ) ;
#3903 = DIRECTION ( 'NONE',  ( 1.807003620809173646E-16, -1.000000000000000000, -1.204669080539449837E-16 ) ) ;
#3904 = ORIENTED_EDGE ( 'NONE', *, *, #3763, .T. ) ;
#3905 = CARTESIAN_POINT ( 'NONE',  ( -2.799999999999999822, 0.000000000000000000, 1.399999999999999689 ) ) ;
#3906 = DIRECTION ( 'NONE',  ( 1.000000000000000000, 3.304235192336774329E-15, -0.000000000000000000 ) ) ;
#3907 = ADVANCED_FACE ( 'NONE', ( #4469 ), #996, .T. ) ;
#3908 = FACE_OUTER_BOUND ( 'NONE', #3782, .T. ) ;
#3909 = EDGE_CURVE ( 'NONE', #5000, #3267, #3089, .T. ) ;
#3910 = DIRECTION ( 'NONE',  ( 1.000000000000000000, -0.000000000000000000, 0.000000000000000000 ) ) ;
#3911 = ORIENTED_EDGE ( 'NONE', *, *, #131, .F. ) ;
#3912 = CARTESIAN_POINT ( 'NONE',  ( 1.449999999999999956, 0.3000000000000002109, 0.000000000000000000 ) ) ;
#3913 = VERTEX_POINT ( 'NONE', #1387 ) ;
#3914 = ORIENTED_EDGE ( 'NONE', *, *, #5497, .T. ) ;
#3915 = LINE ( 'NONE', #3834, #3331 ) ;
#3916 = VERTEX_POINT ( 'NONE', #3997 ) ;
#3917 = VECTOR ( 'NONE', #1360, 1000.000000000000000 ) ;
#3918 = EDGE_CURVE ( 'NONE', #310, #4150, #5295, .T. ) ;
#3919 = VERTEX_POINT ( 'NONE', #1417 ) ;
#3920 = VECTOR ( 'NONE', #4074, 1000.000000000000000 ) ;
#3921 = CARTESIAN_POINT ( 'NONE',  ( 0.5749999999999998446, 0.1499999999999999944, -1.399999999999999689 ) ) ;
#3922 = EDGE_CURVE ( 'NONE', #1273, #4321, #3115, .T. ) ;
#3923 = VERTEX_POINT ( 'NONE', #1017 ) ;
#3924 = DIRECTION ( 'NONE',  ( 0.000000000000000000, 1.000000000000000000, 0.000000000000000000 ) ) ;
#3925 = DIRECTION ( 'NONE',  ( 5.102127870520013488E-15, -1.000000000000000000, 0.000000000000000000 ) ) ;
#3926 = AXIS2_PLACEMENT_3D ( 'NONE', #4819, #3091, #4471 ) ;
#3927 = LINE ( 'NONE', #4351, #4222 ) ;
#3928 = ADVANCED_FACE ( 'NONE', ( #1866 ), #5326, .F. ) ;
#3929 = VERTEX_POINT ( 'NONE', #2689 ) ;
#3930 = EDGE_CURVE ( 'NONE', #2683, #833, #4056, .T. ) ;
#3931 = AXIS2_PLACEMENT_3D ( 'NONE', #3198, #2892, #5380 ) ;
#3932 = DIRECTION ( 'NONE',  ( 1.084202172485504434E-16, 0.000000000000000000, -1.000000000000000000 ) ) ;
#3933 = EDGE_LOOP ( 'NONE', ( #1853, #175, #2986, #5039 ) ) ;
#3934 = VERTEX_POINT ( 'NONE', #5377 ) ;
#3935 = LINE ( 'NONE', #3905, #3120 ) ;
#3936 = FILL_AREA_STYLE ('',( #3110 ) ) ;
#3937 = DIRECTION ( 'NONE',  ( -2.176841390411644699E-32, -1.204669080539450330E-16, -1.000000000000000000 ) ) ;
#3938 = AXIS2_PLACEMENT_3D ( 'NONE', #659, #1470, #2813 ) ;
#3939 = DIRECTION ( 'NONE',  ( 1.000000000000000000, -1.301042606982602008E-14, 0.000000000000000000 ) ) ;
#3940 = DIRECTION ( 'NONE',  ( 1.000000000000000000, 0.000000000000000000, -0.000000000000000000 ) ) ;
#3941 = ORIENTED_EDGE ( 'NONE', *, *, #2192, .F. ) ;
#3942 = AXIS2_PLACEMENT_3D ( 'NONE', #4714, #834, #1653 ) ;
#3943 = CARTESIAN_POINT ( 'NONE',  ( -2.950000000000001066, 0.9000000000000006883, 0.9499999999999997335 ) ) ;
#3944 = VECTOR ( 'NONE', #3118, 1000.000000000000000 ) ;
#3945 = DIRECTION ( 'NONE',  ( 0.000000000000000000, -1.000000000000000000, 0.000000000000000000 ) ) ;
#3946 = ORIENTED_EDGE ( 'NONE', *, *, #3315, .F. ) ;
#3947 = AXIS2_PLACEMENT_3D ( 'NONE', #735, #3344, #5414 ) ;
#3948 = AXIS2_PLACEMENT_3D ( 'NONE', #4174, #5474, #5080 ) ;
#3949 = ORIENTED_EDGE ( 'NONE', *, *, #2713, .F. ) ;
#3950 = DIRECTION ( 'NONE',  ( 1.000000000000000000, -3.304235192336774723E-15, 0.000000000000000000 ) ) ;
#3951 = ORIENTED_EDGE ( 'NONE', *, *, #3754, .F. ) ;
#3952 = VECTOR ( 'NONE', #5419, 1000.000000000000000 ) ;
#3953 = AXIS2_PLACEMENT_3D ( 'NONE', #3365, #3845, #4216 ) ;
#3954 = AXIS2_PLACEMENT_3D ( 'NONE', #4539, #5512, #2507 ) ;
#3955 = VERTEX_POINT ( 'NONE', #3258 ) ;
#3956 = AXIS2_PLACEMENT_3D ( 'NONE', #1895, #4742, #861 ) ;
#3957 = LINE ( 'NONE', #2183, #5136 ) ;
#3958 = EDGE_LOOP ( 'NONE', ( #1745, #627, #3893, #595 ) ) ;
#3959 = VECTOR ( 'NONE', #1840, 1000.000000000000227 ) ;
#3960 = DIRECTION ( 'NONE',  ( -0.000000000000000000, -0.000000000000000000, 1.000000000000000000 ) ) ;
#3961 = ORIENTED_EDGE ( 'NONE', *, *, #2300, .T. ) ;
#3962 = PLANE ( 'NONE',  #402 ) ;
#3963 = EDGE_LOOP ( 'NONE', ( #1116, #2203, #831, #1601 ) ) ;
#3964 = ORIENTED_EDGE ( 'NONE', *, *, #1954, .F. ) ;
#3965 = CYLINDRICAL_SURFACE ( 'NONE', #1935, 0.3750000000000001665 ) ;
#3966 = VECTOR ( 'NONE', #176, 1000.000000000000000 ) ;
#3967 =( LENGTH_UNIT ( ) NAMED_UNIT ( * ) SI_UNIT ( .MILLI., .METRE. ) );
#3968 = ADVANCED_FACE ( 'NONE', ( #201 ), #2460, .T. ) ;
#3969 = CYLINDRICAL_SURFACE ( 'NONE', #4757, 0.05000000000000012768 ) ;
#3970 = EDGE_CURVE ( 'NONE', #4242, #5371, #3768, .T. ) ;
#3971 = CARTESIAN_POINT ( 'NONE',  ( 2.750000000000000444, 1.300000000000000266, -0.9499999999999998446 ) ) ;
#3972 = AXIS2_PLACEMENT_3D ( 'NONE', #423, #5572, #2998 ) ;
#3973 = DIRECTION ( 'NONE',  ( 0.000000000000000000, -1.000000000000000000, 0.000000000000000000 ) ) ;
#3974 = ORIENTED_EDGE ( 'NONE', *, *, #404, .F. ) ;
#3975 = DIRECTION ( 'NONE',  ( -2.176841390411644152E-32, 1.204669080539449837E-16, -1.000000000000000000 ) ) ;
#3976 = LINE ( 'NONE', #4313, #2495 ) ;
#3977 = EDGE_CURVE ( 'NONE', #876, #5290, #4165, .T. ) ;
#3978 = ORIENTED_EDGE ( 'NONE', *, *, #4409, .T. ) ;
#3979 = DIRECTION ( 'NONE',  ( -1.807003620809174139E-16, -1.000000000000000000, -1.204669080539450330E-16 ) ) ;
#3980 = LINE ( 'NONE', #4400, #435 ) ;
#3981 = ORIENTED_EDGE ( 'NONE', *, *, #3577, .T. ) ;
#3982 = EDGE_CURVE ( 'NONE', #1650, #1911, #1290, .T. ) ;
#3983 = EDGE_CURVE ( 'NONE', #4288, #3267, #2374, .T. ) ;
#3984 = ORIENTED_EDGE ( 'NONE', *, *, #3196, .F. ) ;
#3985 = CARTESIAN_POINT ( 'NONE',  ( 4.000000000000003553, 0.1500000000000004940, 1.374999999999999556 ) ) ;
#3986 = VERTEX_POINT ( 'NONE', #4556 ) ;
#3987 = SURFACE_STYLE_FILL_AREA ( #473 ) ;
#3988 = DIRECTION ( 'NONE',  ( -1.000000000000000000, -2.710505431213753985E-15, 0.000000000000000000 ) ) ;
#3989 = ORIENTED_EDGE ( 'NONE', *, *, #567, .F. ) ;
#3990 = CARTESIAN_POINT ( 'NONE',  ( 2.550000000000000266, 1.350000000000000089, -0.9499999999999997335 ) ) ;
#3991 = ORIENTED_EDGE ( 'NONE', *, *, #3305, .F. ) ;
#3992 = EDGE_LOOP ( 'NONE', ( #415, #2228, #4978, #4127 ) ) ;
#3993 = CARTESIAN_POINT ( 'NONE',  ( -1.500000000000000000, -0.5500000000000001554, 0.000000000000000000 ) ) ;
#3994 = DIRECTION ( 'NONE',  ( 0.000000000000000000, 1.000000000000000000, 0.000000000000000000 ) ) ;
#3995 = LINE ( 'NONE', #4440, #1852 ) ;
#3996 = EDGE_CURVE ( 'NONE', #1930, #2945, #2348, .T. ) ;
#3997 = CARTESIAN_POINT ( 'NONE',  ( -2.750000000000000444, 1.499999999999999556, 0.9499999999999997335 ) ) ;
#3998 = VERTEX_POINT ( 'NONE', #4107 ) ;
#3999 = FACE_OUTER_BOUND ( 'NONE', #914, .T. ) ;
#4000 = ADVANCED_FACE ( 'NONE', ( #1492 ), #2775, .F. ) ;
#4001 = DIRECTION ( 'NONE',  ( 0.000000000000000000, 0.000000000000000000, 1.000000000000000000 ) ) ;
#4002 = ORIENTED_EDGE ( 'NONE', *, *, #2860, .F. ) ;
#4003 = DIRECTION ( 'NONE',  ( -0.000000000000000000, -2.710505431213754182E-16, 1.000000000000000000 ) ) ;
#4004 = ADVANCED_FACE ( 'NONE', ( #231 ), #1947, .T. ) ;
#4005 = CARTESIAN_POINT ( 'NONE',  ( 1.550000000000000266, 1.250000000000000000, 1.300000000000000044 ) ) ;
#4006 = FILL_AREA_STYLE ('',( #4064 ) ) ;
#4007 = ORIENTED_EDGE ( 'NONE', *, *, #4826, .T. ) ;
#4008 = ORIENTED_EDGE ( 'NONE', *, *, #4590, .T. ) ;
#4009 = DIRECTION ( 'NONE',  ( 1.000000000000000000, 0.000000000000000000, 0.000000000000000000 ) ) ;
#4010 = AXIS2_PLACEMENT_3D ( 'NONE', #2287, #4441, #545 ) ;
#4011 = VERTEX_POINT ( 'NONE', #5415 ) ;
#4012 = PRODUCT_CONTEXT ( 'NONE', #3278, 'mechanical' ) ;
#4013 = CARTESIAN_POINT ( 'NONE',  ( 2.974999999999999645, 0.9000000000000002442, -0.9499999999999997335 ) ) ;
#4014 = VECTOR ( 'NONE', #140, 1000.000000000000000 ) ;
#4015 = VERTEX_POINT ( 'NONE', #318 ) ;
#4016 = CARTESIAN_POINT ( 'NONE',  ( 2.799999999999999822, 1.475000000000000089, 1.389999999999999680 ) ) ;
#4017 = ORIENTED_EDGE ( 'NONE', *, *, #2542, .F. ) ;
#4018 = ORIENTED_EDGE ( 'NONE', *, *, #4241, .T. ) ;
#4019 = FACE_OUTER_BOUND ( 'NONE', #510, .T. ) ;
#4020 = AXIS2_PLACEMENT_3D ( 'NONE', #3757, #2883, #4183 ) ;
#4021 = CARTESIAN_POINT ( 'NONE',  ( -2.974999999999999645, 1.100000000000000089, -1.389999999999999680 ) ) ;
#4022 = FACE_OUTER_BOUND ( 'NONE', #1429, .T. ) ;
#4023 = AXIS2_PLACEMENT_3D ( 'NONE', #5417, #1950, #3650 ) ;
#4024 = DIRECTION ( 'NONE',  ( -0.000000000000000000, 0.000000000000000000, -1.000000000000000000 ) ) ;
#4025 = ORIENTED_EDGE ( 'NONE', *, *, #3646, .T. ) ;
#4026 = FACE_OUTER_BOUND ( 'NONE', #3545, .T. ) ;
#4027 = PLANE ( 'NONE',  #2670 ) ;
#4028 = ORIENTED_EDGE ( 'NONE', *, *, #4797, .F. ) ;
#4029 = CARTESIAN_POINT ( 'NONE',  ( 3.000000000000003109, 0.2000000000000007050, 1.374999999999999556 ) ) ;
#4030 = AXIS2_PLACEMENT_3D ( 'NONE', #712, #5502, #5468 ) ;
#4031 = CARTESIAN_POINT ( 'NONE',  ( 2.799999999999999822, 1.475000000000000089, -0.9499999999999997335 ) ) ;
#4032 = DIRECTION ( 'NONE',  ( -1.000000000000000000, 1.807003620809174139E-16, 2.736911063134408342E-48 ) ) ;
#4033 = CARTESIAN_POINT ( 'NONE',  ( -2.975000000000004974, 1.055172413793084907, -0.8879310344827583412 ) ) ;
#4034 = ORIENTED_EDGE ( 'NONE', *, *, #4143, .T. ) ;
#4035 = EDGE_CURVE ( 'NONE', #4515, #3211, #1525, .T. ) ;
#4036 = AXIS2_PLACEMENT_3D ( 'NONE', #1549, #314, #2030 ) ;
#4037 = MECHANICAL_DESIGN_GEOMETRIC_PRESENTATION_REPRESENTATION (  '', ( #5395 ), #514 ) ;
#4038 = EDGE_CURVE ( 'NONE', #1930, #2629, #4957, .T. ) ;
#4039 = EDGE_LOOP ( 'NONE', ( #1829, #4800, #5353, #3017 ) ) ;
#4040 = DIRECTION ( 'NONE',  ( 1.000000000000000000, 3.304235192336774723E-15, 0.000000000000000000 ) ) ;
#4041 = AXIS2_PLACEMENT_3D ( 'NONE', #2424, #278, #1036 ) ;
#4042 = ORIENTED_EDGE ( 'NONE', *, *, #2092, .T. ) ;
#4043 = CARTESIAN_POINT ( 'NONE',  ( 2.550000000000000266, 1.475000000000000089, -0.9499999999999997335 ) ) ;
#4044 = AXIS2_PLACEMENT_3D ( 'NONE', #3921, #2620, #4322 ) ;
#4045 = AXIS2_PLACEMENT_3D ( 'NONE', #406, #2550, #2091 ) ;
#4046 = VERTEX_POINT ( 'NONE', #2804 ) ;
#4047 = CARTESIAN_POINT ( 'NONE',  ( -2.550000000000000266, 1.350000000000000089, -1.389999999999999680 ) ) ;
#4048 = EDGE_LOOP ( 'NONE', ( #1526, #2264, #3049, #4007 ) ) ;
#4049 = ORIENTED_EDGE ( 'NONE', *, *, #1563, .T. ) ;
#4050 = VECTOR ( 'NONE', #4850, 1000.000000000000000 ) ;
#4051 = DIRECTION ( 'NONE',  ( 0.000000000000000000, 0.000000000000000000, -1.000000000000000000 ) ) ;
#4052 = LINE ( 'NONE', #2316, #3044 ) ;
#4053 = FACE_OUTER_BOUND ( 'NONE', #2055, .T. ) ;
#4054 = EDGE_CURVE ( 'NONE', #3590, #3500, #1583, .T. ) ;
#4055 = EDGE_CURVE ( 'NONE', #4915, #589, #2737, .T. ) ;
#4056 = LINE ( 'NONE', #594, #2927 ) ;
#4057 = ORIENTED_EDGE ( 'NONE', *, *, #975, .F. ) ;
#4058 = AXIS2_PLACEMENT_3D ( 'NONE', #4954, #4982, #2799 ) ;
#4059 = CYLINDRICAL_SURFACE ( 'NONE', #1301, 0.04999999999999996808 ) ;
#4060 = CARTESIAN_POINT ( 'NONE',  ( 2.950000000000001066, 0.9000000000000003553, -0.9499999999999997335 ) ) ;
#4061 = CARTESIAN_POINT ( 'NONE',  ( -3.000000000000003109, 0.2000000000000006495, 1.374999999999999556 ) ) ;
#4062 = AXIS2_PLACEMENT_3D ( 'NONE', #2973, #4696, #2539 ) ;
#4063 = LINE ( 'NONE', #3549, #3959 ) ;
#4064 = FILL_AREA_STYLE_COLOUR ( '', #2498 ) ;
#4065 = CARTESIAN_POINT ( 'NONE',  ( 0.5749999999999998446, 0.1499999999999999944, -1.399999999999999689 ) ) ;
#4066 = EDGE_LOOP ( 'NONE', ( #3428, #4427, #3704, #5084 ) ) ;
#4067 = ORIENTED_EDGE ( 'NONE', *, *, #554, .F. ) ;
#4068 = DIRECTION ( 'NONE',  ( -3.304235192336774723E-15, -1.000000000000000000, 0.000000000000000000 ) ) ;
#4069 = ORIENTED_EDGE ( 'NONE', *, *, #4622, .F. ) ;
#4070 = ADVANCED_FACE ( 'NONE', ( #2405 ), #2032, .T. ) ;
#4071 = DIRECTION ( 'NONE',  ( 1.000000000000000000, -0.000000000000000000, 0.000000000000000000 ) ) ;
#4072 = ORIENTED_EDGE ( 'NONE', *, *, #956, .T. ) ;
#4073 = ADVANCED_FACE ( 'NONE', ( #5499 ), #4139, .F. ) ;
#4074 = DIRECTION ( 'NONE',  ( 1.000000000000000000, 3.304235192336774329E-15, -0.000000000000000000 ) ) ;
#4075 = VERTEX_POINT ( 'NONE', #3709 ) ;
#4076 = ORIENTED_EDGE ( 'NONE', *, *, #4812, .F. ) ;
#4077 = DIRECTION ( 'NONE',  ( 0.000000000000000000, 0.000000000000000000, -1.000000000000000000 ) ) ;
#4078 = DIRECTION ( 'NONE',  ( -1.000000000000000000, 0.000000000000000000, -0.000000000000000000 ) ) ;
#4079 = CARTESIAN_POINT ( 'NONE',  ( 0.2000000000000000944, 1.200000000000000178, 1.300000000000000044 ) ) ;
#4080 = DIRECTION ( 'NONE',  ( 0.000000000000000000, 0.000000000000000000, 1.000000000000000000 ) ) ;
#4081 = ORIENTED_EDGE ( 'NONE', *, *, #455, .F. ) ;
#4082 = CARTESIAN_POINT ( 'NONE',  ( 2.750000000000000444, 1.350000000000000089, -0.9499999999999997335 ) ) ;
#4083 = CARTESIAN_POINT ( 'NONE',  ( -2.799999999999999822, 1.350000000000000089, -1.389999999999999680 ) ) ;
#4084 = DIRECTION ( 'NONE',  ( -1.807003620809174139E-16, 1.000000000000000000, -1.204669080539450330E-16 ) ) ;
#4085 = CARTESIAN_POINT ( 'NONE',  ( 1.399999999999999911, 1.200000000000000178, 2.699999999999999734 ) ) ;
#4086 = EDGE_CURVE ( 'NONE', #3913, #562, #5439, .T. ) ;
#4087 = CARTESIAN_POINT ( 'NONE',  ( 0.2000000000000000944, 0.2499999999999998890, 2.750000000000000000 ) ) ;
#4088 = SURFACE_SIDE_STYLE ('',( #4450 ) ) ;
#4089 = FACE_OUTER_BOUND ( 'NONE', #4884, .T. ) ;
#4090 = ORIENTED_EDGE ( 'NONE', *, *, #3393, .T. ) ;
#4091 = ORIENTED_EDGE ( 'NONE', *, *, #4105, .T. ) ;
#4092 = SPHERICAL_SURFACE ( 'NONE', #1692, 0.05000000000000000278 ) ;
#4093 = VERTEX_POINT ( 'NONE', #3026 ) ;
#4094 = FACE_OUTER_BOUND ( 'NONE', #3347, .T. ) ;
#4095 = ORIENTED_EDGE ( 'NONE', *, *, #1733, .F. ) ;
#4096 = DIRECTION ( 'NONE',  ( 0.000000000000000000, -0.7071067811865486830, 0.7071067811865464625 ) ) ;
#4097 = CARTESIAN_POINT ( 'NONE',  ( -3.000000000000003553, 0.1500000000000006328, -0.9249999999999998224 ) ) ;
#4098 = ORIENTED_EDGE ( 'NONE', *, *, #4639, .T. ) ;
#4099 = ORIENTED_EDGE ( 'NONE', *, *, #4086, .T. ) ;
#4100 = DIRECTION ( 'NONE',  ( 0.000000000000000000, 1.000000000000000000, 1.445602896647372167E-14 ) ) ;
#4101 = DIRECTION ( 'NONE',  ( -0.9061831399952656740, 0.4228854653311234224, 0.000000000000000000 ) ) ;
#4102 = VECTOR ( 'NONE', #4231, 1000.000000000000000 ) ;
#4103 = ADVANCED_FACE ( 'NONE', ( #399 ), #1215, .T. ) ;
#4104 = LINE ( 'NONE', #2801, #779 ) ;
#4105 = EDGE_CURVE ( 'NONE', #4336, #284, #2521, .T. ) ;
#4106 = AXIS2_PLACEMENT_3D ( 'NONE', #645, #3220, #1073 ) ;
#4107 = CARTESIAN_POINT ( 'NONE',  ( 1.500000000000000000, 0.000000000000000000, 0.3749999999999998890 ) ) ;
#4108 = VERTEX_POINT ( 'NONE', #2170 ) ;
#4109 = CARTESIAN_POINT ( 'NONE',  ( -2.950000000000004174, 9.610368979752615776E-15, 0.000000000000000000 ) ) ;
#4110 = DIRECTION ( 'NONE',  ( -1.000000000000000000, 1.807003620809174385E-16, 0.000000000000000000 ) ) ;
#4111 = DIRECTION ( 'NONE',  ( 0.9061831399952655630, 0.4228854653311236445, -0.000000000000000000 ) ) ;
#4112 = CARTESIAN_POINT ( 'NONE',  ( -2.800000000000000266, 1.199999999999981970, 0.7499999999999995559 ) ) ;
#4113 = COLOUR_RGB ( '',0.7921568627450980005, 0.8196078431372548767, 0.9333333333333333481 ) ;
#4114 = PLANE ( 'NONE',  #3781 ) ;
#4115 = LINE ( 'NONE', #1532, #3492 ) ;
#4116 = CARTESIAN_POINT ( 'NONE',  ( 2.950000000000001066, 0.9000000000000001332, 1.375000000000000222 ) ) ;
#4117 = ORIENTED_EDGE ( 'NONE', *, *, #1535, .T. ) ;
#4118 = EDGE_CURVE ( 'NONE', #3523, #3916, #4724, .T. ) ;
#4119 = AXIS2_PLACEMENT_3D ( 'NONE', #3020, #1241, #3391 ) ;
#4120 = ORIENTED_EDGE ( 'NONE', *, *, #281, .F. ) ;
#4121 = PLANE ( 'NONE',  #75 ) ;
#4122 = VERTEX_POINT ( 'NONE', #4220 ) ;
#4123 = AXIS2_PLACEMENT_3D ( 'NONE', #4893, #2712, #3597 ) ;
#4124 = AXIS2_PLACEMENT_3D ( 'NONE', #739, #3740, #1108 ) ;
#4125 = PLANE ( 'NONE',  #2770 ) ;
#4126 = VECTOR ( 'NONE', #849, 1000.000000000000000 ) ;
#4127 = ORIENTED_EDGE ( 'NONE', *, *, #657, .T. ) ;
#4128 = AXIS2_PLACEMENT_3D ( 'NONE', #2346, #4983, #1103 ) ;
#4129 = CARTESIAN_POINT ( 'NONE',  ( -2.949999999999999734, 1.350000000000000533, 0.9499999999999997335 ) ) ;
#4130 = PLANE ( 'NONE',  #2017 ) ;
#4131 = EDGE_LOOP ( 'NONE', ( #4182, #3082, #1901, #5238 ) ) ;
#4132 = ORIENTED_EDGE ( 'NONE', *, *, #126, .F. ) ;
#4133 = CARTESIAN_POINT ( 'NONE',  ( -4.000000000000003553, 5.458656771194373499E-16, 1.224999999999999423 ) ) ;
#4134 = VECTOR ( 'NONE', #2117, 1000.000000000000000 ) ;
#4135 = PLANE ( 'NONE',  #2219 ) ;
#4136 = VECTOR ( 'NONE', #5495, 1000.000000000000000 ) ;
#4137 = LINE ( 'NONE', #3227, #4398 ) ;
#4138 = AXIS2_PLACEMENT_3D ( 'NONE', #189, #1401, #3129 ) ;
#4139 = CYLINDRICAL_SURFACE ( 'NONE', #4730, 0.08500000000000006162 ) ;
#4140 = ORIENTED_EDGE ( 'NONE', *, *, #5451, .F. ) ;
#4141 = DIRECTION ( 'NONE',  ( 1.000000000000000000, 0.000000000000000000, -0.000000000000000000 ) ) ;
#4142 = DIRECTION ( 'NONE',  ( -1.000000000000000000, 0.000000000000000000, -0.000000000000000000 ) ) ;
#4143 = EDGE_CURVE ( 'NONE', #3116, #1847, #29, .T. ) ;
#4144 = EDGE_CURVE ( 'NONE', #1806, #106, #2572, .T. ) ;
#4145 = CARTESIAN_POINT ( 'NONE',  ( 2.799999999999999822, 1.350000000000000089, 1.389999999999999680 ) ) ;
#4146 = DIRECTION ( 'NONE',  ( 0.000000000000000000, -0.000000000000000000, 1.000000000000000000 ) ) ;
#4147 = LINE ( 'NONE', #1989, #5229 ) ;
#4148 = EDGE_CURVE ( 'NONE', #5477, #3329, #5095, .T. ) ;
#4149 = LINE ( 'NONE', #5081, #1938 ) ;
#4150 = VERTEX_POINT ( 'NONE', #4754 ) ;
#4151 = EDGE_LOOP ( 'NONE', ( #1712, #3243, #3070, #2522 ) ) ;
#4152 = CARTESIAN_POINT ( 'NONE',  ( 1.399999999999999911, 1.250000000000000000, 1.300000000000000044 ) ) ;
#4153 = ORIENTED_EDGE ( 'NONE', *, *, #1625, .T. ) ;
#4154 = EDGE_CURVE ( 'NONE', #2122, #652, #4250, .T. ) ;
#4155 = PLANE ( 'NONE',  #4041 ) ;
#4156 = EDGE_CURVE ( 'NONE', #606, #2126, #3397, .T. ) ;
#4157 = ORIENTED_EDGE ( 'NONE', *, *, #4920, .T. ) ;
#4158 = DIRECTION ( 'NONE',  ( -0.000000000000000000, 1.000000000000000000, -0.000000000000000000 ) ) ;
#4159 = DIRECTION ( 'NONE',  ( -0.000000000000000000, -0.000000000000000000, -1.000000000000000000 ) ) ;
#4160 = ORIENTED_EDGE ( 'NONE', *, *, #1960, .T. ) ;
#4161 = ORIENTED_EDGE ( 'NONE', *, *, #3154, .T. ) ;
#4162 = CARTESIAN_POINT ( 'NONE',  ( 2.550000000000000266, 1.499999999999999556, -0.9499999999999997335 ) ) ;
#4163 = CARTESIAN_POINT ( 'NONE',  ( -2.974999999999999645, 1.100000000000000089, 0.9499999999999997335 ) ) ;
#4164 = DIRECTION ( 'NONE',  ( 5.102127870520017432E-15, 1.000000000000000000, 0.000000000000000000 ) ) ;
#4165 = LINE ( 'NONE', #1552, #5363 ) ;
#4166 = ORIENTED_EDGE ( 'NONE', *, *, #3443, .T. ) ;
#4167 = DIRECTION ( 'NONE',  ( 0.000000000000000000, 0.000000000000000000, 1.000000000000000000 ) ) ;
#4168 = DIRECTION ( 'NONE',  ( -2.320584820479771184E-34, 0.000000000000000000, -1.000000000000000000 ) ) ;
#4169 = PLANE ( 'NONE',  #4577 ) ;
#4170 = EDGE_CURVE ( 'NONE', #4283, #562, #843, .T. ) ;
#4171 = CARTESIAN_POINT ( 'NONE',  ( 2.949999999999999734, 1.300000000000000711, 0.000000000000000000 ) ) ;
#4172 = EDGE_CURVE ( 'NONE', #1094, #2103, #2148, .T. ) ;
#4173 = CARTESIAN_POINT ( 'NONE',  ( 1.732649100570681036E-16, 1.416239087809190167E-15, 1.805559322863033612E-31 ) ) ;
#4174 = CARTESIAN_POINT ( 'NONE',  ( -3.000000000000003553, 0.2000000000000005940, -1.374999999999999556 ) ) ;
#4175 = ORIENTED_EDGE ( 'NONE', *, *, #3047, .F. ) ;
#4176 = EDGE_CURVE ( 'NONE', #3337, #1000, #1386, .T. ) ;
#4177 = EDGE_CURVE ( 'NONE', #2398, #1074, #3820, .T. ) ;
#4178 = ORIENTED_EDGE ( 'NONE', *, *, #4176, .T. ) ;
#4179 = DIRECTION ( 'NONE',  ( -0.000000000000000000, 0.000000000000000000, -1.000000000000000000 ) ) ;
#4180 = ORIENTED_EDGE ( 'NONE', *, *, #3353, .F. ) ;
#4181 = DIRECTION ( 'NONE',  ( 0.000000000000000000, 1.000000000000000000, 0.000000000000000000 ) ) ;
#4182 = ORIENTED_EDGE ( 'NONE', *, *, #3200, .F. ) ;
#4183 = DIRECTION ( 'NONE',  ( -4.818676322157784950E-15, 1.000000000000000000, 0.000000000000000000 ) ) ;
#4184 = CARTESIAN_POINT ( 'NONE',  ( 2.974999999999999645, 1.100000000000000311, 0.9499999999999997335 ) ) ;
#4185 = ORIENTED_EDGE ( 'NONE', *, *, #3134, .T. ) ;
#4186 = ORIENTED_EDGE ( 'NONE', *, *, #2803, .T. ) ;
#4187 = CARTESIAN_POINT ( 'NONE',  ( 2.799999999999999822, 1.475000000000000089, -1.389999999999999680 ) ) ;
#4188 = CARTESIAN_POINT ( 'NONE',  ( 2.800000000000003375, 0.2999999999999997113, 0.000000000000000000 ) ) ;
#4189 = CARTESIAN_POINT ( 'NONE',  ( 4.000000000000003553, 5.398423317167407823E-16, 1.224999999999999423 ) ) ;
#4190 = DIRECTION ( 'NONE',  ( 0.000000000000000000, 0.000000000000000000, -1.000000000000000000 ) ) ;
#4191 = ORIENTED_EDGE ( 'NONE', *, *, #4801, .T. ) ;
#4192 = CARTESIAN_POINT ( 'NONE',  ( -2.975000000000005418, 1.199999999999981304, -0.7499999999999995559 ) ) ;
#4193 = AXIS2_PLACEMENT_3D ( 'NONE', #2862, #4501, #1048 ) ;
#4194 = CARTESIAN_POINT ( 'NONE',  ( -2.950000000000000622, 0.9899999999999811173, 0.9499999999999999556 ) ) ;
#4195 = CARTESIAN_POINT ( 'NONE',  ( -2.425000000000000266, 0.000000000000000000, -1.399999999999999689 ) ) ;
#4196 = CARTESIAN_POINT ( 'NONE',  ( 2.950000000000003286, 0.2000000000000005662, 0.9250000000000000444 ) ) ;
#4197 = AXIS2_PLACEMENT_3D ( 'NONE', #3971, #4949, #3939 ) ;
#4198 = CARTESIAN_POINT ( 'NONE',  ( -2.799999999999999822, 0.9000000000000000222, -0.9499999999999997335 ) ) ;
#4199 = CARTESIAN_POINT ( 'NONE',  ( -2.800000000000001155, 0.9000000000000002442, 0.9499999999999997335 ) ) ;
#4200 = ORIENTED_EDGE ( 'NONE', *, *, #4118, .T. ) ;
#4201 = VECTOR ( 'NONE', #3571, 1000.000000000000000 ) ;
#4202 = VERTEX_POINT ( 'NONE', #1720 ) ;
#4203 = DIRECTION ( 'NONE',  ( 0.000000000000000000, -1.000000000000000000, -3.097720492815725686E-16 ) ) ;
#4204 = EDGE_CURVE ( 'NONE', #2086, #3041, #3450, .T. ) ;
#4205 = ORIENTED_EDGE ( 'NONE', *, *, #3381, .F. ) ;
#4206 = LINE ( 'NONE', #3360, #3589 ) ;
#4207 = ADVANCED_FACE ( 'NONE', ( #5545 ), #5071, .F. ) ;
#4208 = AXIS2_PLACEMENT_3D ( 'NONE', #5335, #1113, #4510 ) ;
#4209 = ORIENTED_EDGE ( 'NONE', *, *, #748, .T. ) ;
#4210 = CARTESIAN_POINT ( 'NONE',  ( -2.425000000000000266, 0.1499999999999999944, -2.399999999999999911 ) ) ;
#4211 = AXIS2_PLACEMENT_3D ( 'NONE', #4112, #686, #1530 ) ;
#4212 = AXIS2_PLACEMENT_3D ( 'NONE', #4194, #2035, #2980 ) ;
#4213 = EDGE_CURVE ( 'NONE', #3211, #4768, #2915, .T. ) ;
#4214 = CARTESIAN_POINT ( 'NONE',  ( 1.550000000000000266, 1.250000000000000000, 1.300000000000000044 ) ) ;
#4215 = DIRECTION ( 'NONE',  ( 0.000000000000000000, -1.000000000000000000, 1.204669080539449837E-16 ) ) ;
#4216 = DIRECTION ( 'NONE',  ( 0.000000000000000000, 0.000000000000000000, -1.000000000000000000 ) ) ;
#4217 = CARTESIAN_POINT ( 'NONE',  ( 2.949999999999999734, 1.350000000000000533, 0.9499999999999997335 ) ) ;
#4218 = VECTOR ( 'NONE', #1663, 1000.000000000000000 ) ;
#4219 = PRESENTATION_LAYER_ASSIGNMENT (  '', '', ( #336 ) ) ;
#4220 = CARTESIAN_POINT ( 'NONE',  ( 0.2000000000000000944, 1.250000000000000000, 2.699999999999999734 ) ) ;
#4221 = EDGE_LOOP ( 'NONE', ( #4540, #400, #3011, #2147 ) ) ;
#4222 = VECTOR ( 'NONE', #1320, 1000.000000000000000 ) ;
#4223 = CARTESIAN_POINT ( 'NONE',  ( -2.950000000000001066, 0.9000000000000001332, 1.375000000000000222 ) ) ;
#4224 = AXIS2_PLACEMENT_3D ( 'NONE', #5260, #898, #1430 ) ;
#4225 = CARTESIAN_POINT ( 'NONE',  ( 2.950000000000003286, 0.3000000000000002665, 0.9499999999999995115 ) ) ;
#4226 = DIRECTION ( 'NONE',  ( -1.286288226170732780E-48, 0.000000000000000000, -1.000000000000000000 ) ) ;
#4227 = EDGE_CURVE ( 'NONE', #721, #3896, #763, .T. ) ;
#4228 = CYLINDRICAL_SURFACE ( 'NONE', #4230, 0.1499999999999999667 ) ;
#4229 = EDGE_CURVE ( 'NONE', #4685, #4629, #41, .T. ) ;
#4230 = AXIS2_PLACEMENT_3D ( 'NONE', #1557, #656, #1922 ) ;
#4231 = DIRECTION ( 'NONE',  ( -0.000000000000000000, -0.000000000000000000, 1.000000000000000000 ) ) ;
#4232 = PRESENTATION_STYLE_ASSIGNMENT (( #5424 ) ) ;
#4233 = DIRECTION ( 'NONE',  ( -3.304235192336774723E-15, -1.000000000000000000, -1.530638361156005111E-15 ) ) ;
#4234 = ORIENTED_EDGE ( 'NONE', *, *, #1225, .F. ) ;
#4235 = AXIS2_PLACEMENT_3D ( 'NONE', #4005, #4822, #5357 ) ;
#4236 = ORIENTED_EDGE ( 'NONE', *, *, #2365, .T. ) ;
#4237 = DIRECTION ( 'NONE',  ( 0.000000000000000000, 2.710505431213754182E-16, -1.000000000000000000 ) ) ;
#4238 = VERTEX_POINT ( 'NONE', #4272 ) ;
#4239 = AXIS2_PLACEMENT_3D ( 'NONE', #2314, #1912, #2399 ) ;
#4240 = DIRECTION ( 'NONE',  ( 1.000000000000000000, -0.000000000000000000, 0.000000000000000000 ) ) ;
#4241 = EDGE_CURVE ( 'NONE', #3434, #3919, #3849, .T. ) ;
#4242 = VERTEX_POINT ( 'NONE', #957 ) ;
#4243 = DIRECTION ( 'NONE',  ( 0.000000000000000000, 0.000000000000000000, -1.000000000000000000 ) ) ;
#4244 = EDGE_CURVE ( 'NONE', #4343, #569, #4552, .T. ) ;
#4245 = DIRECTION ( 'NONE',  ( 1.000000000000000000, 0.000000000000000000, 0.000000000000000000 ) ) ;
#4246 = DIRECTION ( 'NONE',  ( 0.000000000000000000, 0.000000000000000000, 1.000000000000000000 ) ) ;
#4247 = DIRECTION ( 'NONE',  ( 0.000000000000000000, -1.000000000000000000, 0.000000000000000000 ) ) ;
#4248 = CARTESIAN_POINT ( 'NONE',  ( 1.550000000000000266, 1.250000000000000000, 1.099999999999999867 ) ) ;
#4249 = EDGE_CURVE ( 'NONE', #1474, #3077, #509, .T. ) ;
#4250 = LINE ( 'NONE', #4642, #5004 ) ;
#4251 = ORIENTED_EDGE ( 'NONE', *, *, #4038, .T. ) ;
#4252 = DIRECTION ( 'NONE',  ( 0.000000000000000000, -0.000000000000000000, -1.000000000000000000 ) ) ;
#4253 = DIRECTION ( 'NONE',  ( -0.000000000000000000, 0.000000000000000000, -1.000000000000000000 ) ) ;
#4254 = FILL_AREA_STYLE ('',( #2576 ) ) ;
#4255 = CYLINDRICAL_SURFACE ( 'NONE', #2320, 0.04999999999999991257 ) ;
#4256 = FACE_OUTER_BOUND ( 'NONE', #1805, .T. ) ;
#4257 = DIRECTION ( 'NONE',  ( 0.000000000000000000, -1.000000000000000000, 0.000000000000000000 ) ) ;
#4258 = CARTESIAN_POINT ( 'NONE',  ( 0.2000000000000000944, 1.200000000000000178, 2.699999999999999734 ) ) ;
#4259 = VERTEX_POINT ( 'NONE', #2227 ) ;
#4260 = EDGE_CURVE ( 'NONE', #1450, #1094, #4865, .T. ) ;
#4261 = VERTEX_POINT ( 'NONE', #4353 ) ;
#4262 = DIRECTION ( 'NONE',  ( 4.818676322157784950E-15, 1.000000000000000000, 0.000000000000000000 ) ) ;
#4263 = ORIENTED_EDGE ( 'NONE', *, *, #3754, .T. ) ;
#4264 = CARTESIAN_POINT ( 'NONE',  ( 2.974999999999999645, 1.100000000000000311, -0.9499999999999997335 ) ) ;
#4265 = UNCERTAINTY_MEASURE_WITH_UNIT (LENGTH_MEASURE( 1.000000000000000082E-05 ), #3967, 'distance_accuracy_value', 'NONE');
#4266 = VERTEX_POINT ( 'NONE', #3591 ) ;
#4267 = CARTESIAN_POINT ( 'NONE',  ( 0.000000000000000000, 0.000000000000000000, -0.9499999999999997335 ) ) ;
#4268 = DIRECTION ( 'NONE',  ( 1.807003620809173646E-16, -1.000000000000000000, -1.204669080539449837E-16 ) ) ;
#4269 = FACE_OUTER_BOUND ( 'NONE', #390, .T. ) ;
#4270 = LINE ( 'NONE', #5178, #4487 ) ;
#4271 = DIRECTION ( 'NONE',  ( 3.097720492815729039E-15, -1.000000000000000000, -3.097720492815729138E-16 ) ) ;
#4272 = CARTESIAN_POINT ( 'NONE',  ( 4.000000000000003553, 0.1500000000000004108, -1.074999999999999734 ) ) ;
#4273 = VERTEX_POINT ( 'NONE', #2682 ) ;
#4274 = FACE_OUTER_BOUND ( 'NONE', #362, .T. ) ;
#4275 = FACE_OUTER_BOUND ( 'NONE', #1561, .T. ) ;
#4276 = EDGE_CURVE ( 'NONE', #3607, #3420, #3475, .T. ) ;
#4277 = CARTESIAN_POINT ( 'NONE',  ( -2.975000000000004974, 0.9899999999999811173, 0.9499999999999999556 ) ) ;
#4278 = DIRECTION ( 'NONE',  ( 0.000000000000000000, 0.000000000000000000, 1.000000000000000000 ) ) ;
#4279 = EDGE_CURVE ( 'NONE', #2903, #16, #989, .T. ) ;
#4280 = LINE ( 'NONE', #1752, #5274 ) ;
#4281 = VERTEX_POINT ( 'NONE', #4809 ) ;
#4282 = CARTESIAN_POINT ( 'NONE',  ( 2.800000000000001155, 0.9000000000000002442, 0.9499999999999997335 ) ) ;
#4283 = VERTEX_POINT ( 'NONE', #1011 ) ;
#4284 = CIRCLE ( 'NONE', #846, 0.1499999999999999667 ) ;
#4285 = ORIENTED_EDGE ( 'NONE', *, *, #4156, .F. ) ;
#4286 = FACE_OUTER_BOUND ( 'NONE', #2988, .T. ) ;
#4287 = CIRCLE ( 'NONE', #2112, 0.2000000000000000944 ) ;
#4288 = VERTEX_POINT ( 'NONE', #2652 ) ;
#4289 = DIRECTION ( 'NONE',  ( 1.000000000000000000, 0.000000000000000000, 0.000000000000000000 ) ) ;
#4290 = EDGE_CURVE ( 'NONE', #4281, #4657, #1434, .T. ) ;
#4291 = EDGE_LOOP ( 'NONE', ( #1837, #1631, #149, #3649, #5256, #252, #3388, #5129, #4521, #1787, #5195, #2159, #1703, #3978, #2299, #1185, #705, #3197 ) ) ;
#4292 = DIRECTION ( 'NONE',  ( -0.000000000000000000, -1.204669080539449837E-16, -1.000000000000000000 ) ) ;
#4293 = LINE ( 'NONE', #3444, #4473 ) ;
#4294 = DIRECTION ( 'NONE',  ( 0.000000000000000000, 0.000000000000000000, -1.000000000000000000 ) ) ;
#4295 = VECTOR ( 'NONE', #3378, 1000.000000000000000 ) ;
#4296 = CARTESIAN_POINT ( 'NONE',  ( 2.074999999999999734, 0.1499999999999999944, -1.399999999999999689 ) ) ;
#4297 = CARTESIAN_POINT ( 'NONE',  ( 4.000000000000003553, 5.639357133275290247E-16, 1.074999999999999734 ) ) ;
#4298 = ORIENTED_EDGE ( 'NONE', *, *, #4920, .F. ) ;
#4299 = AXIS2_PLACEMENT_3D ( 'NONE', #629, #5330, #1894 ) ;
#4300 = DIRECTION ( 'NONE',  ( 0.000000000000000000, 0.000000000000000000, 1.000000000000000000 ) ) ;
#4301 = ORIENTED_EDGE ( 'NONE', *, *, #4652, .F. ) ;
#4302 = CARTESIAN_POINT ( 'NONE',  ( 3.000000000000003109, 7.598826684590244610E-16, 0.9249999999999998224 ) ) ;
#4303 = VECTOR ( 'NONE', #995, 1000.000000000000000 ) ;
#4304 = CARTESIAN_POINT ( 'NONE',  ( 2.075000000000000178, 0.1499999999999999944, -2.399999999999999911 ) ) ;
#4305 = VECTOR ( 'NONE', #938, 1000.000000000000000 ) ;
#4306 = CARTESIAN_POINT ( 'NONE',  ( -2.800000000000000266, 1.300000000000000266, 0.9499999999999997335 ) ) ;
#4307 = VECTOR ( 'NONE', #2352, 1000.000000000000000 ) ;
#4308 = VECTOR ( 'NONE', #1913, 1000.000000000000000 ) ;
#4309 = CARTESIAN_POINT ( 'NONE',  ( -4.000000000000003553, 4.314221144681902896E-16, -1.224999999999999423 ) ) ;
#4310 = EDGE_CURVE ( 'NONE', #4768, #5592, #2279, .T. ) ;
#4311 = EDGE_LOOP ( 'NONE', ( #1199, #153, #4827, #480 ) ) ;
#4312 = EDGE_CURVE ( 'NONE', #3610, #4460, #4887, .T. ) ;
#4313 = CARTESIAN_POINT ( 'NONE',  ( -2.425000000000000266, 0.1499999999999999944, -1.399999999999999689 ) ) ;
#4314 = ORIENTED_EDGE ( 'NONE', *, *, #3161, .F. ) ;
#4315 = VECTOR ( 'NONE', #4857, 1000.000000000000000 ) ;
#4316 = AXIS2_PLACEMENT_3D ( 'NONE', #4830, #1374, #3900 ) ;
#4317 = EDGE_CURVE ( 'NONE', #4336, #5396, #2255, .T. ) ;
#4318 = ORIENTED_EDGE ( 'NONE', *, *, #4229, .T. ) ;
#4319 = CARTESIAN_POINT ( 'NONE',  ( 2.800000000000001155, 0.8999999999999995781, 1.375000000000000222 ) ) ;
#4320 = VERTEX_POINT ( 'NONE', #1804 ) ;
#4321 = VERTEX_POINT ( 'NONE', #4047 ) ;
#4322 = DIRECTION ( 'NONE',  ( -1.084202172485504434E-16, 0.000000000000000000, 1.000000000000000000 ) ) ;
#4323 = ADVANCED_FACE ( 'NONE', ( #1827 ), #3962, .F. ) ;
#4324 = LINE ( 'NONE', #2621, #2943 ) ;
#4325 = DIRECTION ( 'NONE',  ( 0.000000000000000000, 0.000000000000000000, -1.000000000000000000 ) ) ;
#4326 = EDGE_CURVE ( 'NONE', #3267, #808, #587, .T. ) ;
#4327 = CARTESIAN_POINT ( 'NONE',  ( 2.799999999999999822, 1.350000000000000089, -1.389999999999999680 ) ) ;
#4328 = DIRECTION ( 'NONE',  ( 1.000000000000000000, 0.000000000000000000, 0.000000000000000000 ) ) ;
#4329 = VERTEX_POINT ( 'NONE', #4834 ) ;
#4330 = CARTESIAN_POINT ( 'NONE',  ( 2.799999999999999822, 1.475000000000000089, 0.9499999999999997335 ) ) ;
#4331 = ORIENTED_EDGE ( 'NONE', *, *, #3824, .F. ) ;
#4332 = CARTESIAN_POINT ( 'NONE',  ( -2.425000000000000266, 0.000000000000000000, -1.399999999999999689 ) ) ;
#4333 = DIRECTION ( 'NONE',  ( -1.000000000000000000, 3.304235192336774723E-15, 0.000000000000000000 ) ) ;
#4334 = LINE ( 'NONE', #4306, #5297 ) ;
#4335 = DIRECTION ( 'NONE',  ( -1.000000000000000000, 3.304235192336774723E-15, 0.000000000000000000 ) ) ;
#4336 = VERTEX_POINT ( 'NONE', #59 ) ;
#4337 = EDGE_CURVE ( 'NONE', #277, #5434, #1662, .T. ) ;
#4338 = PLANE ( 'NONE',  #4752 ) ;
#4339 = VERTEX_POINT ( 'NONE', #1325 ) ;
#4340 = ADVANCED_FACE ( 'NONE', ( #3058 ), #4435, .F. ) ;
#4341 = ORIENTED_EDGE ( 'NONE', *, *, #5223, .T. ) ;
#4342 = DIRECTION ( 'NONE',  ( 0.000000000000000000, 0.000000000000000000, 1.000000000000000000 ) ) ;
#4343 = VERTEX_POINT ( 'NONE', #4461 ) ;
#4344 = EDGE_CURVE ( 'NONE', #5138, #4937, #2310, .T. ) ;
#4345 = EDGE_CURVE ( 'NONE', #1977, #465, #901, .T. ) ;
#4346 = ORIENTED_EDGE ( 'NONE', *, *, #2268, .F. ) ;
#4347 = FACE_OUTER_BOUND ( 'NONE', #1303, .T. ) ;
#4348 = EDGE_LOOP ( 'NONE', ( #1877, #360, #5337, #2094 ) ) ;
#4349 = CARTESIAN_POINT ( 'NONE',  ( -2.799999999999999822, 1.350000000000000089, -1.399999999999999689 ) ) ;
#4350 = DIRECTION ( 'NONE',  ( 0.000000000000000000, 0.000000000000000000, -1.000000000000000000 ) ) ;
#4351 = CARTESIAN_POINT ( 'NONE',  ( -2.025000000000000355, 0.000000000000000000, -1.399999999999999689 ) ) ;
#4352 = VERTEX_POINT ( 'NONE', #3510 ) ;
#4353 = CARTESIAN_POINT ( 'NONE',  ( -2.799999999999999822, 0.9000000000000000222, -1.389999999999999680 ) ) ;
#4354 = ORIENTED_EDGE ( 'NONE', *, *, #2080, .F. ) ;
#4355 = ORIENTED_EDGE ( 'NONE', *, *, #1680, .T. ) ;
#4356 = LINE ( 'NONE', #3564, #856 ) ;
#4357 = LINE ( 'NONE', #3539, #517 ) ;
#4358 = CARTESIAN_POINT ( 'NONE',  ( -2.750000000000000444, 1.499999999999999556, 0.9499999999999997335 ) ) ;
#4359 = PLANE ( 'NONE',  #2469 ) ;
#4360 = EDGE_LOOP ( 'NONE', ( #71, #2114, #892, #4446 ) ) ;
#4361 = LINE ( 'NONE', #1835, #407 ) ;
#4362 = DIRECTION ( 'NONE',  ( 0.000000000000000000, -1.000000000000000000, 0.000000000000000000 ) ) ;
#4363 = ORIENTED_EDGE ( 'NONE', *, *, #2307, .T. ) ;
#4364 = ORIENTED_EDGE ( 'NONE', *, *, #4105, .F. ) ;
#4365 = DIRECTION ( 'NONE',  ( -1.000000000000000000, 3.304235192336774723E-15, 0.000000000000000000 ) ) ;
#4366 = ORIENTED_EDGE ( 'NONE', *, *, #3112, .T. ) ;
#4367 = VECTOR ( 'NONE', #428, 1000.000000000000000 ) ;
#4368 = EDGE_LOOP ( 'NONE', ( #3552, #2226, #4969, #2111 ) ) ;
#4369 = VECTOR ( 'NONE', #544, 1000.000000000000000 ) ;
#4370 = CARTESIAN_POINT ( 'NONE',  ( 2.074999999999999734, 0.1499999999999999944, -1.399999999999999689 ) ) ;
#4371 = ADVANCED_FACE ( 'NONE', ( #1544 ), #5344, .T. ) ;
#4372 = ADVANCED_FACE ( 'NONE', ( #5457 ), #4130, .F. ) ;
#4373 = ORIENTED_EDGE ( 'NONE', *, *, #5497, .F. ) ;
#4374 = EDGE_CURVE ( 'NONE', #2103, #4873, #4912, .T. ) ;
#4375 = DIRECTION ( 'NONE',  ( -0.000000000000000000, -0.000000000000000000, -1.000000000000000000 ) ) ;
#4376 = MECHANICAL_DESIGN_GEOMETRIC_PRESENTATION_REPRESENTATION (  '', ( #2200 ), #44 ) ;
#4377 = EDGE_LOOP ( 'NONE', ( #3641, #1753, #2908, #5564 ) ) ;
#4378 = EDGE_CURVE ( 'NONE', #1775, #3896, #5552, .T. ) ;
#4379 = AXIS2_PLACEMENT_3D ( 'NONE', #2655, #4787, #2709 ) ;
#4380 = CARTESIAN_POINT ( 'NONE',  ( 2.550000000000000266, 1.350000000000000089, 0.000000000000000000 ) ) ;
#4381 = ORIENTED_EDGE ( 'NONE', *, *, #3970, .T. ) ;
#4382 = ORIENTED_EDGE ( 'NONE', *, *, #4905, .T. ) ;
#4383 = CARTESIAN_POINT ( 'NONE',  ( -2.800000000000001155, 0.8999999999999995781, 1.375000000000000222 ) ) ;
#4384 = DIRECTION ( 'NONE',  ( 1.000000000000000000, -1.807003620809173892E-16, -0.000000000000000000 ) ) ;
#4385 = ADVANCED_BREP_SHAPE_REPRESENTATION ( 'MSK12C02', ( #4621, #2861, #920, #2772, #944, #1023, #5144 ), #3879 ) ;
#4386 = VECTOR ( 'NONE', #1875, 1000.000000000000000 ) ;
#4387 = LINE ( 'NONE', #4841, #1931 ) ;
#4388 = CARTESIAN_POINT ( 'NONE',  ( 0.9750000000000001998, 0.1499999999999999944, -2.399999999999999911 ) ) ;
#4389 = VERTEX_POINT ( 'NONE', #3276 ) ;
#4390 = AXIS2_PLACEMENT_3D ( 'NONE', #4085, #4929, #1817 ) ;
#4391 = LINE ( 'NONE', #1362, #5108 ) ;
#4392 = EDGE_CURVE ( 'NONE', #4405, #4495, #4735, .T. ) ;
#4393 = VECTOR ( 'NONE', #1704, 1000.000000000000000 ) ;
#4394 = CARTESIAN_POINT ( 'NONE',  ( -2.024999999999999911, 0.1499999999999999944, -2.399999999999999911 ) ) ;
#4395 = ORIENTED_EDGE ( 'NONE', *, *, #2300, .F. ) ;
#4396 = DIRECTION ( 'NONE',  ( 0.000000000000000000, 0.000000000000000000, 1.000000000000000000 ) ) ;
#4397 = ADVANCED_FACE ( 'NONE', ( #5369 ), #1483, .F. ) ;
#4398 = VECTOR ( 'NONE', #261, 1000.000000000000000 ) ;
#4399 = VECTOR ( 'NONE', #2416, 1000.000000000000000 ) ;
#4400 = CARTESIAN_POINT ( 'NONE',  ( -2.950000000000003286, 0.2000000000000005107, 1.375000000000000000 ) ) ;
#4401 = ORIENTED_EDGE ( 'NONE', *, *, #298, .T. ) ;
#4402 = AXIS2_PLACEMENT_3D ( 'NONE', #3878, #2975, #5154 ) ;
#4403 = AXIS2_PLACEMENT_3D ( 'NONE', #641, #616, #5453 ) ;
#4404 = AXIS2_PLACEMENT_3D ( 'NONE', #4788, #565, #2283 ) ;
#4405 = VERTEX_POINT ( 'NONE', #4097 ) ;
#4406 = CIRCLE ( 'NONE', #4931, 0.05000000000000012768 ) ;
#4407 = LINE ( 'NONE', #5397, #2230 ) ;
#4408 = ORIENTED_EDGE ( 'NONE', *, *, #5573, .T. ) ;
#4409 = EDGE_CURVE ( 'NONE', #3710, #3125, #1040, .T. ) ;
#4410 = VECTOR ( 'NONE', #4449, 1000.000000000000000 ) ;
#4411 = DIRECTION ( 'NONE',  ( 3.097720492815729039E-15, -1.000000000000000000, -3.097720492815729138E-16 ) ) ;
#4412 = EDGE_CURVE ( 'NONE', #3449, #5435, #195, .T. ) ;
#4413 = ORIENTED_EDGE ( 'NONE', *, *, #2333, .F. ) ;
#4414 = DIRECTION ( 'NONE',  ( 0.000000000000000000, -1.000000000000000000, 0.000000000000000000 ) ) ;
#4415 = ORIENTED_EDGE ( 'NONE', *, *, #508, .T. ) ;
#4416 = VERTEX_POINT ( 'NONE', #4609 ) ;
#4417 = DIRECTION ( 'NONE',  ( 0.000000000000000000, 0.000000000000000000, 1.000000000000000000 ) ) ;
#4418 = DIRECTION ( 'NONE',  ( -0.000000000000000000, -2.710505431213754182E-16, 1.000000000000000000 ) ) ;
#4419 = PLANE ( 'NONE',  #1570 ) ;
#4420 = DIRECTION ( 'NONE',  ( 0.000000000000000000, 1.000000000000000000, -3.097720492815731110E-16 ) ) ;
#4421 = ORIENTED_EDGE ( 'NONE', *, *, #88, .T. ) ;
#4422 = DIRECTION ( 'NONE',  ( -0.000000000000000000, 0.000000000000000000, 1.000000000000000000 ) ) ;
#4423 = CARTESIAN_POINT ( 'NONE',  ( -2.800000000000003375, 0.2149999999999997469, 0.9250000000000002665 ) ) ;
#4424 = ORIENTED_EDGE ( 'NONE', *, *, #1904, .T. ) ;
#4425 = DIRECTION ( 'NONE',  ( 0.000000000000000000, -0.000000000000000000, 1.000000000000000000 ) ) ;
#4426 = CARTESIAN_POINT ( 'NONE',  ( -2.974999999999999645, 1.100000000000000089, 0.9499999999999997335 ) ) ;
#4427 = ORIENTED_EDGE ( 'NONE', *, *, #4172, .T. ) ;
#4428 = ORIENTED_EDGE ( 'NONE', *, *, #192, .F. ) ;
#4429 = DIRECTION ( 'NONE',  ( -0.000000000000000000, 1.000000000000000000, -0.000000000000000000 ) ) ;
#4430 = EDGE_LOOP ( 'NONE', ( #1280, #4734, #710, #2254 ) ) ;
#4431 =( NAMED_UNIT ( * ) PLANE_ANGLE_UNIT ( ) SI_UNIT ( $, .RADIAN. ) );
#4432 = CARTESIAN_POINT ( 'NONE',  ( -2.800000000000003375, 0.1999999999999999833, -0.9250000000000000444 ) ) ;
#4433 = ORIENTED_EDGE ( 'NONE', *, *, #4708, .T. ) ;
#4434 = EDGE_CURVE ( 'NONE', #4266, #810, #3703, .T. ) ;
#4435 = PLANE ( 'NONE',  #2740 ) ;
#4436 = ORIENTED_EDGE ( 'NONE', *, *, #5061, .T. ) ;
#4437 = ORIENTED_EDGE ( 'NONE', *, *, #2143, .T. ) ;
#4438 = FACE_OUTER_BOUND ( 'NONE', #5086, .T. ) ;
#4439 = PLANE ( 'NONE',  #4404 ) ;
#4440 = CARTESIAN_POINT ( 'NONE',  ( 4.000000000000003553, 0.1500000000000003830, -1.374999999999999556 ) ) ;
#4441 = DIRECTION ( 'NONE',  ( -1.807003620809173892E-16, 1.000000000000000000, 1.204669080539450330E-16 ) ) ;
#4442 = ADVANCED_FACE ( 'NONE', ( #173 ), #1125, .F. ) ;
#4443 = ORIENTED_EDGE ( 'NONE', *, *, #1612, .T. ) ;
#4444 = CARTESIAN_POINT ( 'NONE',  ( 1.449999999999999956, 0.4000000000000000222, 1.399999999999999689 ) ) ;
#4445 = CARTESIAN_POINT ( 'NONE',  ( 2.950000000000003286, 0.3000000000000002665, -0.8400000000000000799 ) ) ;
#4446 = ORIENTED_EDGE ( 'NONE', *, *, #777, .T. ) ;
#4447 = EDGE_CURVE ( 'NONE', #3607, #2344, #2367, .T. ) ;
#4448 = DIRECTION ( 'NONE',  ( 1.000000000000000000, 0.000000000000000000, 0.000000000000000000 ) ) ;
#4449 = DIRECTION ( 'NONE',  ( 1.000000000000000000, 3.304235192336774723E-15, 0.000000000000000000 ) ) ;
#4450 = SURFACE_STYLE_FILL_AREA ( #4006 ) ;
#4451 = LINE ( 'NONE', #1089, #1759 ) ;
#4452 = VERTEX_POINT ( 'NONE', #3672 ) ;
#4453 = EDGE_LOOP ( 'NONE', ( #4157, #5336, #722, #2994 ) ) ;
#4454 = CARTESIAN_POINT ( 'NONE',  ( -1.550000000000000266, 0.4000000000000000222, 1.300000000000000044 ) ) ;
#4455 = AXIS2_PLACEMENT_3D ( 'NONE', #3065, #3406, #5137 ) ;
#4456 = ORIENTED_EDGE ( 'NONE', *, *, #4765, .T. ) ;
#4457 = EDGE_CURVE ( 'NONE', #3750, #3385, #3728, .T. ) ;
#4458 = CARTESIAN_POINT ( 'NONE',  ( 2.800000000000003375, 0.2149999999999996358, -0.9250000000000002665 ) ) ;
#4459 = CIRCLE ( 'NONE', #313, 0.1499999999999999667 ) ;
#4460 = VERTEX_POINT ( 'NONE', #2796 ) ;
#4461 = CARTESIAN_POINT ( 'NONE',  ( 2.800000000000001155, 0.9000000000000002442, 0.9499999999999997335 ) ) ;
#4462 = EDGE_LOOP ( 'NONE', ( #4584, #646, #2291, #1182, #2181 ) ) ;
#4463 = ORIENTED_EDGE ( 'NONE', *, *, #3866, .T. ) ;
#4464 = DIRECTION ( 'NONE',  ( 0.000000000000000000, 0.000000000000000000, -1.000000000000000000 ) ) ;
#4465 = VECTOR ( 'NONE', #521, 1000.000000000000000 ) ;
#4466 = DIRECTION ( 'NONE',  ( -2.176841390411645246E-32, -1.204669080539450330E-16, 1.000000000000000000 ) ) ;
#4467 = DIRECTION ( 'NONE',  ( 0.000000000000000000, 0.000000000000000000, 1.000000000000000000 ) ) ;
#4468 = VECTOR ( 'NONE', #290, 1000.000000000000000 ) ;
#4469 = FACE_OUTER_BOUND ( 'NONE', #1982, .T. ) ;
#4470 = ORIENTED_EDGE ( 'NONE', *, *, #5401, .F. ) ;
#4471 = DIRECTION ( 'NONE',  ( 0.000000000000000000, 0.000000000000000000, -1.000000000000000000 ) ) ;
#4472 = CARTESIAN_POINT ( 'NONE',  ( 2.950000000000003286, 7.115076756936122848E-16, 1.374999999999999556 ) ) ;
#4473 = VECTOR ( 'NONE', #3842, 1000.000000000000000 ) ;
#4474 = LINE ( 'NONE', #1466, #5226 ) ;
#4475 = EDGE_CURVE ( 'NONE', #4046, #4238, #4284, .T. ) ;
#4476 = ADVANCED_FACE ( 'NONE', ( #3638 ), #3018, .T. ) ;
#4477 = FACE_OUTER_BOUND ( 'NONE', #4360, .T. ) ;
#4478 = DIRECTION ( 'NONE',  ( -1.000000000000000000, -0.000000000000000000, 0.000000000000000000 ) ) ;
#4479 = DIRECTION ( 'NONE',  ( 0.000000000000000000, -0.000000000000000000, -1.000000000000000000 ) ) ;
#4480 = ORIENTED_EDGE ( 'NONE', *, *, #5223, .F. ) ;
#4481 = AXIS2_PLACEMENT_3D ( 'NONE', #3567, #5293, #1459 ) ;
#4482 = COLOUR_RGB ( '',0.2509803921568627416, 0.2509803921568627416, 0.2509803921568627416 ) ;
#4483 = EDGE_CURVE ( 'NONE', #681, #2699, #3251, .T. ) ;
#4484 = ORIENTED_EDGE ( 'NONE', *, *, #37, .F. ) ;
#4485 = CARTESIAN_POINT ( 'NONE',  ( -1.500000000000000000, 0.000000000000000000, -0.3750000000000001665 ) ) ;
#4486 = AXIS2_PLACEMENT_3D ( 'NONE', #267, #1985, #3713 ) ;
#4487 = VECTOR ( 'NONE', #394, 1000.000000000000000 ) ;
#4488 = ORIENTED_EDGE ( 'NONE', *, *, #5160, .F. ) ;
#4489 = DIRECTION ( 'NONE',  ( -0.000000000000000000, 0.000000000000000000, 1.000000000000000000 ) ) ;
#4490 = VECTOR ( 'NONE', #2595, 1000.000000000000000 ) ;
#4491 = AXIS2_PLACEMENT_3D ( 'NONE', #2591, #4849, #3177 ) ;
#4492 = ORIENTED_EDGE ( 'NONE', *, *, #2549, .T. ) ;
#4493 = DIRECTION ( 'NONE',  ( 1.000000000000000000, 3.304235192336774723E-15, 0.000000000000000000 ) ) ;
#4494 = ORIENTED_EDGE ( 'NONE', *, *, #3495, .T. ) ;
#4495 = VERTEX_POINT ( 'NONE', #2823 ) ;
#4496 = EDGE_CURVE ( 'NONE', #4772, #1773, #4547, .T. ) ;
#4497 = CIRCLE ( 'NONE', #2054, 0.08500000000000011713 ) ;
#4498 = FACE_OUTER_BOUND ( 'NONE', #1823, .T. ) ;
#4499 = DIRECTION ( 'NONE',  ( 0.000000000000000000, -1.000000000000000000, 0.000000000000000000 ) ) ;
#4500 = CARTESIAN_POINT ( 'NONE',  ( -2.950000000000003286, 0.3000000000000002665, -0.9499999999999997335 ) ) ;
#4501 = DIRECTION ( 'NONE',  ( -0.000000000000000000, 0.000000000000000000, 1.000000000000000000 ) ) ;
#4502 = ORIENTED_EDGE ( 'NONE', *, *, #4378, .T. ) ;
#4503 = DIRECTION ( 'NONE',  ( 0.000000000000000000, 0.000000000000000000, -1.000000000000000000 ) ) ;
#4504 = LINE ( 'NONE', #4083, #1850 ) ;
#4505 = CARTESIAN_POINT ( 'NONE',  ( -2.800000000000001155, 0.8999999999999991340, -1.375000000000000222 ) ) ;
#4506 = CARTESIAN_POINT ( 'NONE',  ( 1.449999999999999956, 0.4000000000000000222, 1.300000000000000044 ) ) ;
#4507 = DIRECTION ( 'NONE',  ( 0.000000000000000000, -1.000000000000000000, -0.000000000000000000 ) ) ;
#4508 = EDGE_CURVE ( 'NONE', #4873, #1775, #5491, .T. ) ;
#4509 = DIRECTION ( 'NONE',  ( 1.000000000000000000, 0.000000000000000000, -0.000000000000000000 ) ) ;
#4510 = DIRECTION ( 'NONE',  ( 1.000000000000000000, 0.000000000000000000, 6.944994767471928987E-47 ) ) ;
#4511 = ORIENTED_EDGE ( 'NONE', *, *, #4797, .T. ) ;
#4512 = ORIENTED_EDGE ( 'NONE', *, *, #109, .F. ) ;
#4513 = DIRECTION ( 'NONE',  ( -0.000000000000000000, 1.000000000000000000, 0.000000000000000000 ) ) ;
#4514 = EDGE_CURVE ( 'NONE', #4715, #4416, #4636, .T. ) ;
#4515 = VERTEX_POINT ( 'NONE', #4184 ) ;
#4516 = CARTESIAN_POINT ( 'NONE',  ( -2.025000000000000355, 0.1499999999999999944, -1.399999999999999689 ) ) ;
#4517 = ADVANCED_FACE ( 'NONE', ( #5066 ), #1184, .T. ) ;
#4518 = ORIENTED_EDGE ( 'NONE', *, *, #985, .F. ) ;
#4519 = DIRECTION ( 'NONE',  ( 1.000000000000000000, 3.304235192336774723E-15, 0.000000000000000000 ) ) ;
#4520 = CARTESIAN_POINT ( 'NONE',  ( -3.000000000000003109, 0.2000000000000006495, 1.374999999999999556 ) ) ;
#4521 = ORIENTED_EDGE ( 'NONE', *, *, #3977, .T. ) ;
#4522 = FACE_OUTER_BOUND ( 'NONE', #3829, .T. ) ;
#4523 = DIRECTION ( 'NONE',  ( 0.000000000000000000, 1.000000000000000000, -1.204669080539449837E-16 ) ) ;
#4524 = DIRECTION ( 'NONE',  ( -1.000000000000000000, 1.807003620809174139E-16, 0.000000000000000000 ) ) ;
#4525 = DIRECTION ( 'NONE',  ( -1.000000000000000000, 0.000000000000000000, 0.000000000000000000 ) ) ;
#4526 = DIRECTION ( 'NONE',  ( 0.000000000000000000, -1.530638361156005111E-15, 1.000000000000000000 ) ) ;
#4527 = ORIENTED_EDGE ( 'NONE', *, *, #2996, .F. ) ;
#4528 = LINE ( 'NONE', #653, #2297 ) ;
#4529 = DIRECTION ( 'NONE',  ( 0.000000000000000000, 9.035018104045866996E-17, -1.000000000000000000 ) ) ;
#4530 = DIRECTION ( 'NONE',  ( 0.000000000000000000, 0.000000000000000000, -1.000000000000000000 ) ) ;
#4531 = EDGE_CURVE ( 'NONE', #4405, #4996, #94, .T. ) ;
#4532 = CARTESIAN_POINT ( 'NONE',  ( -2.425000000000000266, 0.1499999999999999944, -1.399999999999999689 ) ) ;
#4533 = DIRECTION ( 'NONE',  ( -3.304235192336774723E-15, 1.000000000000000000, 0.000000000000000000 ) ) ;
#4534 = DIRECTION ( 'NONE',  ( -5.102127870520017432E-15, 1.000000000000000000, 0.000000000000000000 ) ) ;
#4535 = CARTESIAN_POINT ( 'NONE',  ( -4.000000000000003553, 0.1500000000000004108, -1.074999999999999734 ) ) ;
#4536 = VERTEX_POINT ( 'NONE', #5368 ) ;
#4537 = UNCERTAINTY_MEASURE_WITH_UNIT (LENGTH_MEASURE( 1.000000000000000082E-05 ), #2648, 'distance_accuracy_value', 'NONE');
#4538 = ORIENTED_EDGE ( 'NONE', *, *, #3795, .T. ) ;
#4539 = CARTESIAN_POINT ( 'NONE',  ( 0.000000000000000000, 0.000000000000000000, 0.000000000000000000 ) ) ;
#4540 = ORIENTED_EDGE ( 'NONE', *, *, #4514, .T. ) ;
#4541 = DIRECTION ( 'NONE',  ( -1.000000000000000000, 0.000000000000000000, 0.000000000000000000 ) ) ;
#4542 = VERTEX_POINT ( 'NONE', #2236 ) ;
#4543 = VECTOR ( 'NONE', #2635, 1000.000000000000000 ) ;
#4544 = CARTESIAN_POINT ( 'NONE',  ( -2.799999999999999822, 1.475000000000000089, 0.9499999999999997335 ) ) ;
#4545 = ADVANCED_FACE ( 'NONE', ( #516 ), #2201, .F. ) ;
#4546 = EDGE_CURVE ( 'NONE', #2945, #3923, #3114, .T. ) ;
#4547 = LINE ( 'NONE', #2428, #581 ) ;
#4548 = ORIENTED_EDGE ( 'NONE', *, *, #137, .F. ) ;
#4549 = ORIENTED_EDGE ( 'NONE', *, *, #5253, .T. ) ;
#4550 = CARTESIAN_POINT ( 'NONE',  ( -2.013518320330218787E-16, 0.1500000000000014100, 1.807003620809192751E-17 ) ) ;
#4551 = DIRECTION ( 'NONE',  ( 1.807003620809174139E-16, 1.000000000000000000, 1.204669080539450330E-16 ) ) ;
#4552 = CIRCLE ( 'NONE', #3832, 0.09000000000000023259 ) ;
#4553 = DIRECTION ( 'NONE',  ( 1.000000000000000000, 3.304235192336774723E-15, -0.000000000000000000 ) ) ;
#4554 = EDGE_CURVE ( 'NONE', #1074, #3437, #4459, .T. ) ;
#4555 = CIRCLE ( 'NONE', #3931, 0.2000000000000000944 ) ;
#4556 = CARTESIAN_POINT ( 'NONE',  ( -2.024999999999999911, 0.1499999999999999944, -2.399999999999999911 ) ) ;
#4557 = ORIENTED_EDGE ( 'NONE', *, *, #194, .T. ) ;
#4558 = CARTESIAN_POINT ( 'NONE',  ( -2.800000000000000266, 1.300000000000000266, 0.9499999999999998446 ) ) ;
#4559 = DIRECTION ( 'NONE',  ( 1.000000000000000000, 3.304235192336774723E-15, 0.000000000000000000 ) ) ;
#4560 = DIRECTION ( 'NONE',  ( -1.807003620809173892E-16, -1.000000000000000000, 1.204669080539450330E-16 ) ) ;
#4561 = LINE ( 'NONE', #3775, #1065 ) ;
#4562 = AXIS2_PLACEMENT_3D ( 'NONE', #1082, #5441, #2806 ) ;
#4563 = EDGE_CURVE ( 'NONE', #984, #2554, #3482, .T. ) ;
#4564 = DIRECTION ( 'NONE',  ( 1.000000000000000000, 0.000000000000000000, 0.000000000000000000 ) ) ;
#4565 =( NAMED_UNIT ( * ) PLANE_ANGLE_UNIT ( ) SI_UNIT ( $, .RADIAN. ) );
#4566 = AXIS2_PLACEMENT_3D ( 'NONE', #5292, #2231, #5242 ) ;
#4567 = DIRECTION ( 'NONE',  ( 1.000000000000000000, 3.304235192336774723E-15, -1.933454084111747322E-32 ) ) ;
#4568 = ORIENTED_EDGE ( 'NONE', *, *, #5058, .F. ) ;
#4569 = EDGE_CURVE ( 'NONE', #491, #753, #1030, .T. ) ;
#4570 = VECTOR ( 'NONE', #2444, 1000.000000000000000 ) ;
#4571 = ORIENTED_EDGE ( 'NONE', *, *, #5061, .F. ) ;
#4572 = PLANE ( 'NONE',  #1415 ) ;
#4573 = ORIENTED_EDGE ( 'NONE', *, *, #52, .F. ) ;
#4574 = VECTOR ( 'NONE', #623, 1000.000000000000000 ) ;
#4575 = AXIS2_PLACEMENT_3D ( 'NONE', #403, #1668, #3400 ) ;
#4576 = FACE_OUTER_BOUND ( 'NONE', #2536, .T. ) ;
#4577 = AXIS2_PLACEMENT_3D ( 'NONE', #2834, #4084, #2896 ) ;
#4578 = ORIENTED_EDGE ( 'NONE', *, *, #4434, .F. ) ;
#4579 = VECTOR ( 'NONE', #5306, 1000.000000000000000 ) ;
#4580 = DIRECTION ( 'NONE',  ( 0.000000000000000000, 0.000000000000000000, 1.000000000000000000 ) ) ;
#4581 = DIRECTION ( 'NONE',  ( 0.000000000000000000, 0.000000000000000000, -1.000000000000000000 ) ) ;
#4582 = ADVANCED_FACE ( 'NONE', ( #1810 ), #1751, .T. ) ;
#4583 = EDGE_LOOP ( 'NONE', ( #1159, #3189, #4674, #936, #5235, #364, #305, #3833 ) ) ;
#4584 = ORIENTED_EDGE ( 'NONE', *, *, #884, .T. ) ;
#4585 = CARTESIAN_POINT ( 'NONE',  ( 0.2000000000000000666, 1.200000000000000178, 2.699999999999999734 ) ) ;
#4586 = AXIS2_PLACEMENT_3D ( 'NONE', #4974, #2817, #663 ) ;
#4587 = DIRECTION ( 'NONE',  ( 0.000000000000000000, -0.000000000000000000, 1.000000000000000000 ) ) ;
#4588 = VECTOR ( 'NONE', #4541, 1000.000000000000000 ) ;
#4589 = DIRECTION ( 'NONE',  ( 0.000000000000000000, 0.000000000000000000, -1.000000000000000000 ) ) ;
#4590 = EDGE_CURVE ( 'NONE', #3417, #844, #4790, .T. ) ;
#4591 = AXIS2_PLACEMENT_3D ( 'NONE', #4031, #4507, #2749 ) ;
#4592 = DIRECTION ( 'NONE',  ( 1.000000000000000000, 3.304235192336774329E-15, -0.000000000000000000 ) ) ;
#4593 = EDGE_LOOP ( 'NONE', ( #1485, #2023, #4637, #2179 ) ) ;
#4594 = CARTESIAN_POINT ( 'NONE',  ( 0.2000000000000000944, 1.250000000000000000, 1.300000000000000044 ) ) ;
#4595 = CARTESIAN_POINT ( 'NONE',  ( -3.850000000000003642, 6.091108038477584090E-16, 0.9249999999999998224 ) ) ;
#4596 = EDGE_CURVE ( 'NONE', #2945, #5166, #1517, .T. ) ;
#4597 = LINE ( 'NONE', #5469, #4307 ) ;
#4598 = CARTESIAN_POINT ( 'NONE',  ( 0.9749999999999999778, 0.1500000000000000222, -1.399999999999999689 ) ) ;
#4599 = FACE_OUTER_BOUND ( 'NONE', #2461, .T. ) ;
#4600 = PLANE ( 'NONE',  #5213 ) ;
#4601 = CARTESIAN_POINT ( 'NONE',  ( 1.449999999999999956, 1.200000000000000178, 2.699999999999999734 ) ) ;
#4602 = ORIENTED_EDGE ( 'NONE', *, *, #1550, .F. ) ;
#4603 = EDGE_LOOP ( 'NONE', ( #5003, #2006, #4818, #258 ) ) ;
#4604 = CARTESIAN_POINT ( 'NONE',  ( 2.974999999999999645, 0.9000000000000002442, 1.389999999999999680 ) ) ;
#4605 = ORIENTED_EDGE ( 'NONE', *, *, #5587, .F. ) ;
#4606 = DIRECTION ( 'NONE',  ( 0.000000000000000000, 1.530638361156005111E-15, 1.000000000000000000 ) ) ;
#4607 = ORIENTED_EDGE ( 'NONE', *, *, #1365, .F. ) ;
#4608 = LINE ( 'NONE', #4210, #2842 ) ;
#4609 = CARTESIAN_POINT ( 'NONE',  ( 2.950000000000000178, 1.200000000000000844, -0.9499999999999995115 ) ) ;
#4610 = ORIENTED_EDGE ( 'NONE', *, *, #316, .T. ) ;
#4611 = CARTESIAN_POINT ( 'NONE',  ( 2.550000000000000266, 1.350000000000000089, -1.389999999999999680 ) ) ;
#4612 = LINE ( 'NONE', #3342, #2336 ) ;
#4613 = PLANE ( 'NONE',  #2585 ) ;
#4614 = LINE ( 'NONE', #3733, #1234 ) ;
#4615 = CARTESIAN_POINT ( 'NONE',  ( 2.074999999999999734, 0.000000000000000000, -1.399999999999999689 ) ) ;
#4616 = EDGE_LOOP ( 'NONE', ( #412, #5409, #3106, #807 ) ) ;
#4617 = CARTESIAN_POINT ( 'NONE',  ( 3.000000000000003553, 0.2000000000000005940, -0.9249999999999998224 ) ) ;
#4618 = DIRECTION ( 'NONE',  ( 0.000000000000000000, -1.000000000000000000, 0.000000000000000000 ) ) ;
#4619 = CARTESIAN_POINT ( 'NONE',  ( 2.750000000000000444, 1.499999999999999556, 0.9499999999999997335 ) ) ;
#4620 = DIRECTION ( 'NONE',  ( 1.000000000000000000, 0.000000000000000000, 0.000000000000000000 ) ) ;
#4621 = MANIFOLD_SOLID_BREP ( 'Fillet2', #2487 ) ;
#4622 = EDGE_CURVE ( 'NONE', #2765, #213, #4387, .T. ) ;
#4623 = CARTESIAN_POINT ( 'NONE',  ( 2.550000000000000266, 1.475000000000000089, 0.9499999999999997335 ) ) ;
#4624 = FILL_AREA_STYLE_COLOUR ( '', #4482 ) ;
#4625 = ADVANCED_FACE ( 'NONE', ( #965 ), #4419, .F. ) ;
#4626 = DIRECTION ( 'NONE',  ( 1.000000000000000000, 3.304235192336774329E-15, -0.000000000000000000 ) ) ;
#4627 = ORIENTED_EDGE ( 'NONE', *, *, #5383, .T. ) ;
#4628 = ADVANCED_FACE ( 'NONE', ( #220 ), #1937, .F. ) ;
#4629 = VERTEX_POINT ( 'NONE', #787 ) ;
#4630 = PLANE ( 'NONE',  #2319 ) ;
#4631 = ORIENTED_EDGE ( 'NONE', *, *, #2192, .T. ) ;
#4632 = FACE_OUTER_BOUND ( 'NONE', #3862, .T. ) ;
#4633 = ORIENTED_EDGE ( 'NONE', *, *, #3134, .F. ) ;
#4634 = CARTESIAN_POINT ( 'NONE',  ( -2.974999999999999645, 0.9000000000000000222, 0.9499999999999997335 ) ) ;
#4635 = EDGE_CURVE ( 'NONE', #5343, #1205, #3303, .T. ) ;
#4636 = LINE ( 'NONE', #3339, #2387 ) ;
#4637 = ORIENTED_EDGE ( 'NONE', *, *, #1568, .F. ) ;
#4638 = LINE ( 'NONE', #3424, #1164 ) ;
#4639 = EDGE_CURVE ( 'NONE', #1094, #731, #2568, .T. ) ;
#4640 = DIRECTION ( 'NONE',  ( -1.000000000000000000, -1.807003620809174385E-16, 0.000000000000000000 ) ) ;
#4641 = FACE_OUTER_BOUND ( 'NONE', #468, .T. ) ;
#4642 = CARTESIAN_POINT ( 'NONE',  ( -2.750000000000000444, 1.350000000000000089, 0.000000000000000000 ) ) ;
#4643 = EDGE_LOOP ( 'NONE', ( #1049, #2969, #2960, #2762, #1152, #1639 ) ) ;
#4644 = LINE ( 'NONE', #3798, #2392 ) ;
#4645 = AXIS2_PLACEMENT_3D ( 'NONE', #1726, #3034, #4764 ) ;
#4646 = CARTESIAN_POINT ( 'NONE',  ( 2.799999999999999822, 0.9000000000000002442, 0.9499999999999997335 ) ) ;
#4647 = DIRECTION ( 'NONE',  ( -1.000000000000000000, 0.000000000000000000, 0.000000000000000000 ) ) ;
#4648 = DIRECTION ( 'NONE',  ( 0.000000000000000000, 0.000000000000000000, 1.000000000000000000 ) ) ;
#4649 = VECTOR ( 'NONE', #2627, 1000.000000000000000 ) ;
#4650 = FACE_OUTER_BOUND ( 'NONE', #3737, .T. ) ;
#4651 = LINE ( 'NONE', #3376, #3767 ) ;
#4652 = EDGE_CURVE ( 'NONE', #213, #2854, #4287, .T. ) ;
#4653 = LINE ( 'NONE', #5508, #1313 ) ;
#4654 = ORIENTED_EDGE ( 'NONE', *, *, #378, .F. ) ;
#4655 = AXIS2_PLACEMENT_3D ( 'NONE', #1463, #5467, #3683 ) ;
#4656 = EDGE_CURVE ( 'NONE', #2629, #3923, #1605, .T. ) ;
#4657 = VERTEX_POINT ( 'NONE', #2079 ) ;
#4658 = CARTESIAN_POINT ( 'NONE',  ( -3.000000000000003109, 0.2000000000000006495, 1.374999999999999556 ) ) ;
#4659 = ORIENTED_EDGE ( 'NONE', *, *, #229, .F. ) ;
#4660 = EDGE_CURVE ( 'NONE', #1546, #4266, #4608, .T. ) ;
#4661 = PLANE ( 'NONE',  #3045 ) ;
#4662 = VECTOR ( 'NONE', #3242, 1000.000000000000000 ) ;
#4663 = ORIENTED_EDGE ( 'NONE', *, *, #2696, .T. ) ;
#4664 = CARTESIAN_POINT ( 'NONE',  ( 4.000000000000003553, 0.1500000000000004108, -1.224999999999999423 ) ) ;
#4665 = VECTOR ( 'NONE', #438, 1000.000000000000000 ) ;
#4666 = DIRECTION ( 'NONE',  ( 1.000000000000000000, 3.304235192336774329E-15, -0.000000000000000000 ) ) ;
#4667 = CARTESIAN_POINT ( 'NONE',  ( -3.850000000000003642, 4.526359627974307669E-16, -1.224999999999999423 ) ) ;
#4668 = CARTESIAN_POINT ( 'NONE',  ( 1.399999999999999911, 1.250000000000000000, 1.300000000000000044 ) ) ;
#4669 = LINE ( 'NONE', #2914, #5211 ) ;
#4670 = AXIS2_PLACEMENT_3D ( 'NONE', #2577, #4729, #1670 ) ;
#4671 = VECTOR ( 'NONE', #286, 1000.000000000000114 ) ;
#4672 = ADVANCED_FACE ( 'NONE', ( #2909 ), #2850, .T. ) ;
#4673 = DIRECTION ( 'NONE',  ( -0.000000000000000000, -1.000000000000000000, 0.000000000000000000 ) ) ;
#4674 = ORIENTED_EDGE ( 'NONE', *, *, #3096, .F. ) ;
#4675 = AXIS2_PLACEMENT_3D ( 'NONE', #905, #3087, #993 ) ;
#4676 = CARTESIAN_POINT ( 'NONE',  ( -1.550000000000000266, 1.250000000000000000, 1.300000000000000044 ) ) ;
#4677 = VECTOR ( 'NONE', #8, 1000.000000000000000 ) ;
#4678 = FACE_BOUND ( 'NONE', #2397, .T. ) ;
#4679 = DIRECTION ( 'NONE',  ( 1.000000000000000000, -1.807003620809173892E-16, -1.032573497605242101E-16 ) ) ;
#4680 = CARTESIAN_POINT ( 'NONE',  ( 2.950000000000003286, 0.2150000000000002465, 0.9250000000000002665 ) ) ;
#4681 = AXIS2_PLACEMENT_3D ( 'NONE', #4658, #4237, #301 ) ;
#4682 = AXIS2_PLACEMENT_3D ( 'NONE', #4029, #4425, #1024 ) ;
#4683 = CARTESIAN_POINT ( 'NONE',  ( 2.550000000000000266, 1.350000000000000089, 1.389999999999999680 ) ) ;
#4684 = DIRECTION ( 'NONE',  ( -5.102127870520017432E-15, 1.000000000000000000, 0.000000000000000000 ) ) ;
#4685 = VERTEX_POINT ( 'NONE', #4664 ) ;
#4686 = VECTOR ( 'NONE', #2270, 1000.000000000000000 ) ;
#4687 = ORIENTED_EDGE ( 'NONE', *, *, #4899, .F. ) ;
#4688 = DIRECTION ( 'NONE',  ( -0.000000000000000000, -1.000000000000000000, -0.000000000000000000 ) ) ;
#4689 = EDGE_LOOP ( 'NONE', ( #1376, #81, #3296, #1849 ) ) ;
#4690 = FACE_OUTER_BOUND ( 'NONE', #5346, .T. ) ;
#4691 = TOROIDAL_SURFACE ( 'NONE', #2608, 0.1750000000000001554, 0.2000000000000000111 ) ;
#4692 = ORIENTED_EDGE ( 'NONE', *, *, #624, .T. ) ;
#4693 = DIRECTION ( 'NONE',  ( -1.000000000000000000, 0.000000000000000000, 0.000000000000000000 ) ) ;
#4694 = EDGE_CURVE ( 'NONE', #4915, #3769, #1839, .T. ) ;
#4695 = CARTESIAN_POINT ( 'NONE',  ( 2.799999999999999822, 0.000000000000000000, 1.399999999999999689 ) ) ;
#4696 = DIRECTION ( 'NONE',  ( 0.000000000000000000, -0.000000000000000000, 1.000000000000000000 ) ) ;
#4697 = EDGE_CURVE ( 'NONE', #1516, #3008, #5037, .T. ) ;
#4698 = FACE_OUTER_BOUND ( 'NONE', #4131, .T. ) ;
#4699 = CYLINDRICAL_SURFACE ( 'NONE', #2677, 0.3749999999999998890 ) ;
#4700 = CARTESIAN_POINT ( 'NONE',  ( 0.1500000000000000777, 1.200000000000000178, 1.300000000000000044 ) ) ;
#4701 = ORIENTED_EDGE ( 'NONE', *, *, #2184, .F. ) ;
#4702 = LINE ( 'NONE', #823, #5112 ) ;
#4703 = DIRECTION ( 'NONE',  ( 1.000000000000000000, 0.000000000000000000, 0.000000000000000000 ) ) ;
#4704 =( LENGTH_UNIT ( ) NAMED_UNIT ( * ) SI_UNIT ( .MILLI., .METRE. ) );
#4705 = DIRECTION ( 'NONE',  ( 0.4228854653311233669, 0.9061831399952655630, 0.000000000000000000 ) ) ;
#4706 = DIRECTION ( 'NONE',  ( 0.000000000000000000, 0.000000000000000000, -1.000000000000000000 ) ) ;
#4707 = EDGE_LOOP ( 'NONE', ( #1388, #5370, #582, #5555 ) ) ;
#4708 = EDGE_CURVE ( 'NONE', #1097, #4460, #3295, .T. ) ;
#4709 = DIRECTION ( 'NONE',  ( -1.000000000000000000, 0.000000000000000000, 0.000000000000000000 ) ) ;
#4710 = ORIENTED_EDGE ( 'NONE', *, *, #4736, .F. ) ;
#4711 = ORIENTED_EDGE ( 'NONE', *, *, #714, .T. ) ;
#4712 = CARTESIAN_POINT ( 'NONE',  ( 2.800000000000004263, 9.184741261198644168E-15, -0.9499999999999998446 ) ) ;
#4713 = ORIENTED_EDGE ( 'NONE', *, *, #1814, .T. ) ;
#4714 = CARTESIAN_POINT ( 'NONE',  ( -3.000000000000003109, 0.2000000000000007605, 0.9249999999999997113 ) ) ;
#4715 = VERTEX_POINT ( 'NONE', #341 ) ;
#4716 = CARTESIAN_POINT ( 'NONE',  ( -2.799999999999999822, 0.9000000000000000222, 0.9499999999999997335 ) ) ;
#4717 = CARTESIAN_POINT ( 'NONE',  ( 0.1500000000000000777, 0.4000000000000000222, 1.399999999999999689 ) ) ;
#4718 = CARTESIAN_POINT ( 'NONE',  ( 2.550000000000000266, 1.475000000000000089, 0.9499999999999997335 ) ) ;
#4719 = DIRECTION ( 'NONE',  ( 0.000000000000000000, -0.000000000000000000, 1.000000000000000000 ) ) ;
#4720 = DIRECTION ( 'NONE',  ( 0.000000000000000000, 0.000000000000000000, -1.000000000000000000 ) ) ;
#4721 = EDGE_CURVE ( 'NONE', #1203, #3523, #2747, .T. ) ;
#4722 = EDGE_CURVE ( 'NONE', #1497, #4725, #1032, .T. ) ;
#4723 = ORIENTED_EDGE ( 'NONE', *, *, #2658, .T. ) ;
#4724 = LINE ( 'NONE', #875, #2650 ) ;
#4725 = VERTEX_POINT ( 'NONE', #307 ) ;
#4726 = DIRECTION ( 'NONE',  ( 1.000000000000000000, -3.304235192336774723E-15, 0.000000000000000000 ) ) ;
#4727 = CARTESIAN_POINT ( 'NONE',  ( -2.800000000000004263, 9.086646778926145772E-15, 0.000000000000000000 ) ) ;
#4728 = ADVANCED_FACE ( 'NONE', ( #2394 ), #3389, .T. ) ;
#4729 = DIRECTION ( 'NONE',  ( 0.000000000000000000, -1.000000000000000000, 0.000000000000000000 ) ) ;
#4730 = AXIS2_PLACEMENT_3D ( 'NONE', #5048, #262, #1981 ) ;
#4731 = DIRECTION ( 'NONE',  ( -0.000000000000000000, -0.000000000000000000, 1.000000000000000000 ) ) ;
#4732 = ORIENTED_EDGE ( 'NONE', *, *, #4878, .T. ) ;
#4733 = CARTESIAN_POINT ( 'NONE',  ( 2.799999999999999822, 1.475000000000000089, -0.9499999999999997335 ) ) ;
#4734 = ORIENTED_EDGE ( 'NONE', *, *, #3734, .F. ) ;
#4735 = CIRCLE ( 'NONE', #1118, 0.05000000000000012768 ) ;
#4736 = EDGE_CURVE ( 'NONE', #3537, #5009, #280, .T. ) ;
#4737 = ORIENTED_EDGE ( 'NONE', *, *, #3408, .F. ) ;
#4738 = CARTESIAN_POINT ( 'NONE',  ( -2.950000000000000622, 0.9899999999999811173, -0.9499999999999999556 ) ) ;
#4739 = EDGE_CURVE ( 'NONE', #3847, #3769, #3362, .T. ) ;
#4740 = AXIS2_PLACEMENT_3D ( 'NONE', #2514, #729, #4580 ) ;
#4741 = ORIENTED_EDGE ( 'NONE', *, *, #747, .T. ) ;
#4742 = DIRECTION ( 'NONE',  ( 0.000000000000000000, 1.000000000000000000, 0.000000000000000000 ) ) ;
#4743 = VECTOR ( 'NONE', #1329, 1000.000000000000000 ) ;
#4744 = EDGE_LOOP ( 'NONE', ( #3359, #5261, #60, #5523, #1261, #695 ) ) ;
#4745 = CARTESIAN_POINT ( 'NONE',  ( 2.950000000000003286, 0.2000000000000004274, -1.375000000000000000 ) ) ;
#4746 = DIRECTION ( 'NONE',  ( -1.000000000000000000, 0.000000000000000000, 0.000000000000000000 ) ) ;
#4747 = FILL_AREA_STYLE_COLOUR ( '', #1428 ) ;
#4748 = VECTOR ( 'NONE', #1560, 1000.000000000000000 ) ;
#4749 = LINE ( 'NONE', #4188, #2224 ) ;
#4750 = LINE ( 'NONE', #3448, #3766 ) ;
#4751 = ORIENTED_EDGE ( 'NONE', *, *, #2555, .F. ) ;
#4752 = AXIS2_PLACEMENT_3D ( 'NONE', #3435, #828, #5165 ) ;
#4753 = ADVANCED_FACE ( 'NONE', ( #1122 ), #1183, .T. ) ;
#4754 = CARTESIAN_POINT ( 'NONE',  ( 1.550000000000000488, 1.250000000000000000, 1.399999999999999689 ) ) ;
#4755 = ORIENTED_EDGE ( 'NONE', *, *, #441, .F. ) ;
#4756 = DIRECTION ( 'NONE',  ( -1.000000000000000000, 1.872461465063584104E-16, 0.000000000000000000 ) ) ;
#4757 = AXIS2_PLACEMENT_3D ( 'NONE', #3193, #483, #3171 ) ;
#4758 = EDGE_CURVE ( 'NONE', #4848, #876, #2427, .T. ) ;
#4759 = SURFACE_SIDE_STYLE ('',( #457 ) ) ;
#4760 = AXIS2_PLACEMENT_3D ( 'NONE', #2812, #1925, #1961 ) ;
#4761 = CARTESIAN_POINT ( 'NONE',  ( -2.974999999999999645, 1.100000000000000089, -0.9499999999999997335 ) ) ;
#4762 = CIRCLE ( 'NONE', #5034, 0.3750000000000001665 ) ;
#4763 = AXIS2_PLACEMENT_3D ( 'NONE', #5341, #5365, #3667 ) ;
#4764 = DIRECTION ( 'NONE',  ( -4.336808689942020891E-15, 1.000000000000000000, 0.000000000000000000 ) ) ;
#4765 = EDGE_CURVE ( 'NONE', #1121, #2785, #2480, .T. ) ;
#4766 = EDGE_LOOP ( 'NONE', ( #3059, #82, #5533, #4889 ) ) ;
#4767 = CYLINDRICAL_SURFACE ( 'NONE', #1142, 0.05000000000000002359 ) ;
#4768 = VERTEX_POINT ( 'NONE', #2937 ) ;
#4769 = ADVANCED_FACE ( 'NONE', ( #910 ), #4059, .F. ) ;
#4770 = CIRCLE ( 'NONE', #2962, 0.1999999999999998723 ) ;
#4771 = AXIS2_PLACEMENT_3D ( 'NONE', #2607, #5583, #2174 ) ;
#4772 = VERTEX_POINT ( 'NONE', #4444 ) ;
#4773 = DIRECTION ( 'NONE',  ( -1.000000000000000000, 3.304235192336774723E-15, 0.000000000000000000 ) ) ;
#4774 = CIRCLE ( 'NONE', #700, 0.2000000000000000111 ) ;
#4775 = ORIENTED_EDGE ( 'NONE', *, *, #3479, .F. ) ;
#4776 = ORIENTED_EDGE ( 'NONE', *, *, #1311, .F. ) ;
#4777 = PLANE ( 'NONE',  #4044 ) ;
#4778 = VECTOR ( 'NONE', #1691, 1000.000000000000000 ) ;
#4779 = DIRECTION ( 'NONE',  ( -1.000000000000000000, 1.807003620809174139E-16, 2.736911063134408342E-48 ) ) ;
#4780 = DIRECTION ( 'NONE',  ( -1.000000000000000000, 0.000000000000000000, 0.000000000000000000 ) ) ;
#4781 = DIRECTION ( 'NONE',  ( 0.000000000000000000, -0.000000000000000000, -1.000000000000000000 ) ) ;
#4782 = CARTESIAN_POINT ( 'NONE',  ( -2.550000000000000266, 1.499999999999999556, -0.9499999999999997335 ) ) ;
#4783 = ORIENTED_EDGE ( 'NONE', *, *, #5332, .F. ) ;
#4784 = DIRECTION ( 'NONE',  ( 1.000000000000000000, -1.807003620809173892E-16, -1.032573497605242101E-16 ) ) ;
#4785 = EDGE_LOOP ( 'NONE', ( #3867, #275, #4408, #1826 ) ) ;
#4786 = ORIENTED_EDGE ( 'NONE', *, *, #4905, .F. ) ;
#4787 = DIRECTION ( 'NONE',  ( 0.000000000000000000, 0.000000000000000000, -1.000000000000000000 ) ) ;
#4788 = CARTESIAN_POINT ( 'NONE',  ( 0.000000000000000000, 0.000000000000000000, 1.300000000000000044 ) ) ;
#4789 = CARTESIAN_POINT ( 'NONE',  ( -2.550000000000000266, 1.499999999999999556, -1.399999999999999689 ) ) ;
#4790 = LINE ( 'NONE', #933, #5103 ) ;
#4791 = CARTESIAN_POINT ( 'NONE',  ( -2.750000000000000444, 1.300000000000000266, 0.9499999999999998446 ) ) ;
#4792 = VERTEX_POINT ( 'NONE', #2204 ) ;
#4793 = LINE ( 'NONE', #1813, #317 ) ;
#4794 = DIRECTION ( 'NONE',  ( 0.000000000000000000, 9.035018104045866996E-17, -1.000000000000000000 ) ) ;
#4795 = EDGE_LOOP ( 'NONE', ( #3883, #5361, #1742, #5410 ) ) ;
#4796 = EDGE_CURVE ( 'NONE', #2653, #2502, #4391, .T. ) ;
#4797 = EDGE_CURVE ( 'NONE', #2905, #606, #2662, .T. ) ;
#4798 = ORIENTED_EDGE ( 'NONE', *, *, #1399, .F. ) ;
#4799 = LINE ( 'NONE', #1707, #882 ) ;
#4800 = ORIENTED_EDGE ( 'NONE', *, *, #4204, .T. ) ;
#4801 = EDGE_CURVE ( 'NONE', #1933, #1856, #4361, .T. ) ;
#4802 = ORIENTED_EDGE ( 'NONE', *, *, #624, .F. ) ;
#4803 = PLANE ( 'NONE',  #2592 ) ;
#4804 = ORIENTED_EDGE ( 'NONE', *, *, #1337, .T. ) ;
#4805 = DIRECTION ( 'NONE',  ( 1.000000000000000000, 3.304235192336774329E-15, -0.000000000000000000 ) ) ;
#4806 = DIRECTION ( 'NONE',  ( -0.7071067811865475727, -0.7071067811865475727, -0.000000000000000000 ) ) ;
#4807 = ADVANCED_FACE ( 'NONE', ( #4026 ), #3486, .T. ) ;
#4808 = ORIENTED_EDGE ( 'NONE', *, *, #1723, .T. ) ;
#4809 = CARTESIAN_POINT ( 'NONE',  ( -2.800000000000000266, 1.200000000000000844, -0.9499999999999997335 ) ) ;
#4810 = ORIENTED_EDGE ( 'NONE', *, *, #2922, .F. ) ;
#4811 = EDGE_LOOP ( 'NONE', ( #3090, #3520, #1327, #28 ) ) ;
#4812 = EDGE_CURVE ( 'NONE', #1761, #4075, #226, .T. ) ;
#4813 = DIRECTION ( 'NONE',  ( 0.000000000000000000, 0.000000000000000000, 1.000000000000000000 ) ) ;
#4814 = PRESENTATION_STYLE_ASSIGNMENT (( #64 ) ) ;
#4815 = CARTESIAN_POINT ( 'NONE',  ( 2.075000000000000178, 0.000000000000000000, -2.399999999999999911 ) ) ;
#4816 =( NAMED_UNIT ( * ) PLANE_ANGLE_UNIT ( ) SI_UNIT ( $, .RADIAN. ) );
#4817 = DIRECTION ( 'NONE',  ( 1.000000000000000000, 0.000000000000000000, 0.000000000000000000 ) ) ;
#4818 = ORIENTED_EDGE ( 'NONE', *, *, #5378, .T. ) ;
#4819 = CARTESIAN_POINT ( 'NONE',  ( 1.500000000000000000, -0.5500000000000001554, 0.000000000000000000 ) ) ;
#4820 = CARTESIAN_POINT ( 'NONE',  ( -1.550000000000000266, 0.4000000000000000222, 1.099999999999999867 ) ) ;
#4821 = VERTEX_POINT ( 'NONE', #5221 ) ;
#4822 = DIRECTION ( 'NONE',  ( 0.000000000000000000, -1.000000000000000000, 0.000000000000000000 ) ) ;
#4823 = ADVANCED_FACE ( 'NONE', ( #2265 ), #937, .F. ) ;
#4824 = ORIENTED_EDGE ( 'NONE', *, *, #3735, .F. ) ;
#4825 = VECTOR ( 'NONE', #148, 1000.000000000000000 ) ;
#4826 = EDGE_CURVE ( 'NONE', #672, #2426, #2478, .T. ) ;
#4827 = ORIENTED_EDGE ( 'NONE', *, *, #4590, .F. ) ;
#4828 = CARTESIAN_POINT ( 'NONE',  ( -2.550000000000000266, 1.499999999999999556, -1.399999999999999689 ) ) ;
#4829 = ORIENTED_EDGE ( 'NONE', *, *, #2857, .F. ) ;
#4830 = CARTESIAN_POINT ( 'NONE',  ( 2.799999999999999378, 1.200000000000000400, -0.7499999999999995559 ) ) ;
#4831 = PRESENTATION_LAYER_ASSIGNMENT (  '', '', ( #2200 ) ) ;
#4832 = ORIENTED_EDGE ( 'NONE', *, *, #470, .F. ) ;
#4833 = VECTOR ( 'NONE', #1191, 1000.000000000000000 ) ;
#4834 = CARTESIAN_POINT ( 'NONE',  ( -2.950000000000003286, 0.2150000000000001354, -0.9250000000000002665 ) ) ;
#4835 = ORIENTED_EDGE ( 'NONE', *, *, #4144, .F. ) ;
#4836 = ORIENTED_EDGE ( 'NONE', *, *, #2363, .T. ) ;
#4837 = CARTESIAN_POINT ( 'NONE',  ( 2.974999999999999645, 1.100000000000000311, -0.9499999999999997335 ) ) ;
#4838 = LINE ( 'NONE', #4815, #3216 ) ;
#4839 = VECTOR ( 'NONE', #210, 1000.000000000000000 ) ;
#4840 = EDGE_CURVE ( 'NONE', #4150, #4011, #597, .T. ) ;
#4841 = CARTESIAN_POINT ( 'NONE',  ( 3.000000000000003553, 0.1500000000000006328, -1.374999999999999556 ) ) ;
#4842 = CARTESIAN_POINT ( 'NONE',  ( -2.550000000000000266, 1.350000000000000089, -0.9499999999999997335 ) ) ;
#4843 = ORIENTED_EDGE ( 'NONE', *, *, #3548, .F. ) ;
#4844 = AXIS2_PLACEMENT_3D ( 'NONE', #4079, #3765, #4525 ) ;
#4845 = LINE ( 'NONE', #1868, #674 ) ;
#4846 = VECTOR ( 'NONE', #1641, 1000.000000000000000 ) ;
#4847 = DIRECTION ( 'NONE',  ( 4.818676322157784950E-15, 1.000000000000000000, 0.000000000000000000 ) ) ;
#4848 = VERTEX_POINT ( 'NONE', #3943 ) ;
#4849 = DIRECTION ( 'NONE',  ( -1.807003620809174139E-16, 1.000000000000000000, -1.204669080539450330E-16 ) ) ;
#4850 = DIRECTION ( 'NONE',  ( -1.000000000000000000, 0.000000000000000000, 0.000000000000000000 ) ) ;
#4851 = FILL_AREA_STYLE ('',( #2722 ) ) ;
#4852 = ORIENTED_EDGE ( 'NONE', *, *, #1088, .F. ) ;
#4853 = VECTOR ( 'NONE', #4647, 1000.000000000000000 ) ;
#4854 = AXIS2_PLACEMENT_3D ( 'NONE', #3272, #2730, #3214 ) ;
#4855 = VECTOR ( 'NONE', #946, 1000.000000000000000 ) ;
#4856 = ORIENTED_EDGE ( 'NONE', *, *, #5150, .T. ) ;
#4857 = DIRECTION ( 'NONE',  ( 0.000000000000000000, 0.000000000000000000, 1.000000000000000000 ) ) ;
#4858 = ORIENTED_EDGE ( 'NONE', *, *, #5315, .T. ) ;
#4859 =( NAMED_UNIT ( * ) PLANE_ANGLE_UNIT ( ) SI_UNIT ( $, .RADIAN. ) );
#4860 = DIRECTION ( 'NONE',  ( -0.4228854653311235889, 0.9061831399952654520, 0.000000000000000000 ) ) ;
#4861 = ADVANCED_FACE ( 'NONE', ( #3999 ), #4897, .F. ) ;
#4862 = AXIS2_PLACEMENT_3D ( 'NONE', #4550, #1888, #3190 ) ;
#4863 = ORIENTED_EDGE ( 'NONE', *, *, #3688, .F. ) ;
#4864 = EDGE_CURVE ( 'NONE', #3357, #3613, #1020, .T. ) ;
#4865 = LINE ( 'NONE', #5320, #5278 ) ;
#4866 = ORIENTED_EDGE ( 'NONE', *, *, #1311, .T. ) ;
#4867 = ORIENTED_EDGE ( 'NONE', *, *, #4894, .T. ) ;
#4868 = CARTESIAN_POINT ( 'NONE',  ( -2.974999999999999645, 1.100000000000000089, -0.9499999999999997335 ) ) ;
#4869 = VECTOR ( 'NONE', #3053, 1000.000000000000000 ) ;
#4870 = LINE ( 'NONE', #962, #68 ) ;
#4871 = CARTESIAN_POINT ( 'NONE',  ( -2.750000000000000444, 1.350000000000000311, -0.9499999999999997335 ) ) ;
#4872 = PLANE ( 'NONE',  #4010 ) ;
#4873 = VERTEX_POINT ( 'NONE', #1389 ) ;
#4874 = CARTESIAN_POINT ( 'NONE',  ( 2.800000000000003375, 0.2000000000000000389, 1.375000000000000000 ) ) ;
#4875 = CARTESIAN_POINT ( 'NONE',  ( 2.750000000000000444, 1.499999999999999556, -0.9499999999999997335 ) ) ;
#4876 = ORIENTED_EDGE ( 'NONE', *, *, #101, .F. ) ;
#4877 = FACE_OUTER_BOUND ( 'NONE', #5561, .T. ) ;
#4878 = EDGE_CURVE ( 'NONE', #4685, #4238, #4793, .T. ) ;
#4879 = CARTESIAN_POINT ( 'NONE',  ( 3.000000000000003553, 0.2000000000000005940, -1.374999999999999556 ) ) ;
#4880 = PLANE ( 'NONE',  #4760 ) ;
#4881 = ORIENTED_EDGE ( 'NONE', *, *, #830, .F. ) ;
#4882 = ORIENTED_EDGE ( 'NONE', *, *, #3918, .T. ) ;
#4883 = DIRECTION ( 'NONE',  ( -5.473822126268816683E-48, -1.204669080539450330E-16, 1.000000000000000000 ) ) ;
#4884 = EDGE_LOOP ( 'NONE', ( #5263, #3245, #639, #3334 ) ) ;
#4885 = CARTESIAN_POINT ( 'NONE',  ( -2.950000000000003286, 0.2000000000000004274, -1.375000000000000000 ) ) ;
#4886 = ORIENTED_EDGE ( 'NONE', *, *, #143, .F. ) ;
#4887 = LINE ( 'NONE', #536, #3465 ) ;
#4888 = ORIENTED_EDGE ( 'NONE', *, *, #4154, .F. ) ;
#4889 = ORIENTED_EDGE ( 'NONE', *, *, #316, .F. ) ;
#4890 = LINE ( 'NONE', #3144, #1221 ) ;
#4891 = FACE_OUTER_BOUND ( 'NONE', #4311, .T. ) ;
#4892 = EDGE_CURVE ( 'NONE', #1546, #3986, #4845, .T. ) ;
#4893 = CARTESIAN_POINT ( 'NONE',  ( -2.800000000000001155, 0.8999999999999998002, -0.9499999999999997335 ) ) ;
#4894 = EDGE_CURVE ( 'NONE', #3500, #2882, #547, .T. ) ;
#4895 = CARTESIAN_POINT ( 'NONE',  ( 2.550000000000000266, 1.350000000000000089, -0.9499999999999997335 ) ) ;
#4896 = EDGE_LOOP ( 'NONE', ( #3511, #2046, #1903, #374 ) ) ;
#4897 = CYLINDRICAL_SURFACE ( 'NONE', #5559, 0.09000000000000023259 ) ;
#4898 = CARTESIAN_POINT ( 'NONE',  ( 3.850000000000003642, 4.887760352136142152E-16, -0.9249999999999998224 ) ) ;
#4899 = EDGE_CURVE ( 'NONE', #12, #2122, #72, .T. ) ;
#4900 = CARTESIAN_POINT ( 'NONE',  ( -2.974999999999999645, 1.100000000000000089, -0.9499999999999997335 ) ) ;
#4901 = CARTESIAN_POINT ( 'NONE',  ( -2.950000000000003286, 0.2150000000000002465, 0.8400000000000000799 ) ) ;
#4902 = CARTESIAN_POINT ( 'NONE',  ( 1.732649100570680790E-16, 1.250597089235015725E-15, 1.374999999999999556 ) ) ;
#4903 = PLANE ( 'NONE',  #4208 ) ;
#4904 = EDGE_LOOP ( 'NONE', ( #2640, #5062, #418, #2880 ) ) ;
#4905 = EDGE_CURVE ( 'NONE', #132, #1121, #3149, .T. ) ;
#4906 = EDGE_CURVE ( 'NONE', #1205, #5241, #1397, .T. ) ;
#4907 = ORIENTED_EDGE ( 'NONE', *, *, #2857, .T. ) ;
#4908 = LINE ( 'NONE', #2335, #5584 ) ;
#4909 = AXIS2_PLACEMENT_3D ( 'NONE', #2944, #3002, #373 ) ;
#4910 = ORIENTED_EDGE ( 'NONE', *, *, #1954, .T. ) ;
#4911 = CARTESIAN_POINT ( 'NONE',  ( 2.950000000000001066, 0.9000000000000006883, 0.9499999999999997335 ) ) ;
#4912 = CIRCLE ( 'NONE', #5012, 0.2000000000000000666 ) ;
#4913 = EDGE_LOOP ( 'NONE', ( #2033, #302, #4737, #1006 ) ) ;
#4914 = DIRECTION ( 'NONE',  ( -0.000000000000000000, -0.000000000000000000, 1.000000000000000000 ) ) ;
#4915 = VERTEX_POINT ( 'NONE', #1495 ) ;
#4916 = ORIENTED_EDGE ( 'NONE', *, *, #5526, .T. ) ;
#4917 = CARTESIAN_POINT ( 'NONE',  ( 2.550000000000000266, 1.499999999999999556, -0.9499999999999997335 ) ) ;
#4918 = FACE_OUTER_BOUND ( 'NONE', #141, .T. ) ;
#4919 = LINE ( 'NONE', #2199, #1405 ) ;
#4920 = EDGE_CURVE ( 'NONE', #1000, #3337, #1475, .T. ) ;
#4921 = AXIS2_PLACEMENT_3D ( 'NONE', #682, #1919, #3285 ) ;
#4922 = DIRECTION ( 'NONE',  ( 4.336808689942017736E-16, 1.094764425253763337E-47, -1.000000000000000000 ) ) ;
#4923 = ORIENTED_EDGE ( 'NONE', *, *, #4154, .T. ) ;
#4924 = CYLINDRICAL_SURFACE ( 'NONE', #3657, 0.05000000000000012768 ) ;
#4925 = EDGE_CURVE ( 'NONE', #569, #319, #495, .T. ) ;
#4926 = CARTESIAN_POINT ( 'NONE',  ( 2.799999999999999822, 1.350000000000000089, 0.9499999999999997335 ) ) ;
#4927 = PLANE ( 'NONE',  #155 ) ;
#4928 = VECTOR ( 'NONE', #817, 1000.000000000000000 ) ;
#4929 = DIRECTION ( 'NONE',  ( -1.000000000000000000, -0.000000000000000000, -0.000000000000000000 ) ) ;
#4930 = EDGE_CURVE ( 'NONE', #18, #4460, #3232, .T. ) ;
#4931 = AXIS2_PLACEMENT_3D ( 'NONE', #1701, #825, #4278 ) ;
#4932 = VECTOR ( 'NONE', #4703, 1000.000000000000000 ) ;
#4933 = DIRECTION ( 'NONE',  ( -1.000000000000000000, 3.304235192336774723E-15, -0.000000000000000000 ) ) ;
#4934 = CARTESIAN_POINT ( 'NONE',  ( 2.800000000000003375, 0.2149999999999996358, -0.8400000000000000799 ) ) ;
#4935 = EDGE_CURVE ( 'NONE', #4996, #2610, #4555, .T. ) ;
#4936 = CARTESIAN_POINT ( 'NONE',  ( -2.975000000000005418, 1.199999999999981304, 0.9499999999999997335 ) ) ;
#4937 = VERTEX_POINT ( 'NONE', #2865 ) ;
#4938 = VECTOR ( 'NONE', #1718, 1000.000000000000000 ) ;
#4939 = VECTOR ( 'NONE', #734, 1000.000000000000000 ) ;
#4940 = ORIENTED_EDGE ( 'NONE', *, *, #4054, .T. ) ;
#4941 = DIRECTION ( 'NONE',  ( 1.000000000000000000, 0.000000000000000000, 0.000000000000000000 ) ) ;
#4942 = CIRCLE ( 'NONE', #3411, 0.04999999999999999584 ) ;
#4943 = AXIS2_PLACEMENT_3D ( 'NONE', #4945, #2847, #3185 ) ;
#4944 = ORIENTED_EDGE ( 'NONE', *, *, #4038, .F. ) ;
#4945 = CARTESIAN_POINT ( 'NONE',  ( -1.500000000000000000, 0.000000000000000000, 0.000000000000000000 ) ) ;
#4946 = AXIS2_PLACEMENT_3D ( 'NONE', #3383, #1682, #3073 ) ;
#4947 = CIRCLE ( 'NONE', #2774, 0.1499999999999999667 ) ;
#4948 = VERTEX_POINT ( 'NONE', #2350 ) ;
#4949 = DIRECTION ( 'NONE',  ( -0.000000000000000000, -0.000000000000000000, -1.000000000000000000 ) ) ;
#4950 = DIRECTION ( 'NONE',  ( 1.000000000000000000, 0.000000000000000000, 0.000000000000000000 ) ) ;
#4951 = VERTEX_POINT ( 'NONE', #4558 ) ;
#4952 = DIRECTION ( 'NONE',  ( -0.000000000000000000, -0.000000000000000000, 1.000000000000000000 ) ) ;
#4953 = AXIS2_PLACEMENT_3D ( 'NONE', #4173, #3327, #294 ) ;
#4954 = CARTESIAN_POINT ( 'NONE',  ( 0.000000000000000000, 1.350000000000000089, 0.000000000000000000 ) ) ;
#4955 = DIRECTION ( 'NONE',  ( -1.807003620809173646E-16, -1.000000000000000000, 1.204669080539449837E-16 ) ) ;
#4956 = CARTESIAN_POINT ( 'NONE',  ( -2.800000000000003375, 0.2149999999999996358, -0.8400000000000000799 ) ) ;
#4957 = LINE ( 'NONE', #1080, #661 ) ;
#4958 = EDGE_LOOP ( 'NONE', ( #4775, #1038, #671, #5230, #3964, #857 ) ) ;
#4959 = AXIS2_PLACEMENT_3D ( 'NONE', #3706, #5372, #621 ) ;
#4960 = LINE ( 'NONE', #1983, #2484 ) ;
#4961 = VERTEX_POINT ( 'NONE', #4594 ) ;
#4962 = CARTESIAN_POINT ( 'NONE',  ( 2.799999999999999822, 1.350000000000000089, 1.399999999999999689 ) ) ;
#4963 = LINE ( 'NONE', #4145, #1595 ) ;
#4964 = CARTESIAN_POINT ( 'NONE',  ( -2.975000000000004974, 1.055172413793084907, 0.8879310344827584522 ) ) ;
#4965 = MECHANICAL_DESIGN_GEOMETRIC_PRESENTATION_REPRESENTATION (  '', ( #983 ), #1615 ) ;
#4966 = LINE ( 'NONE', #769, #1784 ) ;
#4967 = DIRECTION ( 'NONE',  ( -1.000000000000000000, 0.000000000000000000, 0.000000000000000000 ) ) ;
#4968 = LINE ( 'NONE', #4033, #951 ) ;
#4969 = ORIENTED_EDGE ( 'NONE', *, *, #1863, .T. ) ;
#4970 = EDGE_CURVE ( 'NONE', #2830, #4792, #1757, .T. ) ;
#4971 = EDGE_CURVE ( 'NONE', #1614, #1649, #1842, .T. ) ;
#4972 = ADVANCED_FACE ( 'NONE', ( #1136 ), #5354, .F. ) ;
#4973 = ORIENTED_EDGE ( 'NONE', *, *, #3563, .F. ) ;
#4974 = CARTESIAN_POINT ( 'NONE',  ( -1.500000000000000000, 0.000000000000000000, 0.000000000000000000 ) ) ;
#4975 = ORIENTED_EDGE ( 'NONE', *, *, #1458, .T. ) ;
#4976 = EDGE_CURVE ( 'NONE', #2791, #2267, #2007, .T. ) ;
#4977 = CARTESIAN_POINT ( 'NONE',  ( -2.550000000000000266, 1.350000000000000089, 0.000000000000000000 ) ) ;
#4978 = ORIENTED_EDGE ( 'NONE', *, *, #4652, .T. ) ;
#4979 = CARTESIAN_POINT ( 'NONE',  ( 1.500000000000000000, -0.3499999999999999778, 0.000000000000000000 ) ) ;
#4980 = ORIENTED_EDGE ( 'NONE', *, *, #470, .T. ) ;
#4981 = ORIENTED_EDGE ( 'NONE', *, *, #1818, .F. ) ;
#4982 = DIRECTION ( 'NONE',  ( 0.000000000000000000, -1.000000000000000000, 0.000000000000000000 ) ) ;
#4983 = DIRECTION ( 'NONE',  ( -1.872461465063586570E-16, 1.000000000000000000, 1.204669080539449837E-16 ) ) ;
#4984 = DIRECTION ( 'NONE',  ( 0.000000000000000000, 0.000000000000000000, -1.000000000000000000 ) ) ;
#4985 = EDGE_CURVE ( 'NONE', #4352, #1075, #1129, .T. ) ;
#4986 = ADVANCED_FACE ( 'NONE', ( #265 ), #2831, .F. ) ;
#4987 = DIRECTION ( 'NONE',  ( -0.4228854653311235889, 0.9061831399952654520, 0.000000000000000000 ) ) ;
#4988 = ORIENTED_EDGE ( 'NONE', *, *, #3236, .F. ) ;
#4989 = DIRECTION ( 'NONE',  ( -4.336808689942017736E-16, -2.189528850507526673E-47, 1.000000000000000000 ) ) ;
#4990 = DIRECTION ( 'NONE',  ( 0.000000000000000000, 0.000000000000000000, -1.000000000000000000 ) ) ;
#4991 = CARTESIAN_POINT ( 'NONE',  ( -2.800000000000003375, 0.2000000000000000666, -0.9249999999999998224 ) ) ;
#4992 = CARTESIAN_POINT ( 'NONE',  ( -4.000000000000003553, 0.1500000000000004940, 1.374999999999999556 ) ) ;
#4993 = LINE ( 'NONE', #324, #3506 ) ;
#4994 = CARTESIAN_POINT ( 'NONE',  ( -2.974999999999999645, 0.9000000000000000222, 0.9499999999999997335 ) ) ;
#4995 = CARTESIAN_POINT ( 'NONE',  ( -2.799999999999999822, 1.350000000000000089, -1.389999999999999680 ) ) ;
#4996 = VERTEX_POINT ( 'NONE', #1527 ) ;
#4997 = EDGE_CURVE ( 'NONE', #3986, #129, #4960, .T. ) ;
#4998 = ORIENTED_EDGE ( 'NONE', *, *, #625, .T. ) ;
#4999 = LINE ( 'NONE', #3752, #5308 ) ;
#5000 = VERTEX_POINT ( 'NONE', #5050 ) ;
#5001 = ADVANCED_FACE ( 'NONE', ( #1107 ), #3319, .T. ) ;
#5002 = LINE ( 'NONE', #5430, #873 ) ;
#5003 = ORIENTED_EDGE ( 'NONE', *, *, #4508, .F. ) ;
#5004 = VECTOR ( 'NONE', #351, 1000.000000000000000 ) ;
#5005 = DIRECTION ( 'NONE',  ( -0.000000000000000000, -2.710505431213754182E-16, 1.000000000000000000 ) ) ;
#5006 = EDGE_CURVE ( 'NONE', #1398, #1973, #4528, .T. ) ;
#5007 = DIRECTION ( 'NONE',  ( -0.000000000000000000, -0.000000000000000000, -1.000000000000000000 ) ) ;
#5008 = VERTEX_POINT ( 'NONE', #181 ) ;
#5009 = VERTEX_POINT ( 'NONE', #1893 ) ;
#5010 = LINE ( 'NONE', #3223, #980 ) ;
#5011 = CARTESIAN_POINT ( 'NONE',  ( 2.800000000000000711, 0.9900000000000002132, -0.9499999999999999556 ) ) ;
#5012 = AXIS2_PLACEMENT_3D ( 'NONE', #4520, #282, #3615 ) ;
#5013 = CARTESIAN_POINT ( 'NONE',  ( -2.750000000000000444, 1.300000000000000266, -0.9499999999999998446 ) ) ;
#5014 = AXIS2_PLACEMENT_3D ( 'NONE', #5540, #3789, #4243 ) ;
#5015 = CARTESIAN_POINT ( 'NONE',  ( -2.975000000000004530, 0.8999999999999811484, -0.9499999999999997335 ) ) ;
#5016 = ORIENTED_EDGE ( 'NONE', *, *, #4170, .F. ) ;
#5017 = CARTESIAN_POINT ( 'NONE',  ( 3.850000000000003642, 4.826205503911161921E-16, -1.074999999999999734 ) ) ;
#5018 = CARTESIAN_POINT ( 'NONE',  ( -3.850000000000003642, 4.464804779749326453E-16, -1.374999999999999556 ) ) ;
#5019 = ADVANCED_FACE ( 'NONE', ( #3624 ), #4924, .F. ) ;
#5020 = DIRECTION ( 'NONE',  ( -1.032573497605241854E-16, -1.204669080539450083E-16, -1.000000000000000000 ) ) ;
#5021 = CARTESIAN_POINT ( 'NONE',  ( 0.9750000000000001998, 0.000000000000000000, -2.399999999999999911 ) ) ;
#5022 = CARTESIAN_POINT ( 'NONE',  ( 0.000000000000000000, 0.1499999999999999944, 0.000000000000000000 ) ) ;
#5023 = DIRECTION ( 'NONE',  ( 0.000000000000000000, -1.000000000000000000, 0.000000000000000000 ) ) ;
#5024 = VECTOR ( 'NONE', #1991, 1000.000000000000000 ) ;
#5025 = CARTESIAN_POINT ( 'NONE',  ( -2.799999999999999822, 1.475000000000000089, -0.9499999999999997335 ) ) ;
#5026 = EDGE_LOOP ( 'NONE', ( #2991, #3484, #2643, #4415 ) ) ;
#5027 = VECTOR ( 'NONE', #4559, 1000.000000000000000 ) ;
#5028 = ORIENTED_EDGE ( 'NONE', *, *, #433, .F. ) ;
#5029 = CARTESIAN_POINT ( 'NONE',  ( 0.000000000000000000, 1.500000000000000000, 0.000000000000000000 ) ) ;
#5030 = VERTEX_POINT ( 'NONE', #4082 ) ;
#5031 = AXIS2_PLACEMENT_3D ( 'NONE', #4500, #4984, #677 ) ;
#5032 = VECTOR ( 'NONE', #295, 1000.000000000000000 ) ;
#5033 = DIRECTION ( 'NONE',  ( 0.000000000000000000, 1.000000000000000000, 0.000000000000000000 ) ) ;
#5034 = AXIS2_PLACEMENT_3D ( 'NONE', #236, #2809, #4530 ) ;
#5035 = ORIENTED_EDGE ( 'NONE', *, *, #3373, .F. ) ;
#5036 = AXIS2_PLACEMENT_3D ( 'NONE', #2800, #177, #4587 ) ;
#5037 = LINE ( 'NONE', #2451, #2659 ) ;
#5038 = DIRECTION ( 'NONE',  ( 0.000000000000000000, -1.000000000000000000, 0.000000000000000000 ) ) ;
#5039 = ORIENTED_EDGE ( 'NONE', *, *, #578, .T. ) ;
#5040 = CARTESIAN_POINT ( 'NONE',  ( -3.000000000000003553, 0.2000000000000005940, -0.9249999999999997113 ) ) ;
#5041 = DIRECTION ( 'NONE',  ( 2.176841390411644699E-32, 1.204669080539450330E-16, 1.000000000000000000 ) ) ;
#5042 = CARTESIAN_POINT ( 'NONE',  ( 1.500000000000000000, -0.5500000000000001554, 0.000000000000000000 ) ) ;
#5043 = CIRCLE ( 'NONE', #3953, 0.3750000000000001665 ) ;
#5044 = ADVANCED_FACE ( 'NONE', ( #203 ), #2376, .F. ) ;
#5045 = DIRECTION ( 'NONE',  ( -1.000000000000000000, 3.304235192336774723E-15, 0.000000000000000000 ) ) ;
#5046 = EDGE_CURVE ( 'NONE', #5220, #731, #878, .T. ) ;
#5047 = AXIS2_PLACEMENT_3D ( 'NONE', #744, #2043, #2838 ) ;
#5048 = CARTESIAN_POINT ( 'NONE',  ( -2.800000000000003375, 0.2149999999999996358, -0.8400000000000000799 ) ) ;
#5049 = ORIENTED_EDGE ( 'NONE', *, *, #5250, .F. ) ;
#5050 = CARTESIAN_POINT ( 'NONE',  ( 2.799999999999999822, 0.9000000000000002442, 1.389999999999999680 ) ) ;
#5051 = FACE_OUTER_BOUND ( 'NONE', #3694, .T. ) ;
#5052 = CARTESIAN_POINT ( 'NONE',  ( -4.000000000000003553, 4.675621868843737872E-16, -0.9249999999999997113 ) ) ;
#5053 = DIRECTION ( 'NONE',  ( 0.000000000000000000, -1.000000000000000000, 0.000000000000000000 ) ) ;
#5054 = FACE_OUTER_BOUND ( 'NONE', #3382, .T. ) ;
#5055 =( LENGTH_UNIT ( ) NAMED_UNIT ( * ) SI_UNIT ( .MILLI., .METRE. ) );
#5056 = CARTESIAN_POINT ( 'NONE',  ( 0.1500000000000000777, 1.249999999999999778, 2.699999999999999734 ) ) ;
#5057 = ORIENTED_EDGE ( 'NONE', *, *, #2543, .T. ) ;
#5058 = EDGE_CURVE ( 'NONE', #1843, #1546, #3884, .T. ) ;
#5059 = ORIENTED_EDGE ( 'NONE', *, *, #4826, .F. ) ;
#5060 = DIRECTION ( 'NONE',  ( -1.286288226170732780E-48, 0.000000000000000000, -1.000000000000000000 ) ) ;
#5061 = EDGE_CURVE ( 'NONE', #4951, #1927, #1296, .T. ) ;
#5062 = ORIENTED_EDGE ( 'NONE', *, *, #3377, .F. ) ;
#5063 = DIRECTION ( 'NONE',  ( 4.336808689942017736E-16, 2.189528850507526673E-47, -1.000000000000000000 ) ) ;
#5064 = ORIENTED_EDGE ( 'NONE', *, *, #451, .T. ) ;
#5065 = CARTESIAN_POINT ( 'NONE',  ( -2.975000000000004530, 0.8999999999999811484, 0.9499999999999997335 ) ) ;
#5066 = FACE_OUTER_BOUND ( 'NONE', #202, .T. ) ;
#5067 = ORIENTED_EDGE ( 'NONE', *, *, #4906, .T. ) ;
#5068 = PLANE ( 'NONE',  #2790 ) ;
#5069 = CARTESIAN_POINT ( 'NONE',  ( -2.949999999999999734, 1.300000000000000711, -0.9499999999999997335 ) ) ;
#5070 = CARTESIAN_POINT ( 'NONE',  ( 0.9750000000000001998, 0.1499999999999999944, -2.399999999999999911 ) ) ;
#5071 = PLANE ( 'NONE',  #3194 ) ;
#5072 = EDGE_LOOP ( 'NONE', ( #5381, #981 ) ) ;
#5073 = CARTESIAN_POINT ( 'NONE',  ( -2.425000000000000266, 0.1499999999999999944, -1.399999999999999689 ) ) ;
#5074 = DIRECTION ( 'NONE',  ( 0.000000000000000000, -1.000000000000000000, 0.000000000000000000 ) ) ;
#5075 = EDGE_CURVE ( 'NONE', #17, #2422, #2034, .T. ) ;
#5076 = CARTESIAN_POINT ( 'NONE',  ( 2.799999999999999822, 0.9000000000000002442, -0.9499999999999997335 ) ) ;
#5077 = CARTESIAN_POINT ( 'NONE',  ( -2.950000000000000178, 1.300000000000000933, 0.9499999999999998446 ) ) ;
#5078 = CARTESIAN_POINT ( 'NONE',  ( 2.950000000000004174, 9.610368979752615776E-15, 0.000000000000000000 ) ) ;
#5079 = ADVANCED_FACE ( 'NONE', ( #353 ), #845, .T. ) ;
#5080 = DIRECTION ( 'NONE',  ( 1.000000000000000000, -3.523657060577887833E-15, 0.000000000000000000 ) ) ;
#5081 = CARTESIAN_POINT ( 'NONE',  ( 0.2000000000000000944, 1.250000000000000000, 2.750000000000000000 ) ) ;
#5082 = ORIENTED_EDGE ( 'NONE', *, *, #4227, .F. ) ;
#5083 = EDGE_CURVE ( 'NONE', #5435, #3357, #4644, .T. ) ;
#5084 = ORIENTED_EDGE ( 'NONE', *, *, #3377, .T. ) ;
#5085 = CARTESIAN_POINT ( 'NONE',  ( 0.5749999999999998446, 0.000000000000000000, -1.399999999999999689 ) ) ;
#5086 = EDGE_LOOP ( 'NONE', ( #477, #2671, #2977, #1730 ) ) ;
#5087 = DIRECTION ( 'NONE',  ( 0.000000000000000000, -1.000000000000000000, 0.000000000000000000 ) ) ;
#5088 = EDGE_CURVE ( 'NONE', #2122, #3523, #5524, .T. ) ;
#5089 = ORIENTED_EDGE ( 'NONE', *, *, #5342, .F. ) ;
#5090 = CARTESIAN_POINT ( 'NONE',  ( 2.800000000000003375, 0.2000000000000000944, 0.9250000000000000444 ) ) ;
#5091 = DIRECTION ( 'NONE',  ( 1.807003620809174139E-16, -1.000000000000000000, 1.204669080539450330E-16 ) ) ;
#5092 = DIRECTION ( 'NONE',  ( -1.872461465063586570E-16, 1.000000000000000000, -1.204669080539449837E-16 ) ) ;
#5093 = CARTESIAN_POINT ( 'NONE',  ( -2.950000000000003286, 0.2000000000000004829, -1.374999999999999556 ) ) ;
#5094 = CARTESIAN_POINT ( 'NONE',  ( 1.399999999999999911, 0.3000000000000002109, 0.000000000000000000 ) ) ;
#5095 = LINE ( 'NONE', #4700, #3015 ) ;
#5096 = ORIENTED_EDGE ( 'NONE', *, *, #1208, .F. ) ;
#5097 = CARTESIAN_POINT ( 'NONE',  ( -1.550000000000000266, 1.250000000000000000, 1.099999999999999867 ) ) ;
#5098 = AXIS2_PLACEMENT_3D ( 'NONE', #2175, #852, #380 ) ;
#5099 = LINE ( 'NONE', #1218, #5299 ) ;
#5100 = CARTESIAN_POINT ( 'NONE',  ( -2.800000000000001155, 0.8999999999999995781, 1.375000000000000222 ) ) ;
#5101 = ADVANCED_FACE ( 'NONE', ( #2946 ), #765, .F. ) ;
#5102 = DIRECTION ( 'NONE',  ( 0.000000000000000000, -1.000000000000000000, 0.000000000000000000 ) ) ;
#5103 = VECTOR ( 'NONE', #4519, 1000.000000000000000 ) ;
#5104 = LINE ( 'NONE', #1336, #4102 ) ;
#5105 = FACE_OUTER_BOUND ( 'NONE', #827, .T. ) ;
#5106 = FACE_OUTER_BOUND ( 'NONE', #77, .T. ) ;
#5107 = ORIENTED_EDGE ( 'NONE', *, *, #1491, .T. ) ;
#5108 = VECTOR ( 'NONE', #2289, 1000.000000000000000 ) ;
#5109 = EDGE_CURVE ( 'NONE', #4273, #5416, #3028, .T. ) ;
#5110 = ADVANCED_FACE ( 'NONE', ( #2574 ), #3431, .T. ) ;
#5111 = ORIENTED_EDGE ( 'NONE', *, *, #911, .F. ) ;
#5112 = VECTOR ( 'NONE', #2546, 1000.000000000000000 ) ;
#5113 = CARTESIAN_POINT ( 'NONE',  ( -2.750000000000000444, 1.350000000000000089, 0.9499999999999997335 ) ) ;
#5114 = ORIENTED_EDGE ( 'NONE', *, *, #1503, .T. ) ;
#5115 = CARTESIAN_POINT ( 'NONE',  ( 1.550000000000000266, 0.4000000000000000222, 1.099999999999999867 ) ) ;
#5116 = AXIS2_PLACEMENT_3D ( 'NONE', #4199, #4233, #691 ) ;
#5117 = UNCERTAINTY_MEASURE_WITH_UNIT (LENGTH_MEASURE( 1.000000000000000082E-05 ), #3578, 'distance_accuracy_value', 'NONE');
#5118 = ORIENTED_EDGE ( 'NONE', *, *, #2895, .T. ) ;
#5119 = DIRECTION ( 'NONE',  ( 0.000000000000000000, 0.000000000000000000, 1.000000000000000000 ) ) ;
#5120 = AXIS2_PLACEMENT_3D ( 'NONE', #3349, #4253, #321 ) ;
#5121 = PLANE ( 'NONE',  #3301 ) ;
#5122 = DIRECTION ( 'NONE',  ( -1.000000000000000000, -0.000000000000000000, -0.000000000000000000 ) ) ;
#5123 = CARTESIAN_POINT ( 'NONE',  ( 0.5749999999999998446, 0.1499999999999999944, -1.399999999999999689 ) ) ;
#5124 = CARTESIAN_POINT ( 'NONE',  ( 3.000000000000003109, 0.1500000000000007438, 0.9249999999999998224 ) ) ;
#5125 = AXIS2_PLACEMENT_3D ( 'NONE', #4956, #5045, #4164 ) ;
#5126 = PRESENTATION_LAYER_ASSIGNMENT (  '', '', ( #5395 ) ) ;
#5127 = EDGE_CURVE ( 'NONE', #1719, #2454, #3452, .T. ) ;
#5128 = CARTESIAN_POINT ( 'NONE',  ( 2.950000000000001066, 0.9000000000000003553, -0.9499999999999997335 ) ) ;
#5129 = ORIENTED_EDGE ( 'NONE', *, *, #676, .F. ) ;
#5130 = VECTOR ( 'NONE', #1270, 1000.000000000000000 ) ;
#5131 = DIRECTION ( 'NONE',  ( 3.304235192336774723E-15, 1.000000000000000000, 0.000000000000000000 ) ) ;
#5132 = CIRCLE ( 'NONE', #4943, 0.3750000000000001665 ) ;
#5133 = CARTESIAN_POINT ( 'NONE',  ( -2.799999999999999822, 1.350000000000000089, -1.389999999999999680 ) ) ;
#5134 = PLANE ( 'NONE',  #1057 ) ;
#5135 = CARTESIAN_POINT ( 'NONE',  ( 3.850000000000003642, 6.040693261088780057E-16, 0.9249999999999997113 ) ) ;
#5136 = VECTOR ( 'NONE', #391, 1000.000000000000000 ) ;
#5137 = DIRECTION ( 'NONE',  ( 0.000000000000000000, 0.000000000000000000, 1.000000000000000000 ) ) ;
#5138 = VERTEX_POINT ( 'NONE', #4302 ) ;
#5139 = LINE ( 'NONE', #5447, #4748 ) ;
#5140 = VERTEX_POINT ( 'NONE', #1251 ) ;
#5141 = VERTEX_POINT ( 'NONE', #431 ) ;
#5142 = DIRECTION ( 'NONE',  ( 1.000000000000000000, 0.000000000000000000, -1.224646799147353207E-16 ) ) ;
#5143 = ORIENTED_EDGE ( 'NONE', *, *, #3046, .F. ) ;
#5144 = AXIS2_PLACEMENT_3D ( 'NONE', #3531, #3505, #949 ) ;
#5145 = ADVANCED_FACE ( 'NONE', ( #1616 ), #1217, .F. ) ;
#5146 = FACE_OUTER_BOUND ( 'NONE', #3414, .T. ) ;
#5147 = ADVANCED_FACE ( 'NONE', ( #2979 ), #1722, .T. ) ;
#5148 = ORIENTED_EDGE ( 'NONE', *, *, #387, .F. ) ;
#5149 = CARTESIAN_POINT ( 'NONE',  ( -2.950000000000000622, 0.8999999999999812594, -0.9499999999999997335 ) ) ;
#5150 = EDGE_CURVE ( 'NONE', #1101, #1203, #2087, .T. ) ;
#5151 = CARTESIAN_POINT ( 'NONE',  ( 0.000000000000000000, 0.000000000000000000, 0.000000000000000000 ) ) ;
#5152 = CARTESIAN_POINT ( 'NONE',  ( -2.950000000000003286, 6.030874584450618414E-16, -1.374999999999999556 ) ) ;
#5153 = CARTESIAN_POINT ( 'NONE',  ( 2.799999999999999822, 1.350000000000000089, 1.389999999999999680 ) ) ;
#5154 = DIRECTION ( 'NONE',  ( 0.000000000000000000, -0.000000000000000000, -1.000000000000000000 ) ) ;
#5155 = ORIENTED_EDGE ( 'NONE', *, *, #1518, .F. ) ;
#5156 = CARTESIAN_POINT ( 'NONE',  ( 2.799999999999999822, 1.350000000000000089, 1.399999999999999689 ) ) ;
#5157 = VERTEX_POINT ( 'NONE', #1667 ) ;
#5158 = DIRECTION ( 'NONE',  ( 1.000000000000000000, 3.304235192336774329E-15, -0.000000000000000000 ) ) ;
#5159 = LINE ( 'NONE', #2548, #2864 ) ;
#5160 = EDGE_CURVE ( 'NONE', #3420, #860, #4702, .T. ) ;
#5161 = LINE ( 'NONE', #5135, #961 ) ;
#5162 = ADVANCED_FACE ( 'NONE', ( #4274 ), #401, .F. ) ;
#5163 = CARTESIAN_POINT ( 'NONE',  ( -2.800000000000003375, 0.2999999999999995448, -0.8400000000000000799 ) ) ;
#5164 = ORIENTED_EDGE ( 'NONE', *, *, #1914, .T. ) ;
#5165 = DIRECTION ( 'NONE',  ( 0.000000000000000000, -0.000000000000000000, -1.000000000000000000 ) ) ;
#5166 = VERTEX_POINT ( 'NONE', #144 ) ;
#5167 = ORIENTED_EDGE ( 'NONE', *, *, #3326, .F. ) ;
#5168 = CARTESIAN_POINT ( 'NONE',  ( -2.799999999999999378, 1.199999999999981970, 0.9499999999999997335 ) ) ;
#5169 = EDGE_LOOP ( 'NONE', ( #890, #2393, #5322, #1767 ) ) ;
#5170 = DIRECTION ( 'NONE',  ( 0.000000000000000000, -1.000000000000000000, 0.000000000000000000 ) ) ;
#5171 = ADVANCED_FACE ( 'NONE', ( #4438 ), #481, .T. ) ;
#5172 = UNCERTAINTY_MEASURE_WITH_UNIT (LENGTH_MEASURE( 1.000000000000000082E-05 ), #3079, 'distance_accuracy_value', 'NONE');
#5173 = ORIENTED_EDGE ( 'NONE', *, *, #3161, .T. ) ;
#5174 = DIRECTION ( 'NONE',  ( 0.000000000000000000, 1.000000000000000000, -0.000000000000000000 ) ) ;
#5175 = EDGE_CURVE ( 'NONE', #672, #2854, #564, .T. ) ;
#5176 = LINE ( 'NONE', #2106, #3481 ) ;
#5177 = APPLICATION_PROTOCOL_DEFINITION ( 'draft international standard', 'automotive_design', 1998, #104 ) ;
#5178 = CARTESIAN_POINT ( 'NONE',  ( 2.550000000000000266, 1.350000000000000089, 1.389999999999999680 ) ) ;
#5179 = DIRECTION ( 'NONE',  ( -1.807003620809174139E-16, -1.000000000000000000, -1.204669080539449837E-16 ) ) ;
#5180 = ORIENTED_EDGE ( 'NONE', *, *, #5232, .T. ) ;
#5181 = ADVANCED_FACE ( 'NONE', ( #4019 ), #5323, .F. ) ;
#5182 = CARTESIAN_POINT ( 'NONE',  ( -1.500000000000000000, -0.5500000000000001554, 0.3750000000000001665 ) ) ;
#5183 = ORIENTED_EDGE ( 'NONE', *, *, #1491, .F. ) ;
#5184 = CARTESIAN_POINT ( 'NONE',  ( -2.799999999999999822, 0.9000000000000000222, 0.9499999999999997335 ) ) ;
#5185 = PLANE ( 'NONE',  #784 ) ;
#5186 = DIRECTION ( 'NONE',  ( -1.000000000000000000, 0.000000000000000000, 0.000000000000000000 ) ) ;
#5187 = DIRECTION ( 'NONE',  ( -5.102127870520013488E-15, -1.000000000000000000, 0.000000000000000000 ) ) ;
#5188 = ORIENTED_EDGE ( 'NONE', *, *, #4596, .T. ) ;
#5189 = DIRECTION ( 'NONE',  ( 0.000000000000000000, 1.000000000000000000, 0.000000000000000000 ) ) ;
#5190 = ORIENTED_EDGE ( 'NONE', *, *, #1433, .F. ) ;
#5191 = VECTOR ( 'NONE', #670, 1000.000000000000000 ) ;
#5192 = ORIENTED_EDGE ( 'NONE', *, *, #3408, .T. ) ;
#5193 = LINE ( 'NONE', #3042, #529 ) ;
#5194 = VECTOR ( 'NONE', #1339, 1000.000000000000000 ) ;
#5195 = ORIENTED_EDGE ( 'NONE', *, *, #4508, .T. ) ;
#5196 = ORIENTED_EDGE ( 'NONE', *, *, #3340, .T. ) ;
#5197 = FACE_OUTER_BOUND ( 'NONE', #2278, .T. ) ;
#5198 = CARTESIAN_POINT ( 'NONE',  ( 2.950000000000003286, 0.1500000000000006883, 1.374999999999999556 ) ) ;
#5199 = SURFACE_SIDE_STYLE ('',( #3987 ) ) ;
#5200 = AXIS2_PLACEMENT_3D ( 'NONE', #3899, #4666, #2972 ) ;
#5201 = CARTESIAN_POINT ( 'NONE',  ( -2.799999999999999822, 1.475000000000000089, 1.389999999999999680 ) ) ;
#5202 = DIRECTION ( 'NONE',  ( 0.000000000000000000, 0.000000000000000000, -1.000000000000000000 ) ) ;
#5203 = CIRCLE ( 'NONE', #3776, 0.05000000000000002359 ) ;
#5204 = ORIENTED_EDGE ( 'NONE', *, *, #299, .T. ) ;
#5205 = VECTOR ( 'NONE', #490, 1000.000000000000000 ) ;
#5206 = CARTESIAN_POINT ( 'NONE',  ( 2.974999999999999645, 0.9000000000000002442, 1.389999999999999680 ) ) ;
#5207 = ORIENTED_EDGE ( 'NONE', *, *, #3735, .T. ) ;
#5208 = ORIENTED_EDGE ( 'NONE', *, *, #3524, .F. ) ;
#5209 = CARTESIAN_POINT ( 'NONE',  ( 0.1707106781186548128, 0.2500000000000000000, 1.549999999999999378 ) ) ;
#5210 = EDGE_CURVE ( 'NONE', #1887, #991, #4356, .T. ) ;
#5211 = VECTOR ( 'NONE', #3395, 1000.000000000000000 ) ;
#5212 = DIRECTION ( 'NONE',  ( -0.000000000000000000, 1.000000000000000000, -0.000000000000000000 ) ) ;
#5213 = AXIS2_PLACEMENT_3D ( 'NONE', #4994, #3778, #3804 ) ;
#5214 = FACE_OUTER_BOUND ( 'NONE', #42, .T. ) ;
#5215 = EDGE_CURVE ( 'NONE', #3174, #2126, #3935, .T. ) ;
#5216 = DIRECTION ( 'NONE',  ( 0.000000000000000000, 0.000000000000000000, 1.000000000000000000 ) ) ;
#5217 = AXIS2_PLACEMENT_3D ( 'NONE', #740, #5385, #292 ) ;
#5218 = VECTOR ( 'NONE', #1451, 1000.000000000000000 ) ;
#5219 = DIRECTION ( 'NONE',  ( -1.000000000000000000, -1.807003620809174385E-16, 0.000000000000000000 ) ) ;
#5220 = VERTEX_POINT ( 'NONE', #2196 ) ;
#5221 = CARTESIAN_POINT ( 'NONE',  ( -2.550000000000000266, 1.350000000000000089, 0.9499999999999997335 ) ) ;
#5222 = CARTESIAN_POINT ( 'NONE',  ( -2.550000000000000266, 1.499999999999999556, 0.9499999999999997335 ) ) ;
#5223 = EDGE_CURVE ( 'NONE', #4948, #3259, #915, .T. ) ;
#5224 = ORIENTED_EDGE ( 'NONE', *, *, #1733, .T. ) ;
#5225 = VECTOR ( 'NONE', #2105, 1000.000000000000000 ) ;
#5226 = VECTOR ( 'NONE', #2353, 1000.000000000000000 ) ;
#5227 = ORIENTED_EDGE ( 'NONE', *, *, #4457, .T. ) ;
#5228 = LINE ( 'NONE', #2990, #3238 ) ;
#5229 = VECTOR ( 'NONE', #1143, 1000.000000000000000 ) ;
#5230 = ORIENTED_EDGE ( 'NONE', *, *, #3614, .T. ) ;
#5231 = EDGE_CURVE ( 'NONE', #1977, #984, #1411, .T. ) ;
#5232 = EDGE_CURVE ( 'NONE', #3881, #4452, #2848, .T. ) ;
#5233 = ORIENTED_EDGE ( 'NONE', *, *, #3793, .T. ) ;
#5234 = CARTESIAN_POINT ( 'NONE',  ( 1.399999999999999911, 0.2999999999999999334, 2.699999999999999734 ) ) ;
#5235 = ORIENTED_EDGE ( 'NONE', *, *, #212, .T. ) ;
#5236 = DIRECTION ( 'NONE',  ( -1.000000000000000000, -0.000000000000000000, 0.000000000000000000 ) ) ;
#5237 = DIRECTION ( 'NONE',  ( -0.000000000000000000, -0.000000000000000000, 1.000000000000000000 ) ) ;
#5238 = ORIENTED_EDGE ( 'NONE', *, *, #5231, .T. ) ;
#5239 = CARTESIAN_POINT ( 'NONE',  ( 2.800000000000000711, 0.9900000000000002132, 0.9499999999999999556 ) ) ;
#5240 = EDGE_LOOP ( 'NONE', ( #1553, #5458, #4234, #1371 ) ) ;
#5241 = VERTEX_POINT ( 'NONE', #3513 ) ;
#5242 = DIRECTION ( 'NONE',  ( -1.000000000000000000, 1.872461465063584104E-16, 0.000000000000000000 ) ) ;
#5243 = CARTESIAN_POINT ( 'NONE',  ( 3.000000000000003109, 7.047314121155778821E-16, 1.374999999999999556 ) ) ;
#5244 = DIRECTION ( 'NONE',  ( 1.000000000000000000, -0.000000000000000000, 0.000000000000000000 ) ) ;
#5245 = EDGE_CURVE ( 'NONE', #5343, #4259, #4890, .T. ) ;
#5246 = CARTESIAN_POINT ( 'NONE',  ( -3.000000000000003553, 0.1500000000000007438, -0.9249999999999998224 ) ) ;
#5247 = LINE ( 'NONE', #3598, #1657 ) ;
#5248 = VERTEX_POINT ( 'NONE', #4332 ) ;
#5249 = DIRECTION ( 'NONE',  ( -0.000000000000000000, -0.000000000000000000, 1.000000000000000000 ) ) ;
#5250 = EDGE_CURVE ( 'NONE', #1806, #2797, #456, .T. ) ;
#5251 = FACE_OUTER_BOUND ( 'NONE', #2078, .T. ) ;
#5252 = ORIENTED_EDGE ( 'NONE', *, *, #5510, .F. ) ;
#5253 = EDGE_CURVE ( 'NONE', #409, #496, #92, .T. ) ;
#5254 = CARTESIAN_POINT ( 'NONE',  ( 2.800000000000003375, 0.2149999999999997469, 0.9250000000000002665 ) ) ;
#5255 = VERTEX_POINT ( 'NONE', #2685 ) ;
#5256 = ORIENTED_EDGE ( 'NONE', *, *, #2041, .F. ) ;
#5257 = LINE ( 'NONE', #1372, #4315 ) ;
#5258 = EDGE_LOOP ( 'NONE', ( #4852, #1576, #4395, #1418 ) ) ;
#5259 = EDGE_CURVE ( 'NONE', #4657, #1203, #512, .T. ) ;
#5260 = CARTESIAN_POINT ( 'NONE',  ( -2.550000000000000266, 1.499999999999999556, -1.399999999999999689 ) ) ;
#5261 = ORIENTED_EDGE ( 'NONE', *, *, #527, .T. ) ;
#5262 = DIRECTION ( 'NONE',  ( 0.000000000000000000, 1.000000000000000000, 0.000000000000000000 ) ) ;
#5263 = ORIENTED_EDGE ( 'NONE', *, *, #5403, .F. ) ;
#5264 = VERTEX_POINT ( 'NONE', #3086 ) ;
#5265 = FACE_OUTER_BOUND ( 'NONE', #4151, .T. ) ;
#5266 =( NAMED_UNIT ( * ) PLANE_ANGLE_UNIT ( ) SI_UNIT ( $, .RADIAN. ) );
#5267 = PLANE ( 'NONE',  #2218 ) ;
#5268 = DIRECTION ( 'NONE',  ( 1.000000000000000000, 0.000000000000000000, 1.286288226170732780E-48 ) ) ;
#5269 = ORIENTED_EDGE ( 'NONE', *, *, #4290, .F. ) ;
#5270 = DIRECTION ( 'NONE',  ( 0.000000000000000000, -1.000000000000000000, 0.000000000000000000 ) ) ;
#5271 = LINE ( 'NONE', #4898, #774 ) ;
#5272 = EDGE_LOOP ( 'NONE', ( #36, #339, #3555, #531 ) ) ;
#5273 = DIRECTION ( 'NONE',  ( 1.000000000000000000, 0.000000000000000000, -6.944994767471928987E-47 ) ) ;
#5274 = VECTOR ( 'NONE', #2120, 1000.000000000000000 ) ;
#5275 = CARTESIAN_POINT ( 'NONE',  ( 2.799999999999999822, 0.9000000000000002442, -0.9499999999999997335 ) ) ;
#5276 = DIRECTION ( 'NONE',  ( 1.000000000000000000, 0.000000000000000000, 0.000000000000000000 ) ) ;
#5277 = ORIENTED_EDGE ( 'NONE', *, *, #4412, .T. ) ;
#5278 = VECTOR ( 'NONE', #3140, 1000.000000000000000 ) ;
#5279 = ADVANCED_FACE ( 'NONE', ( #2258 ), #3965, .T. ) ;
#5280 = ADVANCED_FACE ( 'NONE', ( #992 ), #930, .T. ) ;
#5281 = ORIENTED_EDGE ( 'NONE', *, *, #101, .T. ) ;
#5282 = AXIS2_PLACEMENT_3D ( 'NONE', #3814, #5005, #2056 ) ;
#5283 = DIRECTION ( 'NONE',  ( 0.000000000000000000, 0.000000000000000000, -1.000000000000000000 ) ) ;
#5284 = ORIENTED_EDGE ( 'NONE', *, *, #4708, .F. ) ;
#5285 = SURFACE_STYLE_USAGE ( .BOTH. , #5199 ) ;
#5286 = DIRECTION ( 'NONE',  ( 1.000000000000000000, 3.304235192336774723E-15, -0.000000000000000000 ) ) ;
#5287 = VECTOR ( 'NONE', #3822, 1000.000000000000000 ) ;
#5288 = ORIENTED_EDGE ( 'NONE', *, *, #1370, .F. ) ;
#5289 = DIRECTION ( 'NONE',  ( -1.000000000000000000, -1.807003620809174385E-16, 0.000000000000000000 ) ) ;
#5290 = VERTEX_POINT ( 'NONE', #4383 ) ;
#5291 = ORIENTED_EDGE ( 'NONE', *, *, #919, .T. ) ;
#5292 = CARTESIAN_POINT ( 'NONE',  ( 3.850000000000003642, 5.859992899007862323E-16, 1.074999999999999734 ) ) ;
#5293 = DIRECTION ( 'NONE',  ( 1.023559706838454927E-30, 3.097720492815729138E-16, -1.000000000000000000 ) ) ;
#5294 = ADVANCED_FACE ( 'NONE', ( #5265 ), #115, .F. ) ;
#5295 = LINE ( 'NONE', #935, #396 ) ;
#5296 = VERTEX_POINT ( 'NONE', #4133 ) ;
#5297 = VECTOR ( 'NONE', #2951, 1000.000000000000000 ) ;
#5298 = CARTESIAN_POINT ( 'NONE',  ( 0.000000000000000000, 1.350000000000000089, -0.9499999999999997335 ) ) ;
#5299 = VECTOR ( 'NONE', #3773, 1000.000000000000000 ) ;
#5300 = DIRECTION ( 'NONE',  ( 1.872461465063586570E-16, 1.000000000000000000, -1.204669080539449837E-16 ) ) ;
#5301 = ORIENTED_EDGE ( 'NONE', *, *, #3029, .T. ) ;
#5302 = CARTESIAN_POINT ( 'NONE',  ( 0.2000000000000000944, 1.200000000000000178, 1.300000000000000044 ) ) ;
#5303 = AXIS2_PLACEMENT_3D ( 'NONE', #880, #3885, #32 ) ;
#5304 =( GEOMETRIC_REPRESENTATION_CONTEXT ( 3 ) GLOBAL_UNCERTAINTY_ASSIGNED_CONTEXT ( ( #1655 ) ) GLOBAL_UNIT_ASSIGNED_CONTEXT ( ( #1469, #185, #2271 ) ) REPRESENTATION_CONTEXT ( 'NONE', 'WORKASPACE' ) );
#5305 = CARTESIAN_POINT ( 'NONE',  ( 2.550000000000000266, 1.350000000000000089, 0.9499999999999997335 ) ) ;
#5306 = DIRECTION ( 'NONE',  ( 0.000000000000000000, 0.000000000000000000, 1.000000000000000000 ) ) ;
#5307 = ORIENTED_EDGE ( 'NONE', *, *, #192, .T. ) ;
#5308 = VECTOR ( 'NONE', #5060, 1000.000000000000000 ) ;
#5309 = VECTOR ( 'NONE', #4289, 1000.000000000000000 ) ;
#5310 = AXIS2_PLACEMENT_3D ( 'NONE', #4879, #1468, #1368 ) ;
#5311 = EDGE_LOOP ( 'NONE', ( #1681, #1594, #903, #5089 ) ) ;
#5312 = LINE ( 'NONE', #167, #525 ) ;
#5313 = ADVANCED_FACE ( 'NONE', ( #1547 ), #1043, .T. ) ;
#5314 = EDGE_LOOP ( 'NONE', ( #1346, #1732, #1493, #1795 ) ) ;
#5315 = EDGE_CURVE ( 'NONE', #833, #4015, #5010, .T. ) ;
#5316 = LINE ( 'NONE', #2167, #2959 ) ;
#5317 = AXIS2_PLACEMENT_3D ( 'NONE', #3642, #2826, #4523 ) ;
#5318 = EDGE_LOOP ( 'NONE', ( #4578, #1391, #1793, #471 ) ) ;
#5319 = ADVANCED_FACE ( 'NONE', ( #1077 ), #673, .F. ) ;
#5320 = CARTESIAN_POINT ( 'NONE',  ( -3.000000000000003109, 0.1500000000000006883, 0.9249999999999998224 ) ) ;
#5321 = ORIENTED_EDGE ( 'NONE', *, *, #4144, .T. ) ;
#5322 = ORIENTED_EDGE ( 'NONE', *, *, #4344, .F. ) ;
#5323 = PLANE ( 'NONE',  #2119 ) ;
#5324 = CARTESIAN_POINT ( 'NONE',  ( 0.2000000000000000666, 0.2999999999999999334, 2.699999999999999734 ) ) ;
#5325 = CARTESIAN_POINT ( 'NONE',  ( 0.000000000000000000, 0.000000000000000000, 1.300000000000000044 ) ) ;
#5326 = PLANE ( 'NONE',  #1025 ) ;
#5327 = ORIENTED_EDGE ( 'NONE', *, *, #1884, .F. ) ;
#5328 = CARTESIAN_POINT ( 'NONE',  ( 3.000000000000003553, 0.2000000000000005940, -0.9249999999999999334 ) ) ;
#5329 = EDGE_CURVE ( 'NONE', #672, #1856, #590, .T. ) ;
#5330 = DIRECTION ( 'NONE',  ( 1.807003620809173892E-16, -1.000000000000000000, -1.204669080539450330E-16 ) ) ;
#5331 = DIRECTION ( 'NONE',  ( -1.000000000000000000, 3.304235192336774723E-15, 0.000000000000000000 ) ) ;
#5332 = EDGE_CURVE ( 'NONE', #1190, #4329, #3514, .T. ) ;
#5333 = CARTESIAN_POINT ( 'NONE',  ( -3.850000000000003642, 5.679292536926945574E-16, 1.224999999999999423 ) ) ;
#5334 = SURFACE_STYLE_USAGE ( .BOTH. , #3605 ) ;
#5335 = CARTESIAN_POINT ( 'NONE',  ( 2.074999999999999734, 0.1499999999999999944, -1.399999999999999689 ) ) ;
#5336 = ORIENTED_EDGE ( 'NONE', *, *, #741, .T. ) ;
#5337 = ORIENTED_EDGE ( 'NONE', *, *, #298, .F. ) ;
#5338 = LINE ( 'NONE', #2756, #3324 ) ;
#5339 = EDGE_LOOP ( 'NONE', ( #5431, #772, #3057, #546 ) ) ;
#5340 = ADVANCED_FACE ( 'NONE', ( #4498 ), #1978, .T. ) ;
#5341 = CARTESIAN_POINT ( 'NONE',  ( 3.000000000000003553, 0.2000000000000005940, -1.374999999999999556 ) ) ;
#5342 = EDGE_CURVE ( 'NONE', #2513, #2653, #2767, .T. ) ;
#5343 = VERTEX_POINT ( 'NONE', #1102 ) ;
#5344 = PLANE ( 'NONE',  #1566 ) ;
#5345 = ORIENTED_EDGE ( 'NONE', *, *, #1447, .T. ) ;
#5346 = EDGE_LOOP ( 'NONE', ( #4755, #1673, #2885, #442 ) ) ;
#5347 = PLANE ( 'NONE',  #4862 ) ;
#5348 = LINE ( 'NONE', #227, #3670 ) ;
#5349 = EDGE_CURVE ( 'NONE', #3166, #3583, #2244, .T. ) ;
#5350 = CARTESIAN_POINT ( 'NONE',  ( 2.950000000000000178, 1.200000000000000844, 0.9499999999999997335 ) ) ;
#5351 = ADVANCED_FACE ( 'NONE', ( #1456 ), #5347, .T. ) ;
#5352 = PLANE ( 'NONE',  #3739 ) ;
#5353 = ORIENTED_EDGE ( 'NONE', *, *, #3270, .T. ) ;
#5354 = PLANE ( 'NONE',  #230 ) ;
#5355 = CARTESIAN_POINT ( 'NONE',  ( -3.850000000000003642, 5.498592174846027840E-16, 1.374999999999999556 ) ) ;
#5356 = DIRECTION ( 'NONE',  ( -1.000000000000000000, 0.000000000000000000, 0.000000000000000000 ) ) ;
#5357 = DIRECTION ( 'NONE',  ( 0.000000000000000000, -0.000000000000000000, -1.000000000000000000 ) ) ;
#5358 = LINE ( 'NONE', #3124, #2763 ) ;
#5359 = DIRECTION ( 'NONE',  ( -1.000000000000000000, 0.000000000000000000, -1.286288226170732932E-48 ) ) ;
#5360 = ORIENTED_EDGE ( 'NONE', *, *, #5175, .T. ) ;
#5361 = ORIENTED_EDGE ( 'NONE', *, *, #3139, .T. ) ;
#5362 = DIRECTION ( 'NONE',  ( -1.872461465063586570E-16, 1.000000000000000000, -1.204669080539449837E-16 ) ) ;
#5363 = VECTOR ( 'NONE', #4526, 1000.000000000000000 ) ;
#5364 = EDGE_LOOP ( 'NONE', ( #4548, #3001, #1886, #1233, #3949, #5327 ) ) ;
#5365 = DIRECTION ( 'NONE',  ( 0.000000000000000000, -0.000000000000000000, 1.000000000000000000 ) ) ;
#5366 = AXIS2_PLACEMENT_3D ( 'NONE', #1249, #2976, #821 ) ;
#5367 = EDGE_LOOP ( 'NONE', ( #2926, #560, #4132, #4882 ) ) ;
#5368 = CARTESIAN_POINT ( 'NONE',  ( 3.000000000000003109, 7.047314121155778821E-16, 1.374999999999999556 ) ) ;
#5369 = FACE_OUTER_BOUND ( 'NONE', #511, .T. ) ;
#5370 = ORIENTED_EDGE ( 'NONE', *, *, #2471, .T. ) ;
#5371 = VERTEX_POINT ( 'NONE', #3310 ) ;
#5372 = DIRECTION ( 'NONE',  ( -0.000000000000000000, -0.000000000000000000, -1.000000000000000000 ) ) ;
#5373 = AXIS2_PLACEMENT_3D ( 'NONE', #3671, #1098, #1998 ) ;
#5374 = CARTESIAN_POINT ( 'NONE',  ( 3.850000000000003642, 5.006905865992079656E-16, -0.9249999999999998224 ) ) ;
#5375 = CARTESIAN_POINT ( 'NONE',  ( 0.000000000000000000, 1.350000000000000089, -0.9499999999999997335 ) ) ;
#5376 = AXIS2_PLACEMENT_3D ( 'NONE', #5097, #3399, #2150 ) ;
#5377 = CARTESIAN_POINT ( 'NONE',  ( -1.550000000000000266, 0.4000000000000000222, 1.399999999999999689 ) ) ;
#5378 = EDGE_CURVE ( 'NONE', #2103, #3896, #1486, .T. ) ;
#5379 = ORIENTED_EDGE ( 'NONE', *, *, #5383, .F. ) ;
#5380 = DIRECTION ( 'NONE',  ( 1.000000000000000000, 0.000000000000000000, 0.000000000000000000 ) ) ;
#5381 = ORIENTED_EDGE ( 'NONE', *, *, #1465, .F. ) ;
#5382 = LINE ( 'NONE', #1952, #3666 ) ;
#5383 = EDGE_CURVE ( 'NONE', #2854, #232, #2735, .T. ) ;
#5384 = ADVANCED_FACE ( 'NONE', ( #3255 ), #648, .F. ) ;
#5385 = DIRECTION ( 'NONE',  ( -1.000000000000000000, 3.304235192336774723E-15, -0.000000000000000000 ) ) ;
#5386 = CLOSED_SHELL ( 'NONE', ( #4476, #1906, #4728, #3080, #4972, #5384, #4397, #4000, #812, #1299, #5147, #994, #1124, #1637, #3907, #2053, #1743, #2965, #2575, #2440, #168, #1037, #4372, #3330, #918, #466, #1971, #3631, #4628, #2920, #3273, #1578, #1211, #3551, #2681, #3170, #4986, #862, #5279, #2679, #2481, #1141, #5570, #484, #1158, #1342, #3928, #2476, #5162, #5101, #1171 ) ) ;
#5387 = FACE_OUTER_BOUND ( 'NONE', #3813, .T. ) ;
#5388 = VECTOR ( 'NONE', #3871, 1000.000000000000000 ) ;
#5389 = CARTESIAN_POINT ( 'NONE',  ( 1.449999999999999956, 0.000000000000000000, 0.000000000000000000 ) ) ;
#5390 = EDGE_CURVE ( 'NONE', #1775, #681, #2370, .T. ) ;
#5391 = FACE_OUTER_BOUND ( 'NONE', #3456, .T. ) ;
#5392 = CARTESIAN_POINT ( 'NONE',  ( -3.850000000000003642, 0.1500000000000004108, -1.374999999999999556 ) ) ;
#5393 = ORIENTED_EDGE ( 'NONE', *, *, #850, .T. ) ;
#5394 = CIRCLE ( 'NONE', #2402, 0.1749999999999998779 ) ;
#5395 = STYLED_ITEM ( 'NONE', ( #2698 ), #944 ) ;
#5396 = VERTEX_POINT ( 'NONE', #3280 ) ;
#5397 = CARTESIAN_POINT ( 'NONE',  ( 0.5749999999999999556, -1.355252715606880543E-17, -2.399999999999999911 ) ) ;
#5398 = VECTOR ( 'NONE', #5212, 1000.000000000000000 ) ;
#5399 = AXIS2_PLACEMENT_3D ( 'NONE', #86, #5286, #110 ) ;
#5400 = ORIENTED_EDGE ( 'NONE', *, *, #3996, .F. ) ;
#5401 = EDGE_CURVE ( 'NONE', #1448, #672, #225, .T. ) ;
#5402 = CARTESIAN_POINT ( 'NONE',  ( -2.425000000000000266, 0.1499999999999999944, -2.399999999999999911 ) ) ;
#5403 = EDGE_CURVE ( 'NONE', #2454, #4242, #3675, .T. ) ;
#5404 = VECTOR ( 'NONE', #3529, 1000.000000000000227 ) ;
#5405 = TOROIDAL_SURFACE ( 'NONE', #2963, 0.1750000000000001554, 0.2000000000000000111 ) ;
#5406 = ORIENTED_EDGE ( 'NONE', *, *, #3154, .F. ) ;
#5407 = CARTESIAN_POINT ( 'NONE',  ( 3.850000000000003642, 0.1500000000000005496, 1.074999999999999734 ) ) ;
#5408 = DIRECTION ( 'NONE',  ( 1.807003620809173892E-16, 1.000000000000000000, -1.204669080539450330E-16 ) ) ;
#5409 = ORIENTED_EDGE ( 'NONE', *, *, #3577, .F. ) ;
#5410 = ORIENTED_EDGE ( 'NONE', *, *, #109, .T. ) ;
#5411 = VECTOR ( 'NONE', #3013, 1000.000000000000000 ) ;
#5412 = CARTESIAN_POINT ( 'NONE',  ( -3.000000000000003109, 7.589415207398531038E-16, 0.9249999999999998224 ) ) ;
#5413 = PLANE ( 'NONE',  #3040 ) ;
#5414 = DIRECTION ( 'NONE',  ( 0.000000000000000000, 1.000000000000000000, 1.445602896647372167E-14 ) ) ;
#5415 = CARTESIAN_POINT ( 'NONE',  ( -1.550000000000000266, 1.250000000000000000, 1.399999999999999689 ) ) ;
#5416 = VERTEX_POINT ( 'NONE', #285 ) ;
#5417 = CARTESIAN_POINT ( 'NONE',  ( 0.2000000000000000944, 0.2999999999999999334, 2.699999999999999734 ) ) ;
#5418 = CARTESIAN_POINT ( 'NONE',  ( 3.850000000000003642, 0.1500000000000005218, 1.374999999999999556 ) ) ;
#5419 = DIRECTION ( 'NONE',  ( 1.000000000000000000, 0.000000000000000000, -0.000000000000000000 ) ) ;
#5420 = EDGE_CURVE ( 'NONE', #2964, #1936, #2002, .T. ) ;
#5421 = LINE ( 'NONE', #4171, #1510 ) ;
#5422 = EDGE_CURVE ( 'NONE', #1773, #3583, #4638, .T. ) ;
#5423 = PLANE ( 'NONE',  #3054 ) ;
#5424 = SURFACE_STYLE_USAGE ( .BOTH. , #805 ) ;
#5425 = CARTESIAN_POINT ( 'NONE',  ( 2.799999999999999822, 0.9000000000000002442, 0.9499999999999997335 ) ) ;
#5426 = ORIENTED_EDGE ( 'NONE', *, *, #1969, .T. ) ;
#5427 = ORIENTED_EDGE ( 'NONE', *, *, #4345, .T. ) ;
#5428 = CARTESIAN_POINT ( 'NONE',  ( -2.974999999999999645, 1.100000000000000089, -0.9499999999999997335 ) ) ;
#5429 = EDGE_LOOP ( 'NONE', ( #1369, #3888, #2343, #4364 ) ) ;
#5430 = CARTESIAN_POINT ( 'NONE',  ( -2.974999999999999645, 1.100000000000000089, 0.9499999999999997335 ) ) ;
#5431 = ORIENTED_EDGE ( 'NONE', *, *, #541, .F. ) ;
#5432 = CARTESIAN_POINT ( 'NONE',  ( 2.750000000000000444, 1.300000000000000266, 0.9499999999999998446 ) ) ;
#5433 = CARTESIAN_POINT ( 'NONE',  ( -2.800000000000003375, 0.2999999999999997113, 0.000000000000000000 ) ) ;
#5434 = VERTEX_POINT ( 'NONE', #5542 ) ;
#5435 = VERTEX_POINT ( 'NONE', #2059 ) ;
#5436 = CARTESIAN_POINT ( 'NONE',  ( -2.800000000000003375, 0.2000000000000000944, 0.9250000000000000444 ) ) ;
#5437 = LINE ( 'NONE', #1457, #4308 ) ;
#5438 = LINE ( 'NONE', #4189, #4574 ) ;
#5439 = LINE ( 'NONE', #5015, #124 ) ;
#5440 = ORIENTED_EDGE ( 'NONE', *, *, #2276, .F. ) ;
#5441 = DIRECTION ( 'NONE',  ( -1.000000000000000000, -3.304235192336774723E-15, 0.000000000000000000 ) ) ;
#5442 = LINE ( 'NONE', #266, #5027 ) ;
#5443 = FACE_OUTER_BOUND ( 'NONE', #5586, .T. ) ;
#5444 = DIRECTION ( 'NONE',  ( -2.168404344971008868E-16, 0.000000000000000000, 1.000000000000000000 ) ) ;
#5445 = FACE_OUTER_BOUND ( 'NONE', #3662, .T. ) ;
#5446 = CARTESIAN_POINT ( 'NONE',  ( 0.000000000000000000, 0.1499999999999999944, 0.000000000000000000 ) ) ;
#5447 = CARTESIAN_POINT ( 'NONE',  ( -4.000000000000003553, 5.398423317167407823E-16, 1.224999999999999423 ) ) ;
#5448 = ORIENTED_EDGE ( 'NONE', *, *, #3236, .T. ) ;
#5449 = VERTEX_POINT ( 'NONE', #393 ) ;
#5450 = DIRECTION ( 'NONE',  ( -0.000000000000000000, -1.000000000000000000, -0.000000000000000000 ) ) ;
#5451 = EDGE_CURVE ( 'NONE', #620, #506, #2605, .T. ) ;
#5452 = ORIENTED_EDGE ( 'NONE', *, *, #125, .F. ) ;
#5453 = DIRECTION ( 'NONE',  ( -0.000000000000000000, 0.000000000000000000, 1.000000000000000000 ) ) ;
#5454 = EDGE_CURVE ( 'NONE', #3337, #1761, #2332, .T. ) ;
#5455 = ORIENTED_EDGE ( 'NONE', *, *, #5554, .F. ) ;
#5456 = CARTESIAN_POINT ( 'NONE',  ( 3.000000000000003553, 0.2000000000000005940, -1.374999999999999556 ) ) ;
#5457 = FACE_OUTER_BOUND ( 'NONE', #2001, .T. ) ;
#5458 = ORIENTED_EDGE ( 'NONE', *, *, #886, .T. ) ;
#5459 = ORIENTED_EDGE ( 'NONE', *, *, #3720, .F. ) ;
#5460 = DIRECTION ( 'NONE',  ( 0.000000000000000000, -1.000000000000000000, 0.000000000000000000 ) ) ;
#5461 = DIRECTION ( 'NONE',  ( -0.000000000000000000, -1.000000000000000000, -0.000000000000000000 ) ) ;
#5462 = VECTOR ( 'NONE', #4784, 1000.000000000000000 ) ;
#5463 = LINE ( 'NONE', #2889, #2497 ) ;
#5464 = VECTOR ( 'NONE', #3275, 1000.000000000000000 ) ;
#5465 = CARTESIAN_POINT ( 'NONE',  ( 2.075000000000000178, 0.1499999999999999944, -2.399999999999999911 ) ) ;
#5466 = ORIENTED_EDGE ( 'NONE', *, *, #3724, .F. ) ;
#5467 = DIRECTION ( 'NONE',  ( -0.000000000000000000, 1.000000000000000000, -0.000000000000000000 ) ) ;
#5468 = DIRECTION ( 'NONE',  ( 1.000000000000000000, -3.491481338843133355E-15, 0.000000000000000000 ) ) ;
#5469 = CARTESIAN_POINT ( 'NONE',  ( -2.799999999999999822, 1.350000000000000089, -1.399999999999999689 ) ) ;
#5470 = ADVANCED_FACE ( 'NONE', ( #2027 ), #2887, .T. ) ;
#5471 = CARTESIAN_POINT ( 'NONE',  ( 2.550000000000000266, 1.475000000000000089, -1.389999999999999680 ) ) ;
#5472 = AXIS2_PLACEMENT_3D ( 'NONE', #5184, #375, #4252 ) ;
#5473 = CARTESIAN_POINT ( 'NONE',  ( 1.449999999999999956, 1.200000000000000178, 1.300000000000000044 ) ) ;
#5474 = DIRECTION ( 'NONE',  ( 0.000000000000000000, 0.000000000000000000, -1.000000000000000000 ) ) ;
#5475 = AXIS2_PLACEMENT_3D ( 'NONE', #5541, #2141, #837 ) ;
#5476 = CARTESIAN_POINT ( 'NONE',  ( -2.750000000000000444, 1.300000000000000266, 0.9499999999999998446 ) ) ;
#5477 = VERTEX_POINT ( 'NONE', #1660 ) ;
#5478 = AXIS2_PLACEMENT_3D ( 'NONE', #182, #3651, #4110 ) ;
#5479 = ORIENTED_EDGE ( 'NONE', *, *, #5554, .T. ) ;
#5480 = LINE ( 'NONE', #5428, #791 ) ;
#5481 = ORIENTED_EDGE ( 'NONE', *, *, #543, .F. ) ;
#5482 = CIRCLE ( 'NONE', #2673, 0.09000000000000023259 ) ;
#5483 = VECTOR ( 'NONE', #4499, 1000.000000000000000 ) ;
#5484 = CARTESIAN_POINT ( 'NONE',  ( 3.000000000000003109, 0.2000000000000007050, 1.374999999999999556 ) ) ;
#5485 = AXIS2_PLACEMENT_3D ( 'NONE', #4277, #3906, #767 ) ;
#5486 = ORIENTED_EDGE ( 'NONE', *, *, #3865, .F. ) ;
#5487 = AXIS2_PLACEMENT_3D ( 'NONE', #5484, #1204, #2934 ) ;
#5488 = DIRECTION ( 'NONE',  ( 0.000000000000000000, 0.000000000000000000, 1.000000000000000000 ) ) ;
#5489 = ADVANCED_FACE ( 'NONE', ( #367 ), #5519, .F. ) ;
#5490 = ADVANCED_FACE ( 'NONE', ( #5493 ), #818, .T. ) ;
#5491 = LINE ( 'NONE', #1606, #3647 ) ;
#5492 = ORIENTED_EDGE ( 'NONE', *, *, #644, .T. ) ;
#5493 = FACE_OUTER_BOUND ( 'NONE', #3107, .T. ) ;
#5494 = AXIS2_PLACEMENT_3D ( 'NONE', #750, #2473, #4203 ) ;
#5495 = DIRECTION ( 'NONE',  ( 1.872461465063586570E-16, 1.000000000000000000, -1.204669080539449837E-16 ) ) ;
#5496 = FACE_OUTER_BOUND ( 'NONE', #1687, .T. ) ;
#5497 = EDGE_CURVE ( 'NONE', #3590, #5592, #1608, .T. ) ;
#5498 = VECTOR ( 'NONE', #2441, 1000.000000000000000 ) ;
#5499 = FACE_OUTER_BOUND ( 'NONE', #2161, .T. ) ;
#5500 = ORIENTED_EDGE ( 'NONE', *, *, #3487, .T. ) ;
#5501 = CARTESIAN_POINT ( 'NONE',  ( -2.799999999999999822, 1.300000000000000266, 1.399999999999999689 ) ) ;
#5502 = DIRECTION ( 'NONE',  ( -3.491481338843133355E-15, -1.000000000000000000, 0.000000000000000000 ) ) ;
#5503 = CARTESIAN_POINT ( 'NONE',  ( 3.850000000000003642, 4.645505141830245173E-16, -1.224999999999999423 ) ) ;
#5504 = DIRECTION ( 'NONE',  ( -1.000000000000000000, 3.304235192336774723E-15, -0.000000000000000000 ) ) ;
#5505 = AXIS2_PLACEMENT_3D ( 'NONE', #2107, #1267, #3876 ) ;
#5506 = PLANE ( 'NONE',  #1872 ) ;
#5507 = LINE ( 'NONE', #1112, #2866 ) ;
#5508 = CARTESIAN_POINT ( 'NONE',  ( 1.399999999999999911, 0.2499999999999998890, 2.750000000000000000 ) ) ;
#5509 = ORIENTED_EDGE ( 'NONE', *, *, #1551, .T. ) ;
#5510 = EDGE_CURVE ( 'NONE', #1205, #1440, #4612, .T. ) ;
#5511 = ORIENTED_EDGE ( 'NONE', *, *, #4997, .T. ) ;
#5512 = DIRECTION ( 'NONE',  ( 0.000000000000000000, -1.000000000000000000, -0.000000000000000000 ) ) ;
#5513 = ORIENTED_EDGE ( 'NONE', *, *, #1845, .F. ) ;
#5514 = CARTESIAN_POINT ( 'NONE',  ( -2.025000000000000355, 0.1499999999999999944, -1.399999999999999689 ) ) ;
#5515 = EDGE_LOOP ( 'NONE', ( #4881, #2636, #2280, #778, #2816, #4484, #332 ) ) ;
#5516 = DIRECTION ( 'NONE',  ( -0.000000000000000000, -1.000000000000000000, -0.000000000000000000 ) ) ;
#5517 = ADVANCED_FACE ( 'NONE', ( #2082 ), #5068, .T. ) ;
#5518 = LINE ( 'NONE', #868, #1403 ) ;
#5519 = PLANE ( 'NONE',  #3785 ) ;
#5520 = LINE ( 'NONE', #4668, #1684 ) ;
#5521 = LINE ( 'NONE', #4217, #5130 ) ;
#5522 = CARTESIAN_POINT ( 'NONE',  ( -1.732649100570680790E-16, 1.304807197859290947E-15, 0.9249999999999998224 ) ) ;
#5523 = ORIENTED_EDGE ( 'NONE', *, *, #4496, .T. ) ;
#5524 = LINE ( 'NONE', #3851, #2028 ) ;
#5525 = FACE_OUTER_BOUND ( 'NONE', #1514, .T. ) ;
#5526 = EDGE_CURVE ( 'NONE', #4288, #4515, #838, .T. ) ;
#5527 = DIRECTION ( 'NONE',  ( 1.000000000000000000, -3.304235192336774723E-15, 0.000000000000000000 ) ) ;
#5528 = LINE ( 'NONE', #3372, #4126 ) ;
#5529 = EDGE_CURVE ( 'NONE', #2882, #5030, #2566, .T. ) ;
#5530 = CARTESIAN_POINT ( 'NONE',  ( -2.949999999999999289, 1.199999999999981304, 0.9499999999999997335 ) ) ;
#5531 = FACE_OUTER_BOUND ( 'NONE', #647, .T. ) ;
#5532 = FACE_OUTER_BOUND ( 'NONE', #352, .T. ) ;
#5533 = ORIENTED_EDGE ( 'NONE', *, *, #1824, .F. ) ;
#5534 = EDGE_LOOP ( 'NONE', ( #4161, #1571, #5167, #5204 ) ) ;
#5535 = CARTESIAN_POINT ( 'NONE',  ( 2.550000000000000266, 1.350000000000000089, 0.000000000000000000 ) ) ;
#5536 = ORIENTED_EDGE ( 'NONE', *, *, #5253, .F. ) ;
#5537 = CARTESIAN_POINT ( 'NONE',  ( 2.974999999999999645, 0.9000000000000002442, -0.9499999999999997335 ) ) ;
#5538 = ADVANCED_FACE ( 'NONE', ( #2939 ), #2142, .T. ) ;
#5539 = ORIENTED_EDGE ( 'NONE', *, *, #441, .T. ) ;
#5540 = CARTESIAN_POINT ( 'NONE',  ( 1.399999999999999911, 0.2999999999999999334, 2.699999999999999734 ) ) ;
#5541 = CARTESIAN_POINT ( 'NONE',  ( 2.074999999999999734, 0.1499999999999999944, -1.399999999999999689 ) ) ;
#5542 = CARTESIAN_POINT ( 'NONE',  ( -4.000000000000003553, 0.1500000000000004108, -1.224999999999999423 ) ) ;
#5543 = DIRECTION ( 'NONE',  ( -0.000000000000000000, -0.000000000000000000, 1.000000000000000000 ) ) ;
#5544 = CARTESIAN_POINT ( 'NONE',  ( 1.449999999999999956, 0.2999999999999999334, 2.699999999999999734 ) ) ;
#5545 = FACE_OUTER_BOUND ( 'NONE', #1029, .T. ) ;
#5546 = ORIENTED_EDGE ( 'NONE', *, *, #2899, .F. ) ;
#5547 = CARTESIAN_POINT ( 'NONE',  ( 2.475000000000000089, 0.000000000000000000, -1.399999999999999689 ) ) ;
#5548 = AXIS2_PLACEMENT_3D ( 'NONE', #709, #4190, #651 ) ;
#5549 = CYLINDRICAL_SURFACE ( 'NONE', #4575, 0.1999999999999998723 ) ;
#5550 = CARTESIAN_POINT ( 'NONE',  ( -2.799999999999999822, 1.475000000000000089, 1.389999999999999680 ) ) ;
#5551 = PLANE ( 'NONE',  #1600 ) ;
#5552 = CIRCLE ( 'NONE', #3109, 0.2000000000000000666 ) ;
#5553 = CARTESIAN_POINT ( 'NONE',  ( -2.550000000000000266, 1.499999999999999556, 0.9499999999999997335 ) ) ;
#5554 = EDGE_CURVE ( 'NONE', #213, #2426, #790, .T. ) ;
#5555 = ORIENTED_EDGE ( 'NONE', *, *, #1229, .F. ) ;
#5556 = EDGE_CURVE ( 'NONE', #2191, #3462, #3816, .T. ) ;
#5557 = FACE_OUTER_BOUND ( 'NONE', #2742, .T. ) ;
#5558 = ORIENTED_EDGE ( 'NONE', *, *, #4864, .T. ) ;
#5559 = AXIS2_PLACEMENT_3D ( 'NONE', #2691, #3117, #120 ) ;
#5560 = ADVANCED_FACE ( 'NONE', ( #2456 ), #1161, .F. ) ;
#5561 = EDGE_LOOP ( 'NONE', ( #1870, #1067, #3341, #289 ) ) ;
#5562 = VECTOR ( 'NONE', #2491, 1000.000000000000000 ) ;
#5563 = DIRECTION ( 'NONE',  ( 3.304235192336774723E-15, -1.000000000000000000, -1.032573497605241854E-16 ) ) ;
#5564 = ORIENTED_EDGE ( 'NONE', *, *, #4635, .T. ) ;
#5565 = LINE ( 'NONE', #1153, #432 ) ;
#5566 = VECTOR ( 'NONE', #4779, 1000.000000000000000 ) ;
#5567 = ORIENTED_EDGE ( 'NONE', *, *, #3996, .T. ) ;
#5568 = CARTESIAN_POINT ( 'NONE',  ( 3.000000000000003109, 0.2000000000000007050, 1.374999999999999556 ) ) ;
#5569 = VECTOR ( 'NONE', #5244, 1000.000000000000000 ) ;
#5570 = ADVANCED_FACE ( 'NONE', ( #4269 ), #4691, .T. ) ;
#5571 = FACE_OUTER_BOUND ( 'NONE', #1629, .T. ) ;
#5572 = DIRECTION ( 'NONE',  ( 1.000000000000000000, 3.304235192336774329E-15, -0.000000000000000000 ) ) ;
#5573 = EDGE_CURVE ( 'NONE', #5138, #1121, #3787, .T. ) ;
#5574 = DIRECTION ( 'NONE',  ( -1.000000000000000000, 3.304235192336774723E-15, -0.000000000000000000 ) ) ;
#5575 = FACE_OUTER_BOUND ( 'NONE', #842, .T. ) ;
#5576 = VECTOR ( 'NONE', #3596, 1000.000000000000000 ) ;
#5577 = ORIENTED_EDGE ( 'NONE', *, *, #2381, .F. ) ;
#5578 = CARTESIAN_POINT ( 'NONE',  ( -2.974999999999999645, 0.9000000000000000222, -0.9499999999999997335 ) ) ;
#5579 = ORIENTED_EDGE ( 'NONE', *, *, #2102, .F. ) ;
#5580 = VECTOR ( 'NONE', #1092, 1000.000000000000000 ) ;
#5581 = DIRECTION ( 'NONE',  ( -1.286288226170732780E-48, 0.000000000000000000, -1.000000000000000000 ) ) ;
#5582 = AXIS2_PLACEMENT_3D ( 'NONE', #3587, #3960, #3988 ) ;
#5583 = DIRECTION ( 'NONE',  ( 1.807003620809173892E-16, 1.000000000000000000, -1.204669080539450330E-16 ) ) ;
#5584 = VECTOR ( 'NONE', #1878, 1000.000000000000000 ) ;
#5585 = PLANE ( 'NONE',  #3463 ) ;
#5586 = EDGE_LOOP ( 'NONE', ( #4117, #411, #2171, #785 ) ) ;
#5587 = EDGE_CURVE ( 'NONE', #4405, #5141, #3445, .T. ) ;
#5588 = LINE ( 'NONE', #854, #3213 ) ;
#5589 = ORIENTED_EDGE ( 'NONE', *, *, #987, .T. ) ;
#5590 = VECTOR ( 'NONE', #2431, 1000.000000000000000 ) ;
#5591 = EDGE_CURVE ( 'NONE', #5296, #5264, #2622, .T. ) ;
#5592 = VERTEX_POINT ( 'NONE', #448 ) ;
#5593 = CARTESIAN_POINT ( 'NONE',  ( 2.550000000000000266, 1.475000000000000089, -0.9499999999999997335 ) ) ;
ENDSEC;
END-ISO-10303-21;
