:020000040800F2
:1000000000000220459200088D8F0008958F00089F
:100010009D8F0008A58F0008AD8F0008000000002C
:10002000000000000000000000000000B58F000884
:10003000C38F000800000000D18F0008DF8F000888
:1000400095920008959200089592000895920008F4
:1000500095920008EB8F0008959200089592000891
:10006000F98F000895920008959200089592000873
:1000700095920008959200089592000895920008C4
:100080009592000895920008099000089592000842
:100090009592000895920008959200081D9000081E
:1000A000959200083D9000089592000895920008EE
:1000B0009592000895920008959200089592000884
:1000C0009592000895920008959200089592000874
:1000D00095920008519000089592000895920008AA
:1000E0006590000895920008959200089592000886
:1000F0009592000895920008959200089592000844
:100100009592000895920008959200089592000833
:100110009592000895920008959200089592000823
:100120009592000895920008959200089592000813
:100130009592000895920008959200089592000803
:1001400095920008959200089592000895920008F3
:1001500095920008959200089592000895920008E3
:1001600095920008959200089592000895920008D3
:1001700095920008959200089592000800000000F2
:08018000959200089592000819
:1001900010B5054C237833B9044B13B10448AFF3C1
:1001A00000800123237010BD980200200000000091
:1001B0006475010808B5034B1BB103490348AFF34D
:1001C000008008BD000000009C020020647501084A
:1001D00001F0FF01102A2BDB10F0070F08D010F8F8
:1001E000013B013A8B422DD010F0070F42B3F6D1FC
:1001F000F0B441EA012141EA014122F007047FF015
:1002000000070023F0E80256083C85EA010586EA6B
:10021000010685FA47F5A3FA87F586FA47F6A5FAA7
:1002200087F68EB9EED1F0BC01F0FF0102F00702B3
:1002300032B110F8013B013A83EA010313B1F8D15E
:100240000020704701387047002D06BF354603383F
:10025000073815F0010F07D1013015F4807F02BF78
:10026000013015F4C03F0130F0BC0138704700BFC9
:10027000034613F8012B002AFBD1181A01387047E6
:1002800081F0004102E000BF83F0004330B54FEA47
:1002900041044FEA430594EA050F08BF90EA020FB4
:1002A0001FBF54EA000C55EA020C7FEA645C7FEA47
:1002B000655C00F0E2804FEA5454D4EB5555B8BF6A
:1002C0006D420CDD2C4480EA020281EA030382EADB
:1002D000000083EA010180EA020281EA0303362D6D
:1002E00088BF30BD11F0004F4FEA01314FF4801C40
:1002F0004CEA113102D0404261EB410113F0004F52
:100300004FEA03334CEA133302D0524263EB430308
:1003100094EA050F00F0A780A4F10104D5F1200EA6
:100320000DDB02FA0EFC22FA05F2801841F1000101
:1003300003FA0EF2801843FA05F359410EE0A5F1D5
:1003400020050EF1200E012A03FA0EFC28BF4CF006
:10035000020C43FA05F3C01851EBE37101F00045BC
:1003600007D54FF0000EDCF1000C7EEB00006EEBC9
:100370000101B1F5801F1BD3B1F5001F0CD3490853
:100380005FEA30004FEA3C0C04F101044FEA4452AA
:1003900012F5800F80F09A80BCF1004F08BF5FEA31
:1003A000500C50F1000041EB045141EA050130BD11
:1003B0005FEA4C0C404141EB0101013C28BFB1F523
:1003C000801FE9D291F0000F04BF01460020B1FA6E
:1003D00081F308BF2033A3F10B03B3F120020CDA41
:1003E0000C3208DD02F1140CC2F10C0201FA0CF01F
:1003F00021FA02F10CE002F11402D8BFC2F1200C84
:1004000001FA02F120FA0CFCDCBF41EA0C01904039
:10041000E41AA2BF01EB0451294330BD6FEA040482
:100420001F3C1CDA0C340EDC04F11404C4F120026D
:1004300020FA04F001FA02F340EA030021FA04F37F
:1004400045EA030130BDC4F10C04C4F1200220FAD6
:1004500002F001FA04F340EA0300294630BD21FA14
:1004600004F0294630BD94F0000F83F4801306BFDA
:1004700081F480110134013D4EE77FEA645C18BFCE
:100480007FEA655C29D094EA050F08BF90EA020F65
:1004900005D054EA000C04BF1946104630BD91EA5D
:1004A000030F1EBF0021002030BD5FEA545C05D160
:1004B0004000494128BF41F0004130BD14F580049F
:1004C0003CBF01F5801130BD01F0004545F0FE4113
:1004D00041F470014FF0000030BD7FEA645C1ABF48
:1004E000194610467FEA655C1CBF0B46024650EA7F
:1004F000013406BF52EA033591EA030F41F40021AB
:1005000030BD00BF90F0000F04BF0021704730B530
:100510004FF4806404F132044FF000054FF0000105
:1005200050E700BF90F0000F04BF0021704730B5C6
:100530004FF4806404F1320410F0004548BF40429B
:100540004FF000013EE700BF42004FEAE2014FEAF0
:1005500031014FEA02701FBF12F07F4393F07F4FCB
:1005600081F06051704732F07F4208BF704793F0CE
:100570007F4F04BF41F40021704730B54FF46074E1
:1005800001F0004521F000411CE700BF50EA0102E4
:1005900008BF704730B54FF000050AE050EA01028D
:1005A00008BF704730B511F0004502D5404261EBFD
:1005B00041014FF4806404F132045FEA915C3FF43E
:1005C000D8AE4FF003025FEADC0C18BF03325FEADB
:1005D000DC0C18BF033202EBDC02C2F1200300FA8C
:1005E00003FC20FA02F001FA03FE40EA0E0021FAB1
:1005F00002F11444BDE600BF70B54FF0FF0C4CF49F
:10060000E06C1CEA11541DBF1CEA135594EA0C0F50
:1006100095EA0C0F00F0DEF82C4481EA030621EA8B
:100620004C5123EA4C5350EA013518BF52EA0335C6
:1006300041F4801143F4801338D0A0FB02CE4FF078
:100640000005E1FB02E506F00042E0FB03E54FF0A8
:100650000006E1FB03569CF0000F18BF4EF0010EA0
:10066000A4F1FF04B6F5007F64F5407404D25FEA9C
:100670004E0E6D4146EB060642EAC62141EA55514F
:100680004FEAC52040EA5E504FEACE2EB4F1FD0C91
:1006900088BFBCF5E06F1ED8BEF1004F08BF5FEA0F
:1006A000500E50F1000041EB045170BD06F00046C1
:1006B00046EA010140EA020081EA0301B4EB5C046E
:1006C000C2BFD4EB0C0541EA045170BD41F4801166
:1006D0004FF0000E013C00F3AB8014F1360FDEBF8B
:1006E000002001F0004170BDC4F10004203C35DA67
:1006F0000C341BDC04F11404C4F1200500FA05F3EA
:1007000020FA04F001FA05F240EA020001F000428A
:1007100021F0004110EBD37021FA04F642EB060100
:100720005EEA430E08BF20EAD37070BDC4F10C042A
:10073000C4F1200500FA04F320FA05F001FA04F2EE
:1007400040EA020001F0004110EBD37041F10001DA
:100750005EEA430E08BF20EAD37070BDC4F12005E5
:1007600000FA05F24EEA020E20FA04F301FA05F24D
:1007700043EA020321FA04F001F0004121FA04F2F5
:1007800020EA020000EBD3705EEA430E08BF20EAC5
:10079000D37070BD94F0000F0FD101F000464000FF
:1007A00041EB010111F4801F08BF013CF7D041EA81
:1007B000060195F0000F18BF704703F00046520085
:1007C00043EB030313F4801F08BF013DF7D043EA56
:1007D0000603704794EA0C0F0CEA135518BF95EA0C
:1007E0000C0F0CD050EA410618BF52EA4306D1D193
:1007F00081EA030101F000414FF0000070BD50EAB2
:10080000410606BF1046194652EA430619D094EA3B
:100810000C0F02D150EA013613D195EA0C0F05D125
:1008200052EA03361CBF104619460AD181EA030179
:1008300001F0004141F0FE4141F470014FF0000031
:1008400070BD41F0FE4141F4780170BD70B54FF0CC
:10085000FF0C4CF4E06C1CEA11541DBF1CEA13554C
:1008600094EA0C0F95EA0C0F00F0A7F8A4EB05042E
:1008700081EA030E52EA03354FEA013100F0888025
:100880004FEA03334FF0805545EA131343EA1263EE
:100890004FEA022245EA111545EA10654FEA0026A3
:1008A0000EF000419D4208BF964244F1FD0404F55C
:1008B000407402D25B084FEA3202B61A65EB0305B8
:1008C0005B084FEA32024FF480104FF4002CB6EB75
:1008D000020E75EB030E22BFB61A754640EA0C00F5
:1008E0005B084FEA3202B6EB020E75EB030E22BF35
:1008F000B61A754640EA5C005B084FEA3202B6EB76
:10090000020E75EB030E22BFB61A754640EA9C0034
:100910005B084FEA3202B6EB020E75EB030E22BF04
:10092000B61A754640EADC0055EA060E18D04FEAC2
:10093000051545EA16754FEA06164FEAC30343EA62
:1009400052734FEAC2025FEA1C1CC0D111F4801F2F
:100950000BD141EA00014FF000004FF0004CB6E728
:1009600011F4801F04BF01430020B4F1FD0C88BFC7
:10097000BCF5E06F3FF6AFAEB5EB030C04BFB6EBD2
:10098000020C5FEA500C50F1000041EB045170BDC5
:100990000EF0004E4EEA113114EB5C04C2BFD4EBF2
:1009A0000C0541EA045170BD41F480114FF0000E76
:1009B000013C90E645EA060E8DE60CEA135594EAF2
:1009C0000C0F08BF95EA0C0F3FF43BAF94EA0C0FF5
:1009D0000AD150EA01347FF434AF95EA0C0F7FF46A
:1009E00025AF104619462CE795EA0C0F06D152EABE
:1009F00003353FF4FDAE1046194622E750EA4106A2
:100A000018BF52EA43067FF4C5AE50EA41047FF4B2
:100A10000DAF52EA43057FF4EBAE12E74FF0FF3C17
:100A200006E000BF4FF0010C02E000BF4FF0010CE8
:100A30004DF804CD4FEA410C7FEA6C5C4FEA430C61
:100A400018BF7FEA6C5C1BD001B050EA410C0CBFB0
:100A500052EA430C91EA030F02BF90EA020F002012
:100A6000704710F1000F91EA030F58BF994208BF79
:100A700090422CBFD8176FEAE37040F00100704736
:100A80004FEA410C7FEA6C5C02D150EA013C07D18D
:100A90004FEA430C7FEA6C5CD6D152EA033CD3D0D8
:100AA0005DF8040B704700BF8446104662468C46D2
:100AB0001946634600E000BF01B5FFF7B7FF002805
:100AC00048BF10F1000F01BD4DF808EDFFF7F4FF2E
:100AD0000CBF012000205DF808FB00BF4DF808EDB9
:100AE000FFF7EAFF34BF012000205DF808FB00BFDC
:100AF0004DF808EDFFF7E0FF94BF012000205DF8FE
:100B000008FB00BF4DF808EDFFF7CEFF94BF0120B2
:100B100000205DF808FB00BF4DF808EDFFF7C4FFAB
:100B200034BF012000205DF808FB00BF4FEA410CF4
:100B30007FEA6C5C02D150EA013C0AD14FEA430CD7
:100B40007FEA6C5C02D152EA033C02D14FF0000014
:100B500070474FF0010070474FEA410212F5001252
:100B600015D211D56FF47873B3EB625212D94FEAF4
:100B7000C12343F0004343EA505311F0004F23FADE
:100B800002F018BF404270474FF00000704750EA33
:100B9000013005D111F0004008BF6FF000407047F0
:100BA0004FF00000704700BF4A0011D212F500124A
:100BB00011D20DD56FF47873B3EB62520ED44FEAB5
:100BC000C12343F0004343EA505323FA02F0704735
:100BD0004FF00000704750EA013002D14FF0FF3073
:100BE00070474FF0000070474FEA4102B2F1E04316
:100BF00024BFB3F5001CDCF1FE5C0DD901F0004C04
:100C00004FEAC0024CEA5070B2F1004F40EB830053
:100C100008BF20F00100704711F0804F21D113F17F
:100C20003872BCBF01F00040704741F480114FEAB8
:100C30005252C2F11802C2F1200C10FA0CF320FA41
:100C400002F018BF40F001004FEAC1234FEAD3235E
:100C500003FA0CFC40EA0C0023FA02F34FEA4303C8
:100C6000CCE77FEA625307D150EA01331EBF4FF051
:100C7000FE4040F44000704701F0004040F0FE406C
:100C800040F40000704700BF7BB972B90029BEBFB5
:100C900000204FF0004106E008BF00281CBF6FF0A5
:100CA00000414FF0FF3000F009BAADF1080C6DE9DA
:100CB00004CE002909DB002B1ADB00F083F8DDF8F5
:100CC00004E0DDE9022304B07047404261EB4101DA
:100CD000002B1BDB00F076F8DDF804E0DDE90223F1
:100CE00004B0404261EB4101524263EB4303704761
:100CF000524263EB430300F065F8DDF804E0DDE900
:100D0000022304B0404261EB41017047524263EB61
:100D1000430300F057F8DDF804E0DDE9022304B0F6
:100D2000524263EB4303704753B94AB9002908BFE5
:100D300000281CBF4FF0FF314FF0FF3000F0BEB96C
:100D4000ADF1080C6DE904CE00F03CF8DDF804E0EC
:100D5000DDE9022304B0704738B5002200230446C1
:100D60000D46FFF7BBFE28B920462946BDE83840AE
:100D700000F00AB8204605F1004100F005F84042B5
:100D800061EB410138BD00BFD0B50C4B00220646D7
:100D90000F46FFF731FCFFF707FF0446FFF7B2FBF2
:100DA000074B0022FFF728FC02460B463046394627
:100DB000FFF76AFAFFF7F8FE2146D0BD0000F03DCC
:100DC0000000F0412DE9F047089D0F4604468C468F
:100DD000002B48D18A42164661D9B2FA82F34BB150
:100DE000C3F1200201FA03FC20FA02F29E4042EA1B
:100DF0000C0C9C404FEA164EB7B2BCFBFEF1220C25
:100E00000EFB11CC42EA0C4201FB07F0904209D9DB
:100E1000B21801F1FF3C80F0EE80904240F2EB808E
:100E200002393244121AA4B2B2FBFEF00EFB1022B9
:100E300044EA024400FB07F7A74209D9341900F13C
:100E4000FF3280F0DA80A74240F2D7803444023883
:100E500040EA0140E41B00211DB1DC400023C5E94C
:100E60000043BDE8F0878B4206D90DB1C5E900010A
:100E700000210846BDE8F087B3FA83F1002948D184
:100E8000BB4202D3824200F20781841A67EB03025D
:100E900001209446002DE4D0C5E9004CE1E7002A8A
:100EA00000F09280B2FA82F3002B40F0A8808A1AF8
:100EB0004FEA164E1FFA86FC0121200CB2FBFEF70A
:100EC0000EFB172240EA02420CFB07F0904207D9C2
:100ED000B21807F1FF3802D2904200F2E280474692
:100EE000121AA4B2B2FBFEF00EFB102244EA024436
:100EF0000CFB00FCA44507D9341900F1FF3202D2E3
:100F0000A44500F2CB801046A4EB0C0440EA074055
:100F1000A2E7C1F120068B4022FA06FC4CEA030C42
:100F200007FA01F420FA06F3F7404FEA1C4923437D
:100F300000FA01F81FFA8CFEB7FBF9F01C0C09FB54
:100F4000107744EA074400FB0EF7A74202FA01F2C9
:100F50000AD91CEB040400F1FF3A80F09B80A74201
:100F600040F2988002386444E41B9FB2B4FBF9F36A
:100F700009FB134447EA044403FB0EFEA64509D9C6
:100F80001CEB040403F1FF3780F08280A6457FD973
:100F9000023B644443EA0040A4EB0E04A0FB02E7DA
:100FA000BC427346B94663D360D05DB1B8EB03026F
:100FB00064EB090404FA06F622FA01F31E43CC405E
:100FC000C5E9006400214CE76208480842EAC171A3
:100FD0000B0C43EA00438AB242EA0342B3FBF6F148
:100FE000E407B4463746B6461F23B0FBF6F0D21BE3
:100FF00041EA004161E7614614E7104628E7C3F182
:10100000200120FA01F29E4027FA01F19F403A4365
:101010004FEA164E1FFA86FCB1FBFEF70EFB1710C7
:10102000110C41EA004107FB0CF8884504FA03F46F
:101030003AD9711807F1FF3001D288451FD8A1EBCA
:101040000801B1FBFEF808FB0CF70EFB181192B279
:1010500042EA0142BA422FD2B21808F1FF31C6D299
:10106000BA42C4D2A8F102013244C0E7F0459CD292
:10107000BEEB020367EB0C070138B94695E7A6EB18
:1010800008084144B81EB1FBFEF808FB0CF7DCE78A
:101090003B467FE7504667E70846FBE634440238A4
:1010A00032E7023F32441BE7A1EB08013846B1FBAF
:1010B000FEF808FB0CF7C8E7414698E7704700BF09
:1010C00080B500AF05F0A6F806F03CFB00F026FC6A
:1010D000044804F0E3FD572005F0FDFA05F05EFC3E
:1010E00000BF80BDBC2F002080B52DED028B9EB0CF
:1010F00000AF07F10803184605F00AFB3B46184607
:1011000005F014FCB7F9083007EE903AF8EEE77AEC
:10111000C7ED1D7AB7F90A3007EE903AF8EEE77A94
:10112000C7ED1C7AB7F90C3007EE903AF8EEE77A83
:10113000C7ED1B7AB7F9003007EE903AF8EEE77A80
:10114000C7ED1A7AB7F9023007EE903AF8EEE77A6F
:10115000C7ED197AB7F9043007EE903AF8EEE77A5E
:10116000C7ED187ACA4BFB65CA4BBB65CA4B7B659A
:10117000CA4B3B65CA4BFB64CA4BBB64CA4B7B641E
:10118000CA4B3B64CA4BFB63CA4BBB63CA4B7B6312
:10119000CA4B3B6397ED1A7AD7ED177A77EE677AE9
:1011A000C7ED0B7A97ED197AD7ED167A77EE677A55
:1011B000C7ED0A7A97ED187AD7ED157A77EE677A48
:1011C000C7ED097A97ED147AD7ED0B7A27EE277AD7
:1011D000D7ED136AD7ED0A7A66EEA77A37EE277A4B
:1011E000D7ED126AD7ED097A66EEA77A77EE277AFD
:1011F000C7ED087A97ED117AD7ED0B7A27EE277AAB
:10120000D7ED106AD7ED0A7A66EEA77A37EE277A1D
:10121000D7ED0F6AD7ED097A66EEA77A77EE277ACF
:10122000C7ED077A97ED0E7AD7ED0B7A27EE277A7E
:10123000D7ED0D6AD7ED0A7A66EEA77A37EE277AF0
:10124000D7ED0C6AD7ED097A66EEA77A77EE277AA2
:10125000C7ED067AD7ED1D7AB1EE678AD7ED1C7A15
:1012600027EEA77AD7ED1B7A67EEA77A77EE277A73
:10127000B0EE670A12F012FCF0EE407AF0EE670A68
:10128000B0EE480A12F008FC10EE103A1846FFF7CC
:101290005BF902460B468A49C1E90023D7ED1B0AD8
:1012A00097ED1C0A12F0F8FB10EE103A1846FFF703
:1012B0004BF902460B468349C1E90023804BD3E931
:1012C000002310461946FFF78FFC034600EE103A44
:1012D00012F006FCB0EE407AD7ED087A27EE278AA6
:1012E000784BD3E9002310461946FFF77DFC0346EF
:1012F00000EE103A12F02CFCB0EE407AD7ED077AEF
:1013000067EE278A6E4BD3E9002310461946FFF794
:101310006BFC034600EE103A12F01AFCF0EE407A35
:1013200068EEA77A38EE278A664BD3E90023104689
:101330001946FFF759FC034600EE103A12F0D0FBB5
:10134000B0EE407AD7ED067A67EE278A5C4BD3E998
:10135000002310461946FFF747FC034600EE103AFB
:1013600012F0F6FBF0EE407A68EEA77A78EE677A34
:10137000C7ED057A534BD3E9002310461946FFF712
:1013800033FC034600EE103A12F0AAFBB0EE407AAE
:10139000D7ED077A27EE278A4A4BD3E90023104678
:1013A0001946FFF721FC034600EE103A12F0D0FB7D
:1013B000B0EE407AD7ED067A67EE277A78EE277A94
:1013C000C7ED047AD7ED050A97ED040A12F064FB25
:1013D000F0EE407A9FED3C7A67EE877A17EE900A3E
:1013E000FFF7B2F802460B463849C1E90023374BF4
:1013F000D3E900014FF00002354BFEF747FF0246EC
:101400000B463249C1E90023304BD3E900014FF0CC
:1014100000024FF00003FFF761FB0346002B0DD0E5
:101420002A4BD3E900014FF000022A4BFEF72EFFB2
:1014300002460B462549C1E9002317E0234BD3E9B7
:1014400000014FF00002234BFFF75CFB0346002B2B
:101450000CD01E4BD3E900014FF000021D4BFEF7EC
:1014600013FF02460B461949C1E90023174BD3E984
:10147000002310461946FFF7B7FB034600EE103A6B
:1014800001F08AFB00BF7837BD46BDEC028B80BD02
:10149000060159C20AD7233E39B42BC2EE7C7F3FE6
:1014A0004260E5BB6F1203BB6F12833A9CC4803F5E
:1014B00068916DBDF4FD54BC77BE1F3DDBF97E3FE6
:1014C000D8020020D0020020E12E6542E002002078
:1014D000000059400080764080B500AF024804F01B
:1014E0007FFA00BF80BD00BFB402002000000000F2
:1014F000B0B5A6B002AF002006F0FAF9BC4B1A78DE
:10150000BC4B1A70BC4B1B7A002B00F0B381BA4B5A
:101510001B681846FFF718F802460B463846CDE917
:101520000023B64A20210FF043FA0221012006F0E1
:1015300061FA3B460122B249184606F0EFFAAE4B7B
:101540005B681846FFF700F802460B463846CDE9BF
:101550000023AC4A20210FF02BFA0C21012006F0C9
:1015600049FA3B460122A649184606F0D7FA01235C
:101570000093192380221921002006F0F4FA1D217E
:10158000012006F037FA01229D499F4806F0C6FA6D
:101590000023C7F88C302923C7F888300123C7F807
:1015A00084300123C7F880304FE1D7F88030022B18
:1015B00000F04581954AD7F880301B0113440C3365
:1015C0001B78002B00F03C8107F0CCFE02468F49CF
:1015D000D7F880301B010B4408331B68D31A8C4AA0
:1015E000934200F22D81844B1B681846FEF7ACFF36
:1015F00002460B46C7E91E237F4B5B681846FEF781
:10160000A3FF02460B46C7E91C23804AD7F8803067
:101610001B0113441B681846FEF796FF02460B4653
:10162000C7E91A23794AD7F880301B0113440433E1
:101630001B681846FEF788FF02460B46C7E91823C9
:10164000D7E91E23D7E91A01FEF71EFE02460B4614
:101650001046194662A3D3E90023FEF7CDFF0246E8
:101660000B46C7E91623D7E91C23D7E91801FEF773
:101670000BFE02460B461046194659A3D3E9002338
:10168000FEF7BAFF02460B46C7E91423D7E91A232F
:10169000D7E91E01FEF7FAFD02460B461046194631
:1016A0004FF000025B4BFEF7A7FF02460B461046C9
:1016B00019464BA3D3E90023FEF79EFF02460B46D3
:1016C000C7E9122397ED120B12F05EF953EC102BC1
:1016D000D7E91401FEF790FF02460B46C7E9102335
:1016E000D7E91623C7E90E23D7E91023D7E910015C
:1016F000FEF782FF02460B4614461D46D7E90E232D
:10170000D7E90E01FEF778FF02460B462046294630
:10171000FEF7BCFD02460B4643EC172BB0EE470A22
:10172000F0EE670A12F0FCF851EC100B2EA3D3E98F
:101730000023FEF761FF02460B46C7E90C234FF07A
:101740000002354BD7E90C01FFF7C8F90346002B1F
:101750000ED0D7E90C01FFF7FFF9034607F120008F
:101760000093D7F880302D4A10210FF021F912E0B4
:101770004FF00002284BD7E90C01FFF767F802464B
:101780000B4607F12000CDE90023D7F88030244A2A
:1017900010210FF00DF9D7F884309BB2D7F88820CC
:1017A00092B21146184606F025F907F120030122EE
:1017B0001349184606F0B2F9D7F88C300133C7F850
:1017C0008C30D7F88C30002B03F00103B8BF5B429C
:1017D000012B27D14223C7F884302BE0AFF30080E0
:1017E000000000A046DF913F00000000AE4D5841D0
:1017F0002803002029030020F00400208075010840
:10180000AC0000208C750108987501087C0600204A
:10181000DF9304000000E03F00408F40A8750108FE
:10182000B47501080123C7F88430D7F888300C3329
:10183000C7F88830D7F88C30032B0CDC00E000BFF1
:10184000D7F880300133C7F88030D7F88030FF2BCD
:101850007FF7ABAE00E000BFD7F88C30002B12D181
:101860002921012006F0C6F801220B490B4806F099
:1018700055F908E01421012006F0BCF801220649C0
:10188000074806F04BF906F001F8642007F076FDF2
:1018900000BF9037BD46B0BDAC000020C075010848
:1018A000D075010880B500AF04F034FB03461A463A
:1018B000134B1A7004F03AFB03461A46114B1A7088
:1018C00004F040FB03461A460F4B1A7004F0D3FA9B
:1018D00003461A460D4B1A7004F0D9FA03461A460D
:1018E0000B4B1A7004F0DFFA03461A46094B1A70C4
:1018F00004F0E8FA03461A46074B1A8000BF80BD81
:10190000C8020020C9020020CA020020CB02002029
:10191000CC020020CD020020CE02002080B582B093
:1019200000AF3B4600221A60C3F8032003F068FBB7
:1019300003237B710323FB700523BB7005237B709E
:1019400005233B700023BB7103233B713B4693E8A7
:10195000030004F027F900BF0837BD4680BD000032
:1019600080B586B000AF07F10803184604F0D0FE3A
:101970003B46184604F0DAFFB7F9003007EE903A1C
:10198000F8EEE77AC7ED057AB7F9023007EE903A3C
:10199000F8EEE77AC7ED047A304BB3F9003007EE82
:1019A000903AF8EEE77A97ED057AB4EEE77AF1EE41
:1019B00010FA08D5D7ED057AFDEEE77A17EE903AE2
:1019C0001AB2264B1A80254BB3F9023007EE903A33
:1019D000F8EEE77A97ED057AB4EEE77AF1EE10FAD1
:1019E00008DDD7ED057AFDEEE77A17EE903A1AB2E8
:1019F0001A4B5A80194BB3F9043007EE903AF8EEBF
:101A0000E77A97ED047AB4EEE77AF1EE10FA08D5AA
:101A1000D7ED047AFDEEE77A17EE903A1AB20F4B43
:101A20009A800E4BB3F9063007EE903AF8EEE77A5B
:101A300097ED047AB4EEE77AF1EE10FA00DC08E0F4
:101A4000D7ED047AFDEEE77A17EE903A1AB2034B1F
:101A5000DA8000BF1837BD4680BD00BF00000020FF
:101A600080B485B000AF434BB3F902301A46414B06
:101A7000B3F90030134407EE903AB8EEE77AF0EE8F
:101A8000006AC7EE267A3B4BC3ED027A394BB3F9B5
:101A900006301A46374BB3F90430134407EE903A38
:101AA000B8EEE77AF0EE006AC7EE267A314BC3ED66
:101AB000037A304BB3F9023007EE903AB8EEE77A8A
:101AC0002C4BB3F9003007EE903AF8EEE77A37EE98
:101AD000677AF0EE006AC7EE267AC7ED037A254BE7
:101AE000B3F9063007EE903AB8EEE77A214BB3F936
:101AF000043007EE903AF8EEE77A37EE677AF0EEC8
:101B0000006AC7EE267AC7ED027A97ED037AD7ED21
:101B1000027A37EE277AF0EE006AC7EE267AC7ED32
:101B2000017AD7ED037AF5EEC07AF1EE10FA00DC17
:101B300019E0D7ED027AF5EEC07AF1EE10FA00DC8A
:101B400011E0D7ED016A97ED037AC6EE877A094B6B
:101B5000C3ED057AD7ED016A97ED027AC6EE877A72
:101B6000044BC3ED067A00BF1437BD465DF8047B15
:101B7000704700BF0000002080B584B000AF03466E
:101B8000FB8007F0EFFBB8600023FB73FB88BB8191
:101B900005E0BB895B08BB81FB7B0133FB73BB8921
:101BA000012BF6D8FB7B0F2B0CD8FB7B2B4A52F872
:101BB0002330BA68D31AF92B46D9FB7B2749BA6878
:101BC00041F82320FB88184603F09EF90346002BBA
:101BD0003CD1FB88184602F0EDFA0346002B37D1C2
:101BE000FB88B3F5004F29D0B3F5004F32DCB3F5D5
:101BF000006F1AD0B3F5006F2CDCB3F5806F0ED0F8
:101C0000B3F5806F26DCB3F5007F14D0B3F5007F09
:101C100020DC802B0CD0B3F5807F03D01AE000F0DD
:101C200047FB18E000F066F915E000F027F812E035
:101C300000F09AFA0FE000F0F7FA0CE000F012F86A
:101C4000074B08221A7006E000BF04E000BF02E064
:101C500000BF00E000BF1037BD4680BDE802002095
:101C60002803002080B400AF034B0122DA7000BFCC
:101C7000BD465DF8047B70479400002080B586B0B7
:101C800000AF8E4B1B78072B0FD0072B00F3108172
:101C9000022B02D0032B04D00AE1884B01221A70D8
:101CA00007E1864B02221A7003E1854B1B78062B55
:101CB00000F2FA8001A252F823F000BFD91C0008FC
:101CC0001B1D00085D1D00089F1D0008E71D000882
:101CD000291E00086B1E00087A4B1B78182B03D1B5
:101CE000784B00221A7005E0764B1B780133DAB28C
:101CF000744B1A70734B1B781A463B1D7249184679
:101D00000EF08CFE00212A2005F074FE3B1D0122FE
:101D10006E49184605F002FFC7E06D4B1B783C2B5F
:101D200003D16B4B00221A7005E0694B1B7801331D
:101D3000DAB2674B1A70664B1B781A463B1D624934
:101D400018460EF06BFE00213F2005F053FE3B1DB0
:101D500001225E49184605F0E1FEA6E05D4B1B78C6
:101D60003C2B03D15B4B00221A7005E0594B1B78CA
:101D70000133DAB2574B1A70564B1B781A463B1D8B
:101D8000514918460EF04AFE0021542005F032FE5B
:101D90003B1D01224D49184605F0C0FE85E04E4B23
:101DA0001B78062B03D14C4B00221A7005E04A4BDE
:101DB0001B780133DAB2484B1A70474B1B781A462E
:101DC000464B53F822203B1D454918460EF026FE8F
:101DD0000C21012005F00EFE3B1D01223B49184657
:101DE00005F09CFE61E03F4B1B781E2B03D93D4B59
:101DF00001221A7005E03B4B1B780133DAB2394BF4
:101E00001A70384B1B781A463B1D2F4918460EF0A6
:101E100005FE19212A2005F0EDFD3B1D01222B496D
:101E2000184605F07BFE40E02F4B1B780B2B03D9A7
:101E30002D4B01221A7005E02B4B1B780133DAB2CF
:101E4000294B1A70284B1B781A463B1D1E49184611
:101E50000EF0E4FD19213F2005F0CCFD3B1D0122D1
:101E60001A49184605F05AFE1FE0204B1B8842F223
:101E70000E72934205D81D4B1B8801339AB21B4B3F
:101E80001A801A4B1B881A463B1D194918460EF03A
:101E9000C5FD1921542005F0ADFD3B1D01220B4964
:101EA000184605F03BFE00E000BF05F0EFFC00E047
:101EB00000BF00BF1837BD4680BD00BF280300200B
:101EC000700000202A0300206C760108AC0000207E
:101ED0002B0300202C0300202E03002024000020D0
:101EE000747601082D0300202F030020300300200A
:101EF0007C76010880B586B000AF8D4B1B78072B30
:101F00000FD0072B00F30E81012B02D0022B04D03F
:101F100008E1874B02221A7005E1854B03221A70F3
:101F200001E1844B1B78062B00F2F88001A252F8E5
:101F300023F000BF511F0008931F0008D51F0008A1
:101F4000172000085F200008A1200008E3200008F7
:101F5000794B1B78002B03D1774B18221A7005E0C0
:101F6000754B1B78013BDAB2734B1A70724B1B78BE
:101F70001A463B1D714918460EF050FD00212A20DB
:101F800005F038FD3B1D01226D49184605F0C6FDE0
:101F9000C5E06C4B1B78002B03D16A4B3C221A70B6
:101FA00005E0684B1B78013BDAB2664B1A70654B53
:101FB0001B781A463B1D614918460EF02FFD002183
:101FC0003F2005F017FD3B1D01225D49184605F035
:101FD000A5FDA4E05C4B1B78002B03D15A4B3C229F
:101FE0001A7005E0584B1B78013BDAB2564B1A7059
:101FF000554B1B781A463B1D504918460EF00EFDF6
:102000000021542005F0F6FC3B1D01224C491846E6
:1020100005F084FD83E04D4B1B78002B03D14B4B27
:1020200006221A7005E0494B1B78013BDAB2474B98
:102030001A70464B1B781A46454B53F822203B1D1D
:10204000444918460EF0EAFC0C21012005F0D2FCB0
:102050003B1D01223A49184605F060FD5FE03E4B0A
:102060001B78012B03D83C4B1F221A7005E03A4B1A
:102070001B78013BDAB2384B1A70374B1B781A4683
:102080003B1D2E4918460EF0C9FC19212A2005F0E7
:10209000B1FC3B1D01222A49184605F03FFD3EE0F8
:1020A0002E4B1B78012B03D82C4B0C221A7005E009
:1020B0002A4B1B78013BDAB2284B1A70274B1B784E
:1020C0001A463B1D1D4918460EF0A8FC19213F2059
:1020D00005F090FC3B1D01221949184605F01EFD34
:1020E0001DE01F4B1B88002B05D01D4B1B88013B9F
:1020F0009AB21B4B1A801A4B1B881A463B1D194972
:1021000018460EF08BFC1921542005F073FC3B1D82
:1021100001220B49184605F001FD00E000BF05F063
:10212000B5FB00E000BF00BF1837BD4680BD00BF53
:1021300028030020700000202A0300206C7601088C
:10214000AC0000202B0300202C0300202E030020D5
:1021500024000020747601082D0300202F030020A6
:10216000300300207C76010880B500AF2C4B1B7833
:10217000013B062B4ED801A252F823F0A121000802
:10218000A1210008A12100089921000815220008BA
:102190000D220008A9210008214B01221A703CE001
:1021A0001F4B00221A7038E01E4B1B78072B33D8C8
:1021B00001A252F823F000BFDF210008D921000856
:1021C000ED210008F3210008F9210008FF21000893
:1021D00005220008E521000800F080FB15E000F072
:1021E0006BFA12E00E4B02221A700EE000F09CFB1C
:1021F0000BE000F0BFFB08E000F0E2FB05E000F0C0
:10220000FDFB02E000F020FC00BF05E0044B0322D0
:102210001A7002E000BF00E000BF00BF80BD00BF39
:10222000280300207000002080B500AF1E4B1B78F3
:10223000052B02D0072B06D033E0FFF711FC1A4B19
:1022400000221A702DE0194B1B78072B27D801A20A
:1022500052F823F07B220008812200088722000820
:102260008D22000893220008992200089F2200086E
:102270007522000800F032FB12E000F055FB0FE081
:1022800000F078FB0CE000F09BFB09E000F0B6FBEF
:1022900006E000F0D9FB03E000F0FCFB00E000BF2B
:1022A00000BF00BF80BD00BF2803002070000020D9
:1022B00080B500AF1F4B1B78082B38D801A252F80D
:1022C00023F000BFE92200081123000801230008C1
:1022D000192300082F2300082F2300082F230008AC
:1022E000F122000821230008124B01221A701FE07E
:1022F00005F09AFF104B07221A7000F0DDF917E085
:1023000005F092FF0B4B07221A7000F0D5F90FE091
:10231000084B04221A700BE0064B06221A7007E0E5
:10232000044B00221A70054B0022DA7000E000BF57
:1023300000BF80BD28030020700000209400002012
:1023400090B589B002AFC24B1A78C24B1B789A4243
:1023500008D005F069FFBE4B1A78BE4B1A70BE4814
:102360000BF042F901230193082300930D23BB4A8C
:102370000121702005F0E6FFB94BD3ED007AB1EEF4
:10238000007AF4EEC77AF1EE10FA03DDB54BB64AE7
:102390001A602AE0B24BD3ED007A9FEDB47AF4EEE6
:1023A000C77AF1EE10FA04D5AE4B4FF000021A6076
:1023B0001BE0AB4B1B681846FEF7C6F8A0A3D3E999
:1023C0000023FDF761FF02460B46104619469EA307
:1023D000D3E90023FEF73AFA02460B4610461946A7
:1023E000FEF702FC03469F4A13609E4BD3ED007A32
:1023F000B2EE047AF4EEC77AF1EE10FA1ED500239D
:102400000193042300930223994A0321722005F0CB
:1024100099FF00230193042300930223944A03218C
:10242000752005F08FFF00230193042300930223FE
:102430008F4A0321782005F085FF6FE0894BD3EDAB
:10244000007AB3EE0E7AF4EEC77AF1EE10FA1ED5EA
:1024500001230193042300930223854A0321722060
:1024600005F070FF00230193042300930223804AA8
:102470000321752005F066FF0023019304230093D8
:1024800002237B4A0321782005F05CFF46E0754B70
:10249000D3ED007A9FED777AF4EEC77AF1EE10FA79
:1024A0001ED501230193042300930223704A0321C4
:1024B000722005F047FF01230193042300930223B8
:1024C0006B4A0321752005F03DFF0023019304238F
:1024D00000930223664A0321782005F033FF1DE0B4
:1024E00001230193042300930223614A03217220F4
:1024F00005F028FF012301930423009302235C4A83
:102500000321752005F01EFF01230193042300938E
:102510000223574A0321782005F014FF564B1B78FD
:102520001A46564B53F82220554B1B781C46554BE8
:102530001B781946544B53F82130381D009323461D
:1025400052490EF06BFA0121012005F053FA3B1DB0
:1025500001224F49184605F0E1FA4E4B1B781A4606
:102560004D4B1B78381D4D490EF058FA0F210120B4
:1025700005F040FA3B1D01224949184605F0CEFA04
:102580002821012005F036FA01224149454805F08D
:10259000C5FA3B1D0222444918460EF03FFA342189
:1025A000012005F027FA3B1D01223949184605F0A4
:1025B000B5FA3E4BD3ED007AFDEEE77A3B1D17EE00
:1025C000902A3B4918460EF029FA28213C2005F0B4
:1025D00011FA3B1D01222E49184605F09FFA334B94
:1025E000D3ED027AFDEEE77A3B1D17EE902A3149D2
:1025F00018460EF013FA34213C2005F0FBF93B1D80
:1026000001222349184605F089FA0123009340234B
:1026100032222521322005F0A6FA0123009325233A
:1026200080222521002005F09EFA05F02FF9642074
:1026300006F0A4FE00BF1C37BD4690BDAFF300807E
:102640003333333333330B40FA7E6ABC7493783FB1
:102650002803002029030020683000206C7B01083B
:10266000FC300020340300200000C8429A995940F1
:102670007C7B010800007042CB0200202400002077
:10268000CC020020CD02002040000020847601080A
:10269000AC000020C8020020C9020020907601088A
:1026A000B40000209C7601086C760108B40200207A
:1026B000A0760108A876010880B588B002AF724BF9
:1026C0001B78072B70D00021012005F093F96F4B88
:1026D0001B78184603F0CAFC6D4B1B78184603F0B4
:1026E000DAFC6C4B1B78184603F0E7FC6A4B1B784E
:1026F000184603F033FC694B1B78184603F040FC86
:10270000674B1B78184603F04DFC664B1B88184638
:1027100003F066FC5D4B1B781A465D4B1B7819462F
:102720005C4B1B78381D00930B465F490EF076F921
:102730003B1D01225D49184605F0F0F90023009386
:102740000B2338220B212A2005F00DFA0C21012041
:1027500005F050F9504B1B781A46554B53F8222080
:102760003B1D544918460EF059F93B1D01224F49B3
:10277000184605F0D3F91921012005F03BF9474B24
:102780001B781A46464B1B781946464B1B88381D4A
:1027900000930B4648490EF041F93B1D0122434985
:1027A000184605F0BBF965E0444B1A78374B1A70B0
:1027B000434B1A78364B1A70424B1A78354B1A70C5
:1027C000414B1A78354B1A70404B1A78324B1A70BD
:1027D0003F4B1A78324B1A703E4B1A88314B1A8095
:1027E00005F022FD0021012005F004F9274B1B789C
:1027F0001A46274B1B781946264B1B78381D009329
:102800000B4629490EF00AF93B1D012227491846BB
:1028100005F084F90C21012005F0ECF81E4B1B7823
:102820001A46234B53F822203B1D224918460EF02E
:10283000F5F83B1D01221D49184605F06FF91921D5
:10284000012005F0D7F8154B1B781A46144B1B785E
:102850001946144B1B88381D00930B4616490EF081
:10286000DDF83B1D01221149184605F057F91A4BB6
:1028700007221A70044B07221A7005F007F800BFF0
:102880001837BD4680BD00BF700000202A0300201D
:102890002B0300202C0300202E0300202D030020FA
:1028A0002F03002030030020B0760108AC00002088
:1028B0002400002074760108C8760108C8020020B0
:1028C000C9020020CA020020CC020020CB02002056
:1028D000CD020020CE0200202803002080B582B067
:1028E00002AF012300930A2338220A212A2005F08F
:1028F0003AF9002300930A234D220A213F2005F0D4
:1029000032F900230093162339221621242005F0E2
:102910002AF904F0BBFF034B00221A7000BFBD462A
:1029200080BD00BF7000002080B582B002AF0023E0
:1029300000930A2338220A212A2005F014F90123E2
:1029400000930A234D220A213F2005F00CF90023B1
:1029500000930A2362220A21542005F004F904F0AE
:1029600095FF034B01221A7000BFBD4680BD00BF1A
:102970007000002080B582B002AF002300930A23CC
:102980004D220A213F2005F0EEF8012300930A238F
:1029900062220A21542005F0E6F800230093162352
:1029A00039221621242005F0DEF804F06FFF034BD6
:1029B00002221A7000BFBD4680BD00BF700000201B
:1029C00080B582B002AF002300930A2362220A215D
:1029D000542005F0C8F8012300931623392216214C
:1029E000242005F0C0F804F051FF034B03221A70B5
:1029F00000BFBD4680BD00BF7000002080B582B022
:102A000002AF00230093162339221621242005F05B
:102A1000AAF8012300932323382223212A2005F03A
:102A2000A2F80023009323234D2223213F2005F009
:102A30009AF804F02BFF034B04221A7000BFBD4626
:102A400080BD00BF7000002080B582B002AF0023BF
:102A500000932323382223212A2005F084F8012320
:102A6000009323234D2223213F2005F07CF80023EF
:102A70000093232370222321542005F074F804F0DE
:102A800005FF034B05221A7000BFBD4680BD00BF85
:102A90007000002080B582B002AF00230093232392
:102AA0004D2223213F2005F05EF8012300932323CC
:102AB00070222321542005F056F804F0E7FE034B62
:102AC00006221A7000BFBD4680BD00BF7000002006
:102AD00090B587B002AF2E4B1A782E4B1B789A42D6
:102AE00050D005F0A1FB4023FB602023BB601C23DA
:102AF0007B60FB6818B2BB6819B27B681AB201230D
:102B000005F0E3F9FB6898B2BB689BB2083399B251
:102B1000FB689AB2BB689BB2123B9BB20124009443
:102B200005F021F8FB6898B2BB689BB2123B99B2E2
:102B3000FB689BB2043B9AB2BB689BB20A3B9BB258
:102B40000124009405F00FF8FB6898B2BB689BB2B3
:102B5000123B99B2FB689BB204339AB2BB689BB23A
:102B60000A3B9BB20124009404F0FDFFFB6818B2FD
:102B7000BB6819B20123022205F07BFA054B1A78D3
:102B8000034B1A70FEF7B0FA00BF1437BD4690BD74
:102B9000290300202803002090B597B002AF87EDED
:102BA000010A4023FB642023BB641C237B647B6CF1
:102BB000083B3B649FEDC37AD7ED017A77EE677AE5
:102BC0009FEDC17A77EEC77A9FEDC07A67EE877A7C
:102BD000C7ED0F7A9FEDBC7AD7ED017A77EE677A71
:102BE0009FEDB97A77EEC77A9FEDB87A67EE877A6C
:102BF000C7ED0E7A9FEDB67AD7ED017A77EE677A58
:102C00009FEDB17A77EEC77A9FEDB07A67EE877A5B
:102C1000C7ED0D7A9FEDAF7AD7ED017A77EE677A3F
:102C20009FEDA97A77EEC77A9FEDA87A67EE877A4B
:102C3000C7ED0C7A97ED0F0A10F052FFB0EE407A14
:102C40003B6C07EE903AF8EEE77A67EE277AFDEEF6
:102C5000E77A17EE902AFB6C1344033BFB6297ED77
:102C60000F0A10F075FFB0EE407A3B6C07EE903A19
:102C7000F8EEE77A67EE277AFDEEE77A17EE902A0C
:102C8000BB6C1344053BBB6297ED0E0A10F028FFA6
:102C9000B0EE407A3B6C07EE903AF8EEE77A67EEDA
:102CA000277AFDEEE77A17EE902AFB6C1344033B7C
:102CB0007B6297ED0E0A10F04BFFB0EE407A3B6C52
:102CC00007EE903AF8EEE77A67EE277AFDEEE77ABC
:102CD00017EE902ABB6C1344053B3B6297ED0D0A3F
:102CE00010F0FEFEB0EE407A3B6C07EE903AF8EE44
:102CF000E77A67EE277AFDEEE77A17EE902AFB6C0B
:102D00001344033BFB6197ED0D0A10F021FFB0EE79
:102D1000407A3B6C07EE903AF8EEE77A67EE277A56
:102D2000FDEEE77A17EE902ABB6C1344053BBB61BE
:102D300097ED0C0A10F0D4FEB0EE407A3B6C07EE33
:102D4000903AF8EEE77A67EE277AFDEEE77A17EE2B
:102D5000902AFB6C1344033B7B6197ED0C0A10F047
:102D6000F7FEB0EE407A3B6C07EE903AF8EEE77A69
:102D700067EE277AFDEEE77A17EE902ABB6C1344D4
:102D8000053B3B61544B1B689BB2013B98B2534BD4
:102D90001B689BB2013B99B2002300930C230922CC
:102DA00005F046F84E4B1B689BB2013B98B24D4B69
:102DB0001B689BB2013B99B2002300930C230922AC
:102DC00005F036F8484B1B689BB2013B98B2474B65
:102DD0001B689BB2013B99B2002300930C2309228C
:102DE00005F026F8424B1B689BB2013B98B2414B61
:102DF0001B689BB2013B99B2002300930C2309226C
:102E000005F016F8FB6C18B2BB6C19B27B6C1AB2E9
:102E1000012305F05AF8FB6C98B2BB6C9BB20833E7
:102E200099B2FB6C9AB2BB6C9BB2123B9BB2012471
:102E3000009404F098FEFB6C98B2BB6C9BB2123B02
:102E400099B2FB6C9BB2043B9AB2BB6C9BB20A3B3F
:102E50009BB20124009404F086FEFB6C98B2BB6C1C
:102E60009BB2123B99B2FB6C9BB204339AB2BB6C1F
:102E70009BB20A3B9BB20124009404F074FEFB6CED
:102E800018B2BB6C19B20123022205F0F2F8FB6AFA
:102E90009BB2BA6A92B21146184604F0ABFD012209
:102EA0001549164804F03AFE7B6A9BB23A6A92B220
:102EB0001146184604F09EFD01220F49104804F007
:102EC0002DFE1FE0000000000000B44235FA8E3CE9
:102ED0000000344300008743740000207800002085
:102EE0007C0000208000002084000020880000205A
:102EF0008C00002090000020AC000020E07601084B
:102F0000E4760108FB699BB2BA6992B21146184691
:102F100004F070FD01222349234804F0FFFD7B6982
:102F20009BB23A6992B21146184604F063FD012241
:102F30001C491E4804F0F2FD1D4AFB6A13601D4A3D
:102F4000BB6A13601C4A7B6A13601C4A3B6A1360AD
:102F50001B4AFB6913601B4ABB6913601A4A7B69F1
:102F600013601A4A3B6913607868FDF7EDFA024670
:102F70000B4607F1080016490DF050FD28215C2092
:102F800004F038FD07F1080301220649184604F051
:102F9000C5FD04F07BFC642006F0F0F900BF543757
:102FA000BD4690BDAC000020E8760108EC76010833
:102FB00074000020780000207C00002080000020A9
:102FC00084000020880000208C0000209000002059
:102FD000F07601080000000080B582B002AF05F075
:102FE00023F901230193082300930D237C4A012137
:102FF000702005F0A7F97B4BD3ED007AB1EE007A93
:10300000F4EEC77AF1EE10FA03DD774B774A1A60D7
:103010002AE0744BD3ED007A9FED757AF4EEC77A0F
:10302000F1EE10FA04D5704B4FF000021A601BE06D
:103030006C4B1B681846FDF787FA65A3D3E900239C
:10304000FDF722F902460B461046194662A3D3E962
:103050000023FDF7FBFB02460B4610461946FDF721
:10306000C3FD0346604A13605F4BD3ED007AB2EEB6
:10307000047AF4EEC77AF1EE10FA1ED5002301931C
:103080000423009302235B4A0321722005F05AF9BE
:1030900000230193042300930223564A0321752041
:1030A00005F050F900230193042300930223514AB1
:1030B0000321782005F046F96FE04B4BD3ED007A01
:1030C000B3EE0E7AF4EEC77AF1EE10FA1ED50123B4
:1030D0000193042300930223464A0321722005F042
:1030E00031F900230193042300930223414A032171
:1030F000752005F027F90023019304230093022390
:103100003C4A0321782005F01DF946E0364BD3ED0B
:10311000007A9FED397AF4EEC77AF1EE10FA1ED5F7
:1031200001230193042300930223324A03217220D6
:1031300005F008F9012301930423009302232D4A8B
:103140000321752005F0FEF800230193042300936A
:103150000223284A0321782005F0F4F81DE001231A
:103160000193042300930223224A0321722005F0D5
:10317000E9F8012301930423009302231D4A03214C
:10318000752005F0DFF80123019304230093022347
:10319000184A0321782005F0D5F80F21282004F0E3
:1031A00029FC01221549164804F0B8FC2D210820FD
:1031B00004F020FC01221349134804F0AFFC04F092
:1031C00065FB124B08221A7000BFBD4680BD00BFD0
:1031D0003333333333330B40FA7E6ABC7493783F16
:1031E0006C7B0108FC300020340300200000C84242
:1031F0009A9959407C7B010800007042BC00002075
:10320000F8760108AC000020FC76010828030020B5
:1032100080B582B002AF364B1B78022B14D100234D
:103220000193152300937D23324A1621022005F0D5
:1032300089F801230193152300937D232D4A002152
:10324000022005F07FF847E004F0EEFF0123019330
:10325000102300931023284A0221072005F072F85A
:1032600001230193102300931023244A18210720DF
:1032700005F068F801230193102300931023204ADE
:103280002D21072005F05EF8012301930B23009305
:1032900037231C4A07211E2005F054F8012301930F
:1032A0000B2300933A23184A1C211E2005F04AF8EC
:1032B00001230193092300931623144A32211E206F
:1032C00005F040F801230193152300937D23094A5B
:1032D0000021022005F036F804F0D8FA642006F048
:1032E0004DF80B4B01221A7000BFBD4680BD00BFD8
:1032F00029030020F8780108487A0108687A010853
:10330000887A0108A87A0108147B0108F87A010874
:103310002803002080B582B002AF414B1B78012BFF
:1033200002D0032B15D029E000230193152300932D
:103330007D233C4A0021022005F004F8012301937B
:10334000152300937D23374A1621022004F0FAFF4B
:103350005DE001230193152300937D23314A16215B
:10336000022004F0EFFF00230193152300937D2337
:103370002C4A2B21022004F0E5FF48E004F054FF22
:1033800001230193102300931023274A02210720D1
:1033900004F0D8FF01230193102300931023234A44
:1033A0001821072004F0CEFF01230193102300937E
:1033B00010231F4A2D21072004F0C4FF012301938D
:1033C0000B23009337231B4A07211E2004F0BAFF6A
:1033D000012301930B2300933A23174A1C211E203B
:1033E00004F0B0FF01230193092300931623134A2D
:1033F00032211E2004F0A6FF012301931523009320
:103400007D23084A1621022004F09CFF00BF04F02F
:103410003DFA642005F0B2FF00BFBD4680BD00BF8D
:1034200029030020F8780108487A0108687A010821
:10343000887A0108A87A0108147B0108F87A010843
:1034400080B582B002AF364B1B78022B14D100231B
:103450000193152300937D23324A1621022004F0A4
:1034600071FF01230193152300937D232D4A2B2106
:10347000022004F067FF48E004F0D6FE0123019328
:10348000102300931023284A0221072004F05AFF3A
:1034900001230193102300931023244A18210720AD
:1034A00004F050FF01230193102300931023204ABE
:1034B0002D21072004F046FF012301930B230093E5
:1034C00037231C4A07211E2004F03CFF01230193EF
:1034D0000B2300933A23184A1C211E2004F032FFCC
:1034E00001230193092300931623144A32211E203D
:1034F00004F028FF01230193152300937D23094A3B
:103500002B21022004F01EFF00BF04F0BFF964204D
:1035100005F034FF0A4B03221A7000BFBD4680BD80
:1035200029030020F8780108487A0108687A010820
:10353000887A0108A87A0108147B0108F87A010842
:103540002803002080B483B000AF78607B68002B34
:1035500034D0204B1B78002B32D17B689B78022B18
:1035600007D07B689B78FF2B03D07B689B78002B70
:1035700028D17B6893ED027A174BD3ED007AB4EE35
:10358000677AF1EE10FA0AD17B6893ED037A134B58
:10359000D3ED007AB4EE677AF1EE10FA14D07B68BE
:1035A0009B680F4A13607B68DB680E4A13600E4B02
:1035B00000221A70074B01221A7006E000BF04E0D7
:1035C00000BF02E000BF00E000BF0C37BD465DF861
:1035D000047B704738030020440300204803002088
:1035E0003C030020400300204C03002080B400AFC7
:1035F000054B1B78002B14BF01230023DBB21846B8
:10360000BD465DF8047B70473803002080B52DED82
:10361000028BA0B000AF07F10C03184603F078F856
:103620003B1D184603F082F9B7F90C3007EE903ACB
:10363000F8EEE77AC7ED1E7AB7F90E3007EE903A4A
:10364000F8EEE77AC7ED1D7AB7F9103007EE903A39
:10365000F8EEE77AC7ED1C7AB7F9043007EE903A36
:10366000F8EEE77AC7ED1B7AB7F9063007EE903A25
:10367000F8EEE77AC7ED1A7AB7F9083007EE903A14
:10368000F8EEE77AC7ED197ABC4B3B66BC4BFB659D
:10369000BC4BBB65BC4B7B65BC4B3B65BC4BFB640F
:1036A000BC4BBB64BC4B7B64BC4B3B64BC4BFB6303
:1036B000BC4BBB63BC4B7B6397ED1B7AD7ED187A91
:1036C00077EE677AC7ED0C7A97ED1A7AD7ED177A0D
:1036D00077EE677AC7ED0B7A97ED197AD7ED167A00
:1036E00077EE677AC7ED0A7A97ED157AD7ED0C7AFF
:1036F00027EE277AD7ED146AD7ED0B7A66EEA77A14
:1037000037EE277AD7ED136AD7ED0A7A66EEA77AF5
:1037100077EE277AC7ED097A97ED127AD7ED0C7A12
:1037200027EE277AD7ED116AD7ED0B7A66EEA77AE6
:1037300037EE277AD7ED106AD7ED0A7A66EEA77AC8
:1037400077EE277AC7ED087A97ED0F7AD7ED0C7AE6
:1037500027EE277AD7ED0E6AD7ED0B7A66EEA77AB9
:1037600037EE277AD7ED0D6AD7ED0A7A66EEA77A9B
:1037700077EE277AC7ED077AD7ED1E7AB1EE678A22
:10378000D7ED1D7A27EEA77AD7ED1C7A67EEA77AD8
:1037900077EE277AB0EE670A10F080F9F0EE407A03
:1037A000F0EE670AB0EE480A10F076F910EE103A23
:1037B0001846FCF7C9FE02460B467C49C1E90023C6
:1037C000D7ED1C0A97ED1D0A10F066F910EE103ABD
:1037D0001846FCF7B9FE02460B467549C1E90023BD
:1037E000724BD3E9002310461946FDF7FDF9034655
:1037F00000EE103A10F074F9B0EE407AD7ED097A85
:1038000027EE278A6A4BD3E9002310461946FDF7B5
:10381000EBF9034600EE103A10F09AF9B0EE407A58
:10382000D7ED087A67EE278A604BD3E9002310466C
:103830001946FDF7D9F9034600EE103A10F088F961
:10384000F0EE407A68EEA77A38EE278A584BD3E933
:10385000002310461946FDF7C7F9034600EE103A5B
:1038600010F03EF9B0EE407AD7ED077A67EE278A7E
:103870004E4BD3E9002310461946FDF7B5F9034630
:1038800000EE103A10F064F9F0EE407A68EEA77A94
:1038900078EE677AC7ED067A454BD3E900231046E8
:1038A0001946FDF7A1F9034600EE103A10F018F999
:1038B000B0EE407AD7ED087A27EE278A3C4BD3E961
:1038C000002310461946FDF78FF9034600EE103A23
:1038D00010F03EF9B0EE407AD7ED077A67EE277A1E
:1038E00078EE277AC7ED057AD7ED060A97ED050A37
:1038F00010F0D2F8F0EE407A9FED2E7A67EE877ADC
:10390000C7ED1F7AD7ED1F7A9FED2B7A77EE877A76
:10391000C7ED1F7AD7ED1F7AF5EEC07AF1EE10FAF7
:1039200008D5D7ED1F7A9FED257A77EE877AC7ED18
:103930001F7A10E0D7ED1F7A9FED207AF4EEC77A58
:10394000F1EE10FA07DBD7ED1F7A9FED1C7A77EEC8
:10395000C77AC7ED1F7AF86FFCF7F6FD02460B46F3
:103960001749C1E90023FB6F07EE903AB0EE670AF2
:103970008037BD46BDEC028B80BD00BF060159C239
:103980000AD7233E39B42BC2EE7C7F3F4260E5BBB1
:103990006F1203BB6F12833A9CC4803F68916DBD68
:1039A000F4FD54BC77BE1F3DDBF97E3FD8020020FA
:1039B000D0020020E12E65420000C8420000B4435E
:1039C000E0020020000000002DE9F043B1B002AF9A
:1039D000002003F08DFF3B4B1B78012B40F08280D1
:1039E000012300933C237C220221022004F0B6F93B
:1039F00001230093382378220421042004F0AEF937
:103A000008210C2003F0F6FF01222F492F4804F073
:103A100085F81C21182003F0EDFF01222C492D48C8
:103A200004F07CF82C4B1B78002B11D10123009360
:103A30000E2330222A210C2004F0FAF92C21102028
:103A400003F0D8FF00222249244804F067F810E070
:103A5000012300930E2330222A210C2004F07EF94A
:103A60002C21102003F0C6FF012219491B4804F045
:103A700055F8194B1B78012B11D1012300930E230C
:103A800030222A21442004F0D3F92C21482003F0CD
:103A9000B1FF00220E49124804F040F882E30123EE
:103AA00000930E2330222A21442004F057F92C21C0
:103AB000482003F09FFF01220549094804F02EF831
:103AC00070E300BF38030020B40000202077010815
:103AD000AC0000202C7701084C0300203C77010843
:103AE00044770108CC4B1B78022B40F05B83FFF737
:103AF0008DFD87ED2A0AC94B1B681846FCF724FD8B
:103B000002460B46C7E92823C44B5B681846FCF7FE
:103B10001BFD02460B46C7E92623C14B1B6818460E
:103B2000FCF712FDD7E92823FCF7AEFB02460B4653
:103B300010461946B2A3D3E90023FCF75DFD024607
:103B40000B46C7E92423B74B1B681846FCF7FCFC5F
:103B5000D7E92623FCF798FB02460B461046194688
:103B6000A7A3D3E90023FCF747FD02460B46C7E9AC
:103B70002223AB4B1B681846FCF7E6FCD7E9282349
:103B8000FCF784FB02460B46104619464FF0000234
:103B9000A54BFCF731FD02460B461046194698A38B
:103BA000D3E90023FCF728FD02460B46C7E9202392
:103BB00097ED200B0FF0E8FE53EC102BD7E9220114
:103BC000FCF71AFD02460B46C7E91E23D7E924235A
:103BD000C7E91C23D7E91E23D7E91E01FCF70CFD1A
:103BE00002460B4614461D46D7E91C23D7E91C01A3
:103BF000FCF702FD02460B4620462946FCF746FB31
:103C000002460B4643EC172BB0EE470AF0EE670A6C
:103C10000FF086FE51EC100B7BA3D3E90023FCF7D9
:103C2000EBFC02460B46C7E91A2375A3D3E9002330
:103C3000D7E92801FCF7E0FC02460B46C7E9182348
:103C4000774BD3ED007A9FED797A67EE877A17EE9E
:103C5000900AFCF779FC02460B46C7E9162397ED5C
:103C6000220B0FF0D5FE55EC104B97ED160B0FF015
:103C70008BFE53EC102B20462946FCF7BDFC024678
:103C80000B46C7E9142397ED180B0FF07DFE55EC9A
:103C9000104B97ED160B0FF0BBFE53EC102B20468C
:103CA0002946FCF7A9FC02460B4614461D4697ED33
:103CB000180B0FF0ADFE59EC108B97ED160B0FF0B3
:103CC00063FE53EC102B40464946FCF795FC024638
:103CD0000B469046994697ED220B0FF055FE53EC9C
:103CE000102B40464946FCF787FC02460B4620460F
:103CF0002946FCF7C9FA02460B46C7E9122397ED9D
:103D0000121B97ED140B0FF04DFD51EC100B40A35F
:103D1000D3E90023FCF770FC02460B46C7E92C23CD
:103D20004FF000024FF00003D7E92C01FCF7D6FE5C
:103D30000346002B0AD04FF000023D4BD7E92C017F
:103D4000FCF7A4FA02460B46C7E92C23D7F8A800D3
:103D5000FCF7FAFB02460B46D7E92C01FCF794FA74
:103D600002460B4610461946FCF73EFF0346C7F8CD
:103D7000AC30D7ED2B7AF5EEC07AF1EE10FA07D51C
:103D8000D7ED2B7A9FED2B7A77EE877AC7ED2B7ADA
:103D9000D7ED2B7A9FED277AF4EEC77AF1EE10FA81
:103DA00007DBD7ED2B7A9FED237A77EEC77AC7ED45
:103DB0002B7A0221022003F01DFE01221E491F481A
:103DC00003F0ACFE012300930D2346220D210220B7
:103DD00003F0C9FE3B1D1A4A202118460CF0E8FDED
:103DE0001221022003F006FE3B1D01221249184653
:103DF00003F094FE094B1B7A002B5CD022E000BF3D
:103E0000000000A046DF913F00000000AE4D584189
:103E100000000020DCA54C4038030020F004002006
:103E20003C030020400300200000E03F35FA8E3CB8
:103E3000008076400000B443AC0000204C770108BD
:103E400058770108464BD3ED007AF5EE407AF1EE53
:103E500010FA30D0434BD3ED007AF5EE407AF1EE14
:103E600010FA28D0D7E91A01FCF776FE0346381D70
:103E70003D4A20210CF09CFD1E21022003F0BAFDDA
:103E80003B1D01223949184603F048FED7E92C01B1
:103E9000FCF762FE0346381D354A20210CF088FDF0
:103EA0002A21022003F0A6FD3B1D01222F491846BE
:103EB00003F034FE08E01E21022003F09BFD0122E6
:103EC0002A492C4803F02AFED7ED2A7AFDEEE77A3C
:103ED000381D17EE903A284A20210CF069FD342154
:103EE000022003F087FD3B1D01222049184603F004
:103EF00015FE60237B6420233B641223FB631F4B6E
:103F00001B7A002B46D0164BD3ED007AF5EE407AA3
:103F1000F1EE10FA3ED0134BD3ED007AF5EE407A75
:103F2000F1EE10FA36D04FF00002154BD7E91A0126
:103F3000FCF7D4FD0346002B2CD07B6C9BB2183BC6
:103F40009AB23B6C9BB2053B9BB21946104603F0FC
:103F500051FD012205490B4803F0E0FD22E100BFBD
:103F60003C0300204003002064770108AC000020DF
:103F7000707701087C77010888770108F004002039
:103F800000001840947701080000B44235FA8E3CD6
:103F9000268D27407B6C18B23B6C19B20123152289
:103FA00003F093FF7B6C98B23B6C9BB2153B99B2CC
:103FB0007B6C9AB23B6C9BB2133B9BB20124009486
:103FC00003F0D1FD7B6C98B23B6C9BB2133399B27A
:103FD0007B6C9AB23B6C9BB215339BB2012400946C
:103FE00003F0C1FD7B6C9BB2153B98B23B6C99B260
:103FF0007B6C9BB2133B9AB23B6C9BB20124009446
:1040000003F0B1FD7B6C9BB2133398B23B6C99B259
:104010007B6C9BB215339AB23B6C9BB2012400942B
:1040200003F0A1FDD7ED2B7A1FED297A77EEC77A41
:104030001FED2A7A67EE877AC7ED0E7A97ED0E0AA2
:104040000FF04EFDB0EE407AFB6B07EE903AF8EEC3
:10405000E77A67EE277AFDEEE77A17EE902A7B6C17
:1040600013447B6397ED0E0A0FF072FDB0EE407AB9
:10407000FB6B07EE903AF8EEE77A67EE277AFDEEF3
:10408000E77A17EE902A3B6C13443B637B6C98B243
:104090003B6C99B27B6B9AB23B6B9BB20124009450
:1040A00003F061FDD7ED0E7A1FED477A77EE877A40
:1040B000C7ED0B7AD7ED0E7A1FED4B7A77EEC77A04
:1040C000C7ED0A7A05237B627B6B9CB23B6B9DB28A
:1040D00097ED0B0A0FF004FDB0EE407A7B6A07EE15
:1040E000903AF8EEE77A67EE277AFDEEE77A17EE78
:1040F000903A9AB27B6B9BB213449EB297ED0B0A37
:104100000FF026FDB0EE407A7B6A07EE903AF8EEAB
:10411000E77A67EE277AFDEEE77A17EE903A9AB2E1
:104120003B6B9BB213449BB201220092324629465C
:10413000204603F018FD7B6B9CB23B6B9DB297ED64
:104140000A0A0FF0CDFCB0EE407A7B6A07EE903A97
:10415000F8EEE77A67EE277AFDEEE77A17EE903A07
:104160009AB27B6B9BB213449EB297ED0A0A0FF092
:10417000EFFCB0EE407A7B6A07EE903AF8EEE77A11
:1041800067EE277AFDEEE77A17EE903A9AB23B6B2C
:104190009BB213449BB2012200923246294620462C
:1041A00003F0E1FC03F072FB00BFBC37BD46BDE885
:1041B000F08300BF80B582B000AF0346FB802F4B79
:1041C0001B78002B01D1002354E02C4B1B78012BD2
:1041D00032D1FB88802B03D0FB88B3F5007F0BD155
:1041E000274B1B78002B0CBF01230023DBB21A46A0
:1041F000234B1A7001233DE0FB88B3F5806F38D163
:104200001F4B1B78002B05D11C4B02221A7004F0A7
:104210000BF80FE0194B00221A7004F005F8194B47
:1042200064221A70184B1B68184A1360184B1B68DD
:10423000184A136001231DE0104B1B78022B18D184
:10424000FB88B3F5806F02D0FB88802B11D10B4B1C
:1042500000221A7003F0E8FF0A4B64221A700A4B1E
:104260001B680A4A13600A4B1B680A4A1360012341
:1042700000E0012318460837BD4680BD3803002002
:104280004C030020290300203C03002044030020AD
:10429000400300204803002080B485B000AF786060
:1042A0007B68002B27D01A4B1B78002B25D17B680D
:1042B000DB78022B02D17B689B7801E07B685B781E
:1042C000FB73FB7B022B1AD0FB7B124AD35C002BC7
:1042D00017D1114AFB7B13707B689B680F4A1360F0
:1042E0007B68DB680E4A13600E4B00221A70084B85
:1042F00001221A7006E000BF04E000BF02E000BF28
:1043000000E000BF1437BD465DF8047B704700BF76
:104310004D0300205C0300204E03002050030020CA
:10432000540300205803002080B400AF054B1B78D5
:10433000002B14BF01230023DBB21846BD465DF8F5
:10434000047B70474D03002080B52DED028BA0B09B
:1043500000AF07F10C03184602F0DAF93B1D1846CE
:1043600002F0E4FAB7F90C3007EE903AF8EEE77A8B
:10437000C7ED1E7AB7F90E3007EE903AF8EEE77AFD
:10438000C7ED1D7AB7F9103007EE903AF8EEE77AEC
:10439000C7ED1C7AB7F9043007EE903AF8EEE77AE9
:1043A000C7ED1B7AB7F9063007EE903AF8EEE77AD8
:1043B000C7ED1A7AB7F9083007EE903AF8EEE77AC7
:1043C000C7ED197ABC4B3B66BC4BFB65BC4BBB6570
:1043D000BC4B7B65BC4B3B65BC4BFB64BC4BBB64C3
:1043E000BC4B7B64BC4B3B64BC4BFB63BC4BBB63B7
:1043F000BC4B7B6397ED1B7AD7ED187A77EE677A23
:10440000C7ED0C7A97ED1A7AD7ED177A77EE677ABF
:10441000C7ED0B7A97ED197AD7ED167A77EE677AB2
:10442000C7ED0A7A97ED157AD7ED0C7A27EE277A41
:10443000D7ED146AD7ED0B7A66EEA77A37EE277AB6
:10444000D7ED136AD7ED0A7A66EEA77A77EE277A68
:10445000C7ED097A97ED127AD7ED0C7A27EE277A15
:10446000D7ED116AD7ED0B7A66EEA77A37EE277A89
:10447000D7ED106AD7ED0A7A66EEA77A77EE277A3B
:10448000C7ED087A97ED0F7AD7ED0C7A27EE277AE9
:10449000D7ED0E6AD7ED0B7A66EEA77A37EE277A5C
:1044A000D7ED0D6AD7ED0A7A66EEA77A77EE277A0E
:1044B000C7ED077AD7ED1E7AB1EE678AD7ED1D7A80
:1044C00027EEA77AD7ED1C7A67EEA77A77EE277AE0
:1044D000B0EE670A0FF0E2FAF0EE407AF0EE670A0B
:1044E000B0EE480A0FF0D8FA10EE103A1846FCF772
:1044F0002BF802460B467C49C1E90023D7ED1C0A84
:1045000097ED1D0A0FF0C8FA10EE103A1846FCF7A6
:104510001BF802460B467549C1E90023724BD3E9EB
:10452000002310461946FCF75FFB034600EE103AE5
:104530000FF0D6FAB0EE407AD7ED097A27EE278A47
:104540006A4BD3E9002310461946FCF74DFB03469E
:1045500000EE103A0FF0FCFAB0EE407AD7ED087A90
:1045600067EE278A604BD3E9002310461946FCF713
:104570003BFB034600EE103A0FF0EAFAF0EE407A09
:1045800068EEA77A38EE278A584BD3E90023104605
:104590001946FCF729FB034600EE103A0FF0A0FA8B
:1045A000B0EE407AD7ED077A67EE278A4E4BD3E913
:1045B000002310461946FCF717FB034600EE103A9D
:1045C0000FF0C6FAF0EE407A68EEA77A78EE677AD6
:1045D000C7ED067A454BD3E9002310461946FCF790
:1045E00003FB034600EE103A0FF07AFAB0EE407A81
:1045F000D7ED087A27EE278A3C4BD3E900231046F3
:104600001946FCF7F1FA034600EE103A0FF0A0FA53
:10461000B0EE407AD7ED077A67EE277A78EE277A00
:10462000C7ED057AD7ED060A97ED050A0FF034FAC3
:10463000F0EE407A9FED2E7A67EE877AC7ED1F7A0B
:10464000D7ED1F7A9FED2B7A77EE877AC7ED1F7A29
:10465000D7ED1F7AF5EEC07AF1EE10FA08D5D7ED56
:104660001F7A9FED257A77EE877AC7ED1F7A10E0E3
:10467000D7ED1F7A9FED207AF4EEC77AF1EE10FAAB
:1046800007DBD7ED1F7A9FED1C7A77EEC77AC7ED6F
:104690001F7AF86FFBF758FF02460B461749C1E92E
:1046A0000023FB6F07EE903AB0EE670A8037BD46F5
:1046B000BDEC028B80BD00BF060159C20AD7233E64
:1046C00039B42BC2EE7C7F3F4260E5BB6F1203BB67
:1046D0006F12833A9CC4803F68916DBDF4FD54BC59
:1046E00077BE1F3DDBF97E3FD8020020D0020020BC
:1046F000E12E65420000C8420000B443E002002001
:104700002DE9F043B1B002AF002003F0F1F83F4BC8
:104710001B78012B40F08C80012300933C237C22EA
:104720000221022003F01AFB012300933823782290
:104730000421042003F012FB08210C2003F05AF995
:1047400001223349334803F0E9F9334B1B78381D14
:10475000324A20210CF02CF91C211C2003F04AF9CC
:104760003B1D01222E49184603F0D8F92D4B1B782A
:10477000002B11D1012300930E2330222A210C207B
:1047800003F056FB2C21102003F034F900222449B9
:10479000254803F0C3F910E0012300930E233022D3
:1047A0002A210C2003F0DAFA2C21102003F022F940
:1047B00001221B491C4803F0B1F91A4B1B78012B4D
:1047C00011D1012300930E2330222A21442003F02B
:1047D0002FFB2C21482003F00DF90022104913482B
:1047E00003F09CF988E3012300930E2330222A2151
:1047F000442003F0B3FA2C21482003F0FBF80122F7
:1048000007490A4803F08AF976E300BF4D03002008
:10481000B40000209C7701084E030020A87701080F
:10482000AC00002058030020B8770108C0770108C9
:10483000CD4B1B78022B40F05F83FFF785FD87EDA2
:104840002A0ACA4B1B681846FBF77EFE02460B4637
:10485000C7E92823C54B5B681846FBF775FE02467F
:104860000B46C7E92623C24B1B681846FBF76CFEB4
:10487000D7E92823FBF708FD02460B4610461946E8
:10488000B3A3D3E90023FBF7B7FE02460B46C7E903
:104890002423B84B1B681846FBF756FED7E926239E
:1048A000FBF7F2FC02460B4610461946A8A3D3E9D3
:1048B0000023FBF7A1FE02460B46C7E92223AC4BBF
:1048C0001B681846FBF740FED7E92823FBF7DEFC00
:1048D00002460B46104619464FF00002A64BFBF766
:1048E0008BFE02460B461046194699A3D3E90023D6
:1048F000FBF782FE02460B46C7E9202397ED200B0B
:104900000FF042F853EC102BD7E92201FBF774FEAD
:1049100002460B46C7E91E23D7E92423C7E91C2317
:10492000D7E91E23D7E91E01FBF766FE02460B46B8
:1049300014461D46D7E91C23D7E91C01FBF75CFE92
:1049400002460B4620462946FBF7A0FC02460B46D2
:1049500043EC172BB0EE470AF0EE670A0EF0E0FFCB
:1049600051EC100B7CA3D3E90023FBF745FE024674
:104970000B46C7E91A2376A3D3E90023D7E9280118
:10498000FBF73AFE02460B46C7E91823784BD3EDF6
:10499000007A9FED7A7A67EE877A17EE900AFBF736
:1049A000D3FD02460B46C7E9162397ED220B0FF005
:1049B0002FF855EC104B97ED160B0EF0E5FF53EC6E
:1049C000102B20462946FBF717FE02460B46C7E987
:1049D000142397ED180B0EF0D7FF55EC104B97ED05
:1049E000160B0FF015F853EC102B20462946FBF759
:1049F00003FE02460B4614461D4697ED180B0FF0BA
:104A000007F859EC108B97ED160B0EF0BDFF53EC29
:104A1000102B40464946FBF7EFFD02460B469046F9
:104A2000994697ED220B0EF0AFFF53EC102B40464A
:104A30004946FBF7E1FD02460B4620462946FBF7B7
:104A400023FC02460B46C7E9122397ED121B97ED94
:104A5000140B0EF0A7FE51EC100B41A3D3E9002379
:104A6000FBF7CAFD02460B46C7E92C234FF00002B4
:104A70004FF00003D7E92C01FCF730F80346002B78
:104A80000AD04FF000023E4BD7E92C01FBF7FEFBAA
:104A900002460B46C7E92C23D7F8A800FBF754FDC4
:104AA00002460B46D7E92C01FBF7EEFB02460B460C
:104AB00010461946FCF798F80346C7F8AC30D7ED16
:104AC0002B7AF5EEC07AF1EE10FA07D5D7ED2B7AF6
:104AD0009FED2C7A77EE877AC7ED2B7AD7ED2B7A7C
:104AE0009FED287AF4EEC77AF1EE10FA07DBD7EDE6
:104AF0002B7A9FED247A77EEC77AC7ED2B7A0221C5
:104B0000022002F077FF01221F49204803F006F837
:104B1000012300930D2346220D21022003F023F8E8
:104B20001B4B1B78381D1B4A20210BF041FF122123
:104B3000022002F05FFF3B1D01221349184602F0DC
:104B4000EDFF0A4B1B7A002B26E000BFAFF300807D
:104B5000000000A046DF913F00000000AE4D58412C
:104B600000000020DCA54C404D030020F004002094
:104B700050030020540300200000E03F35FA8E3C33
:104B8000008076400000B443AC000020C8770108E4
:104B90004E030020D477010838D0464BD3ED007A7D
:104BA000F5EE407AF1EE10FA30D0434BD3ED007AB7
:104BB000F5EE407AF1EE10FA28D0D7E91A01FBF7AA
:104BC000CBFF0346381D3D4A20210BF0F1FE1E218C
:104BD000022002F00FFF3B1D01223949184602F066
:104BE0009DFFD7E92C01FBF7B7FF0346381D354A77
:104BF00020210BF0DDFE2A21022002F0FBFE3B1DEE
:104C000001222F49184602F089FF08E01E210220E8
:104C100002F0F0FE01222A492B4802F07FFFD7ED77
:104C20002A7AFDEEE77A381D17EE903A274A2021BE
:104C30000BF0BEFE3421022002F0DCFE3B1D0122FF
:104C40001F49184602F06AFF60237B6420233B64FF
:104C50001223FB631E4B1B7A002B45D0154BD3ED63
:104C6000007AF5EE407AF1EE10FA3DD0124BD3ED1A
:104C7000007AF5EE407AF1EE10FA35D04FF00002EE
:104C8000144BD7E91A01FBF729FF0346002B2BD061
:104C90007B6C9BB2183B9AB23B6C9BB2053B9BB2C0
:104CA0001946104602F0A6FE012205490A4802F004
:104CB00035FF21E15003002054030020E077010874
:104CC000AC000020EC770108F877010804780108AF
:104CD000F004002000001840107801080000B442E1
:104CE00035FA8E3C268D27407B6C18B23B6C19B28E
:104CF0000123152203F0E9F87B6C98B23B6C9BB260
:104D0000153B99B27B6C9AB23B6C9BB2133B9BB246
:104D10000124009402F027FF7B6C98B23B6C9BB29D
:104D2000133399B27B6C9AB23B6C9BB215339BB236
:104D30000124009402F017FF7B6C9BB2153B98B2E4
:104D40003B6C99B27B6C9BB2133B9AB23B6C9BB2AF
:104D50000124009402F007FF7B6C9BB2133398B2DE
:104D60003B6C99B27B6C9BB215339AB23B6C9BB295
:104D70000124009402F0F7FED7ED2B7A1FED297A7B
:104D800077EEC77A1FED2A7A67EE877AC7ED0E7A3B
:104D900097ED0E0A0EF0A4FEB0EE407AFB6B07EE24
:104DA000903AF8EEE77A67EE277AFDEEE77A17EEAB
:104DB000902A7B6C13447B6397ED0E0A0EF0C8FEBD
:104DC000B0EE407AFB6B07EE903AF8EEE77A67EECA
:104DD000277AFDEEE77A17EE902A3B6C13443B638B
:104DE0007B6C98B23B6C99B27B6B9AB23B6B9BB27B
:104DF0000124009402F0B7FED7ED0E7A1FED477A3A
:104E000077EE877AC7ED0B7AD7ED0E7A1FED4B7AE6
:104E100077EEC77AC7ED0A7A05237B627B6B9CB27B
:104E20003B6B9DB297ED0B0A0EF05AFEB0EE407A46
:104E30007B6A07EE903AF8EEE77A67EE277AFDEEA6
:104E4000E77A17EE903A9AB27B6B9BB213449EB20C
:104E500097ED0B0A0EF07CFEB0EE407A7B6A07EE0F
:104E6000903AF8EEE77A67EE277AFDEEE77A17EEEA
:104E7000903A9AB23B6B9BB213449BB201220092D0
:104E800032462946204602F06EFE7B6B9CB23B6B9D
:104E90009DB297ED0A0A0EF023FEB0EE407A7B6ACF
:104EA00007EE903AF8EEE77A67EE277AFDEEE77ABA
:104EB00017EE903A9AB27B6B9BB213449EB297ED79
:104EC0000A0A0EF045FEB0EE407A7B6A07EE903A91
:104ED000F8EEE77A67EE277AFDEEE77A17EE903A7A
:104EE0009AB23B6B9BB213449BB2012200923246B2
:104EF0002946204602F037FE02F0C8FC00BFBC374E
:104F0000BD46BDE8F08300BF80B582B000AF034668
:104F1000FB802D4B1B78002B01D1002350E02A4B46
:104F20001B78012B30D1FB88802B03D0FB88B3F595
:104F3000007F0BD1254B1B78002B0CBF01230023D6
:104F4000DBB21A46214B1A70012339E0FB88B3F516
:104F5000806F34D11D4B1B78002B05D11A4B0222D8
:104F60001A7003F061F90DE0174B00221A7003F07C
:104F70005BF9174B64221A70164B1B781A46164BB6
:104F80000121995401231BE00F4B1B78022B16D1F2
:104F9000FB88B3F5806F02D0FB88802B0FD10A4BC2
:104FA00000221A7003F040F9094B64221A70094B71
:104FB0001B781A46084B01219954012300E0012374
:104FC00018460837BD4680BD4D0300205803002019
:104FD000290300204E0300205C03002080B483B02E
:104FE00000AF0346FB71FB79044A0021D15400BF96
:104FF0000C37BD465DF8047B704700BF5C030020A2
:1050000080B586B004AFB623FB714FF0FF33029337
:1050100001230193FB1D00930123E022EC211248A0
:1050200005F04CFE4FF4FA7004F0A8F94FF0FF338E
:10503000029301230193BB1D00930123D022EC2195
:10504000094805F035FF06E008480BF0A9FC4FF4CD
:10505000FA7004F093F9BB79602BF5D100BF00BF63
:105060000837BD4680BD00BFBC2F0020187801085E
:1050700080B586B004AF0023FB710023FB714FF4B1
:105080007A73029301230193FB1D00930123F42201
:10509000EC21044805F012FE034618460837BD46C9
:1050A00080BD00BFBC2F002080B58EB004AF4FF094
:1050B000FF3302931A23019307F10C03009301239A
:1050C0008822EC21604805F0F3FE4FF0FF33029395
:1050D000072301933B1D00930123E122EC215A4851
:1050E00005F0E6FE7B7B1BB21B021AB23B7B1BB2B8
:1050F00013431BB29AB2554B1A80FB7B1BB21B02A7
:105100001AB2BB7B1BB213431AB2514B1A807B7C81
:105110001BB21B021AB23B7C1BB213431AB24D4B9B
:105120001A80FB7C1BB21B021AB2BB7C1BB213435E
:105130001BB29AB2484B1A807B7D1BB21B021AB27B
:105140003B7D1BB213431AB2444B1A80FB7D1BB24A
:105150001B021AB2BB7D1BB213431AB2404B1A801A
:105160007B7E1BB21B021AB23B7E1BB213431AB2E8
:105170003C4B1A80FB7E1BB21B021AB2BB7E1BB2D9
:1051800013431AB2384B1A807B7F1BB21B021AB230
:105190003B7F1BB213431AB2344B1A80FB7F1BB206
:1051A0001B021AB2BB7F1BB213431AB2304B1A80D8
:1051B00097F821301BB21B021AB297F820301BB2AD
:1051C00013431AB22B4B1A8097F823301BB21B02E1
:1051D0001AB297F822301BB213431AB2264B1A8028
:1051E00097F825301A46254B1A807B791BB21B0293
:1051F0001AB23B791BB213431AB2214B1A80BB7906
:105200001A46204B1A80FB791BB21B011AB23B7A5B
:105210001BB203F00F031BB213431AB21A4B1A80CE
:105220007B7A1BB21B011AB23B7A1B09DBB21BB2A1
:1052300013431AB2154B1A80BB7A1AB2144B1A8058
:1052400000BF2837BD4680BDBC2F00205C04002075
:1052500064040020660400205E040020680400202E
:105260006A0400206C0400206E04002070040020FA
:1052700072040020740400207604002060040020E2
:1052800078040020620400207A0400207C040020BE
:105290007E04002090B58DB004AF78604FF47A732F
:1052A00002930823019307F1180300930123F722C7
:1052B000EC21144805F0FCFD3B7E1A037B7E1B01AC
:1052C0001343BA7E1209D2B213433B61FB7E1A0329
:1052D0003B7F1B0113437A7F1209D2B21343FB6059
:1052E000BB7F1B02FA7F13437B617B681C4607F17F
:1052F0000C0393E8070084E8070078682437BD466C
:1053000090BD00BFBC2F002080B487B000AF786094
:105310007B68DA10194B1B885B00D31A184AB2F964
:10532000002002FB03F3DB127B617B681B11134A35
:1053300012889B1A7A68121110490988521A02FBC6
:1053400003F31B130F4AB2F9002002FB03F39B1374
:105350003B617A693B6913440B4A13600A4B1A6834
:1053600013469B00134480331B12FB60FB681846F6
:105370001C37BD465DF8047B704700BF5C0400200D
:105380006404002066040020800400202DE9B04F52
:10539000CAB000AFC7F80C01AC4B1B68DA171C464B
:1053A0001546B4F5FA3A45F1FF3BC7E948ABD7F8E3
:1053B0002421D7F8203103FB02F1D7F82421D7F8B4
:1053C000203102FB03F3CA18D7F82031A3FB03896D
:1053D00002EB090399469E4BB3F900301BB2DA1772
:1053E000C7F8B830C7F8BC20D7E92E01034603FB45
:1053F00009F20B4608FB03F313440246A8FB022103
:10540000C7F8C410C7F8C020D7F8C4201344C7F8A1
:10541000C430D7E93034C7E94634C7E946348D4B48
:10542000B3F900301BB2DA17C7F8B030C7F8B420B0
:10543000D7F82031D7E92C452A4602FB03F2D7F8EA
:105440002431214601FB03F31A44D7F820312146C9
:10545000A3FB0131C7F80411C7F80031D7F80431B4
:10546000D318C7F804314FF000004FF00001D7E91E
:1054700040452B465904234641EAD331234658047C
:10548000D7E9462314183C644B417B64D7E91034B8
:10549000C7E94634704BB3F900301BB2DA17C7F8CE
:1054A000A830C7F8AC204FF000004FF00001D7F84B
:1054B000A830D9000020D7E946231418BC634B411B
:1054C000FB63D7E90E34C7E94634D7F82421D7F86F
:1054D000203103FB02F1D7F82421D7F8203102FB59
:1054E00003F3CA18D7F82031A3FB0331C7F8FC1027
:1054F000C7F8F830D7F8FC30D318C7F8FC30574B52
:10550000B3F900301BB2DA17C7F8A030C7F8A420EF
:10551000D7E93E452B46D7E92889424602FB03F2EC
:105520004B46214601FB03F3134422464146A2FBAE
:105530000121C7F8F410C7F8F020D7F8F42013447D
:10554000C7F8F4304FF000004FF00001D7E93C45B8
:105550002346180A2B4640EA03602B461912404B9B
:10556000B3F900301BB2DA17C7F89830C7F89C209F
:10557000D7F82031D7E926894A4602FB03F2D7F84B
:105580002431444604FB03F31A44D7F8203144463F
:10559000A3FB0434C7F8EC40C7F8E830D7F8EC3088
:1055A000D318C7F8EC304FF000024FF00003D7E9F2
:1055B0003A894C462303444643EA145344462203A3
:1055C00084183C6341EB03037B63D7E90C34C7E9E0
:1055D0004834D7E9482303F50041C7F89410C7F8C9
:1055E0009020204B1B889BB20022C7F88830C7F858
:1055F0008C20D7E924452B46D7E92289424602FB75
:1056000003F24B46214601FB03F313442246414675
:10561000A2FB0121C7F8E410C7F8E020D7F8E42086
:105620001344C7F8E4304FF000024FF00003D7E90D
:10563000384529464A102946CB17C7E94823D7E9F8
:105640004823134310D1002351E100BF8004002000
:10565000700400206E0400206C0400206A04002006
:10566000680400205E040020D7F80C31C3F58013D5
:10567000DA17BB62FA62D7E90A34C7E94434D7F8CB
:1056800010315B10C7F88430D7F81031DB07C7F84A
:105690008030D7E94623D7E920452146891AB967E2
:1056A000294661EB0303FB67D7E91E4522462B46DB
:1056B000911839625B417B62D7E908232146511872
:1056C000B96129464B41FB614FF000024FF00003E6
:1056D000D7E9068949468B01414643EA9163414631
:1056E0008A01414689183961494643EB01017961D4
:1056F0004FF000024FF00003D7E9048949468B00C0
:10570000414643EA917341468A00104619460346D2
:1057100022469B18BB600B462A4642EB0303FB6004
:105720004FF000024FF00003D7E9028949468B0091
:10573000414643EA917341468A00104619460346A2
:1057400022469B183B672B460A4642EB03037B67C6
:10575000D7E94823D7E91C01FBF796FA02460B4626
:10576000C7E94423654BB3F900301BB2DA17BB66B7
:10577000FA66D7E944234FF000004FF00001500BC8
:1057800040EAC3405913D7E91A452B4600FB03F200
:10579000234603FB01F313442246A2FB0021C7F872
:1057A000DC10C7F8D820D7F8DC201344C7F8DC3069
:1057B000D7E944234FF000004FF00001500B40EABE
:1057C000C3405913D7E936452B4600FB03F2234665
:1057D00003FB01F313442246A2FB0021C7F8D410B7
:1057E000C7F8D020D7F8D4201344C7F8D4304FF0EE
:1057F00000024FF00003D7E9344521464A0E2946FE
:1058000042EAC11229464B16C7E948233C4BB3F97B
:1058100000301BB2DA173B667A66D7F81031D7E949
:1058200018452A4602FB03F2D7F81431214601FB42
:1058300003F31344D7F810212146A2FB0121C7F836
:10584000CC10C7F8C820D7F8CC201344C7F8CC3008
:105850004FF000024FF00003D7E932452146CA0C51
:10586000294642EA41322946CB14C7E94623D7E903
:105870004401D7E948238418BC6541EB0303FB6569
:10588000D7E94623D7E916452146891839652946BF
:1058900043EB010179654FF000004FF00001D7E9BB
:1058A00014452346180A2B4640EA03602B4619127A
:1058B000144BB3F900301BB2DA17BB64FA644FF033
:1058C00000024FF00003D7E912894C4623014446F9
:1058D00043EA14734446220184183C6041EB0303FD
:1058E0007B60D7E90034C7E94434D7F81031184653
:1058F00007F59477BD46BDE8B08F00BF7604002061
:10590000740400207204002080B485B000AF786079
:105910002C4B1B68A3F59633FB607B689A032A4BDC
:10592000B3F900301B05D21A284BB3F900301946E1
:10593000FB6801FB03F3D31A03F58043DB13244A0E
:10594000B2F900201146FA6801FB02F292122149D5
:1059500009880846F96800FB01F1C91201F5004108
:1059600001FB02F2921202F500121B49B1F900107C
:1059700001FB02F202F50052921302FB03F3FB60FB
:10598000FB68DB13FA68D21302FB03F3DB11134A43
:10599000128802FB03F31B11FA68D31AFB60FB6841
:1059A00023EAE373FB60FB68B3F1C85FA8BF4FF065
:1059B000C853FB60FB681B1318461437BD465DF8DF
:1059C000047B7047800400207A0400207C040020BF
:1059D0007E0400206204002078040020600400207F
:1059E00080B586B000AF786007F10C031846FFF76A
:1059F00051FCFFF759FBFB681846FFF785FC03468F
:105A00001846FAF78FFD4FF00002614BFAF71EFFC0
:105A100002460B4610461946FBF7E6F802467B683D
:105A20001A603B691846FFF7B1FC03461846FAF7BF
:105A300069FD4FF00002574BFAF708FF02460B468C
:105A400010461946FBF7D0F802467B685A607B691E
:105A50001846FFF759FF03461846FAF753FD4FF073
:105A600000024D4BFAF7F2FE02460B46104619466D
:105A7000FBF7BAF802467B689A607B685B68184659
:105A8000FAF762FD36A3D3E90023FAF7DFFE0246F8
:105A90000B4643EC172B9FED341BB0EE470AF0EE9C
:105AA000670A0DF0C5FE53EC102B4FF000003B4988
:105AB000FAF7EAFB02460B46104619462CA3D3E937
:105AC0000023FAF799FD02460B4610461946FBF7EC
:105AD0008BF802467B68DA607B685B681846FAF7E9
:105AE00033FD1FA3D3E90023FAF7B0FE02460B46AD
:105AF00043EC172BB0EE470AF0EE670A0DF054FEA8
:105B000051EC100B1CA3D3E90023FAF775FD0246F4
:105B10000B46104619461AA3D3E90023FAF76CFD89
:105B200002460B461046194617A3D3E90023FAF79D
:105B30008DFE02460B46104619464FF00002184BE8
:105B4000FAF75AFD02460B4610461946FBF74CF889
:105B500002467B681A6100BF1837BD4680BD00BF92
:105B60000000000000AA8F406C45D9CC955BC83F6F
:105B70000000000040A5E540C3F5285C8F0272409C
:105B800054E3A59BC4A020C03CBD529621C37140E4
:105B9000000059400000D940000090400000F03F54
:105BA00000408F4080B588B004AF3B4683E80300D7
:105BB0000023FB73FFF75CFA0346002B25D1344822
:105BC0000AF0EEFE3B795BB25B015AB27B795BB2C5
:105BD0009B005BB213435AB2BB795BB213435BB217
:105BE000DBB2FB734FF47A7302930123019307F145
:105BF0000F0300930123F522EC21264805F05EF8FF
:105C0000642003F0BBFB0023FB73BB7803F00703A6
:105C1000DBB2FB734FF47A7302930123019307F114
:105C20000F0300930123F222EC211A4805F046F8F5
:105C3000642003F0A3FB0023FB733B785BB25B01A2
:105C40005AB27B785BB29B005BB213435AB2FB78CB
:105C50005BB213435BB2DBB2FB734FF47A73029314
:105C60000123019307F10F0300930123F422EC2198
:105C7000084805F023F8642003F080FB0023FB7341
:105C800005480AF08DFE00BF1037BD4680BD00BF3D
:105C900034780108BC2F00208078010880B582B0DC
:105CA00000AF7860094A7B681360002000F0ABF811
:105CB000002000F06EF800F0C8F800F08EF8012027
:105CC00000F046F800BF0837BD4680BD84040020C0
:105CD00080B586B002AF03460A46FB711346BB711E
:105CE000FB793B73BB797B73074B186807F10C0298
:105CF0004FF0FF3300930223D02104F0AFFC00BF2C
:105D00001037BD4680BD00BF8404002080B586B03A
:105D100002AF0346FB710D4B1868FA1D4FF0FF33BD
:105D200000930123D02104F099FC084B186807F177
:105D30000F024FF0FF3300930123D02104F08CFDBC
:105D4000FB7B18461037BD4680BD00BF8404002091
:105D500080B584B000AF0346FB710E20FFF7D6FF7D
:105D60000346FB7397F90F3023F004035AB297F9F7
:105D700007309B005BB203F004035BB213435BB2DA
:105D8000DBB219460E20FFF7A3FF00BF1037BD4658
:105D900080BD80B584B000AF0346FB710E20FFF7D5
:105DA000B5FF0346FB7397F90F3023F002035AB295
:105DB00097F907305B005BB203F002035BB2134359
:105DC0005BB2DBB219460E20FFF782FF0120FFF71E
:105DD000BFFF00BF1037BD4680BD80B582B000AFA9
:105DE0000F20FFF793FF034623F00203FB71FB79BB
:105DF00023F00203DBB219460F20FFF769FF00BF53
:105E00000837BD4680BD80B584B000AF0346FB7146
:105E10000E20FFF77BFF0346FB7397F90F3023F04B
:105E200001035AB297F9073003F001035BB2134341
:105E30005BB2DBB219460E20FFF74AFF0120FFF7E5
:105E400087FF00BF1037BD4680BD80B582B000AF70
:105E50000F20FFF75BFF034623F00103FB71FB7983
:105E600023F00103DBB219460F20FFF731FF00BF1B
:105E70000837BD4680BD80B500AF0320FFF746FF61
:105E80000346184600F02BF90346184680BD80B53E
:105E900000AF0420FFF73AFF0346184600F01FF951
:105EA0000346184680BD80B500AF0520FFF72EFFE2
:105EB000034603F07F03DBB2184600F010F90346F7
:105EC000184680BD80B582B000AF0620FFF71EFFE8
:105ED0000346184600F003F90346FB710520FFF75F
:105EE00015FF0346DB09DBB21A46920013441A463B
:105EF00091001A460B4613449B009BB203F5FA63CC
:105F0000BB80FB799AB2BB8813449BB21846083712
:105F1000BD4680BD80B500AF0220FFF7F7FE034607
:105F2000184600F0DCF80346184680BD80B500AF87
:105F30000120FFF7EBFE0346184600F0D0F80346B9
:105F4000184680BD80B500AF0020FFF7DFFE034696
:105F5000184600F0C4F80346184680BD80B582B0EC
:105F600000AF0346FB71FB79184600F0D1F80346F9
:105F700019460320FFF7ACFE00BF0837BD4680BDC1
:105F800080B582B000AF0346FB71FB79184600F084
:105F9000BFF8034619460420FFF79AFE00BF0837F2
:105FA000BD4680BD80B584B000AF0346FB710520BF
:105FB000FFF7ACFE034623F07F03FB73FB79184623
:105FC00000F0A6F803461A46FB7B1343DBB21946E2
:105FD0000520FFF77DFE00BF1037BD4680BD0000E5
:105FE00080B584B000AF0346FB80FB881D4AA2FB4E
:105FF00003235B099AB21C4BA3FB021319090B463E
:106000009B000B449B00D31A9BB2FB730520FFF748
:106010007DFE03465BB203F07F035AB297F90F305F
:10602000DB015BB213435BB2BB73BB7B194605203C
:10603000FFF74EFEFB880B4AA2FB031252096421B4
:1060400001FB02F29B1A9BB2DBB2184600F060F82B
:10605000034619460620FFF73BFE00BF1037BD463A
:1060600080BD00BF1F85EB51CDCCCCCC80B582B0BC
:1060700000AF0346FB71FB7903F03F03DBB2184628
:1060800000F046F8034619460220FFF721FE00BF44
:106090000837BD4680BD80B582B000AF0346FB71B6
:1060A000FB79184600F034F8034619460120FFF743
:1060B0000FFE00BF0837BD4680BD80B582B000AF7F
:1060C0000346FB71FB79184600F022F80346194697
:1060D0000020FFF7FDFD00BF0837BD4680BD80B43E
:1060E00083B000AF0346FB71FB791B09DBB21A4694
:1060F000920013445B00DAB2FB7903F00F03DBB2CA
:106100001344DBB218460C37BD465DF8047B70477C
:1061100080B483B000AF0346FB71FA790C4BA3FB4C
:106120000213D9080B469B000B445B00D31ADAB26A
:10613000FB790749A1FB0313DB08DBB21B01DBB2D0
:106140001344DBB218460C37BD465DF8047B70473C
:10615000CDCCCCCC80B5A6B002AF7860002387F858
:106160008F300023C7F888307B681B78242B12D12E
:106170000123C7F888300EE0D7F888307A681344D6
:106180001A7897F88F30534087F88F30D7F88830D7
:106190000133C7F88830D7F888307A6813441B7801
:1061A000002B06D0D7F888307A6813441B782A2B46
:1061B000E2D17B681B78242B0AD197F88F3007F146
:1061C000080000937B68104A80210AF0F1FB09E087
:1061D00097F88F3007F1080000937B680B4A802105
:1061E0000AF0E6FB07F108031846FAF741F8034600
:1061F0009AB207F108016423054807F023FE00BFA7
:106200009037BD4680BD00BFA8780108B47801086A
:10621000B030002080B500AF012000F035F800F06C
:1062200019F84FF4FA7003F0A9F80648FFF792FF47
:106230000548FFF78FFF01220449054807F08DFE4E
:1062400000BF80BDC0780108E4780108EE0400209A
:10625000B030002080B500AF00224FF480710948B3
:1062600004F06CF8642003F089F801224FF4807187
:10627000044804F063F84FF4967003F07FF800BF11
:1062800080BD00BF0008024080B582B000AF034669
:10629000FB71FB79002B05D001228021064804F018
:1062A0004DF804E000228021034804F047F800BFC5
:1062B0000837BD4680BD00BF0008024080B487B0EB
:1062C00000AF87ED010A0346FB7097ED017ADFED21
:1062D0001E6AC7EE267AFDEEE77A17EE903A3B612A
:1062E0003B6907EE903AF8EEE77A9FED177A67EE92
:1062F000877A97ED017A77EE677AC7ED037A3B6983
:1063000007EE903AB8EEE77AD7ED036A9FED0F6A91
:10631000C6EE867A77EE277AC7ED057AFB78532B9F
:1063200002D0FB78572B05D1D7ED057AF1EE677ACD
:10633000C7ED057A7B6907EE903AB0EE670A1C3725
:10634000BD465DF8047B70470000C8420000704203
:1063500080B58AB000AF786039603B689A0007F179
:106360000803796818460AF05EFD00237B623AE074
:106370007B6A01333B622FE07B6A9B0028333B44FE
:10638000203B93ED007A3B6A9B0028333B44203B43
:10639000D3ED007AB4EEE77AF1EE10FA19DD7B6AFC
:1063A0009B0028333B44203B1B68FB613B6A9B00FE
:1063B00028333B44203B1A687B6A9B0028333B44CC
:1063C000203B1A603B6A9B0028333B44203BFA6920
:1063D0001A603B6A01333B623A6A3B689A42CBDB04
:1063E0007B6A01337B623B68013B7A6A9A42BFDB7E
:1063F0003B68DA0F13445B109B0028333B44203B7F
:106400001B6807EE903AB0EE670A2837BD4680BD9C
:1064100080B58AB000AF7860002387F82330562318
:1064200087F822304FF00003FB614FF00003BB619F
:106430004E23FB754523BB755F4978680AF000FC65
:10644000786240E097F82330023B042B31D801A258
:1064500052F823F069640008736400088B64000834
:1064600093640008AB6400087B6A1B7887F82230CD
:106470001FE0786A08F002FD53EC102B1046194615
:10648000FAF7B2FB0346FB6113E07B6A1B78FB75EE
:106490000FE0786A08F0F2FC53EC102B1046194616
:1064A000FAF7A2FB0346BB6103E07B6A1B78BB756E
:1064B00000BF414900200AF0C3FB786297F82330FF
:1064C000013387F823307B6A002BBBD197F8223049
:1064D000412B67D1394B01221A72FB7D184697ED8B
:1064E000070AFFF7EBFE87ED030ABB7D184697ED21
:1064F000060AFFF7E3FE87ED020A314B1B78042BF7
:1065000014D82F4B1B782F4A9B001344FA681A604B
:106510002B4B1B782C4A9B001344BA681A60284BFB
:106520001B780133DAB2264B1A7024E000233B615A
:1065300018E03B690133234A9B0013441A68214940
:106540003B699B000B441A603B6901331E4A9B0068
:1065500013441A681C493B699B000B441A603B6951
:1065600001333B613B69032BE3DD164AFB68136192
:10657000154ABB681361124B1B7819461148FFF787
:10658000E7FEF0EE407A0D4BC3ED007A0C4B1B7822
:1065900019460D48FFF7DCFEF0EE407A074BC3EDDD
:1065A000017A05E0054B00221A72054B00221A7091
:1065B00000BF2837BD4680BDF0780108F0040020F8
:1065C00024050020FC0400201005002080B582B0C6
:1065D00000AF78607B681B68254A934243D1254B06
:1065E0001B7883F00103DBB2002B37D0224B1B78E2
:1065F000242B0ED1214B00221A70204B1B785A1CE1
:10660000D1B21E4A11701A461B4B19781C4B995473
:1066100024E0194B1B780A2B03D0174B1B780D2B4A
:106620000DD1164B1B78002B18D0144B1B781A4633
:10663000134B002199540F4B01221A700EE00F4B9F
:106640001B78622B0AD80D4B1B785A1CD1B20B4A0F
:1066500011701A46084B1978094B995401220649C2
:10666000084807F07AFC00BF0837BD4680BD00BF70
:1066700000100140ED040020EE040020EC04002096
:1066800088040020B030002080B500AF094B1B7893
:10669000002B0CD0084909480AF038FB0346002BB0
:1066A00002D00648FFF7B4FE024B00221A7000BF6A
:1066B00080BD00BFED040020F478010888040020AC
:1066C00080B582B000AF78607868FFF77FFF00BFC9
:1066D0000837BD4680BD80B584B000AF0346FB805F
:1066E0000023FB7300F01AF9FB88FB73FB7B1A464F
:1066F0002021322000F0D4F80023FB73FB7B1A46E4
:106700002321322000F0CCF800BF1037BD4680BDF9
:1067100080B588B000AF78600023BB820023FB7790
:106720000123BB772321322000F0D8F803463B75C4
:106730002421322000F0D2F803467B752821322034
:1067400000F0CCF803465BB23B732921322000F005
:10675000C5F803465BB27B732A21322000F0BEF8F5
:1067600003465BB2BB732B21322000F0B7F803461F
:106770005BB2FB732C21322000F0B0F803465BB211
:106780003B742D21322000F0A9F803465BB27B74E4
:106790003B7D03F04003002B23D10023FB771CE05B
:1067A000FB7F5B00013320333B4413F9143C9BB265
:1067B0001B029AB2FB7F5B0020333B4413F9143C6D
:1067C0009BB213449AB2FB7F12B25B0020333B446E
:1067D00023F8082CFB7F0133FB77FB7F022BDFD9EB
:1067E00022E00023FB771CE0FB7F5B0020333B446F
:1067F00013F9143C9BB21B029AB2FB7F5B0001337E
:1068000020333B4413F9143C9BB213449AB2FB7FF0
:1068100012B25B0020333B4423F8082CFB7F01338A
:10682000FB77FB7F022BDFD93B7D03F03003302B5E
:1068300013D0302B14DC202B0CD0202B10DC002BA1
:1068400002D0102B03D00BE00123BB7708E002231A
:10685000BB7705E00423BB7702E00C23BB7700BFC6
:106860000023FB7714E0FB7F5B0020333B4433F9CC
:10687000083C9AB2BB7F9BB212FB03F399B2FB7F39
:106880005B007A6813440AB21A80FB7F0133FB77FE
:10689000FB7F022BE7D900BF00BF2037BD4680BD7C
:1068A00080B586B004AF0346FB800B467B71134670
:1068B0003B717B799AB2F9884FF0FF330293012341
:1068C00001933B1D00930123034804F0F7F900BF37
:1068D0000837BD4680BD00BFBC2F002080B588B002
:1068E00004AF03460A46FB8013467B710023FB730B
:1068F0007B799AB2F9884FF0FF3302930123019319
:1069000007F10F0300930123034804F0D1FAFB7B46
:1069100018461037BD4680BDBC2F002080B400AFA4
:1069200000BFBD465DF8047B7047000080B588B0AD
:1069300004AF7860642302930623019307F10803F0
:106940000093012383223C21134804F0B1FA3B7ADF
:106950001BB21B021AB27B7A1BB213431AB27B68BA
:106960001A80BB7A1BB21B0219B2FB7A1AB27B687F
:1069700004330A4312B21A803B7B1BB21B0219B2CA
:106980007B7B1AB27B6802330A4312B21A8000BFC3
:106990001037BD4680BD00BFBC2F002080B500AFC2
:1069A000142200213C20FFF77BFF202201213C2004
:1069B000FFF776FF002202213C20FFF771FF00BFA6
:1069C00080BD000080B485B000AF78600B467B804E
:1069D0007B68002B02D07B88002B01D100232DE0A7
:1069E0004FF6FF73FB810023BB8122E0BB897A68ED
:1069F00013441B781A46FB895340FB8100237B819B
:106A000011E0FB8903F00103002B06D0FB895B0832
:106A10009AB20D4B5340FB8102E0FB895B08FB817E
:106A20007B8901337B817B89072BEAD9BB890133C1
:106A3000BB81BA897B889A42D8D3FB891846143720
:106A4000BD465DF8047B704701A0FFFFB0B594B070
:106A500000AFF864B9643B641346A7F846302E4C87
:106A60003B46184600F0C2F825463C460FCC0FC501
:106A70000FCC0FC50FCC0FC594E8070085E80700C1
:106A8000254AFB6C1362244ABB6C5362224AB7F856
:106A900046301385204A3B6CD3621F4AB7F86030FA
:106AA00013861D4A7B6E53631B4AB7F86830138701
:106AB000194B40F2B1125A60174B07229A60164BDD
:106AC0000722DA60144B01221A61134BFF225A612C
:106AD000114B78229A61104B0A22DA610E4800F0BD
:106AE000ABF803E04FF47A7002F048FC0A4800F07B
:106AF000BFFA0346C82BF5D11221074800F0A8FAC7
:106B000004222621044800F09AF9034800F0EFFB24
:106B100000BF5037BD46B0BD2805002080B584B009
:106B200000AF78607B68002B01D100232AE0FF22B0
:106B30001649174800F07EFB0346FB73FB7B142BC2
:106B40001FD11422114978680AF06DF91223BB8114
:106B5000BB8919467868FFF735FF03467B817B6860
:106B60005B8A7A899A420CD17B681B780E2B08D1FC
:106B7000074800F0C8FB0346DAB2064B1A7001233F
:106B800000E0002318461037BD4680BD6805002090
:106B9000280500206405002080B584B000AF78602F
:106BA0007B68002B01D1002319E01223FB81FB89B4
:106BB00019467868FFF706FF03461A467B685A8233
:106BC0004FF4FA6314227968074800F0D1FA0346BB
:106BD0007B737B7B012B01D1012300E0002318464E
:106BE0001037BD4680BD00BF28050020B0B493B06B
:106BF00000AF786040F2B1133B6107237B6107234C
:106C0000BB610123FB61FF233B6264237B6208239A
:106C1000BB627B681D4607F10C040FCC0FC50FCC7F
:106C20000FC50FCC0FC594E8070085E8070078680A
:106C30004C37BD46B0BC704780B582B000AF7860BD
:106C40007B68D86A7B681B8E0022194603F076FBAE
:106C50000A2002F093FB7B68D86A7B681B8E0122B6
:106C6000194603F06BFB0A2002F088FB00BF0837CF
:106C7000BD4680BD80B584B000AFF860B9603B60B0
:106C80001346FB80FB68586AFB681B8D002219467F
:106C900003F054FBFB68186AFA884FF4FA63B9688A
:106CA00005F08BFE00BFFB681B6A184606F08BFAE6
:106CB0000346012BF7D1FB68186A3A8B4FF4FA634D
:106CC000396805F0BEFF00BFFB681B6A184606F076
:106CD0007AFA0346012BF7D1FB68586AFB681B8DD3
:106CE0000122194603F02AFB00BF1037BD4680BDC4
:106CF00080B584B000AFF860B9603B601346FB809C
:106D0000FB68586AFB681B8D0022194603F016FBCE
:106D1000FB68186AFA884FF4FA63B96805F04DFE0B
:106D200000BFFB681B6A184606F04DFA0346012BAC
:106D3000F7D1FB68186A3A8B4FF4FA63396805F0AB
:106D40003CFE00BFFB681B6A184606F03CFA03468F
:106D5000012BF7D1FB68586AFB681B8D012219468D
:106D600003F0ECFA00BF1037BD4680BD80B584B09B
:106D700000AF786039600121786800F046F803467A
:106D8000BB733B68002B07D1BB7B23F00703FB736E
:106D90007B6800221A602EE03B68012B0CD197F92A
:106DA0000E3023F007035BB243F001035BB2FB73C9
:106DB0007B6801221A601EE03B68032B0CD197F917
:106DC0000E3023F007035BB243F003035BB2FB73A7
:106DD0007B6803221A600EE03B68052B0BD197F904
:106DE0000E3023F007035BB243F005035BB2FB7385
:106DF0007B6805221A60FB7B1A460121786800F047
:106E00001EF800BF1037BD4680BD80B586B002AF0A
:106E100078600B46FB70FB7803F07F03DBB2BB733B
:106E200007F10F0307F10E01012200920122786899
:106E3000FFF720FFFB7B18461037BD4680BD80B5AD
:106E400086B002AF78600B46FB701346BB70FB78D0
:106E500063F07F03DBB2FB73BB1C07F10F01012260
:106E6000009201227868FFF743FF00BF1037BD464C
:106E700080BD80B586B000AFF8607A601A460B46D8
:106E8000FB721346BB72FB7A63F07F03DBB2FB75C8
:106E9000FB68586AFB681B8D0022194603F04EFA06
:106EA000FB68186A07F117014FF4FA63012205F035
:106EB00084FD00BFFB681B6A184606F084F9034690
:106EC000012BF7D1FB68186ABB7A9AB24FF4FA63C8
:106ED000796805F072FD00BFFB681B6A184606F072
:106EE00072F90346012BF7D1FB68586AFB681B8DCA
:106EF0000122194603F022FA00BF1837BD4680BDB3
:106F0000B0B584B000AF786039603B68DA171C46D2
:106F100015464FF000024FF00003EB0443EA5433F0
:106F2000E2044FF000004FF00001500940EAC36056
:106F30005909C7E90201D7E902014FF000024FF0F9
:106F40000003020C42EA01420B0CD3B21A4606219E
:106F50007868FFF774FFD7E902014FF000024FF0A5
:106F60000003020A42EA01620B0AD3B21A46072161
:106F70007868FFF764FF3B7A1A4608217868FFF7C4
:106F80005EFF00BF1037BD46B0BD80B584B000AF16
:106F9000786039601E217868FFF737FF0346FB737E
:106FA0003B685BB21B015AB297F90F3003F00F0335
:106FB0005BB213435BB2BB73BB7B1A461E2178687E
:106FC000FFF73DFF00BF1037BD4680BD80B582B0E2
:106FD00000AF78600B46FB70FB781A460921786891
:106FE000FFF72DFF00BF0837BD4680BD80B584B0D8
:106FF00000AF786039600023FB733B68782B09DCB5
:107000003B682D3B114A82FB03125210DB17D31A47
:10701000FB730BE03B68F02B08DC3B681E330B4A2C
:1070200082FB03129210DB17D31AFB73FB7B03F076
:107030001F03DBB243F02003DBB21A460B21786852
:10704000FFF7FDFE00BF1037BD4680BD6766666670
:1070500080B582B000AF78600B46FB70FB781A46B3
:1070600039217868FFF7EBFE00BF0837BD4680BDC9
:1070700080B584B000AF78607868FFF7DDFD42210D
:107080007868FFF7C2FE0346FB73FB7B122B01D02F
:10709000942369E000217868FFF768FE80220121CF
:1070A0007868FFF7CCFE7B685B6819467868FFF765
:1070B00027FF7B685B69DBB219467868FFF786FFBC
:1070C0007B689B6919467868FFF790FF23220C21A3
:1070D0007868FFF7B4FE1E217868FFF796FE034636
:1070E000FB73FB7B43F00403BB73BB7B1A461E217F
:1070F0007868FFF7A4FE7B689B6819467868FFF7FD
:1071000044FFFF221F217868FFF799FE7B68DB6848
:107110005BB21B015AB27B681B695BB25B005BB25E
:1071200013435BB2BB73BB7B1A461D217868FFF724
:1071300086FE7B68DB691B12DBB21A462021786869
:10714000FFF77DFE7B68DB69DBB21A462121786898
:10715000FFF775FE002240217868FFF770FE0121DD
:107160007868FFF703FEC82318461037BD4680BD78
:1071700080B588B000AFF860B96011461A460B467A
:10718000FB711346BB80FB681B68FB610121F8683B
:10719000FFF7ECFDFF221221F868FFF750FE0E21E9
:1071A000F868FFF732FE0346FB76FB7E1A460D2198
:1071B000F868FFF744FEFB791A462221F868FFF7CA
:1071C0003EFEFB79BA680021F868FFF752FE032102
:1071D000F868FFF7CBFD02F0C5F878611221F86876
:1071E000FFF713FE0346FB76FB7E03F00803002B3C
:1071F0000AD0FF221221F868FFF721FEF969F8682A
:10720000FFF7B4FD012311E002F0ACF802467B6900
:10721000D21ABB889A42E1D9FF221221F868FFF7FF
:107220000EFEF969F868FFF7A1FD00231846203724
:10723000BD4680BD90B587B000AFF860B960134619
:10724000FB711221F868FFF7E0FD0346FB74FB7C3D
:1072500003F04003002B45D0FB7C03F02003002B00
:1072600006D0FF221221F868FFF7E9FD00233AE07B
:107270000121F868FFF77AFDFF221221F868FFF775
:10728000DEFD1321F868FFF7C0FD0346BB74102133
:10729000F868FFF7BAFD0346FB74FB7C1A460D2124
:1072A000F868FFF7CCFDBA7CFB79934228BF134600
:1072B0007B7400237B610BE07B69BA68D4180021E2
:1072C000F868FFF7A2FD034623707B6901337B61F9
:1072D0007B7C7A699A42EFDB0521F868FFF746FD6F
:1072E0007B7C00E0002318461C37BD4690BD80B56E
:1072F00082B000AF786005217868FFF737FD00BFE6
:107300000837BD4680BD80B584B000AF78601A21D3
:107310007868FFF77AFD0346FB73FB7BA43B1846B6
:107320001037BD4680BD000090B484B000AF7860D7
:107330007B68002B07D07B685B78F92B03D87B68D0
:107340005B78022B01D1022378E00023FB603CE054
:107350007B685B7819463C4A0B469B000B445B00FC
:107360001A44FB6813441A787B685B799A4229D1E6
:107370007B685B781946354A0B469B000B445B00E3
:107380001A44FB6813441B78042B19D87B685B787C
:107390001A462E4913469B0013445B001944FB68B0
:1073A0000B441B780133D8B2284913469B00134481
:1073B0005B00CA18FB68134402461A7001233DE0C3
:1073C00002233BE0FB680133FB60FB68092BBFDD58
:1073D0007B685B781A461E4B9B5CFB727B685B7814
:1073E0001846FA7A7B685C79174903469B00034488
:1073F0005B000B44134422461A707B685B78184686
:10740000FA7A124903469B0003445B000B44134481
:1074100001221A70FB7A5A1C0E4B83FB021399103F
:10742000D317C91A0B469B000B445B00D11A7B682B
:107430005B781A46C9B2064B995400231846103798
:10744000BD4690BC704700BF781700203C2100204B
:107450007C1600206766666690B589B000AF7860DC
:107460007868FFF761FF0346FB77FB7F022B00F094
:107470008C80484B01221A707B685B78022B35D0D8
:107480007B68D3ED027AF5EE407AF1EE10FA2DD05A
:107490007B68D3ED037AF5EE407AF1EE10FA25D051
:1074A0007B685B7818467B689A683B4903010B440C
:1074B0001A607B685B7818467B68DA683649030196
:1074C0000B4404331A607B685B781C4601F04AFF6A
:1074D0000246314923010B4408331A607B685B780C
:1074E0002D4A1B0113440C3301221A707B68DB7890
:1074F000052B2DD801A252F823F000BF35750008E6
:107500002575000815750008517500081D750008DF
:10751000417500087868FCF7BFFE1EE07868FCF74C
:1075200011F81AE07B685B78022B13D07868FCF7BF
:10753000B3FE0FE07B685B781846FDF74FFD0CE06B
:107540007B689B78022B07D1144B01221A7003E051
:1075500000BF02E000BF00E000BF7B689B79002B0A
:1075600014D007F1080314227968184609F05BFC6F
:10757000BB7B013BDBB2BB7307F108031846FFF787
:107580000BFB0748FFF7B3FE00E000BF2437BD4602
:1075900090BD00BF002B00207C060020012B0020A6
:1075A0002805002080B582B000AF234B1B7A002B4A
:1075B00005D04FF48061214802F0D9FE05E0012298
:1075C0004FF480611D4802F0B9FE1D4B0E221A7067
:1075D0001B4B02225A701A4B00229A70184B05223C
:1075E0009A71174B5B790133DAB2154B5A71144B10
:1075F0005B79FF2B02D1124B00225A71114B1B7881
:10760000002B05D00F4B00221A700D4B0622DA70AA
:107610000B48FFF7C1FA0346FB710B48FFF767FE03
:10762000074BDB78062B02D1054B0022DA70FB7981
:1076300018460837BD4680BDF0040020000C02400B
:1076400094000020012B00202805002080B588B080
:1076500004AFF860B9603B601346FB8000224FF432
:107660000061144802F06AFE00224FF48061114864
:1076700002F064FE01224FF480710E4802F05EFEBB
:1076800040F6C412FF210C4809F0C0FAFA883B8C7E
:107690000293FB6901933B8B00933B68B968F868E0
:1076A000FFF7D4F94FF47A7001F068FE00BF10378D
:1076B000BD4680BD000C02407817002080B500AFA9
:1076C00001F050FE02461A4B1B68D31A194A128861
:1076D000934221D301F046FE0346154A1360164B30
:1076E0001B78002B08D0144B00221A704FF48071C5
:1076F000124802F03CFE05E001224FF480710F4871
:1077000002F01CFEFFF74EFF0346002B04D04FF49F
:1077100000610A4802F02BFE0948FFF7FFF9034613
:10772000002B02D00648FFF797FE00BF80BD00BFC8
:10773000042B0020A8000020002B0020000C024099
:107740006806002080B582B000AF44F620630122B5
:1077500078214C4803F0DEFD0346002B01D00023C6
:107760008BE040F6C4137B6002E07B68013B7B60EA
:107770007B68002BF9D1AE220021782000F0C4FDF7
:10778000B0220021782000F0BFFD81220021782066
:1077900000F0BAFDFF220021782000F0B5FDA12203
:1077A0000021782000F0B0FDA6220021782000F012
:1077B000ABFDA8220021782000F0A6FD3F22002189
:1077C000782000F0A1FDAD220021782000F09CFD82
:1077D0008B220021782000F097FD322200217820B2
:1077E00000F092FDC8220021782000F08DFDD32208
:1077F0000021782000F088FD00220021782000F090
:1078000083FDD5220021782000F07EFD802200211A
:10781000782000F079FDD9220021782000F074FD55
:107820001F220021782000F06FFDDA22002178204D
:1078300000F06AFD12220021782000F065FDDB22B5
:107840000021782000F060FD40220021782000F027
:107850005BFDAF220021782000F056FD002000F0F3
:1078600047F800F013F8084B00221A80064B00225C
:107870005A80054B01225A71012318460837BD462C
:1078800080BD00BF682F0020182F002080B582B077
:1078900000AF0023FB7121E0FB79503BDBB21A46BD
:1078A0000021782000F030FD00220021782000F037
:1078B0002BFD10220021782000F026FDFA791346D6
:1078C0009B0113445B001A46084B1A448223402153
:1078D000782000F0B3FCFB790133FB71FB79072BB7
:1078E000DAD900BF00BF0837BD4680BD082B002095
:1078F00080B582B000AF0346FB71FB79002B01D14C
:10790000002300E0FF234FF482621946034809F088
:107910007DF900BF0837BD4680BD00BF082B0020A1
:1079200090B482B000AF0346FB800B46BB80134689
:10793000FB70FB88812B54D8BB883F2B51D82B4B35
:107940001B79002B06D0FB78002B0CBF01230023F2
:10795000DBB2FB70FB78012B20D1FA88BB88DB08F7
:1079600098B201460B469B010B445B001344204A2E
:10797000D35C5AB2BB8803F00703012101FA03F379
:107980005BB213435CB2FA8801460B469B010B4481
:107990005B001344E1B2164AD15423E0FA88BB8855
:1079A000DB0898B201460B469B010B445B00134475
:1079B0000F4AD35C5AB2BB8803F00703012101FAD6
:1079C00003F35BB2DB435BB213405CB2FA8801465F
:1079D0000B469B010B445B001344E1B2044AD154B3
:1079E00000E000BF0837BD4690BC7047182F00204C
:1079F000082B002080B483B000AF03460A46FB800A
:107A00001346BB80054AFB881380044ABB88538019
:107A100000BF0C37BD465DF8047B7047182F00206F
:107A200080B586B000AF03463960FB711346BB7169
:107A3000394B1B881A463B681B781344812B07DCA3
:107A4000354B5B881A463B685B7813443F2B01DD5E
:107A500000235DE000237B614BE03B685A68FB79C3
:107A6000203B3968497801FB03F319467B690B44D5
:107A70005B0013441B88FB6000233B6130E0FA6825
:107A80003B6902FA03F303F40043002B10D0224BAE
:107A90001A883B699BB2134498B21F4B5A887B6982
:107AA0009BB213449BB2BA791946FFF739FF14E031
:107AB000194B1A883B699BB2134498B2164B5A88EB
:107AC0007B699BB2134499B2BB79002B0CBF012395
:107AD0000023DBB21A46FFF723FF3B6901333B610A
:107AE0003B681B781A463B699342C8D37B690133D4
:107AF0007B613B685B781A467B699342ADD3064B4A
:107B00001B883A68127813449AB2034B1A80FB79A7
:107B100018461837BD4680BD182F002080B584B0A8
:107B200000AFF860B9601346FB7112E0FB681B7888
:107B3000FA79B9681846FFF773FF03461A46FB68DF
:107B40001B789A4202D0FB681B7808E0FB6801337F
:107B5000FB60FB681B78002BE8D1FB681B7818469C
:107B60001037BD4680BD90B587B000AF04460846CB
:107B700011461A462346FB800346BB800B467B809A
:107B800013463B80FB88812B01D98123FB807B88B6
:107B9000812B01D981237B80BB883F2B01D93F23D7
:107BA000BB803B883F2B01D93F233B80FA887B88F1
:107BB0009A4205D27A88FB88D31A9BB21BB204E0A2
:107BC000FA887B88D31A9BB21BB27B82BA883B8827
:107BD0009A4205D23A88BB88D31A9BB21BB204E002
:107BE000BA883B88D31A9BB21BB23B82FA887B8847
:107BF0009A4201D2012301E04FF0FF33FB81BA88A2
:107C00003B889A4201D2012301E04FF0FF33BB8150
:107C1000B7F91220B7F910309A4206DDB7F91230E1
:107C2000DA0F13445B101BB206E0B7F91030DA0F1D
:107C300013445B105B421BB2FB82B7F91230002B7E
:107C400029D13A88BB889A4205D23B883B81BB88C0
:107C50003B803B89BB807A88FB889A4205D27B882F
:107C60003B81FB887B803B89FB80BB88BB820CE02F
:107C7000B98A97F82820FB881846FFF751FEB7F914
:107C800014309BB201339BB2BB82B7F914203B88FE
:107C90009A42EDDD5FE0B7F91030002B29D13A8828
:107CA000BB889A4205D23B883B81BB883B803B899D
:107CB000BB807A88FB889A4205D27B883B81FB880F
:107CC0007B803B89FB80FB88BB820CE0BB8A97F8FA
:107CD0002820B9881846FFF723FEB7F914309BB265
:107CE00001339BB2BB82B7F914207B889A42EDDD49
:107CF00031E097F82820B988FB881846FFF710FE76
:107D0000FA887B889A4203D1BA883B889A4221D06C
:107D1000FB8A7B81B7F90A20B7F912305B429A429D
:107D200008DDFA8A3B8AD31A9BB2FB82FA89FB8868
:107D30001344FB80B7F90A20B7F910309A42D8DA19
:107D4000FA8A7B8A13449BB2FB82BA89BB881344AC
:107D5000BB80CEE700BF1C37BD4690BD90B585B057
:107D600002AF0446084611461A462346FB800346E6
:107D7000BB800B467B8013463B80FB88812B53D80E
:107D8000BB883F2B50D8FA887B881344812B03DDB6
:107D9000FB88C3F182037B80BA883B8813443F2B66
:107DA00003DDBB88C3F140033B80FA887B88134422
:107DB0009AB2BC88B988F8883B7E00932346FFF7C7
:107DC000D2FEBA883B88134499B2FA887B88134460
:107DD0009CB2BA883B8813449AB2F8883B7E0093E1
:107DE00013462246FFF7BFFEBA883B8813449CB275
:107DF000FA88B988F8883B7E00932346FFF7B3FEE4
:107E0000FA887B88134498B2FA887B8813449CB222
:107E1000BA883B8813449AB2B9883B7E00931346D4
:107E20002246FFF7A0FE00E000BF0C37BD4690BD24
:107E300090B587B002AF0446084611461A4623465D
:107E4000FB800346BB800B467B8013463B80FB8850
:107E5000812B36D8BB883F2B33D8FA887B881344D4
:107E6000812B03DDFB88C3F182037B80BA883B88CA
:107E700013443F2B03DDBB88C3F140033B80002349
:107E8000FB7318E0FB7B9AB2BB88134499B2FA8863
:107E90007B8813449CB2FB7B9AB2BB8813449AB292
:107EA000F88897F82030009313462246FFF75BFED0
:107EB000FB7B0133FB73FB7B9BB23A889A42E1D296
:107EC00000E000BF1437BD4690BD90B587B000AF4D
:107ED0000446084611461A462346FB800346BB80EB
:107EE0000B467B8013467B707B88C3F101039BB2FA
:107EF000FB820123BB827B881A46D203D31A5B0024
:107F00009BB27B8200233B827B88FB81F888BA8806
:107F10007B8813449BB27A781946FFF701FDF888F5
:107F2000BA887B88D31A9BB27A781946FFF7F8FC97
:107F3000FA887B8813449BB2B9887A781846FFF791
:107F4000EFFCFA887B88D31A9BB2B9887A781846F6
:107F5000FFF7E6FC81E0B7F91630002B0EDBB7F92E
:107F60000E309BB2013B9BB2FB817B8A02339BB2FA
:107F70007B82FA8A7B8A13449BB2FB82B7F910306A
:107F80009BB201339BB23B82BB8A02339BB2BB8262
:107F9000FA8ABB8A13449BB2FB82FA883B8A134459
:107FA00098B2BA88FB8913449BB27A781946FFF7D6
:107FB000B7FCFA883B8AD31A98B2BA88FB89134473
:107FC0009BB27A781946FFF7ABFCFA883B8A1344D8
:107FD00098B2BA88FB89D31A9BB27A781946FFF710
:107FE0009FFCFA883B8AD31A98B2BA88FB89D31AC5
:107FF0009BB27A781946FFF793FCFA88FB89134401
:1080000098B2BA883B8A13449BB27A781946FFF734
:1080100087FCFA88FB89D31A98B2BA883B8A134442
:108020009BB27A781946FFF77BFCFA88FB891344E8
:1080300098B2BA883B8AD31A9BB27A781946FFF76E
:108040006FFCFA88FB89D31A98B2BA883B8AD31A94
:108050009BB27A781946FFF763FCB7F91020B7F99D
:108060000E309A42FFF677AF00BF00BF1C37BD4607
:1080700090BD90B589B002AF0446084611461A4635
:108080002346FB800346BB800B467B8013467B70F8
:108090007B88C3F101039BB2FB820123BB827B88F7
:1080A0001A46D203D31A5B009BB27B8200233B8229
:1080B0007B88FB81F888BA887B8813449BB27A78E6
:1080C0001946FFF72DFCF888BA887B88D31A9BB233
:1080D0007A781946FFF724FCFA887B8813449BB210
:1080E000B9887A781846FFF71BFCFA887B88D31A80
:1080F0009BB2B9887A781846FFF712FCFA887B8819
:10810000D31A98B2B988FA887B8813449AB2BC888B
:108110007B7800932346FFF726FD79E0B7F9163008
:10812000002B0EDBB7F90E309BB2013B9BB2FB81FB
:108130007B8A02339BB27B82FA8A7B8A13449BB28E
:10814000FB82B7F910309BB201339BB23B82BB8AF2
:1081500002339BB2BB82FA8ABB8A13449BB2FB8276
:10816000FA883B8AD31A98B2BA88FB89134499B229
:10817000FA883B8A13449CB2BA88FB8913449AB2AA
:108180007B78009313462246FFF7EDFCFA883B8A82
:10819000134498B2BA88FB89D31A99B2FA883B8AF9
:1081A000D31A9CB2BA88FB89D31A9AB27B7800930F
:1081B00013462246FFF7D7FCFA88FB89134498B28E
:1081C000BA883B8A134499B2FA88FB89D31A9CB2C5
:1081D000BA883B8A13449AB27B78009313462246AE
:1081E000FFF7C1FCFA88FB89134498B2BA883B8A2E
:1081F000D31A99B2FA88FB89D31A9CB2BA883B8AFF
:10820000D31A9AB27B78009313462246FFF7ABFC51
:10821000B7F91020B7F90E309A42FFF67FAF00BFD2
:1082200000BF1C37BD4690BD80B500AF0020FFF7F2
:108230005FFBFFF72BFB00BF80BD000090B5C7B010
:1082400002AF0446084607F58871A1F588710A60F7
:10825000194607F58873A3F2091322461A7007F529
:108260008873A3F5857302461A7007F58873A3F522
:1082700086730A461A8007F58873A3F5827307F59B
:108280008872A2F5857212781A70002387F80F3170
:1082900015E097F80F3107F58872A2F58872126819
:1082A0001A4497F80F310133117807F58872A2F557
:1082B0008272D15497F80F31013387F80F3197F854
:1082C0000F319BB207F58872A2F5867212889A4226
:1082D000DFD807F58873A3F209131B7899B207F565
:1082E0008873A3F586731B8801339BB207F10C02D8
:1082F0000A200090034802F0B1F900BF07F58A7721
:10830000BD4690BD682F002080B586B002AF034601
:10831000FB710B46BB7113467B71BB793B737B7959
:108320007B73FB7999B207F10C020A2300930223B5
:10833000034802F093F900BF1037BD4680BD00BF6F
:10834000682F002080B586B000AFBA601A46034699
:10835000FB810B46BB811346FB80B7F90630073320
:10836000002B00DA0733DB103B820023FB75002370
:10837000BB8244E000237B822FE07B8A03F007036B
:10838000002B03D0FB7D5B00FB7512E0B7F91430C6
:10839000B7F9102003FB02F2B7F91230002B00DA14
:1083A0000733DB101BB213441A46BB6813441B7817
:1083B000FB7597F91730002B09DAFA897B8A134489
:1083C0009BB2B989BA8CD2B21846FFF7A9FAB7F9AD
:1083D00012309BB201339BB27B82B7F91220B7F9FE
:1083E00006309A42C9DBB7F914309BB201339BB215
:1083F000BB82B7F90C309BB201339BB2BB81B7F99A
:108400001420B7F920309A42B4DB00BF00BF183700
:10841000BD4680BD80B586B004AF00F03DFF00F0E2
:10842000DDF800F097FA00F089F900F0B5F900F0F6
:1084300067FA00F015FA00F02FF900F0DBF9F8F711
:108440003FFE042302935B4B019302230093594B9D
:10845000012258495848FFF7F9F8FFF7E5FEFBF706
:1084600063FF0346002B02D0FCF74AF96EE0FBF7EE
:10847000BDF80346002B02D0FBF7A6FA66E04F4B8F
:108480001B78082B58D801A252F823F0B1840008B9
:10849000BB840008D5840008EF8400080985000823
:1084A0000F85000815850008398500081B85000820
:1084B000F9F7F8F9F9F744FF48E0414B1A783F4BD8
:1084C0001B789A423DD0FAF7A3FE3C4B1A783C4BFE
:1084D0001A7036E03A4B1A78384B1B789A4232D0F1
:1084E000FAF718FF354B1A78354B1A702BE0344BDE
:1084F0001A78324B1B789A4227D0FAF7A1FF2F4BFC
:108500001A782F4B1A7020E0FAF7E2FA1EE0F9F71A
:1085100027FA1BE0F8F7ECFF18E0294B1A78274BF5
:108520001B789A4208D0FAF757FD244B1A78244B4F
:108530001A70244804F0E8FF204B1A78204B1A7078
:1085400004E000BF02E000BF00E000BFF8F7C4FF96
:10855000FEF79AF81C4BD3ED007AFCEEE77AC7EDF4
:10856000017A3B79DAB2194B1A71194BD3ED027AC1
:10857000FCEEE77AC7ED017A3B79DAB2134B5A7415
:10858000134BD3ED007AFCEEE77AC7ED017A3B7925
:10859000DAB20E4B1A740F4B1B680C4A93600D4BEA
:1085A0005B680A4AD360FFF789F80B4800F04EFF7A
:1085B00055E700BF000C02401030002028030020C7
:1085C000290300206830002034030020940000209C
:1085D000B4020020F0040020202F002080B594B0C9
:1085E00000AF07F1200330220021184608F00EFBEF
:1085F00007F10C0300221A605A609A60DA601A616F
:108600000023BB60224B1B6C214A43F08053136450
:108610001F4B1B6C03F08053BB60BB6800237B6067
:108620001C4B1B681B4A43F480431360194B1B68A7
:1086300003F480437B607B6802233B620123FB627F
:1086400010233B630023BB6307F12003184603F0AC
:1086500093FC0346002B01D000F0DCFA0F23FB60F3
:1086600000233B6100237B610023BB610023FB618E
:1086700007F10C030021184603F0F6FE0346002B19
:1086800001D000F0C7FA00BF5037BD4680BD00BF23
:10869000003802400070004080B584B000AF3B4617
:1086A00000221A605A609A60DA60214B214A1A60EF
:1086B0001F4B00225A601E4B00229A601C4B002266
:1086C0001A611B4B00221A76194B002283F82020D6
:1086D000174B0022DA62164B174A9A62144B00229B
:1086E000DA60134B0122DA61114B002283F830204B
:1086F0000F4B01225A610E4800F064FE0346002B26
:1087000001D000F087FA02233B6001237B60002345
:10871000BB603B461946064801F0A8F80346002B0B
:1087200001D000F077FA00BF1037BD4680BD00BF12
:10873000202F0020002001400100000F80B500AF75
:10874000124B134A1A60114B124A5A600F4B002207
:108750009A600E4B0022DA600C4B4FF480421A6193
:108760000A4B00225A61094B00229A61074B0022F2
:10877000DA61064B00221A62044801F02BFE034620
:10878000002B01D000F046FA00BF80BD682F00200A
:1087900000540040801A060080B500AF124B134A07
:1087A0001A60114B124A5A600F4B00229A600E4B0E
:1087B0000022DA600C4B4FF480421A610A4B00220F
:1087C0005A61094B00229A61074B0022DA61064B7D
:1087D00000221A62044801F0FDFD0346002B01D07F
:1087E00000F018FA00BF80BDBC2F002000580040E8
:1087F000A086010080B500AF174B184A1A60164BCF
:108800004FF482725A60144B00229A60124B00227D
:10881000DA60114B00221A610F4B00225A610E4B95
:108820004FF400729A610C4B0022DA610A4B00226D
:108830001A62094B00225A62074B00229A62064BC9
:108840000A22DA62044804F02FF80346002B01D014
:1088500000F0E0F900BF80BD10300020003C004077
:1088600080B586B000AF07F1080300221A605A6095
:108870009A60DA603B4600221A605A601E4B1F4A1B
:108880001A601D4B00225A601B4B00229A601A4B43
:1088900040F66A22DA60184B00221A61164B002259
:1088A0005A61154B00229A61134804F0DDFD03461E
:1088B000002B01D000F0AEF94FF48053BB6007F1FC
:1088C000080319460C4804F0AEFF0346002B01D004
:1088D00000F0A0F900233B6000237B603B46194673
:1088E000054805F0CFF90346002B01D000F092F9BE
:1088F00000BF1837BD4680BD683000200000014031
:1089000080B500AF114B124A1A60104B4FF416524B
:108910005A600E4B00229A600C4B0022DA600B4B1F
:1089200000221A61094B0C225A61084B00229A61FD
:10893000064B0022DA61054805F034FA0346002BA5
:1089400001D000F067F900BF80BD00BFB03000204B
:108950000010014080B58CB000AF07F11C0300226D
:108960001A605A609A60DA601A610023BB61704B2A
:108970001B6B6F4A43F0800313636D4B1B6B03F05B
:108980008003BB61BB6900237B61694B1B6B684A39
:1089900043F001031363664B1B6B03F001037B6120
:1089A0007B6900233B61624B1B6B614A43F0100300
:1089B00013635F4B1B6B03F010033B613B690023A8
:1089C000FB605B4B1B6B5A4A43F002031363584B2B
:1089D0001B6B03F00203FB60FB680023BB60544B7E
:1089E0001B6B534A43F008031363514B1B6B03F09B
:1089F0000803BB60BB6800237B604D4B1B6B4C4A7C
:108A000043F0040313634A4B1B6B03F004037B60C6
:108A10007B6800224FF47061464801F08FFC012210
:108A20004FF4C071444801F089FC01220321414800
:108A300001F084FC4FF4DF43FB614FF404133B620D
:108A400000237B6207F11C0319463C4801F0DAFA67
:108A50004FF45063FB6101233B6201237B620023DF
:108A6000BB6207F11C031946324801F0CBFA40F211
:108A70000323FB6101233B6200237B620023BB6273
:108A800007F11C0319462B4801F0BCFA4FF40043D0
:108A9000FB614FF488133B6200237B6207F11C03E8
:108AA0001946244801F0AEFA4023FB6100233B62E3
:108AB00000237B6207F11C0319461F4801F0A2FA4C
:108AC0004FF4C073FB6101233B6200237B620023F0
:108AD000BB6207F11C031946174801F093FA0423FF
:108AE000FB614FF404133B6200237B6207F11C031C
:108AF0001946104801F086FA00220121082001F0F1
:108B0000B8F9082001F0D1F900220121172001F065
:108B1000B0F9172001F0C9F900220121282001F045
:108B2000A8F9282001F0C1F900BF3037BD4680BD4B
:108B300000380240000C02400008024000100240D1
:108B400080B582B000AF78607B681B680B4A9342A7
:108B50000FD10B4BDB78012B05D14FF40071094885
:108B600001F005FC05E000224FF40071054801F01A
:108B7000E5FB00BF0837BD4680BD00BF00000140D7
:108B800094000020000C024080B582B000AF7860F5
:108B90007B681B681A4A93422AD11A4800F044FEA7
:108BA00003469AB2184B1A80174B1B8807EE903A6F
:108BB000F8EE677A9FED157AC7EE876A16EE900A8F
:108BC000F7F7C2FC0CA3D3E90023F7F715FD024623
:108BD0000B461046194602460B46F7F757FB02466E
:108BE0000B4610461946F7F7FFFF0346084A136085
:108BF00000BF0837BD4680BD6666666666660A4089
:108C000000200140202F0020F830002000F07F4598
:108C1000FC30002080B400AF72B600BF00BFFDE79B
:108C200080B582B000AF00237B60134B5B6C124AAF
:108C300043F480435364104B5B6C03F480437B60CC
:108C40007B6800233B600C4B1B6C0B4A43F080534A
:108C50001364094B1B6C03F080533B603B6800229C
:108C60000121052001F005F9052001F01EF900BFE2
:108C70000837BD4680BD00BF0038024080B58AB0CD
:108C800000AF786007F1140300221A605A609A60FE
:108C9000DA601A617B681B681B4A93422FD100235C
:108CA0003B611A4B5B6C194A43F480735364174B56
:108CB0005B6C03F480733B613B690023FB60134BE7
:108CC0001B6B124A43F001031363104B1B6B03F041
:108CD0000103FB60FB6804237B610323BB6100236A
:108CE000FB6107F114031946094801F08BF90022D2
:108CF0000121122001F0BDF8122001F0D6F800BFCA
:108D00002837BD4680BD00BF00200140003802402A
:108D10000000024080B58CB000AF786007F11C0302
:108D200000221A605A609A60DA601A617B681B68D8
:108D3000324A93422CD10023BB61314B1B6B304A2A
:108D400043F0020313632E4B1B6B03F00203BB6162
:108D5000BB69C023FB6112233B6200237B620323B8
:108D6000BB620423FB6207F11C031946254801F08E
:108D700049F900237B61224B1B6C214A43F4001309
:108D800013641F4B1B6C03F400137B617B6931E0A0
:108D90007B681B681C4A93422CD100233B61184B13
:108DA0001B6B174A43F002031363154B1B6B03F055
:108DB00002033B613B694FF44063FB6112233B625A
:108DC00000237B620323BB620423FB6207F11C03C5
:108DD00019460C4801F016F90023FB60084B1B6C88
:108DE000074A43F480031364054B1B6C03F48003B0
:108DF000FB60FB6800BF3037BD4680BD00540040BB
:108E000000380240000402400058004080B58AB09B
:108E100000AF786007F1140300221A605A609A606C
:108E2000DA601A617B681B68194A93422CD10023CF
:108E30003B61184B1B6C174A43F400431364154BFA
:108E40001B6C03F400433B613B690023FB60114B47
:108E50001B6B104A43F0040313630E4B1B6B03F0B0
:108E60000403FB60FB684FF4E0537B610223BB61AA
:108E70000023FB6103233B6206237B6207F114039B
:108E80001946054801F0BEF800BF2837BD4680BD31
:108E9000003C0040003802400008024080B584B029
:108EA00000AF78607B681B680E4A934215D100239F
:108EB000FB600D4B5B6C0C4A43F0010353640A4B9F
:108EC0005B6C03F00103FB60FB68002200211920AA
:108ED00000F0CFFF192000F0E8FF00BF1037BD46BB
:108EE00080BD00BF000001400038024080B58AB05C
:108EF00000AF786007F1140300221A605A609A608C
:108F0000DA601A617B681B681D4A934234D10023E2
:108F10003B611C4B5B6C1B4A43F010035364194BC1
:108F20005B6C03F010033B613B690023FB60154B56
:108F30001B6B144A43F001031363124B1B6B03F0CA
:108F40000103FB60FB684FF4C0637B610223BB61DC
:108F50000023FB6103233B6207237B6207F11403B9
:108F60001946094801F04EF800220121252000F0A1
:108F700080FF252000F099FF00BF2837BD4680BD47
:108F800000100140003802400000024080B400AFF1
:108F900000BFFDE780B400AF00BFFDE780B400AFC5
:108FA00000BFFDE780B400AF00BFFDE780B400AFB5
:108FB00000BFFDE780B400AF00BFBD465DF8047B95
:108FC000704780B400AF00BFBD465DF8047B7047BA
:108FD00080B400AF00BFBD465DF8047B704780B52C
:108FE00000AF00F0ABF900BF80BD80B400AF00BFA0
:108FF000BD465DF8047B704780B500AF042001F0EA
:10900000D1F900BF80BD000080B500AF024800F07C
:10901000FBFA00BF80BD00BF202F002080B500AF4D
:10902000802001F0BFF94FF4807001F0BBF94FF4DC
:10903000007001F0B7F900BF80BD000080B500AF3F
:10904000024804F000FB00BF80BD00BF6830002074
:1090500080B500AF024804F0A5FF00BF80BD00BF8F
:10906000B030002080B500AF4FF4806001F09AF975
:109070004FF4006001F096F94FF4005001F092F9BE
:109080004FF4804001F08EF94FF4004001F08AF96E
:1090900000BF80BD80B400AF01231846BD465DF817
:1090A000047B704780B582B000AF7860396007F00C
:1090B0008DFE034616221A604FF0FF33184608371C
:1090C000BD4680BD80B582B000AF78604FF0FF3103
:1090D0007868FFF7E7FF00BFFDE780B586B000AF17
:1090E000F860B9607A6000237B610AE0AFF300802A
:1090F0000146BB685A1CBA60CAB21A707B69013358
:109100007B617A697B689A42F0DB7B681846183786
:10911000BD4680BD80B586B000AFF860B9607A60AA
:1091200000237B6109E0BB685A1CBA601B781846B3
:10913000AFF300807B6901337B617A697B689A4277
:10914000F1DB7B6818461837BD4680BD80B483B01C
:1091500000AF78604FF0FF3318460C37BD465DF81E
:10916000047B704780B483B000AF786039603B689F
:109170004FF400525A60002318460C37BD465DF884
:10918000047B704780B483B000AF78600123184639
:109190000C37BD465DF8047B704780B485B000AFE6
:1091A000F860B9607A60002318461437BD465DF850
:1091B000047B704780B586B000AF7860144A154BC9
:1091C000D31A7B617B693B61134B1B68002B02D177
:1091D000114B124A1A60104B1A687B6813443A69A3
:1091E0009A4207D207F0F2FD03460C221A604FF0B4
:1091F000FF3309E0084B1B68FB60074B1A687B686C
:109200001344054A1360FB6818461837BD4680BDF5
:10921000000002200004000000310020583200202D
:1092200080B400AF064BD3F88830054A43F470038E
:10923000C2F8883000BFBD465DF8047B704700BFB0
:1092400000ED00E0DFF834D0FFF7EAFF0C480D49ED
:109250000D4A002302E0D458C4500433C4188C4291
:10926000F9D30A4A0A4C002301E013600432A242F7
:10927000FBD307F0B1FDFFF7CDF8704700000220E7
:109280000000002098020020A8AE010898020020EB
:1092900054320020FEE7000080B500AF0E4B1B6883
:1092A0000D4A43F4007313600B4B1B680A4A43F4E6
:1092B00080631360084B1B68074A43F48073136094
:1092C000032000F0CBFD0F2000F008F8FFF7A8FC0A
:1092D0000023184680BD00BF003C024080B582B02C
:1092E00000AF7860124B1A68124B1B7819464FF486
:1092F0007A73B3FBF1F3B2FBF3F3184600F0E3FD2E
:109300000346002B01D001230EE07B680F2B0AD807
:10931000002279684FF0FF3000F0ABFD064A7B6811
:109320001360002300E0012318460837BD4680BDC6
:10933000C4000020CC000020C800002080B400AF92
:10934000064B1B781A46064B1B681344044A1360ED
:1093500000BFBD465DF8047B704700BFCC00002015
:109360000431002080B400AF034B1B681846BD4693
:109370005DF8047B704700BF0431002080B584B0E5
:1093800000AF7860FFF7EEFFB8607B68FB60FB68BA
:10939000B3F1FF3F05D00A4B1B781A46FB68134414
:1093A000FB6000BFFFF7DEFF0246BB68D31AFA6816
:1093B0009A42F7D800BF00BF1037BD4680BD00BF3E
:1093C000CC00002080B584B000AF78600023FB7330
:1093D0007B68002B01D1012333E07B681B6C002BE1
:1093E00009D17868FFF74AFC7B6800225A647B68E1
:1093F000002283F83C207B681B6C03F01003002BD9
:1094000018D17B681B6C23F4885323F0020343F0CC
:1094100002027B681A64786800F04AFB7B680022CD
:109420005A647B681B6C23F0030343F001027B68E2
:109430001A6401E00123FB737B68002283F83C205F
:10944000FB7B18461037BD4680BD000080B485B058
:1094500000AF78600023BB607B6893F83C30012B41
:1094600001D10223BDE07B68012283F83C207B68A8
:109470001B689B6803F00103012B18D07B681B68F5
:109480009A687B681B6842F001029A60584B1B681F
:10949000584AA2FB03239A0C13465B001344BB609B
:1094A00002E0BB68013BBB60BB68002BF9D17B6865
:1094B0001B689B6803F00103012B40F085807B68EB
:1094C0001B6C23F4E06323F0010343F480727B6898
:1094D0001A647B681B685B6803F48063002B07D009
:1094E0007B681B6C23F4405343F480527B681A64FE
:1094F0007B681B6C03F48053B3F5805F06D17B68F7
:109500005B6C23F006027B685A6402E07B680022F1
:109510005A647B68002283F83C20374BFB607B68F1
:109520001B686FF022021A607B681B685B687A68B0
:10953000126843F0806343F020035360FB685B686C
:1095400003F01F03002B2AD17B681B682B4A934230
:1095500015D07B681B682A4A934205D1264B5B686D
:1095600003F01F03002B0AD07B681B68254A934237
:1095700036D1214B5B6803F01003002B30D17B68A0
:109580001B689B6803F04053002B29D17B681B6844
:109590009A687B681B6842F080429A6020E07B6892
:1095A0001B68164A93421BD17B681B689B6803F0BB
:1095B0004053002B14D17B681B689A687B681B683A
:1095C00042F080429A600BE07B681B6C43F0100213
:1095D0007B681A647B685B6C43F001027B685A64A9
:1095E000002318461437BD465DF8047B704700BF62
:1095F000C400002083DE1B43002301400020014003
:10960000002101400022014080B586B000AF7860A3
:1096100000237B6100233B617B681B681B68FB6048
:109620007B681B685B68BB60FB6803F002037B61BF
:10963000BB6803F020033B617B69002B49D03B6989
:10964000002B46D07B681B6C03F01003002B05D168
:109650007B681B6C43F400727B681A647B681B6830
:109660009B6803F04053002B2BD17B681B7E002BA3
:1096700027D17B681B68DB6A03F47003002B06D0DC
:109680007B681B689B6803F48063002B19D17B689F
:109690001B685A687B681B6822F020025A607B684E
:1096A0001B6C23F480727B681A647B681B6C03F468
:1096B0008053002B05D17B681B6C43F001027B6853
:1096C0001A647868FFF760FA7B681B686FF0120213
:1096D0001A60FB6803F004037B61BB6803F080033E
:1096E0003B617B69002B57D03B69002B54D07B68D2
:1096F0001B6C03F01003002B05D17B681B6C43F43B
:1097000000527B681A647B681B689B6803F44013F3
:10971000002B39D17B681B689B6B03F44013002B33
:1097200006D07B681B689B6803F48063002B2BD1F9
:109730007B681B685B6803F48063002B24D17B6823
:109740001B689B6803F04053002B1DD17B681B7E78
:10975000002B19D17B681B685A687B681B6822F054
:1097600080025A607B681B6C23F480527B681A6409
:109770007B681B6C03F48073002B05D17B681B6C2A
:1097800043F001027B681A64786800F08DFA7B6808
:109790001B686FF00C021A60FB6803F001037B6129
:1097A000BB6803F040033B617B69002B17D03B692A
:1097B000002B14D07B681B681B6803F00103012B8E
:1097C0000DD17B681B6C43F480327B681A64786827
:1097D00000F037F87B681B686FF001021A60FB68C5
:1097E00003F020037B61BB6803F080633B617B690E
:1097F000002B15D03B69002B12D07B685B6C43F0CB
:1098000002027B685A647B681B686FF020021A6052
:10981000786800F020F87B681B686FF020021A60FF
:1098200000BF1837BD4680BD80B483B000AF7860FC
:109830007B681B68DB6C18460C37BD465DF8047B03
:10984000704780B483B000AF786000BF0C37BD466E
:109850005DF8047B704780B483B000AF786000BFD0
:109860000C37BD465DF8047B7047000080B485B0BE
:1098700000AF786039600023BB607B6893F83C30B0
:10988000012B01D1022305E17B68012283F83C20F2
:109890003B681B68092B25D97B681B68D9683B6826
:1098A0001B689BB21A4613465B0013441E3B0722FB
:1098B00002FA03F3DA437B681B680A40DA607B68CC
:1098C0001B68D9683B689A683B681B689BB218465E
:1098D00003465B0003441E3B9A407B681B680A43B7
:1098E000DA6022E07B681B6819693B681B689BB2E1
:1098F0001A4613465B001344072202FA03F3DA43C5
:109900007B681B680A401A617B681B6819693B68A1
:109910009A683B681B689BB2184603465B00034489
:109920009A407B681B680A431A613B685B68062B98
:1099300024D87B681B68596B3B685A6813469B00A8
:109940001344053B1F2202FA03F3DA437B681B68CA
:109950000A405A637B681B68596B3B681B689BB263
:1099600018463B685A6813469B001344053B00FAAF
:1099700003F27B681B680A435A634CE03B685B68F0
:109980000C2B24D87B681B68196B3B685A681346FC
:109990009B001344233B1F2202FA03F3DA437B6844
:1099A0001B680A401A637B681B68196B3B681B685D
:1099B0009BB218463B685A6813469B001344233BEE
:1099C00000FA03F27B681B680A431A6323E07B6892
:1099D0001B68D96A3B685A6813469B001344413B95
:1099E0001F2202FA03F3DA437B681B680A40DA623B
:1099F0007B681B68D96A3B681B689BB218463B684A
:109A00005A6813469B001344413B00FA03F27B68FB
:109A10001B680A43DA62224BFB607B681B68214AA1
:109A2000934209D13B681B68122B05D1FB685B6828
:109A300043F48002FB685A607B681B68194A9342B2
:109A400023D13B681B68102B03D03B681B68112B8C
:109A50001BD1FB685B6843F40002FB685A603B68FB
:109A60001B68102B11D1104B1B68104AA2FB03235B
:109A70009A0C13469B0013445B00BB6002E0BB687A
:109A8000013BBB60BB68002BF9D17B68002283F8E7
:109A90003C20002318461437BD465DF8047B704710
:109AA0000023014000200140C400002083DE1B434E
:109AB00080B485B000AF7860794BFB60FB685B6871
:109AC00023F44032FB685A60FB685A687B685B6825
:109AD0001A43FB685A607B681B685A687B681B687E
:109AE00022F480725A607B681B6859687B681B6926
:109AF0001A027B681B680A435A607B681B685A68B5
:109B00007B681B6822F040725A607B681B6859684A
:109B10007B689A687B681B680A435A607B681B688D
:109B20009A687B681B6822F400629A607B681B68F5
:109B300099687B68DA687B681B680A439A607B686F
:109B40009B6A584A934222D07B681B689A687B685C
:109B50001B6822F070629A607B681B6899687B685A
:109B60009A6A7B681B680A439A607B681B689A68DC
:109B70007B681B6822F040529A607B681B6899687A
:109B80007B68DA6A7B681B680A439A600FE07B682F
:109B90001B689A687B681B6822F070629A607B6819
:109BA0001B689A687B681B6822F040529A607B6849
:109BB0001B689A687B681B6822F002029A607B68C7
:109BC0001B6899687B681B7E5A007B681B680A4388
:109BD0009A607B6893F82030002B1BD07B681B6851
:109BE0005A687B681B6842F400625A607B681B6895
:109BF0005A687B681B6822F460425A607B681B6865
:109C000059687B685B6A013B5A037B681B680A439F
:109C10005A6007E07B681B685A687B681B6822F4FF
:109C200000625A607B681B68DA6A7B681B6822F4F2
:109C30007002DA627B681B68D96A7B68DB69013B6A
:109C40001A057B681B680A43DA627B681B689A689E
:109C50007B681B6822F400729A607B681B689968B5
:109C60007B6893F830305A027B681B680A439A601D
:109C70007B681B689A687B681B6822F480629A6024
:109C80007B681B6899687B685B699A027B681B68C4
:109C90000A439A6000BF1437BD465DF8047B7047E5
:109CA000002301400100000F80B483B000AF786052
:109CB00000BF0C37BD465DF8047B704780B485B0AB
:109CC00000AF78607B6803F00703FB600C4BDB6838
:109CD000BB60BA684FF6FF031340BB60FB681A0213
:109CE000BB68134343F0BF6343F40033BB60044AD3
:109CF000BB68D36000BF1437BD465DF8047B704776
:109D000000ED00E080B400AF044BDB681B0A03F0F9
:109D100007031846BD465DF8047B704700ED00E080
:109D200080B483B000AF0346FB7197F90730002B76
:109D30000BDBFB7903F01F02074997F907305B093A
:109D4000012000FA02F241F8232000BF0C37BD4683
:109D50005DF8047B704700BF00E100E080B483B091
:109D600000AF03463960FB7197F90730002B0ADB1F
:109D70003B68DAB20C4997F907301201D2B20B44B2
:109D800083F800230AE03B68DAB20849FB7903F064
:109D90000F03043B1201D2B20B441A7600BF0C37FA
:109DA000BD465DF8047B704700E100E000ED00E097
:109DB00080B489B000AFF860B9607A60FB6803F0E6
:109DC0000703FB61FB69C3F10703042B28BF0423CE
:109DD000BB61FB690433062B02D9FB69033B00E03E
:109DE00000237B614FF0FF32BB6902FA03F3DA43D1
:109DF000BB681A407B699A404FF0FF317B6901FADA
:109E000003F3D9437B680B40134318462437BD4600
:109E10005DF8047B7047000080B582B000AF7860C9
:109E20007B68013BB3F1807F01D301230FE00A4A35
:109E30007B68013B53600F214FF0FF30FFF78EFF2F
:109E4000054B00229A60044B07221A600023184633
:109E50000837BD4680BD00BF10E000E080B582B08D
:109E600000AF78607868FFF729FF00BF0837BD466C
:109E700080BD80B586B000AF0346B9607A60FB73E1
:109E800000237B61FFF73EFF78617A68B9687869E3
:109E9000FFF78EFF024697F90F3011461846FFF77D
:109EA0005DFF00BF1837BD4680BD80B582B000AFF2
:109EB0000346FB7197F907301846FFF731FF00BFE3
:109EC0000837BD4680BD80B582B000AF7860786845
:109ED000FFF7A2FF034618460837BD4680BD80B590
:109EE00084B000AF78607B689B6DFB60FFF73AFA47
:109EF000B8607B6893F83530DBB2022B08D07B6802
:109F000080225A657B68002283F83420012352E0C6
:109F10007B681B681A687B681B6822F016021A604F
:109F20007B681B685A697B681B6822F080025A6153
:109F30007B681B6C002B03D17B689B6C002B07D0CC
:109F40007B681B681A687B681B6822F008021A602D
:109F50007B681B681A687B681B6822F001021A6024
:109F600013E0FFF7FFF90246BB68D31A052B0CD9A3
:109F70007B6820225A657B68032283F835207B6842
:109F8000002283F83420032315E07B681B681B68DC
:109F900003F00103002BE4D17B68DB6D3F229A4084
:109FA000FB689A607B68012283F835207B68002279
:109FB00083F83420002318461037BD4680BD80B496
:109FC00083B000AF78607B6893F83530DBB2022B4A
:109FD00004D07B6880225A6501230CE07B6805224F
:109FE00083F835207B681B681A687B681B6822F041
:109FF00001021A60002318460C37BD465DF8047B49
:10A000007047000080B489B000AF786039600023E9
:10A010007B6100233B610023BB610023FB616BE19B
:10A020000122FB6902FA03F37B613B681B687A69D2
:10A0300013403B613A697B699A4240F05A813B6820
:10A040005B6803F00303012B05D03B685B6803F0FA
:10A050000303022B30D17B689B68BB61FB695B000B
:10A06000032202FA03F3DB43BA691340BB613B6886
:10A07000DA68FB695B0002FA03F3BA691343BB6158
:10A080007B68BA699A607B685B68BB610122FB6987
:10A0900002FA03F3DB43BA691340BB613B685B68B8
:10A0A0001B0903F00102FB6902FA03F3BA691343C7
:10A0B000BB617B68BA695A603B685B6803F0030365
:10A0C000032B17D07B68DB68BB61FB695B00032255
:10A0D00002FA03F3DB43BA691340BB613B689A6839
:10A0E000FB695B0002FA03F3BA691343BB617B6847
:10A0F000BA69DA603B685B6803F00303022B23D183
:10A10000FB69DA087B68083253F82230BB61FB69CF
:10A1100003F007039B000F2202FA03F3DB43BA6943
:10A120001340BB613B681A69FB6903F007039B009E
:10A1300002FA03F3BA691343BB61FB69DA087B686F
:10A140000832B96943F822107B681B68BB61FB6960
:10A150005B00032202FA03F3DB43BA691340BB61DD
:10A160003B685B6803F00302FB695B0002FA03F3E0
:10A17000BA691343BB617B68BA691A603B685B6864
:10A1800003F44033002B00F0B4800023FB60604BED
:10A190005B6C5F4A43F4804353645D4B5B6C03F438
:10A1A0008043FB60FB685B4AFB699B08023352F803
:10A1B0002330BB61FB6903F003039B000F2202FA0B
:10A1C00003F3DB43BA691340BB617B68524A934295
:10A1D0002BD07B68514A934225D07B68504A9342EA
:10A1E0001FD07B684F4A934219D07B684E4A9342F6
:10A1F00013D07B684D4A93420DD07B684C4A934202
:10A2000007D07B684B4A934201D107230EE0082315
:10A210000CE006230AE0052308E0042306E00323FC
:10A2200004E0022302E0012300E00023FA6902F0C7
:10A23000030292009340BA691343BB613549FB693D
:10A240009B080233BA6941F823203B4B9B68BB61F2
:10A250003B69DB43BA691340BB613B685B6803F44D
:10A260008013002B03D0BA693B691343BB61324AA8
:10A27000BB699360304BDB68BB613B69DB43BA6908
:10A280001340BB613B685B6803F40013002B03D0F1
:10A29000BA693B691343BB61274ABB69D360264B4C
:10A2A0005B68BB613B69DB43BA691340BB613B68D8
:10A2B0005B6803F40033002B03D0BA693B69134396
:10A2C000BB611D4ABB6953601B4B1B68BB613B698B
:10A2D000DB43BA691340BB613B685B6803F48033BE
:10A2E000002B03D0BA693B691343BB61124ABB69B7
:10A2F0001360FB690133FB61FB690F2B7FF690AEA6
:10A3000000BF00BF2437BD465DF8047B704700BF27
:10A3100000380240003801400000024000040240C2
:10A3200000080240000C02400010024000140240ED
:10A3300000180240001C0240003C014080B483B081
:10A3400000AF78600B467B8013467B707B78002BD8
:10A3500003D07A887B689A6103E07B881A047B6863
:10A360009A6100BF0C37BD465DF8047B704780B42E
:10A3700085B000AF78600B467B807B685B69FB60D3
:10A380007A88FB6813401A04FB68D9437B880B402A
:10A390001A437B689A6100BF1437BD465DF8047BA1
:10A3A0007047000080B582B000AF0346FB80084BC9
:10A3B0005A69FB881340002B06D0054AFB8853617D
:10A3C000FB881846F7F7D8FB00BF0837BD4680BDAD
:10A3D000003C014080B584B000AF78607B68002B02
:10A3E00001D101232BE17B6893F83D30DBB2002BD8
:10A3F00006D17B68002283F83C207868FEF78AFC4F
:10A400007B68242283F83D207B681B681A687B6880
:10A410001B6822F001021A607B681B681A687B685F
:10A420001B6842F400421A607B681B681A687B68EC
:10A430001B6822F400421A6002F00EFAF8607B6892
:10A440005B68814A934207D8FB68804A934294BF75
:10A4500001230023DBB206E0FB687D4A934294BFF0
:10A4600001230023DBB2002B01D00123E7E0FB68CE
:10A47000784AA2FB03239B0CBB607B681B685B686C
:10A4800023F03F017B681B68BA680A435A607B6807
:10A490001B681B6A23F03F017B685B686A4A934232
:10A4A00002D8BB68013309E0BB684FF4967202FB27
:10A4B00003F3694AA2FB03239B0901337A681268FC
:10A4C0000B4313627B681B68DB6923F44F4222F065
:10A4D000FF027B685B685C498B4219D8FB68591E98
:10A4E0007B685B685B00B1FBF3F3591C40F6FC73BF
:10A4F0000B40002B0AD0FB68591E7B685B685B0031
:10A50000B1FBF3F30133C3F30B0351E004234FE03A
:10A510007B689B68002B11D1FB68581E7B685968CB
:10A520000B465B000B44B0FBF3F30133C3F30B03A7
:10A53000002B0CBF01230023DBB212E0FB68581E86
:10A540007B6859680B469B000B4499000B44B0FB99
:10A55000F3F30133C3F30B03002B0CBF01230023E0
:10A56000DBB2002B01D0012322E07B689B68002B2B
:10A570000ED1FB68581E7B6859680B465B000B4484
:10A58000B0FBF3F30133C3F30B0343F400430FE0D9
:10A59000FB68581E7B6859680B469B000B4499006A
:10A5A0000B44B0FBF3F30133C3F30B0343F4404319
:10A5B000796809681343CB617B681B681B6823F0CB
:10A5C000C0017B68DA697B681B6A1A437B681B6879
:10A5D0000A431A607B681B689B6823F4034323F0DB
:10A5E000FF037A6811697A68D26811437A68126841
:10A5F0000B4393607B681B68DB6823F0FF017B687B
:10A600005A697B689B691A437B681B680A43DA6056
:10A610007B681B681A687B681B6842F001021A603D
:10A620007B6800221A647B68202283F83D207B68C7
:10A6300000221A637B68002283F83E20002318461C
:10A640001037BD4680BD00BFA08601007F841E007C
:10A65000FF083D0083DE1B43D34D621080B588B0F8
:10A6600002AFF8607A601A460B467B8113463B8145
:10A67000FEF778FE7861FB6893F83D30DBB2202B63
:10A6800040F0E0807B690093192301227049F8684B
:10A6900001F03CFA0346002B01D00223D3E0FB6813
:10A6A00093F83C30012B01D10223CCE0FB6801225E
:10A6B00083F83C20FB681B681B6803F00103012B37
:10A6C00007D0FB681B681A68FB681B6842F0010230
:10A6D0001A60FB681B681A68FB681B6822F400623A
:10A6E0001A60FB68212283F83D20FB68102283F862
:10A6F0003E20FB6800221A64FB687A685A62FB6895
:10A700003A895A85FB685B8D9AB2FB681A85FB68AB
:10A71000504ADA6279897B693A6AF86800F028FF62
:10A720000346002B01D001238DE000233B61FB6831
:10A730001B685B693B61FB681B689B693B613B690C
:10A7400066E07A69396AF86801F0FAFA0346002B84
:10A750000DD0FB681B6C042B07D1FB681B681A68C3
:10A76000FB681B6842F400721A6001236BE0FB680F
:10A770005B6A1A78FB681B681A61FB685B6A5A1C83
:10A78000FB685A62FB685B8D9BB2013B9AB2FB6827
:10A790005A85FB681B8D013B9AB2FB681A85FB68E2
:10A7A0001B685B6903F00403042B1BD1FB681B8D42
:10A7B000002B17D0FB685B6A1A78FB681B681A616C
:10A7C000FB685B6A5A1CFB685A62FB685B8D9BB234
:10A7D000013B9AB2FB685A85FB681B8D013B9AB21C
:10A7E000FB681A857A69396AF86801F0F1FA03465C
:10A7F000002B0DD0FB681B6C042B07D1FB681B687A
:10A800001A68FB681B6842F400721A6001231AE0A0
:10A81000FB681B8D002B94D1FB681B681A68FB68D2
:10A820001B6842F400721A60FB68202283F83D2006
:10A83000FB68002283F83E20FB68002283F83C205E
:10A84000002300E0022318461837BD4680BD00BF34
:10A85000020010000000FFFF80B58CB002AFF8606E
:10A860007A601A460B467B8113463B81FEF77AFDE0
:10A870007862FB6893F83D30DBB2202B40F0178202
:10A880007B6A0093192301227C49F86801F03EF9A4
:10A890000346002B01D002230AE2FB6893F83C3008
:10A8A000012B01D1022303E2FB68012283F83C2043
:10A8B000FB681B681B6803F00103012B07D0FB68D2
:10A8C0001B681A68FB681B6842F001021A60FB688B
:10A8D0001B681A68FB681B6822F400621A60FB6838
:10A8E000222283F83D20FB68102283F83E20FB687B
:10A8F00000221A64FB687A685A62FB683A895A85B2
:10A90000FB685B8D9AB2FB681A85FB685C4ADA6269
:10A9100079897B6A3A6BF86800F0ACFE0346002B3D
:10A9200001D00123C4E1FB681B8D002B13D1002350
:10A930003B62FB681B685B693B62FB681B689B6949
:10A940003B623B6AFB681B681A68FB681B6842F441
:10A9500000721A6098E1FB681B8D012B1BD1FB680C
:10A960001B681A68FB681B6822F480621A60002367
:10A97000FB61FB681B685B69FB61FB681B689B698B
:10A98000FB61FB69FB681B681A68FB681B6842F483
:10A9900000721A6078E1FB681B8D022B1BD1FB68EB
:10A9A0001B681A68FB681B6822F480621A60FB68E7
:10A9B0001B681A68FB681B6842F400621A60002377
:10A9C000BB61FB681B685B69BB61FB681B689B69BB
:10A9D000BB61BB6958E1FB681B681A68FB681B68B0
:10A9E00042F480621A6000237B61FB681B685B692C
:10A9F0007B61FB681B689B697B617B6944E1FB6849
:10AA00001B8D032B00F2F180FB681B8D012B23D1E2
:10AA10007A6A396BF86801F023FA0346002B01D0FB
:10AA2000012345E1FB681B681A69FB685B6AD2B2C7
:10AA30001A70FB685B6A5A1CFB685A62FB681B8DC4
:10AA4000013B9AB2FB681A85FB685B8D9BB2013BA8
:10AA50009AB2FB685A8517E1FB681B8D022B4ED119
:10AA60007B6A00933B6B00220649F86801F04EF8C0
:10AA70000346002B08D001231AE100BF020010009A
:10AA80000000FFFF04000100FB681B681A68FB68F8
:10AA90001B6842F400721A60FB681B681A69FB6845
:10AAA0005B6AD2B21A70FB685B6A5A1CFB685A6216
:10AAB000FB681B8D013B9AB2FB681A85FB685B8DB6
:10AAC0009BB2013B9AB2FB685A85FB681B681A6906
:10AAD000FB685B6AD2B21A70FB685B6A5A1CFB683F
:10AAE0005A62FB681B8D013B9AB2FB681A85FB68B2
:10AAF0005B8D9BB2013B9AB2FB685A85C4E07B6ACE
:10AB000000933B6B00226C49F86800F0FFFF03469E
:10AB1000002B01D00123CBE0FB681B681A68FB689F
:10AB20001B6822F480621A60FB681B681A69FB6864
:10AB30005B6AD2B21A70FB685B6A5A1CFB685A6285
:10AB4000FB681B8D013B9AB2FB681A85FB685B8D25
:10AB50009BB2013B9AB2FB685A857B6A00933B6BC0
:10AB600000225549F86800F0D1FF0346002B01D0C0
:10AB700001239DE0FB681B681A68FB681B6842F4B0
:10AB800000721A60FB681B681A69FB685B6AD2B2C4
:10AB90001A70FB685B6A5A1CFB685A62FB681B8D63
:10ABA000013B9AB2FB681A85FB685B8D9BB2013B47
:10ABB0009AB2FB685A85FB681B681A69FB685B6A76
:10ABC000D2B21A70FB685B6A5A1CFB685A62FB6857
:10ABD0001B8D013B9AB2FB681A85FB685B8D9BB2AB
:10ABE000013B9AB2FB685A854EE07A6A396BF86885
:10ABF00001F036F90346002B01D0012358E0FB6831
:10AC00001B681A69FB685B6AD2B21A70FB685B6AE0
:10AC10005A1CFB685A62FB681B8D013B9AB2FB68A9
:10AC20001A85FB685B8D9BB2013B9AB2FB685A8523
:10AC3000FB681B685B6903F00403042B24D1FB68E9
:10AC40001B8D032B07D1FB681B681A68FB681B6808
:10AC500022F480621A60FB681B681A69FB685B6AF1
:10AC6000D2B21A70FB685B6A5A1CFB685A62FB68B6
:10AC70001B8D013B9AB2FB681A85FB685B8D9BB20A
:10AC8000013B9AB2FB685A85FB681B8D002B7FF451
:10AC9000B6AEFB68202283F83D20FB68002283F8D3
:10ACA0003E20FB68002283F83C20002300E00223C2
:10ACB00018462837BD4680BD0400010080B588B025
:10ACC00002AFF860084611461A4603467B810B46E0
:10ACD0003B811346FB80FEF745FB7861FB6893F8E8
:10ACE0003D30DBB2202B40F0D9807B6900931923E3
:10ACF00001226D49F86800F009FF0346002B01D0DE
:10AD00000223CCE0FB6893F83C30012B01D10223F5
:10AD1000C5E0FB68012283F83C20FB681B681B68C8
:10AD200003F00103012B07D0FB681B681A68FB685E
:10AD30001B6842F001021A60FB681B681A68FB6816
:10AD40001B6822F400621A60FB68212283F83D2010
:10AD5000FB68402283F83E20FB6800221A64FB68EF
:10AD60003A6A5A62FB68BA8C5A85FB685B8D9AB264
:10AD7000FB681A85FB684D4ADA62F8883A89798956
:10AD80007B690193BB6A00930346F86800F040FDBD
:10AD90000346002B52D0012381E07A69B96AF86832
:10ADA00000F0CEFF0346002B0DD0FB681B6C042B7C
:10ADB00007D1FB681B681A68FB681B6842F40072C5
:10ADC0001A6001236BE0FB685B6A1A78FB681B68FA
:10ADD0001A61FB685B6A5A1CFB685A62FB681B8D30
:10ADE000013B9AB2FB681A85FB685B8D9BB2013B05
:10ADF0009AB2FB685A85FB681B685B6903F0040321
:10AE0000042B1BD1FB681B8D002B17D0FB685B6AE2
:10AE10001A78FB681B681A61FB685B6A5A1CFB683E
:10AE20005A62FB681B8D013B9AB2FB681A85FB686E
:10AE30005B8D9BB2013B9AB2FB685A85FB681B8D08
:10AE4000002BAAD17A69B96AF86800F0C1FF0346FD
:10AE5000002B0DD0FB681B6C042B07D1FB681B6813
:10AE60001A68FB681B6842F400721A60012316E03E
:10AE7000FB681B681A68FB681B6842F400721A6062
:10AE8000FB68202283F83D20FB68002283F83E20E7
:10AE9000FB68002283F83C20002300E002231846D0
:10AEA0001837BD4680BD00BF020010000000FFFF44
:10AEB00080B58CB002AFF860084611461A460346CA
:10AEC0007B810B463B811346FB80FEF74BFA786291
:10AED000FB6893F83D30DBB2202B40F014827B6A94
:10AEE0000093192301227B49F86800F00FFE034606
:10AEF000002B01D0022307E2FB6893F83C30012BC2
:10AF000001D1022300E2FB68012283F83C20FB68A8
:10AF10001B681B6803F00103012B07D0FB681B684B
:10AF20001A68FB681B6842F001021A60FB681B6824
:10AF30001A68FB681B6822F400621A60FB68222210
:10AF400083F83D20FB68402283F83E20FB68002206
:10AF50001A64FB683A6B5A62FB68BA8E5A85FB68C2
:10AF60005B8D9AB2FB681A85FB685B4ADA62F888E7
:10AF70003A8979897B6A0193BB6B00930346F86831
:10AF800000F0DCFC0346002B01D00123BCE1FB6890
:10AF90001B8D002B13D100233B62FB681B685B6990
:10AFA0003B62FB681B689B693B623B6AFB681B68F2
:10AFB0001A68FB681B6842F400721A6090E1FB6833
:10AFC0001B8D012B1BD1FB681B681A68FB681B6873
:10AFD00022F480621A600023FB61FB681B685B69D6
:10AFE000FB61FB681B689B69FB61FB69FB681B6875
:10AFF0001A68FB681B6842F400721A6070E1FB6813
:10B000001B8D022B1BD1FB681B681A68FB681B6831
:10B0100022F480621A60FB681B681A68FB681B6870
:10B0200042F400621A600023BB61FB681B685B6925
:10B03000BB61FB681B689B69BB61BB6950E1002376
:10B040007B61FB681B685B697B61FB681B689B69B4
:10B050007B617B6944E1FB681B8D032B00F2F1806F
:10B06000FB681B8D012B23D17A6AB96BF86800F05D
:10B07000F7FE0346002B01D0012345E1FB681B6866
:10B080001A69FB685B6AD2B21A70FB685B6A5A1C69
:10B09000FB685A62FB681B8D013B9AB2FB681A85FC
:10B0A000FB685B8D9BB2013B9AB2FB685A8517E146
:10B0B000FB681B8D022B4ED17B6A0093BB6B002279
:10B0C0000649F86800F022FD0346002B08D0012352
:10B0D0001AE100BF020010000000FFFF04000100A1
:10B0E000FB681B681A68FB681B6842F400721A60F0
:10B0F000FB681B681A69FB685B6AD2B21A70FB684E
:10B100005B6A5A1CFB685A62FB681B8D013B9AB252
:10B11000FB681A85FB685B8D9BB2013B9AB2FB68AA
:10B120005A85FB681B681A69FB685B6AD2B21A70A1
:10B13000FB685B6A5A1CFB685A62FB681B8D013B0B
:10B140009AB2FB681A85FB685B8D9BB2013B9AB291
:10B15000FB685A85C4E07B6A0093BB6B00226C4994
:10B16000F86800F0D3FC0346002B01D00123CBE0AC
:10B17000FB681B681A68FB681B6822F480621A600F
:10B18000FB681B681A69FB685B6AD2B21A70FB68BD
:10B190005B6A5A1CFB685A62FB681B8D013B9AB2C2
:10B1A000FB681A85FB685B8D9BB2013B9AB2FB681A
:10B1B0005A857B6A0093BB6B00225549F86800F002
:10B1C000A5FC0346002B01D001239DE0FB681B6812
:10B1D0001A68FB681B6842F400721A60FB681B68FF
:10B1E0001A69FB685B6AD2B21A70FB685B6A5A1C08
:10B1F000FB685A62FB681B8D013B9AB2FB681A859B
:10B20000FB685B8D9BB2013B9AB2FB685A85FB6879
:10B210001B681A69FB685B6AD2B21A70FB685B6ACA
:10B220005A1CFB685A62FB681B8D013B9AB2FB6893
:10B230001A85FB685B8D9BB2013B9AB2FB685A850D
:10B240004EE07A6AB96BF86800F00AFE0346002BFC
:10B2500001D0012358E0FB681B681A69FB685B6A30
:10B26000D2B21A70FB685B6A5A1CFB685A62FB68B0
:10B270001B8D013B9AB2FB681A85FB685B8D9BB204
:10B28000013B9AB2FB685A85FB681B685B6903F057
:10B290000403042B24D1FB681B8D032B07D1FB680F
:10B2A0001B681A68FB681B6822F480621A60FB68DE
:10B2B0001B681A69FB685B6AD2B21A70FB685B6A2A
:10B2C0005A1CFB685A62FB681B8D013B9AB2FB68F3
:10B2D0001A85FB685B8D9BB2013B9AB2FB685A856D
:10B2E000FB681B8D002B7FF4B6AEFB68202283F831
:10B2F0003D20FB68002283F83E20FB68002283F893
:10B300003C20002300E0022318462837BD4680BDBC
:10B310000400010080B58AB002AFF8607A603B603B
:10B320000B467B81FEF71EF8F8610023BB61FB68CA
:10B3300093F83D30DBB2202B40F01181FB69009384
:10B34000192301228849F86800F0E0FB0346002B2E
:10B3500001D0022304E1FB6893F83C30012B01D1BA
:10B360000223FDE0FB68012283F83C20FB681B6898
:10B370001B6803F00103012B07D0FB681B681A68E8
:10B38000FB681B6842F001021A60FB681B681A68C0
:10B39000FB681B6822F400621A60FB68242283F8B1
:10B3A0003D20FB6800221A64FB68704ADA62FB6881
:10B3B0001B681A68FB681B6842F480721A60FB699C
:10B3C00000933B6800224FF00111F86800F09EFBEB
:10B3D0000346002B0DD0FB681B681B6803F48073C9
:10B3E000B3F5807F03D1FB684FF400721A64032326
:10B3F000B6E07B89DBB21A46FB681B6802F0FE02EE
:10B400001A61FDF7AFFFF861FB681B685B6903F029
:10B410000203022B0CBF01230023DBB2FB75FB6888
:10B420001B685B6903F48063B3F5806F0CBF012375
:10B430000023DBB2BB7525E0FDF794FF0246FB69F4
:10B44000D31A3A689A4202D33B68002B03D1FB68B7
:10B45000A02283F83D20FB681B685B6903F00203B0
:10B46000022B0CBF01230023DBB2FB75FB681B68BA
:10B470005B6903F48063B3F5806F0CBF0123002385
:10B48000DBB2BB75FB6893F83D30DBB2A02B05D077
:10B49000FB7D002B02D1BB7D002BCDD0FB68202291
:10B4A00083F83D20FB681B685B6903F00203022BF5
:10B4B00029D1FB681B681A68FB681B6842F400729C
:10B4C0001A6000233B61FB681B685B693B61FB689A
:10B4D0001B689B693B613B69FB690093192301224F
:10B4E0002149F86800F012FB0346002B01D001232C
:10B4F00036E0FB68202283F83D20FB68002283F8B9
:10B500003C2000232CE0FB681B681A68FB681B6862
:10B5100042F400721A60FB681B686FF480625A6123
:10B52000FB690093192301220F49F86800F0EEFA35
:10B530000346002B01D0012312E0BB690133BB613C
:10B54000BA697B689A42FFF432AFFB68202283F825
:10B550003D20FB68002283F83C20012300E0022309
:10B5600018462037BD4680BD020010000000FFFFD6
:10B5700080B588B002AFF8607A603B600B467B8193
:10B58000FB68DB6A7B617B69082B06D07B69012B3A
:10B5900003D07B6913F5803F08D1FB681B681A68EC
:10B5A000FB681B6842F480721A600BE0FB681B6B3F
:10B5B000122B07D1FB681B681A68FB681B6842F4F2
:10B5C00080721A603B6800937B6800224FF0011183
:10B5D000F86800F09BFA0346002B0DD0FB681B684F
:10B5E0001B6803F48073B3F5807F03D1FB684FF4CD
:10B5F00000721A64032335E0FB681B69B3F5804FC2
:10B6000008D17B89DBB21A46FB681B6802F0FE0298
:10B610001A611BE07B89DB11DBB203F00603DBB2AE
:10B6200063F00F03DAB2FB681B681A613B687A6843
:10B630000E49F86800F0E4FA0346002B01D001231C
:10B6400010E07B89DAB2FB681B681A613B687A6894
:10B650000749F86800F0D4FA0346002B01D0012313
:10B6600000E0002318461837BD4680BD08000100E1
:10B670000200010080B588B002AFF8607A603B60DC
:10B680000B467B81FB68DB6A7B61FB681B681A6881
:10B69000FB681B6842F480621A607B69082B06D045
:10B6A0007B69012B03D07B6913F5803F08D1FB68D0
:10B6B0001B681A68FB681B6842F480721A600BE012
:10B6C000FB681B6B112B07D1FB681B681A68FB68B2
:10B6D0001B6842F480721A603B6800937B6800220A
:10B6E0004FF00111F86800F011FA0346002B0DD05D
:10B6F000FB681B681B6803F48073B3F5807F03D17C
:10B70000FB684FF400721A64032379E0FB681B693D
:10B71000B3F5804F08D17B89DBB243F00103DAB285
:10B72000FB681B681A615FE07B89DB11DBB203F009
:10B730000603DBB263F00F03DAB2FB681B681A6121
:10B740003B687A683049F86800F05AFA0346002BE3
:10B7500001D0012354E07B89DAB2FB681B681A61CF
:10B760003B687A682949F86800F04AFA0346002BDA
:10B7700001D0012344E000233B61FB681B685B6947
:10B780003B61FB681B689B693B613B69FB681B680D
:10B790001A68FB681B6842F480721A603B68009369
:10B7A0007B6800224FF00111F86800F0AFF9034602
:10B7B000002B0DD0FB681B681B6803F48073B3F586
:10B7C000807F03D1FB684FF400721A64032317E0F3
:10B7D0007B89DB11DBB203F00603DBB263F00E03FF
:10B7E000DAB2FB681B681A613B687A680749F86837
:10B7F00000F006FA0346002B01D0012300E00023ED
:10B8000018461837BD4680BD08000100020001003F
:10B8100080B588B002AFF860084611461A46034664
:10B820007B810B463B811346FB80FB681B681A68D3
:10B83000FB681B6842F480721A607B6A00933B6A63
:10B8400000224FF00111F86800F060F90346002B68
:10B850000DD0FB681B681B6803F48073B3F5807F11
:10B8600003D1FB684FF400721A6403235FE07B8905
:10B87000DBB21A46FB681B6802F0FE021A617B6AA3
:10B880003A6A2D49F86800F0BBF90346002B01D055
:10B8900001234CE000237B61FB681B685B697B61D3
:10B8A000FB681B689B697B617B697A6A396AF86807
:10B8B00000F046FA0346002B0DD0FB681B6C042BEE
:10B8C00007D1FB681B681A68FB681B6842F40072AA
:10B8D0001A6001232BE0FB88012B05D13B89DAB2EA
:10B8E000FB681B681A6121E03B891B0A9BB2DAB234
:10B8F000FB681B681A617A6A396AF86800F020FAF6
:10B900000346002B0DD0FB681B6C042B07D1FB6892
:10B910001B681A68FB681B6842F400721A600123F6
:10B9200005E03B89DAB2FB681B681A610023184600
:10B930001837BD4680BD00BF0200010080B588B049
:10B9400002AFF860084611461A4603467B810B4653
:10B950003B811346FB80FB681B681A68FB681B6809
:10B9600042F480621A60FB681B681A68FB681B68F7
:10B9700042F480721A607B6A00933B6A00224FF0A7
:10B980000111F86800F0C2F80346002B0DD0FB68E7
:10B990001B681B6803F48073B3F5807F03D1FB68D9
:10B9A0004FF400721A640323AAE07B89DBB21A46C3
:10B9B000FB681B6802F0FE021A617B6A3A6A524910
:10B9C000F86800F01DF90346002B01D0012397E031
:10B9D00000237B61FB681B685B697B61FB681B68FC
:10B9E0009B697B617B697A6A396AF86800F0A8F91B
:10B9F0000346002B0DD0FB681B6C042B07D1FB68A2
:10BA00001B681A68FB681B6842F400721A60012305
:10BA100076E0FB88012B05D13B89DAB2FB681B6815
:10BA20001A6121E03B891B0A9BB2DAB2FB681B68F2
:10BA30001A617A6A396AF86800F082F90346002BC5
:10BA40000DD0FB681B6C042B07D1FB681B681A68C0
:10BA5000FB681B6842F400721A60012350E03B89C6
:10BA6000DAB2FB681B681A617A6A396AF86800F012
:10BA700067F90346002B0DD0FB681B6C042B07D124
:10BA8000FB681B681A68FB681B6842F400721A6046
:10BA9000012335E0FB681B681A68FB681B6842F4E9
:10BAA00080721A607B6A00933B6A00224FF001119A
:10BAB000F86800F02BF80346002B0DD0FB681B68DC
:10BAC0001B6803F48073B3F5807F03D1FB684FF4E8
:10BAD00000721A64032313E07B89DBB243F0010395
:10BAE000DAB2FB681B681A617B6A3A6A0649F86831
:10BAF00000F086F80346002B01D0012300E000236C
:10BB000018461837BD4680BD0200010080B584B0DC
:10BB100000AFF860B9603B601346FB7148E03B68DA
:10BB2000B3F1FF3F44D0FDF71DFC0246BB69D31AB9
:10BB30003A689A4202D33B68002B39D1BB681B0C90
:10BB4000DBB2012B0DD1FB681B685B69DA43BB6874
:10BB500013409BB2002B0CBF01230023DBB21A461B
:10BB60000CE0FB681B689B69DA43BB6813409BB21F
:10BB7000002B0CBF01230023DBB21A46FB799A424B
:10BB800016D1FB6800221A63FB68202283F83D204F
:10BB9000FB68002283F83E20FB681B6C43F0200208
:10BBA000FB681A64FB68002283F83C20012323E031
:10BBB000BB681B0CDBB2012B0DD1FB681B685B69FA
:10BBC000DA43BB6813409BB2002B0CBF0123002358
:10BBD000DBB21A460CE0FB681B689B69DA43BB6862
:10BBE00013409BB2002B0CBF01230023DBB21A468B
:10BBF000FB799A4293D0002318461037BD4680BD8A
:10BC000080B584B000AFF860B9607A603B6071E0E5
:10BC1000FB681B685B6903F48063B3F5806F23D115
:10BC2000FB681B681A68FB681B6842F400721A60A4
:10BC3000FB681B686FF480625A61FB6800221A631C
:10BC4000FB68202283F83D20FB68002283F83E2019
:10BC5000FB681B6C43F00402FB681A64FB6800225B
:10BC600083F83C20012367E07B68B3F1FF3F41D0BC
:10BC7000FDF778FB02463B68D31A7A689A4202D3F2
:10BC80007B68002B36D1BB681B0CDBB2012B0CD1BF
:10BC9000FB681B685B69DA43BB6813409BB2002BEF
:10BCA00014BF01230023DBB20BE0FB681B689B6918
:10BCB000DA43BB6813409BB2002B14BF012300235F
:10BCC000DBB2002B16D0FB6800221A63FB6820222F
:10BCD00083F83D20FB68002283F83E20FB681B6C44
:10BCE00043F02002FB681A64FB68002283F83C20C2
:10BCF000012321E0BB681B0CDBB2012B0CD1FB68DC
:10BD00001B685B69DA43BB6813409BB2002B14BF0E
:10BD100001230023DBB20BE0FB681B689B69DA435D
:10BD2000BB6813409BB2002B14BF01230023DBB27E
:10BD3000002B7FF46DAF002318461037BD4680BD41
:10BD400080B584B000AFF860B9607A6034E0F8681C
:10BD500000F0E3F80346002B01D0012334E0BB6878
:10BD6000B3F1FF3F28D0FDF7FDFA02467B68D31AF6
:10BD7000BA689A4202D3BB68002B1DD1FB681B68CE
:10BD80005B6903F08003802B16D0FB6800221A63E6
:10BD9000FB68202283F83D20FB68002283F83E20C8
:10BDA000FB681B6C43F02002FB681A64FB680022EE
:10BDB00083F83C20012307E0FB681B685B6903F004
:10BDC0008003802BC3D1002318461037BD4680BDA9
:10BDD00080B584B000AFF860B9607A6034E0F8688C
:10BDE00000F09BF80346002B01D0012334E0BB6830
:10BDF000B3F1FF3F28D0FDF7B5FA02467B68D31AAE
:10BE0000BA689A4202D3BB68002B1DD1FB681B683D
:10BE10005B6903F00403042B16D0FB6800221A634D
:10BE2000FB68202283F83D20FB68002283F83E2037
:10BE3000FB681B6C43F02002FB681A64FB6800225D
:10BE400083F83C20012307E0FB681B685B6903F073
:10BE50000403042BC3D1002318461037BD4680BD10
:10BE600080B584B000AFF860B9607A6049E0FB68E3
:10BE70001B685B6903F01003102B19D1FB681B686A
:10BE80006FF010025A61FB6800221A63FB682022DF
:10BE900083F83D20FB68002283F83E20FB681A6C83
:10BEA000FB681A64FB68002283F83C20012330E021
:10BEB000FDF758FA02467B68D31ABA689A4202D351
:10BEC000BB68002B1DD1FB681B685B6903F0400356
:10BED000402B16D0FB6800221A63FB68202283F8EF
:10BEE0003D20FB68002283F83E20FB681B6C43F07A
:10BEF0002002FB681A64FB68002283F83C200123BF
:10BF000007E0FB681B685B6903F04003402BAED180
:10BF1000002318461037BD4680BD80B483B000AF03
:10BF200078607B681B685B6903F48063B3F5806F9E
:10BF30001BD17B681B686FF480625A617B680022AA
:10BF40001A637B68202283F83D207B68002283F8F7
:10BF50003E207B681B6C43F004027B681A647B689C
:10BF6000002283F83C20012300E0002318460C3710
:10BF7000BD465DF8047B704780B586B000AF786041
:10BF80007B68002B01D1012367E27B681B6803F00B
:10BF90000103002B75D0884B9B6803F00C03042B26
:10BFA0000CD0854B9B6803F00C03082B12D1824BFD
:10BFB0005B6803F48003B3F5800F0BD17E4B1B68E5
:10BFC00003F40033002B5BD07B685B68002B57D1F8
:10BFD000012342E27B685B68B3F5803F06D1764B74
:10BFE0001B68754A43F4803313601DE07B685B680F
:10BFF000B3F5A02F0CD1704B1B686F4A43F480231C
:10C0000013606D4B1B686C4A43F4803313600BE084
:10C01000694B1B68684A23F480331360664B1B68C6
:10C02000654A23F4802313607B685B68002B13D080
:10C03000FDF798F9386108E0FDF794F902463B698D
:10C04000D31A642B01D9032307E25B4B1B6803F46B
:10C050000033002BF0D014E0FDF784F9386108E0DC
:10C06000FDF780F902463B69D31A642B01D90323FB
:10C07000F3E1514B1B6803F40033002BF0D100E0D7
:10C0800000BF7B681B6803F00203002B63D04A4BA0
:10C090009B6803F00C03002B0BD0474B9B6803F00D
:10C0A0000C03082B1CD1444B5B6803F48003002B6A
:10C0B00016D1414B1B6803F00203002B05D07B68AF
:10C0C000DB68012B01D00123C7E13B4B1B6823F048
:10C0D000F8027B681B69DB00374913430B603AE0C9
:10C0E0007B68DB68002B20D0344B01221A60FDF7FF
:10C0F00039F9386108E0FDF735F902463B69D31A92
:10C10000022B01D90323A8E12B4B1B6803F0020388
:10C11000002BF0D0284B1B6823F0F8027B681B69CA
:10C12000DB00254913430B6015E0244B00221A6005
:10C13000FDF718F9386108E0FDF714F902463B698C
:10C14000D31A022B01D9032387E11B4B1B6803F091
:10C150000203002BF0D17B681B6803F00803002B5F
:10C1600036D07B685B69002B16D0154B01221A6014
:10C17000FDF7F8F8386108E0FDF7F4F802463B698E
:10C18000D31A022B01D9032367E10B4B5B6F03F03A
:10C190000203002BF0D01BE0094B00221A60FDF7D0
:10C1A000E1F838610EE0FDF7DDF802463B69D31A8D
:10C1B000022B07D9032350E1003802400000474218
:10C1C000800E4742884B5B6F03F00203002BEAD1DD
:10C1D0007B681B6803F00403002B00F097800023AA
:10C1E000FB75814B1B6C03F08053002B0FD1002398
:10C1F000BB607D4B1B6C7C4A43F0805313647A4BCD
:10C200001B6C03F08053BB60BB680123FB75774B4D
:10C210001B6803F48073002B18D1744B1B68734A9E
:10C2200043F480731360FDF79DF8386108E0FDF773
:10C2300099F802463B69D31A022B01D903230CE17A
:10C240006A4B1B6803F48073002BF0D07B689B68FB
:10C25000012B06D1644B1B6F634A43F00103136744
:10C260001CE07B689B68052B0CD15F4B1B6F5E4A03
:10C2700043F0040313675C4B1B6F5B4A43F00103FD
:10C2800013670BE0584B1B6F574A23F001031367EA
:10C29000554B1B6F544A23F0040313677B689B685C
:10C2A000002B15D0FDF75EF838610AE0FDF75AF86B
:10C2B00002463B69D31A41F28832934201D90323E3
:10C2C000CBE0494B1B6F03F00203002BEED014E0D0
:10C2D000FDF748F838610AE0FDF744F802463B698B
:10C2E000D31A41F28832934201D90323B5E03E4B81
:10C2F0001B6F03F00203002BEED1FB7D012B05D158
:10C30000394B1B6C384A23F0805313647B689B695C
:10C31000002B00F0A180344B9B6803F00C03082B2A
:10C320005CD07B689B69022B41D1314B00221A60A3
:10C33000FDF718F8386108E0FDF714F802463B698C
:10C34000D31A022B01D9032387E0274B1B6803F084
:10C350000073002BF0D17B68DA697B681B6A1A4393
:10C360007B685B6A9B011A437B689B6A5B08013BA5
:10C370001B041A437B68DB6A1B061B4913434B6093
:10C380001B4B01221A60FCF7EDFF386108E0FCF757
:10C39000E9FF02463B69D31A022B01D903235CE073
:10C3A000114B1B6803F00073002BF0D054E0104BCE
:10C3B00000221A60FCF7D6FF386108E0FCF7D2FFD4
:10C3C00002463B69D31A022B01D9032345E0064BF1
:10C3D0001B6803F00073002BF0D13DE07B689B6984
:10C3E000012B07D1012338E00038024000700040E3
:10C3F000600047421B4B5B68FB607B689B69012BBD
:10C4000028D0FB6803F480027B68DB699A4221D163
:10C41000FB6803F03F027B681B6A9A421AD1FA68F4
:10C4200047F6C07313407A68526A9201934211D161
:10C43000FB6803F440327B689B6A5B08013B1B048A
:10C440009A4207D1FB6803F070627B68DB6A1B06C7
:10C450009A4201D0012300E0002318461837BD4658
:10C4600080BD00BF0038024080B584B000AF786066
:10C4700039607B68002B01D10123CCE0684B1B683D
:10C4800003F007033A689A420CD9654B3A68D2B276
:10C490001A70634B1B6803F007033A689A4201D095
:10C4A0000123B8E07B681B6803F00203002B20D057
:10C4B0007B681B6803F00403002B05D0594B9B6875
:10C4C000584A43F4E05393607B681B6803F0080309
:10C4D000002B05D0534B9B68524A43F46043936052
:10C4E000504B9B6823F0F0027B689B684D491343D7
:10C4F0008B607B681B6803F00103002B44D07B68D2
:10C500005B68012B07D1474B1B6803F40033002BFA
:10C5100019D101237FE07B685B68022B03D07B6825
:10C520005B68032B07D13F4B1B6803F00073002BA4
:10C5300009D101236FE03B4B1B6803F00203002B82
:10C5400001D1012367E0374B9B6823F003027B682E
:10C550005B68344913438B60FCF704FFF8600AE022
:10C56000FCF700FF0246FB68D31A41F2883293427F
:10C5700001D903234FE02B4B9B6803F00C027B682F
:10C580005B689B009A42EBD1254B1B6803F00703C5
:10C590003A689A420CD2224B3A68D2B21A70204BB7
:10C5A0001B6803F007033A689A4201D0012332E086
:10C5B0007B681B6803F00403002B08D0194B9B68B1
:10C5C00023F4E0527B68DB68164913438B607B6879
:10C5D0001B6803F00803002B09D0124B9B6823F45F
:10C5E00060427B681B69DB000E4913438B6000F0DF
:10C5F00021F802460B4B9B681B0903F00F030A4905
:10C60000CB5C22FA03F3094A1360094B1B681846F6
:10C61000FCF764FE002318461037BD4680BD00BFFE
:10C62000003C02400038024094A30108C4000020EE
:10C63000C80000202DE9B04F94B000AF00237B6408
:10C640000023FB6400233B640023BB64794B9B689D
:10C6500003F00C03082B0DD0082B00F2E180002B17
:10C6600002D0042B03D0DBE0734BBB64DBE0734BE5
:10C67000BB64D8E06F4B5B6803F03F037B646D4B9A
:10C680005B6803F48003002B63D06A4B5B689B09F3
:10C690000022BB63FA63BB6BC3F308033B63002355
:10C6A0007B63D7E90C4522462B464FF000004FF044
:10C6B0000001590141EAD261500102460B46214670
:10C6C000511A3961294663EB01037B614FF0000287
:10C6D0004FF00003D7E904AB59468B01514643EABA
:10C6E000916351468A015146B2EB0108594663EB0A
:10C6F00001094FF000024FF000034FEAC90343EA7B
:10C7000058734FEAC80290469946234618EB030334
:10C71000BB602B4649EB0303FB604FF000024FF078
:10C720000003D7E9024529464B02214643EAD1538B
:10C7300021464A02104619467B6C0022BB62FA620F
:10C74000D7E90A23F4F7F0FA02460B461346FB64D6
:10C7500058E0384B5B689B09002218461146C0F32D
:10C7600008033B6200237B62D7E9088942464B46B7
:10C770004FF000004FF00001590141EAD261500131
:10C7800002460B464146B2EB010A494663EB010BF8
:10C790004FF000024FF000034FEA8B1343EA9A6315
:10C7A0004FEA8A12B2EB0A0463EB0B054FF000026A
:10C7B0004FF00003EB0043EA5473E20014461D46B9
:10C7C0004346E3183B604B4645EB03037B604FF069
:10C7D00000024FF00003D7E9004529468B022146AD
:10C7E00043EA915321468A02104619467B6C002287
:10C7F000BB61FA61D7E90623F4F796FA02460B46C5
:10C800001346FB640B4B5B681B0C03F00303013303
:10C810005B003B64FA6C3B6CB2FBF3F3BB6402E07D
:10C82000054BBB6400BFBB6C18465037BD46BDE826
:10C83000B08F00BF003802400024F40000127A00DC
:10C8400080B400AF034B1B681846BD465DF8047BFF
:10C85000704700BFC400002080B500AFFFF7F0FFB5
:10C860000246054B9B689B0A03F007030349CB5C18
:10C8700022FA03F3184680BD00380240A4A3010841
:10C8800080B500AFFFF7DCFF0246054B9B685B0BF2
:10C8900003F007030349CB5C22FA03F3184680BD7B
:10C8A00000380240A4A3010880B582B000AF7860D0
:10C8B0007B68002B01D101237BE07B685B6A002B46
:10C8C00008D17B685B68B3F5827F09D07B68002262
:10C8D000DA6105E07B6800221A617B6800225A61F8
:10C8E0007B6800229A627B6893F85130DBB2002BA0
:10C8F00006D17B68002283F850207868FCF786FA1E
:10C900007B68022283F851207B681B681A687B6869
:10C910001B6822F040021A607B685B6803F4827235
:10C920007B689B6803F404431A437B68DB6803F469
:10C9300000631A437B681B6903F002031A437B6898
:10C940005B6903F001031A437B689B6903F400737E
:10C950001A437B68DB6903F038031A437B681B6A60
:10C9600003F0800342EA03017B689B6A03F40052F0
:10C970007B681B680A431A607B689B691B0C03F089
:10C9800004017B685B6A03F010027B681B680A4342
:10C990005A607B681B68DA697B681B6822F4006256
:10C9A000DA617B6800225A657B68012283F8512096
:10C9B000002318460837BD4680BD80B588B000AF5B
:10C9C000F860B9603B601346FB80FCF7CBFCF86174
:10C9D000FB887B83FB6893F85130DBB2012B01D0DD
:10C9E00002232AE1BB68002B02D0FB88002B01D177
:10C9F000012322E1FB6893F85030012B01D102237F
:10CA00001BE1FB68012283F85020FB68032283F8B6
:10CA10005120FB6800225A65FB68BA681A63FB68FC
:10CA2000FA889A86FB68FA88DA86FB6800229A639D
:10CA3000FB6800229A87FB680022DA87FB680022E5
:10CA40005A64FB6800221A64FB689B68B3F5004FC8
:10CA50000FD1FB681B681A68FB681B6822F0400254
:10CA60001A60FB681B681A68FB681B6842F4804206
:10CA70001A60FB681B681B6803F04003402B07D05B
:10CA8000FB681B681A68FB681B6842F040021A606A
:10CA9000FB68DB68B3F5006F52D1FB685B68002B65
:10CAA00002D07B8B012B45D1FB681B6B1A88FB687E
:10CAB0001B68DA60FB681B6B9A1CFB681A63FB68D7
:10CAC000DB8E9BB2013B9AB2FB68DA8632E0FB68F0
:10CAD0001B689B6803F00203022B12D1FB681B6BDF
:10CAE0001A88FB681B68DA60FB681B6B9A1CFB6882
:10CAF0001A63FB68DB8E9BB2013B9AB2FB68DA8655
:10CB000018E0FCF72FFC0246FB69D31A3A689A42F8
:10CB100003D83B68B3F1FF3F02D13B68002B09D13A
:10CB2000FB68012283F85120FB68002283F8502023
:10CB3000032382E0FB68DB8E9BB2002BC7D153E05E
:10CB4000FB685B68002B02D07B8B012B47D1FB6815
:10CB50001A6BFB681B680C3312781A70FB681B6B2E
:10CB60005A1CFB681A63FB68DB8E9BB2013B9AB2CE
:10CB7000FB68DA8633E0FB681B689B6803F00203FE
:10CB8000022B13D1FB681A6BFB681B680C331278FD
:10CB90001A70FB681B6B5A1CFB681A63FB68DB8E00
:10CBA0009BB2013B9AB2FB68DA8618E0FCF7DAFB2D
:10CBB0000246FB69D31A3A689A4203D83B68B3F13C
:10CBC000FF3F02D13B68002B09D1FB68012283F8AB
:10CBD0005120FB68002283F8502003232DE0FB68DE
:10CBE000DB8E9BB2002BC6D1FA693968F86800F079
:10CBF000E7FB0346002B02D0FB6820225A65FB6846
:10CC00009B68002B0AD100237B61FB681B68DB68F3
:10CC10007B61FB681B689B687B617B69FB68012209
:10CC200083F85120FB68002283F85020FB685B6D7D
:10CC3000002B01D0012300E0002318462037BD4619
:10CC400080BD80B588B002AFF860B9603B60134624
:10CC5000FB80FB6893F85130DBB2012B01D002233B
:10CC600004E1BB68002B02D0FB88002B01D101231B
:10CC7000FCE0FB685B68B3F5827F12D1FB689B68C0
:10CC8000002B0ED1FB68042283F85120FA883B6800
:10CC900000931346BA68B968F86800F0EBF80346E9
:10CCA000E4E0FCF75FFB7861FB6893F85030012B00
:10CCB00001D10223DAE0FB68012283F85020FB68EF
:10CCC000042283F85120FB6800225A65FB68BA6889
:10CCD0009A63FB68FA889A87FB68FA88DA87FB68A8
:10CCE00000221A63FB6800229A86FB680022DA861B
:10CCF000FB6800221A64FB6800225A64FB689B6888
:10CD0000B3F5004F0FD1FB681B681A68FB681B68FE
:10CD100022F040021A60FB681B681A68FB681B68F7
:10CD200022F480421A60FB681B681B6803F0400312
:10CD3000402B07D0FB681B681A68FB681B6842F031
:10CD400040021A60FB68DB68002B70D135E0FB689D
:10CD50001B689B6803F00103012B15D1FB681B685E
:10CD600003F10C02FB689B6B1278D2B21A70FB685D
:10CD70009B6B5A1CFB689A63FB68DB8F9BB2013B81
:10CD80009AB2FB68DA8718E0FCF7ECFA02467B6996
:10CD9000D31A3A689A4203D83B68B3F1FF3F02D1F5
:10CDA0003B68002B09D1FB68012283F85120FB6806
:10CDB000002283F85020032358E0FB68DB8F9BB2EE
:10CDC000002BC4D138E0FB681B689B6803F00103AB
:10CDD000012B13D1FB681B68DA68FB689B6B92B26E
:10CDE0001A80FB689B6B9A1CFB689A63FB68DB8F5D
:10CDF0009BB2013B9AB2FB68DA8718E0FCF7B2FA03
:10CE000002467B69D31A3A689A4203D83B68B3F169
:10CE1000FF3F02D13B68002B09D1FB68012283F858
:10CE20005120FB68002283F8502003231EE0FB689A
:10CE3000DB8F9BB2002BC6D17A693968F86800F0A5
:10CE400059FA0346002B02D0FB6820225A65FB6882
:10CE5000012283F85120FB68002283F85020FB68F0
:10CE60005B6D002B01D0012300E00023184618372A
:10CE7000BD4680BD80B58AB000AFF860B9607A6009
:10CE80007B8001237B62FCF76DFA3862FB6893F8C4
:10CE90005130FB77FB685B68BB617B88FB82FB7F63
:10CEA000012B0CD0BB69B3F5827F06D1FB689B6870
:10CEB000002B02D1FB7F042B01D002237FE1BB6852
:10CEC000002B05D07B68002B02D07B88002B01D182
:10CED000012374E1FB6893F85030012B01D1022348
:10CEE0006DE1FB68012283F85020FB6893F8513014
:10CEF000DBB2042B03D0FB68052283F85120FB68CA
:10CF000000225A65FB687A689A63FB687A88DA8738
:10CF1000FB687A889A87FB68BA681A63FB687A8824
:10CF2000DA86FB687A889A86FB6800221A64FB68B6
:10CF300000225A64FB681B681B6803F04003402B07
:10CF400007D0FB681B681A68FB681B6842F0400248
:10CF50001A60FB68DB68B3F5006F7ED1FB685B6825
:10CF6000002B02D0FB8A012B6CD1FB681B6B1A884B
:10CF7000FB681B68DA60FB681B6B9A1CFB681A6312
:10CF8000FB68DB8E9BB2013B9AB2FB68DA8659E004
:10CF9000FB681B689B6803F00203022B1BD1FB6834
:10CFA000DB8E9BB2002B16D07B6A012B13D1FB6862
:10CFB0001B6B1A88FB681B68DA60FB681B6B9A1C8A
:10CFC000FB681A63FB68DB8E9BB2013B9AB2FB687D
:10CFD000DA8600237B62FB681B689B6803F0010311
:10CFE000012B19D1FB68DB8F9BB2002B14D0FB689F
:10CFF0001B68DA68FB689B6B92B21A80FB689B6BBC
:10D000009A1CFB689A63FB68DB8F9BB2013B9AB268
:10D01000FB68DA8701237B62FCF7A4F902463B6ACE
:10D02000D31A3A6B9A420DD83B6BB3F1FF3F09D04C
:10D03000FB68012283F85120FB68002283F850200E
:10D040000323BCE0FB68DB8E9BB2002BA0D1FB6806
:10D05000DB8F9BB2002B9BD182E0FB685B68002BCF
:10D0600002D0FB8A012B71D1FB681A6BFB681B682D
:10D070000C3312781A70FB681B6B5A1CFB681A631E
:10D08000FB68DB8E9BB2013B9AB2FB68DA865DE0FF
:10D09000FB681B689B6803F00203022B1CD1FB6832
:10D0A000DB8E9BB2002B17D07B6A012B14D1FB685F
:10D0B0001A6BFB681B680C3312781A70FB681B6BC9
:10D0C0005A1CFB681A63FB68DB8E9BB2013B9AB269
:10D0D000FB68DA8600237B62FB681B689B6803F0B1
:10D0E0000103012B19D1FB68DB8F9BB2002B14D0FD
:10D0F000FB681B68DA68FB689B6BD2B21A70FB682E
:10D100009B6B5A1CFB689A63FB68DB8F9BB2013BED
:10D110009AB2FB68DA8701237B62FCF723F90246A7
:10D120003B6AD31A3A6B9A4203D83B6BB3F1FF3F89
:10D1300002D13B6B002B09D1FB68012283F85120FF
:10D14000FB68002283F85020032338E0FB68DB8E65
:10D150009BB2002B9CD1FB68DB8F9BB2002B97D13D
:10D160003A6A396BF86800F02BF90346002B08D0B7
:10D17000FB6820225A65FB68002283F850200123B7
:10D180001DE0FB689B68002B0AD100233B61FB6814
:10D190001B68DB683B61FB681B689B683B613B6904
:10D1A000FB68012283F85120FB68002283F850209D
:10D1B000FB685B6D002B01D0012300E000231846C3
:10D1C0002837BD4680BD80B483B000AF78607B68EF
:10D1D00093F85130DBB218460C37BD465DF8047B3E
:10D1E0007047000080B588B000AFF860B9603B6060
:10D1F0001346FB71FCF7B6F80246BB6A9B1A3A6805
:10D200001344FB61FCF7AEF8B861394B1B685B0156
:10D210001B0DFA6902FB03F37B6155E03B68B3F138
:10D22000FF3F51D0FCF79EF80246BB69D31AFA695A
:10D230009A4202D9FB69002B3DD1FB681B685A68F2
:10D24000FB681B6822F0E0025A60FB685B68B3F57C
:10D25000827F11D1FB689B68B3F5004F04D0FB6857
:10D260009B68B3F5806F07D1FB681B681A68FB6881
:10D270001B6822F040021A60FB689B6AB3F5005FEE
:10D280000FD1FB681B681A68FB681B6822F4005208
:10D290001A60FB681B681A68FB681B6842F400523E
:10D2A0001A60FB68012283F85120FB68002283F892
:10D2B0005020032318E07B69002B02D10023FB617F
:10D2C00002E07B69013B7B61FB681B689A68BB6875
:10D2D0001340BA689A420CBF01230023DBB21A46FE
:10D2E000FB799A429AD1002318462037BD4680BD6B
:10D2F000C400002080B586B002AFF860B9607A60E3
:10D30000FB685B68B3F5827F11D1FB689B68B3F55E
:10D31000004F04D0FB689B68B3F5806F07D1FB68B2
:10D320001B681A68FB681B6822F040021A60FB68E1
:10D330005B68B3F5827F2AD1FB689B68B3F5806F89
:10D3400012D07B680093BB6800228021F868FFF749
:10D3500049FF0346002B2DD0FB685B6D43F0200294
:10D36000FB685A65032326E07B680093BB680022B4
:10D370000121F868FFF736FF0346002B1AD0FB683F
:10D380005B6D43F02002FB685A65032313E07B6862
:10D390000093BB6800220121F868FFF723FF0346D2
:10D3A000002B07D0FB685B6D43F02002FB685A65D9
:10D3B000032300E0002318461037BD4680BD00005F
:10D3C00080B588B002AFF860B9607A607B6800937E
:10D3D000BB6801220221F868FFF704FF0346002B17
:10D3E00007D0FB685B6D43F02002FB685A6503239E
:10D3F00032E01B4B1B681B4AA2FB03235B0D4FF45F
:10D400007A7202FB03F37B61FB685B68B3F5827F92
:10D4100012D17B680093BB6800228021F868FFF777
:10D42000E1FE0346002B16D0FB685B6D43F0200243
:10D43000FB685A6503230FE07B69002B0AD07B69E8
:10D44000013B7B61FB681B689B6803F08003802BBA
:10D45000F2D000E000BF002318461837BD4680BD5B
:10D46000C4000020819F5E1680B582B000AF786056
:10D470007B68002B01D1012341E07B6893F83D30AC
:10D48000DBB2002B06D17B68002283F83C20786851
:10D49000FBF704FD7B68022283F83D207B681A6855
:10D4A0007B6804331946104600F0ACFA7B68012211
:10D4B00083F846207B68012283F83E207B680122A6
:10D4C00083F83F207B68012283F840207B6801229B
:10D4D00083F841207B68012283F842207B68012287
:10D4E00083F843207B68012283F844207B68012273
:10D4F00083F845207B68012283F83D2000231846ED
:10D500000837BD4680BD000080B485B000AF7860AC
:10D510007B6893F83D30DBB2012B01D001234EE054
:10D520007B68022283F83D207B681B68DA687B6891
:10D530001B6842F00102DA607B681B68234A934251
:10D5400022D07B681B68B3F1804F1DD07B681B68BD
:10D550001F4A934218D07B681B681E4A934213D01F
:10D560007B681B681C4A93420ED07B681B681B4A71
:10D57000934209D07B681B68194A934204D07B68A8
:10D580001B68184A934211D17B681B689B6803F0A3
:10D590000703FB60FB68062B10D07B681B681A68CA
:10D5A0007B681B6842F001021A6007E07B681B6819
:10D5B0001A687B681B6842F001021A600023184653
:10D5C0001437BD465DF8047B704700BF0000014082
:10D5D0000004004000080040000C0040000401402E
:10D5E000004001400018004080B483B000AF786074
:10D5F0007B681B68DA687B681B6822F00102DA60CE
:10D600007B681B681A6A41F211131340002B0FD17B
:10D610007B681B681A6A40F244431340002B07D111
:10D620007B681B681A687B681B6822F001021A601D
:10D630007B68012283F83D20002318460C37BD4645
:10D640005DF8047B704780B584B000AF78607B687C
:10D650001B68DB68FB607B681B681B69BB60BB6881
:10D6600003F00203002B20D0FB6803F00203002B21
:10D670001BD07B681B686FF002021A617B68012275
:10D680001A777B681B689B6903F00303002B03D0A8
:10D69000786800F099F905E0786800F08BF978680F
:10D6A00000F09CF97B6800221A77BB6803F0040342
:10D6B000002B20D0FB6803F00403002B1BD07B68F9
:10D6C0001B686FF004021A617B6802221A777B687C
:10D6D0001B689B6903F44073002B03D0786800F04B
:10D6E00073F905E0786800F065F9786800F076F97C
:10D6F0007B6800221A77BB6803F00803002B20D058
:10D70000FB6803F00803002B1BD07B681B686FF0DD
:10D7100008021A617B6804221A777B681B68DB6940
:10D7200003F00303002B03D0786800F04DF905E007
:10D73000786800F03FF9786800F050F97B680022C3
:10D740001A77BB6803F01003002B20D0FB6803F0AE
:10D750001003002B1BD07B681B686FF010021A614E
:10D760007B6808221A777B681B68DB6903F44073C7
:10D77000002B03D0786800F027F905E0786800F006
:10D7800019F9786800F02AF97B6800221A77BB68DB
:10D7900003F00103002B0CD0FB6803F00103002B06
:10D7A00007D07B681B686FF001021A617868FBF78D
:10D7B000C7F9BB6803F08003002B0CD0FB6803F0B3
:10D7C0008003002B07D07B681B686FF080021A6112
:10D7D000786800F0DDFABB6803F04003002B0CD042
:10D7E000FB6803F04003002B07D07B681B686FF0D9
:10D7F00040021A61786800F0FBF8BB6803F0200370
:10D80000002B0CD0FB6803F02003002B07D07B68B3
:10D810001B686FF020021A61786800F0AFFA00BF51
:10D820001037BD4680BD80B584B000AF78603960E8
:10D830000023FB737B6893F83C30012B01D102235A
:10D84000B4E07B68012283F83C207B68022283F8E5
:10D850003D207B681B689B68BB60BB6823F0770337
:10D86000BB60BB6823F47F43BB607B681B68BA68FE
:10D870009A603B681B68B3F5005F3ED0B3F5005F6C
:10D8800000F28780B3F5805F00F08680B3F5805F9B
:10D890007FD8702B1AD0702B7BD8602B50D0602B88
:10D8A00077D8502B3CD0502B73D8402B58D0402BDE
:10D8B0006FD8302B64D0302B6BD8202B60D0202B2E
:10D8C00067D8002B5CD0102B5AD062E07B681868B8
:10D8D0003B6899683B685A683B68DB6800F0B2F9BE
:10D8E0007B681B689B68BB60BB6843F07703BB60C9
:10D8F0007B681B68BA689A604FE07B6818683B6871
:10D9000099683B685A683B68DB6800F09BF97B6864
:10D910001B689A687B681B6842F480429A603CE00E
:10D920007B6818683B6859683B68DB681A4600F0FA
:10D930000FF97B681B685021184600F068F92CE04D
:10D940007B6818683B6859683B68DB681A4600F0DA
:10D950002EF97B681B686021184600F058F91CE01E
:10D960007B6818683B6859683B68DB681A4600F0BA
:10D97000EFF87B681B684021184600F048F90CE07E
:10D980007B681A683B681B681946104600F03FF92F
:10D9900003E00123FB7300E000BF7B68012283F8F2
:10D9A0003D207B68002283F83C20FB7B1846103723
:10D9B000BD4680BD80B483B000AF786000BF0C3737
:10D9C000BD465DF8047B704780B483B000AF7860DB
:10D9D00000BF0C37BD465DF8047B704780B483B050
:10D9E00000AF786000BF0C37BD465DF8047B704720
:10D9F00080B483B000AF786000BF0C37BD465DF8DF
:10DA0000047B704780B485B000AF786039607B6874
:10DA10001B68FB607B68434A934213D07B68B3F179
:10DA2000804F0FD07B68404A93420BD07B683F4ABF
:10DA3000934207D07B683E4A934203D07B683D4ABD
:10DA4000934208D1FB6823F07003FB603B685B687E
:10DA5000FA681343FB607B68324A93422BD07B68A1
:10DA6000B3F1804F27D07B682F4A934223D07B6845
:10DA70002E4A93421FD07B682D4A93421BD07B686D
:10DA80002C4A934217D07B682B4A934213D07B6871
:10DA90002A4A93420FD07B68294A93420BD07B6875
:10DAA000284A934207D07B68274A934203D07B6879
:10DAB000264A934208D1FB6823F44073FB603B681D
:10DAC000DB68FA681343FB60FB6823F080023B6865
:10DAD0005B691343FB603B689A687B68DA623B686A
:10DAE0001A687B689A627B680E4A934203D07B680F
:10DAF000104A934203D13B681A697B681A637B68BA
:10DB00001B6843F004027B681A607B6801225A613B
:10DB10007B68FA681A6000BF1437BD465DF8047B65
:10DB2000704700BF000001400004004000080040B2
:10DB3000000C00400004014000400140004401404E
:10DB40000048014000180040001C00400020004038
:10DB500080B487B000AFF860B9607A60FB681B6A78
:10DB60007B61FB681B6A23F00102FB681A62FB6899
:10DB70009B693B613B6923F0F0033B617B681B01C0
:10DB80003A6913433B617B6923F00A037B617A693D
:10DB9000BB6813437B61FB683A699A61FB687A69E9
:10DBA0001A6200BF1C37BD465DF8047B704780B425
:10DBB00087B000AFF860B9607A60FB681B6A7B6170
:10DBC000FB681B6A23F01002FB681A62FB689B6902
:10DBD0003B613B6923F470433B617B681B033A69FB
:10DBE00013433B617B6923F0A0037B61BB681B018E
:10DBF0007A6913437B61FB683A699A61FB687A69C9
:10DC00001A6200BF1C37BD465DF8047B704780B4C4
:10DC100085B000AF786039607B689B68FB60FB680B
:10DC200023F07003FB603A68FB68134343F007037B
:10DC3000FB607B68FA689A6000BF1437BD465DF8E8
:10DC4000047B704780B487B000AFF860B9607A6039
:10DC50003B60FB689B687B617B6923F47F437B614E
:10DC60003B681A027B681A43BB6813437A69134303
:10DC70007B61FB687A699A6000BF1C37BD465DF81E
:10DC8000047B704780B485B000AF786039607B68F2
:10DC900093F83C30012B01D102235AE07B6801222A
:10DCA00083F83C207B68022283F83D207B681B6858
:10DCB0005B68FB607B681B689B68BB60FB6823F04C
:10DCC0007003FB603B681B68FA681343FB607B686A
:10DCD0001B68FA685A607B681B68214A934222D00D
:10DCE0007B681B68B3F1804F1DD07B681B681D4AA1
:10DCF000934218D07B681B681B4A934213D07B6801
:10DD00001B681A4A93420ED07B681B68184A9342DC
:10DD100009D07B681B68174A934204D07B681B6854
:10DD2000154A93420CD1BB6823F08003BB603B686B
:10DD30005B68BA681343BB607B681B68BA689A600B
:10DD40007B68012283F83D207B68002283F83C2019
:10DD5000002318461437BD465DF8047B704700BFAA
:10DD6000000001400004004000080040000C00409A
:10DD700000040140004001400018004080B483B01E
:10DD800000AF786000BF0C37BD465DF8047B70477C
:10DD900080B483B000AF786000BF0C37BD465DF83B
:10DDA000047B704780B582B000AF78607B68002B41
:10DDB00001D1012342E07B6893F84130DBB2002BB4
:10DDC00006D17B68002283F840207868FBF78EF844
:10DDD0007B68242283F841207B681B68DA687B68B3
:10DDE0001B6822F40052DA60786800F0D3FD7B688B
:10DDF0001B681A697B681B6822F490421A617B6871
:10DE00001B685A697B681B6822F02A025A617B688A
:10DE10001B68DA687B681B6842F40052DA607B6832
:10DE200000225A647B68202283F841207B682022EC
:10DE300083F842207B6800225A6300231846083783
:10DE4000BD4680BD80B58AB002AFF860B9603B6066
:10DE50001346FB8000237B61FB6893F84130DBB203
:10DE6000202B75D1BB68002B02D0FB88002B01D181
:10DE700001236EE0FB6800225A64FB68212283F8CC
:10DE80004120FBF76FFA7861FB68FA889A84FB6897
:10DE9000FA88DA84FB689B68B3F5805F08D1FB6879
:10DEA0001B69002B04D10023FB61BB68BB6103E04D
:10DEB000BB68FB610023BB612EE03B6800937B697C
:10DEC00000228021F86800F037FB0346002B05D0C4
:10DED000FB68202283F8412003233AE0FB69002BF2
:10DEE0000BD1BB691B881A46FB681B68C2F308028A
:10DEF0005A60BB690233BB6107E0FB691A78FB68B3
:10DF00001B685A60FB690133FB61FB68DB8C9BB2C9
:10DF1000013B9AB2FB68DA84FB68DB8C9BB2002B76
:10DF2000CBD13B6800937B6900224021F86800F068
:10DF300003FB0346002B05D0FB68202283F8412019
:10DF4000032306E0FB68202283F84120002300E041
:10DF5000022318462037BD4680BD80B584B000AF8F
:10DF6000F860B9601346FB80FB6893F84230DBB27F
:10DF7000202B12D1BB68002B02D0FB88002B01D1D3
:10DF800001230BE0FB6800221A63FB881A46B9687C
:10DF9000F86800F02AFB034600E002231846103719
:10DFA000BD4680BD80B5BAB000AF78607B681B68A5
:10DFB0001B68C7F8E4307B681B68DB68C7F8E03093
:10DFC0007B681B685B69C7F8DC300023C7F8D83072
:10DFD0000023C7F8D430D7F8E43003F00F03C7F8B4
:10DFE000D830D7F8D830002B0FD1D7F8E43003F071
:10DFF0002003002B09D0D7F8E03003F02003002BDA
:10E0000003D0786800F007FC73E2D7F8D830002B13
:10E0100000F0DE80D7F8DC3003F00103002B06D1DE
:10E02000D7F8E03003F49073002B00F0D180D7F8DC
:10E03000E43003F00103002B0BD0D7F8E03003F4F9
:10E040008073002B05D07B685B6C43F001027B681A
:10E050005A64D7F8E43003F00403002B0BD0D7F850
:10E06000DC3003F00103002B05D07B685B6C43F0D0
:10E0700002027B685A64D7F8E43003F00203002BF5
:10E080000BD0D7F8DC3003F00103002B05D07B6800
:10E090005B6C43F004027B685A64D7F8E43003F009
:10E0A0000803002B11D0D7F8E03003F02003002B39
:10E0B00005D1D7F8DC3003F00103002B05D07B68D5
:10E0C0005B6C43F008027B685A647B685B6C002BD6
:10E0D00000F00A82D7F8E43003F02003002B08D0C8
:10E0E000D7F8E03003F02003002B02D0786800F06E
:10E0F00092FB7B681B685B6903F04003402B0CBFFD
:10E1000001230023DBB2C7F8D4307B685B6C03F0DB
:10E110000803002B03D1D7F8D430002B4FD07868F8
:10E1200000F09DFA7B681B685B6903F04003402B9D
:10E1300041D17B681B681433C7F89C30D7F89C30FA
:10E1400053E8003FC7F89830D7F8983023F04003E1
:10E15000C7F8D0307B681B681433D7F8D020C7F8D5
:10E16000A820C7F8A430D7F8A410D7F8A82041E811
:10E170000023C7F8A030D7F8A030002BD9D17B6896
:10E18000DB6B002B13D07B68DB6B8A4A1A657B68DC
:10E19000DB6B1846FBF713FF0346002B16D07B689A
:10E1A000DB6B1B6D7A68D26B104698470EE078687F
:10E1B00000F0ACF90AE0786800F0A8F906E07868A9
:10E1C00000F0A4F97B6800225A648DE100BF8BE166
:10E1D0007B681B6B012B40F06781D7F8E43003F0BC
:10E1E0001003002B00F06081D7F8E03003F010033B
:10E1F000002B00F059810023BB607B681B681B6803
:10E20000BB607B681B685B68BB60BB687B681B6826
:10E210005B6903F04003402B40F0CE807B68DB6BF2
:10E220001B685B68A7F8BE30B7F8BE30002B00F063
:10E23000A9807B689B8DB7F8BE209A4280F0A280AF
:10E240007B68B7F8BE20DA857B68DB6BDB69B3F5EA
:10E25000807F00F088807B681B680C33C7F88830AB
:10E26000D7F8883053E8003FC7F88430D7F88430B7
:10E2700023F48073C7F8B8307B681B680C33D7F879
:10E28000B820C7F89420C7F89030D7F89010D7F886
:10E29000942041E80023C7F88C30D7F88C30002B4D
:10E2A000D9D17B681B6814337B677B6F53E8003FD1
:10E2B0003B673B6F23F00103C7F8B4307B681B68F2
:10E2C0001433D7F8B420C7F88020FB67F96FD7F86C
:10E2D000802041E80023BB67BB6F002BE1D17B6846
:10E2E0001B6814333B663B6E53E8003FFB65FB6DD8
:10E2F00023F04003C7F8B0307B681B681433D7F8AD
:10E30000B020FA66BB66B96EFA6E41E800237B6600
:10E310007B6E002BE3D17B68202283F842207B6850
:10E3200000221A637B681B680C33FB64FB6C53E8A8
:10E33000003FBB64BB6C23F01003C7F8AC307B68B4
:10E340001B680C33D7F8AC20BA657B65796DBA6D64
:10E3500041E800233B653B6D002BE3D17B68DB6B21
:10E360001846FBF7BCFD7B6802225A637B689A8DD6
:10E370007B68DB8D9BB2D31A9BB21946786800F09C
:10E38000CFF8B3E07B689B8DB7F8BE209A4240F08F
:10E39000AD807B68DB6BDB69B3F5807F40F0A680E6
:10E3A0007B6802225A637B689B8D1946786800F06F
:10E3B000B7F89BE025E700087B689A8D7B68DB8DCA
:10E3C0009BB2D31AA7F8CE307B68DB8D9BB2002BB3
:10E3D00000F08E80B7F8CE30002B00F089807B688B
:10E3E0001B680C33BB63BB6B53E8003F7B637B6BE9
:10E3F00023F49073C7F8C8307B681B680C33D7F8D8
:10E40000C8207A643B64396C7A6C41E80023FB6372
:10E41000FB6B002BE3D17B681B6814337B627B6A48
:10E4200053E8003F3B623B6A23F00103C7F8C43066
:10E430007B681B681433D7F8C4203A63FB62F96A1F
:10E440003A6B41E80023BB62BB6A002BE3D17B68D7
:10E45000202283F842207B6800221A637B681B68B5
:10E460000C333B613B6953E8003FFB60FB6823F0E2
:10E470001003C7F8C0307B681B680C33D7F8C02086
:10E48000FA61BB61B969FA6941E800237B617B6984
:10E49000002BE3D17B6802225A63B7F8CE301946CD
:10E4A000786800F03DF823E0D7F8E43003F080030B
:10E4B000002B09D0D7F8E03003F08003002B03D005
:10E4C000786800F040F914E0D7F8E43003F0400336
:10E4D000002B0ED0D7F8E03003F04003002B08D01B
:10E4E000786800F080F904E000BF02E000BF00E0BF
:10E4F00000BFE837BD4680BD80B483B000AF786010
:10E5000000BF0C37BD465DF8047B704780B483B014
:10E5100000AF786000BF0C37BD465DF8047B7047E4
:10E5200080B483B000AF78600B467B8000BF0C37AF
:10E53000BD465DF8047B704780B586B000AFF860DB
:10E54000B9603B601346FB713BE03B6AB3F1FF3FB0
:10E5500037D0FAF707FF02463B68D31A3A6A9A4265
:10E5600002D33B6A002B01D103233AE0FB681B680E
:10E57000DB6803F00403002B23D0BB68802B20D082
:10E58000BB68402B1DD0FB681B681B6803F00803A9
:10E59000082B16D100237B61FB681B681B687B611D
:10E5A000FB681B685B687B617B69F86800F057F863
:10E5B000FB6808225A64FB68002283F8402001238C
:10E5C0000FE0FB681B681A68BB681340BA689A4280
:10E5D0000CBF01230023DBB21A46FB799A42B4D068
:10E5E000002318461837BD4680BD80B485B000AF03
:10E5F000F860B9601346FB80FB68BA689A62FB68F2
:10E60000FA889A85FB68FA88DA85FB6800225A64E2
:10E61000FB68222283F84220FB681B69002B07D08D
:10E62000FB681B68DA68FB681B6842F48072DA607A
:10E63000FB681B685A69FB681B6842F001025A615B
:10E64000FB681B68DA68FB681B6842F02002DA602E
:10E65000002318461437BD465DF8047B704780B42C
:10E6600095B000AF78607B681B680C337B637B6B75
:10E6700053E8003F3B633B6B23F49073FB647B6880
:10E680001B680C33FA6C3A64FB63F96B3A6C41E833
:10E690000023BB63BB6B002BE5D17B681B68143385
:10E6A0003B623B6A53E8003FFB61FB6923F00103D7
:10E6B000BB647B681B681433BA6CFA62BB62B96ACC
:10E6C000FA6A41E800237B627B6A002BE5D17B6814
:10E6D0001B6B012B19D17B681B680C33FB60FB683B
:10E6E00053E8003FBB60BB6823F010037B647B688A
:10E6F0001B680C337A6CBA617B617969BA6941E84D
:10E7000000233B613B69002BE5D17B68202283F825
:10E7100042207B6800221A6300BF5437BD465DF873
:10E72000047B704780B584B000AF78607B689B6BDA
:10E73000FB60FB680022DA85F868FFF7E7FE00BFA0
:10E740001037BD4680BD80B485B000AF78607B686F
:10E7500093F84130DBB2212B3ED17B689B68B3F547
:10E76000805F14D17B681B69002B10D17B681B6A0A
:10E77000FB60FB681B881A467B681B68C2F30802B3
:10E780005A607B681B6A9A1C7B681A6208E07B6887
:10E790001B6A591C7A6811621A787B681B685A6078
:10E7A0007B68DB8C9BB2013B9BB27A681946D184B3
:10E7B000002B0FD17B681B68DA687B681B6822F02E
:10E7C0008002DA607B681B68DA687B681B6842F04D
:10E7D0004002DA60002300E0022318461437BD46E9
:10E7E0005DF8047B704780B582B000AF78607B68CD
:10E7F0001B68DA687B681B6822F04002DA607B687D
:10E80000202283F841207868FFF776FE002318461F
:10E810000837BD4680BD80B58CB000AF786000235E
:10E82000FB620023BB627B6893F84230DBB2222B91
:10E8300040F0AA807B689B68B3F5805F15D17B6848
:10E840001B69002B11D17B689B6ABB627B681B68CC
:10E850005B689BB2C3F308039AB2BB6A1A807B68F9
:10E860009B6A9A1C7B689A6224E07B689B6AFB62C5
:10E870007B689B68B3F5805F07D07B689B68002B43
:10E880000AD17B681B69002B06D17B681B685B681B
:10E89000DAB2FB6A1A7008E07B681B685B68DBB25F
:10E8A00003F07F03DAB2FB6A1A707B689B6A5A1C1A
:10E8B0007B689A627B68DB8D9BB2013B9BB27A6876
:10E8C0001946D185002B5DD17B681B68DA687B68AF
:10E8D0001B6822F02002DA607B681B68DA687B68BC
:10E8E0001B6822F48072DA607B681B685A697B6857
:10E8F0001B6822F001025A617B68202283F84220C3
:10E900007B6800225A637B681B6B012B35D17B68C7
:10E9100000221A637B681B680C337B617B6953E8B8
:10E92000003F3B613B6923F010037B627B681B68FF
:10E930000C337A6A3A62FB61F9693A6A41E800236A
:10E94000BB61BB69002BE5D17B681B681B6803F0CA
:10E950001003102B0AD10023FB607B681B681B6827
:10E96000FB607B681B685B68FB60FB687B689B8D5A
:10E9700019467868FFF7D4FD02E07868F7F7A0FE43
:10E98000002302E0002300E0022318463037BD4692
:10E9900080BD00002DE9B04FC0B000AFC7F8F40053
:10E9A000D7F8F4301B681B6923F44050D7F8F430D3
:10E9B000D968D7F8F4301A6840EA01031361D7F830
:10E9C000F4309A68D7F8F4301B691A43D7F8F4305A
:10E9D0005B691A43D7F8F430DB691343C7F8F830A2
:10E9E000D7F8F4301B68DB6823F4164121F00C01E2
:10E9F000D7F8F4301A68D7F8F8300B43D360D7F85B
:10EA0000F4301B685B6923F44070D7F8F4309969DF
:10EA1000D7F8F4301A6840EA01035361D7F8F430AC
:10EA20001A688F4B9A4205D0D7F8F4301A688D4B8C
:10EA30009A4204D1FDF724FFC7F8FC0003E0FDF77C
:10EA40000BFFC7F8FC00D7F8F430DB69B3F5004FD3
:10EA500040F00C81D7F8FC300022C7F8E830C7F846
:10EA6000EC20D7E93A4522462B469118B9655B411F
:10EA7000FB65D7E91623214612EB0108294643EB33
:10EA800001094FF000024FF000034FEAC90343EAC7
:10EA900058734FEAC80290469946234618EB030381
:10EAA000C7F8E0302B4649EB0303C7F8E430D7F84A
:10EAB000F4305B680022C7F8D830C7F8DC20D7E90B
:10EAC00036120B46DB183B65134642EB03037B65AE
:10EAD000D7E91423D7E93801F2F726F902460B46A5
:10EAE000614BA3FB02235B091C01D7F8FC30002219
:10EAF000C7F8D030C7F8D420D7E9348942464B460E
:10EB00009118B9645B41FB64D7E91223414612EBCB
:10EB1000010A494643EB010B4FF000024FF000039E
:10EB20004FEACB0343EA5A734FEACA0292469B4626
:10EB300043461AEB0303C7F8C8304B464BEB0303BD
:10EB4000C7F8CC30D7F8F4305B680022C7F8C03083
:10EB5000C7F8C420D7E930120B46DB183B641346D4
:10EB600042EB03037B64D7E91023D7E93201F2F7C4
:10EB7000DBF802460B4611463B4BA3FB01235B0926
:10EB8000642202FB03F3CB1ADB0003F13202364BA3
:10EB9000A3FB02235B095B0003F4F8731C44D7F862
:10EBA000FC300022C7F8B830C7F8BC20D7E92E895E
:10EBB00042464B469118B9635B41FB63D7E90E238C
:10EBC00041465118396349464B417B634FF000027F
:10EBD0004FF00003D7E90CAB5946CB00514643EA4E
:10EBE00051735146CA0010461946034642469B18C7
:10EBF000C7F8B0304B460A4642EB0303C7F8B430BF
:10EC0000D7F8F4305B680022C7F8A830C7F8AC200A
:10EC1000D7E92A120B46DB18BB62134642EB03030B
:10EC2000FB62D7E90A23D7E92C01F2F77DF8024607
:10EC30000B460D4BA3FB02135B09642101FB03F39D
:10EC4000D31ADB003233084AA2FB03235B0903F02B
:10EC50000702D7F8F4301B6822449A6006E100BF2F
:10EC600000100140001401401F85EB51D7F8FC3023
:10EC70000022C7F8A030C7F8A420D7E92889424667
:10EC80004B46911839625B417B62D7E908234146C4
:10EC90005418494643EB01054FF000024FF00003C2
:10ECA000EB0043EA5473E20014461D464346E31862
:10ECB000C7F898304B4645EB0303C7F89C30D7F8AC
:10ECC000F4305B680022C7F89030C7F894204FF00A
:10ECD00000024FF00003D7E9244529468B00214666
:10ECE00043EA917321468A00D7E92601F2F71CF81E
:10ECF00002460B46604BA3FB02235B091C01D7F8BD
:10ED0000FC300022C7F88830C7F88C20D7E9228968
:10ED100042464B469118B9615B41FB61D7E9062336
:10ED200041465118396149464B417B614FF0000221
:10ED30004FF00003D7E904AB5946CB00514643EAF4
:10ED400051735146CA0010461946034642469B1865
:10ED5000C7F880304B460A4642EB0303C7F88430BD
:10ED6000D7F8F4305B680022BB67FA674FF0000207
:10ED70004FF00003D7E91E8949468B00414643EA1C
:10ED8000917341468A00D7E92001F1F7CDFF024691
:10ED90000B461146384BA3FB01235B09642202FB9F
:10EDA00003F3CB1A1B013233334AA2FB03235B0963
:10EDB00003F0F0031C44D7F8FC3000223B677A676D
:10EDC000D7E91C8942464B469118B9605B41FB600C
:10EDD000D7E9022341465118396049464B417B60CF
:10EDE0004FF000024FF00003D7E900AB5946CB00CB
:10EDF000514643EA51735146CA001046194603462C
:10EE000042469B18BB664B460A4642EB0303FB6631
:10EE1000D7F8F4305B6800223B667A664FF0000258
:10EE20004FF00003D7E9188949468B00414643EA71
:10EE3000917341468A00D7E91A01F1F775FF02463E
:10EE40000B460D4BA3FB02135B09642101FB03F38B
:10EE5000D31A1B013233084AA2FB03235B0903F0D8
:10EE60000F02D7F8F4301B6822449A6000BF07F500
:10EE70008077BD46BDE8B08F1F85EB51002100F0C3
:10EE800001BE70B504460D4645EC104B164603F026
:10EE900033FE51EC100B7EB1C5F30A53C3F16B0383
:10EEA000002B09DD1B0503F17F55002405F54015F6
:10EEB00022462B46F1F7A0FB41EC100B70BD000081
:10EEC0002DE9F04F9DB00E46159200220490189245
:10EED0004FF000084FF0000917910A782B2A0D46D1
:10EEE00001F101011DD00BD80D2A06D8082AF3D84C
:10EEF0007AB100230B939A4683E0202AECD0F8E7FE
:10EF00002D2A10D10122691C17910B926A78002AD0
:10EF100037D1159B1796002B40F0958542464B46FE
:10EF20002AE00022EFE700210B91302A40F09B807D
:10EF30006A7802F0DF02582A5AD102930B9B0193A0
:10EF400018AB0093814A049819AB17A902F0BEFED2
:10EF500010F00F06044605D0062E14D1013500230B
:10EF600017950B93159B002B40F06F850B9B002B87
:10EF7000D4D0424609F1004343EC102B1DB0BDE84C
:10EF8000F08F0D46D1E7189A3AB135211AA803F04F
:10EF9000ADFE1899049803F073FA013E042E06D8CA
:10EFA000DFE806F014031E211400DDE91A89E005EC
:10EFB00048BF49F0004929F000431B0D1B05002BF9
:10EFC000D0D101F003FF22230360CBE7DDE91A83F0
:10EFD000199A23F4801302F2334243EA0259E6E716
:10EFE000DFF87091E3E76FF000494FF0FF38DEE79C
:10EFF000013517952B78302BFAD0002BB2D04FF07B
:10F00000010A00272B460E97BB460A21184613F823
:10F01000014BA4F13002092A28D94D49012201F0FF
:10F02000FDFD002834D00020CDE9060022465C46D4
:10F03000652A01D0452A14D124B95AEA00033FF4C5
:10F0400068AF0024179E731C179372782B2A73D015
:10F050002D2A77D04FF0000CA2F13003092B7FD975
:10F06000179600239EE04FF0000ACAE7BBF1080F95
:10F07000D8BF0E9A1793DBBF01FB0242303A01FB67
:10F0800007420E92C8BFA2F130070BF1010BBDE79A
:10F09000179B5A1C17925A78BBF1000F33D0069079
:10F0A0005C46A2F13003092B12D901230793BFE775
:10F0B000179B5A1C17925A780130302AF8D0A2F1C7
:10F0C0003103082B00F2C6840690179D00200446E9
:10F0D000303A00F1010310D00699194406912044FA
:10F0E0000A23A04211D1082800F1010419DC0E996D
:10F0F0000A2303FB01230E930023179A511C179137
:10F1000052781846CDE75846D7E7082C04F1010499
:10F1100003DC0E9959430E91E3E7102CD8BF5F43EF
:10F12000DFE70F28DCBF0A2303FB0727E4E7002102
:10F130000123CDE9061380E74FF0000CB31C1793B1
:10F14000B27889E74FF0010CF8E700BFF0A501089D
:10F15000ACA301080000F07F179B5A1C17925A7845
:10F16000302AF9D0A2F13103082B3FF67AAF179B72
:10F170000593A2F1300E013317931A78A2F13001F2
:10F1800009293CD905995B1A082B44F61F633CDC1E
:10F190009E457146A8BF19460591BCF1000F02D0EB
:10F1A000059B5B420593002C50D15AEA00007FF486
:10F1B000D9AE079B002B7FF4ACAE692A29D026DCA0
:10F1C000492A26D04E2A7FF4A4AEA14917A802F0FE
:10F1D0009FFF00283FF49DAE179B1B78282B2FD153
:10F1E0009C491AAA17A802F0A7FF052828D11B9B43
:10F1F000DDF8688043F0FF4949F4E009B2E60A21EE
:10F2000001FB0E22A2F1300EB5E70593C5E76E2A89
:10F21000D9E7914917A802F07BFF00283FF479AEA7
:10F22000179B8E49013B17A8179302F071FF10B985
:10F23000179B01331793DFF834924FF0000891E6E3
:10F24000874801F001FE59EC108B8BE6DDE90532B1
:10F250000E989B1ABBF1000F08BFA346102C0A930F
:10F26000A246A8BF4FF0100AF1F74CF9092C8046CE
:10F27000894613DC0A9B002B3FF474AE0A9B73DDB6
:10F28000162B5ADC774901EBC301D1E90001424654
:10F290004B46F1F7B1F98046894663E6714B03EBC3
:10F2A000CA0353E91223F1F7A7F980463846894685
:10F2B000F1F728F902460B4640464946F0F7E6FFCB
:10F2C0000F2C80468946D5DD0A9BA4EB0A0A9A4496
:10F2D000BAF1000F40F397802AF00F061AF00F0AD8
:10F2E00051D1B6F59A7F5EDC0023DFF87CA13611A0
:10F2F000404649461F46012E79D10BB180468946CA
:10F300005949A9F1547901EBC70142464B46D1E96D
:10F310000001F1F771F9554B0A460B4054498B42F5
:10F32000804640D8A1F580118B4286BFDFF844911A
:10F330004FF0FF3802F1547932E00A9AC4F1250304
:10F340009342C1DB474DC4F10F0405EBC4014246B3
:10F350004B46D1E90001F1F74FF90A9B1C1B05EB65
:10F36000C405D5E9002394E71633ADDBDDE90523B9
:10F370009A1A3C4B03EBC203D3E9002340464946AB
:10F38000F1F764FA87E7374901EBCA0142464B4679
:10F39000D1E90001F1F730F980468946002EA0D16D
:10F3A00000230793A0E0002405940E940694049A89
:10F3B000DFF8B890222313604FF000080E9B002B5B
:10F3C0003FF4D0AD1899049803F05AF806990498C0
:10F3D00003F056F8DDE9040103F052F80E990498A1
:10F3E00003F04EF80498214603F04AF8BAE5F20714
:10F3F00004D5DAE90023F1F7FFF80123013776108D
:10F400000AF1080A77E7CBD0CAF1000A4FEA2A16B8
:10F410001AF00F0A0DD11F2E2EDD002405940E9434
:10F420000694049A22234FF000084FF0000913605D
:10F43000C4E70C4B03EBCA0340464946D3E900231B
:10F44000F1F704FA80468946002EA9D0E3E700BF11
:10F45000BBA30108DCA50108B3A301089FA4010810
:10F460009BA4010868A6010840A601080000F07FDF
:10F470000000A07CFFFFEF7F16F0100318BF6A2387
:10F48000764F0793404649460023F20704D5D7E953
:10F490000023F1F7B1F80123761007F10807F4D142
:10F4A0000BB180468946079BB3B1C9F30A52C2F13A
:10F4B0006B03002B49460FDD1F2B57DD342BDEBFBE
:10F4C0004FF0FF33C2F14B0293404FF00008CCBF26
:10F4D0004FF05C7903EA01090022002340464946C7
:10F4E000F1F7F2FA002898D10E9B00930498234676
:10F4F0005A46294603F02CF80E9000283FF453AFEB
:10F50000DDE905239B1A0A9A002AA8BF002312935B
:10F51000002422EAE273149305940E9B0498596820
:10F5200002F070FF069000283FF441AF0E9B1A696D
:10F53000023203F10C0192000C3001F074FC49EC32
:10F54000108B04981AAA19A9CDE90C8903F044FB81
:10F55000189000283FF42BAF0498012103F08EF897
:10F560000590034648B90023059320E74FF0FF328A
:10F5700002FA03F303EA0808AEE7199D1A9A002D70
:10F58000ABBF129B149B149E129FACBFEF185E1B67
:10F59000079BED1A1544324B013D9D42C2F13602E4
:10F5A0004FDA5B1B1F2BA2EB03024FF001013CDC87
:10F5B00001FA03FA4FF0000BBD18079BAF42164447
:10F5C0001E443B46A8BF2B46B342A8BF3346002B80
:10F5D000C2BFED1AF61AFF1A129B002B16DDDDE9E9
:10F5E00004011A4603F00AF905900028BBD0014631
:10F5F000189A049803F058F80F9000283FF4D7AEFB
:10F600001899049802F03CFF0F9B1893002D1BDC07
:10F610000A9B002B26DD149A0699049803F0EEF855
:10F620000690F8B900230693C1E6C5F17F4505F5BC
:10F630007F0505F57B45E23501FA05FB4FF0010A30
:10F64000BAE74FF0000BF9E7189904982A4603F03F
:10F6500031F918900028DBD1A9E600BF08A60108FF
:10F6600002FCFFFF002E07DD06990498324603F0E6
:10F6700021F906900028D5D0002F08DDDDE904012E
:10F680003A4603F017F9059000283FF490AE069A29
:10F690001899049803F098F9044600283FF487AEBF
:10F6A000C3680F9300230599C36003F071F9002824
:10F6B0003CDA0F9B53EA08035ED1C9F313034D46AE
:10F6C000002B59D129F000431B0D1B05B3F1D66F58
:10F6D00052D9636913B92369012B4DDD21460122FB
:10F6E000049803F0E7F80599044603F051F900285F
:10F6F00042DDAD4B079A2B40002A5FD0B3F1D66FA5
:10F700005CD8B3F15C7F7FF68CAEA84B404649468F
:10F710000022F0F771FFA44B0B4080468946002B76
:10F720007FF450AE049A222313604BE64D4662D11B
:10F730000F9AC9F3130342B39D4A934228D1079B02
:10F740004146EBB1984B2B40B3F1D46F4FF0FF32F1
:10F7500019D81B0DC3F16B0302FA03F3994217D1B9
:10F76000944B9D4202D101313FF421AE8E4B2B4090
:10F7700003F580194FF00008079B002BC5D121E647
:10F780004FF0FF33EAE71346E8E753EA0803B0D047
:10F79000BBF1000F1BD01BEA050FEDD00F9B079AA2
:10F7A00040464946B3B1FFF76CFBDDE90C0153EC71
:10F7B000102BF0F76BFD80468946DDE7A3F580133B
:10F7C0006FEA13596FEA09594FF0FF38D4E71AEA84
:10F7D000080FE2E7FFF755FBDDE90C0153EC102BB6
:10F7E000F0F752FD0022002380468946F1F76CF9BC
:10F7F0000028C1D015E60599204603F045FA57ECDC
:10F80000106B00224FF0804330463946F1F770F913
:10F81000002870D00F9B002B7BD1B8F1000F56D180
:10F82000C9F31303002B58D1634B002230463946ED
:10F83000F1F754F9002859D1604B0022304639467F
:10F84000F0F7DAFE82468B460BF10043CDF820A09C
:10F850000993554B544A2B401393594B2A409A42D3
:10F86000DDE9086740F0B080A5F1547949EC108BD0
:10F8700003F042F9DDE9082351EC100BF0F7BCFE70
:10F8800042464B46F0F702FD474D4E4A0D40954229
:10F89000804645D90D9A474B9A4203D10C9B0133C0
:10F8A0003FF485ADDFF80C914FF0FF3818990498BC
:10F8B00002F0E6FD0699049802F0E2FDDDE904019C
:10F8C00002F0DEFD0498214602F0DAFD25E6B8F1EB
:10F8D000010F02D1002D3FF4A4AD9FED2B7BDFF88B
:10F8E000D8B08DED087B4FF0000AB2E7DFF8CCB05E
:10F8F0004FF0000AA8E7314B002230463946F0F7B6
:10F900007BFE0F9B82468B46002B9DD0CDE908AB3A
:10F910009FE79FED1F7B8DED087B5BEC17AB98E7B6
:10F9200001F15479079B002BC0D129F00043139AB1
:10F930001B0D1B059A42B9D150465946F1F70CFAF6
:10F94000F0F72CFE02460B4650465946F0F79CFC59
:10F950000F9AC9F3130343EA0803134306460F46FD
:10F960006BD00DA3D3E90023F1F7B8F800287FF49A
:10F9700029AD0BA3D3E9002330463946F1F7CCF883
:10F98000002893D01EE500BF000000000000F0BF7B
:10F99000000000000000F03F9535A094FFFFDF3F1E
:10F9A00035E5AF350000E03F0000F07F0000503942
:10F9B000FFFF0F00FFFFEF7F0000F03F0000E03F80
:10F9C0000000E07FFFFF9F7C079B13B3139BB3F105
:10F9D000D46F1ED824A3D3E9002350465946F1F72B
:10F9E00087F890B159465046F1F7DEF8012838BF44
:10F9F0000120F0F787FD0F9B82468B46D3B901F1BA
:10FA0000004310901193DDE91067139A07F1D66354
:10FA10009F1A9DED0C0B03F06FF8304653EC102B42
:10FA20003946F0F7E9FDDDE90C23F0F72FFC8046BD
:10FA3000894677E7CDE910ABE5E70DA3D3E90023CD
:10FA4000F1F74CF89CE700230B93159A179B136072
:10FA5000FFF78CBA652A3FF46AAB452A3FF467ABDF
:10FA600001230793FFF7A1BB0000C0FFFFFFDF41A9
:10FA70009535A094FFFFCF3F014BFFF721BA00BFA0
:10FA8000DC0000200A4601460248034B0068FFF7ED
:10FA900017BA00BF48020020DC0000202DE9FF4714
:10FAA00057EC106B002F0C4619463B46BBBF07F1C5
:10FAB00000431F4600232D230B700D9BDDF830A063
:10FAC000914623F02008BCBF32461646B8F1460FD7
:10FAD00005D0B8F1450F00D10134022100E0032127
:10FAE00003AB019302AB009347EC106B53462246E5
:10FAF00001F05EFAB8F1470F054619D119F0010F70
:10FB00000ED000EB04090022002330463946F0F7FE
:10FB1000DBFF08B1CDF80C903022039B4B451ED380
:10FB2000039B0E9A5B1B2846136004B0BDE8F08768
:10FB3000B8F1460F00EB0409E5D10378302B0AD168
:10FB40000022002330463946F0F7BEFF18B9C4F151
:10FB50000104CAF80040DAF800309944D3E7591C90
:10FB600003911A70D9E7F7B50029BABF49422D238E
:10FB70002B2309290270437029DD0DF10704254666
:10FB80000A272246B1FBF7F607FB1613303302F8BB
:10FB9000013C0B46632B04F1FF343146F1DC30317C
:10FBA000931E04F8011C411C1C46AB420AD30DF104
:10FBB00009039B1AA54238BF0023821C1344181A5C
:10FBC00003B0F0BD13F8016B01F8016FEDE73023CE
:10FBD00030318370C170031DF1E700002DE9F04F53
:10FBE0008DB00C46DDF8588016461F46054601F0DC
:10FBF000A3F8036806931846F0F73AFB00230A932C
:10FC0000D8F8003094F818A0D4F800B00790073363
:10FC100023F00703B3EC027B8DED047BC8F80030C2
:10FC2000DDE9048323F0004984ED127B9C4B4FF007
:10FC3000FF3240464946F0F779FF70BB984B4FF0D2
:10FC4000FF3240464946F0F753FF30BBDDE904017F
:10FC500000220023F0F742FF10B12D2384F8433037
:10FC6000904A914BBAF1470F8CBF904698460323B8
:10FC700023612BF0040323604FF000090097334603
:10FC80000BAA2146284600F0D1F9013040F08C80C3
:10FC90004FF0FF300DB0BDE8F08FDDE904231046D2
:10FCA0001946F0F743FF40B1059B804A002BBCBFCB
:10FCB0002D2384F843307E4BD4E763685A1C0AF046
:10FCC000DF093BD1062363604BF48062002322608E
:10FCD00003930AABCDE901A309AB009361689DEDE5
:10FCE000040B0DF123032846FFF7D8FEB9F1470FA7
:10FCF0000999804629D1C81C02DB63688B4241DA2E
:10FD0000AAF1020A5FFA8AFA0139524604F1500058
:10FD10000991FFF728FF0A9A1318012A81462361E7
:10FD200002DC2268D20701D5013323619DF823301C
:10FD3000002BA3D02D2384F843309FE7B9F1470F60
:10FD4000C2D1002BC0D10123BDE7BAF1650FDBD9C9
:10FD5000BAF1660F18D1002963680BDD216113B970
:10FD60002268D00702D501330B442361A1654FF00F
:10FD70000009DBE713B92268D20701D50233F4E7A3
:10FD80000123F2E74FF0670A0A9B8B4205DC2368E8
:10FD90002161D807EAD54B1CE7E70029D4BFC1F1A0
:10FDA000020201221344E0E723685A0507D42369BD
:10FDB000424631462846B84701302BD168E7BAF1B0
:10FDC000650F40F2DD80D4E9120100220023F0F734
:10FDD0007BFE002833D0374A012331462846B847F6
:10FDE00001303FF455AFDDE90938434502DB2368B4
:10FDF000D8070FD5DDE9062331462846B84701303C
:10FE00003FF446AF4FF0000908F1FF3804F11A0A39
:10FE1000C84509DC23689B0700F10381E0680B9B60
:10FE20009842B8BF184635E7012352463146284666
:10FE3000B84701303FF42CAF09F10109E8E7099B0D
:10FE4000002B39DC1B4A012331462846B8470130D4
:10FE50003FF41EAFDDE9093959EA030302D12368F3
:10FE6000D907D7D5DDE9062331462846B847013002
:10FE70003FF40EAF4FF0000A04F11A0B099B5B42EE
:10FE8000534501DC4B4693E701235A463146284649
:10FE9000B84701303FF4FCAE0AF1010AEEE700BFBB
:10FEA000FFFFEF7FB2A30108AEA30108BAA30108C8
:10FEB000B6A30108BEA30108A36DDDF828A0534531
:10FEC000A8BF5346002B994636DC4FF0000B29EAB9
:10FED000E97904F11A02A36D0493A3EB09035B45CE
:10FEE00031DC099B9A453ADC2368DA0737D4099B51
:10FEF000AAEB0309049BAAEB03039945A8BF994603
:10FF0000B9F1000F33DC4FF0000829EAE97904F178
:10FF10001A0B099BAAEB0303A3EB090343457FF7E5
:10FF200079AF01235A4631462846B84701303FF49D
:10FF3000AFAE08F10108ECE7424631462846B84723
:10FF40000130C2D1A4E60123314628460492B847C5
:10FF500001303FF49DAE049A0BF1010BBBE7DDE9E4
:10FF6000062331462846B8470130C0D190E6049AAE
:10FF70004B46424431462846B8470130C3D187E654
:10FF8000DDF828A0BAF1010F01DCDB0736D501232B
:10FF9000424631462846B84701303FF479AEDDE9A4
:10FFA000062331462846B84701303FF471AED4E904
:10FFB0001201002200230AF1FF3AF0F785FDC0B9D3
:10FFC000534608F1010231462846B84701300CD1AA
:10FFD0005EE601235A4631462846B84701303FF4D1
:10FFE00057AE08F10108D045F3DB4B4604F150024F
:10FFF000DFE64FF0000804F11A0BF4E70123424654
:020000040801F1
:10000000E1E701234A4631462846B84701303FF42C
:100010003FAE08F10108E3680B995B1A4345F0DC39
:10002000FCE64FF0000804F11909F4E72DE9F04768
:10003000164698468A680B69DDF820909342B8BF4F
:100040001346336091F8432007460C460AB101334A
:1000500033602368990642BF3368023333602568F2
:1000600015F0060506D104F1190AE36832689B1AF7
:10007000AB4226DC94F843302268003B18BF0123D2
:1000800092062BD404F1430241463846C84701305A
:100090001ED02368226903F00603042B02BFE56823
:1000A0003368ED1AA3680CBF25EAE5750025934275
:1000B000C4BF9B1AED1800261A34B5421AD100208D
:1000C00008E00123524641463846C847013003D173
:1000D0004FF0FF30BDE8F0870135C6E7E1185A1C44
:1000E000302081F84300224494F8451082F84310F0
:1000F0000233C7E70123224641463846C84701304C
:10010000E6D00136D9E700002DE9F0430D7E85B039
:10011000782D90460C9E07460C46994601F1430205
:1001200007D8622D0AD8002D00F0D780582D00F096
:10013000BC8004F1420684F842503BE0A5F1630321
:10014000152BF6D801A151F823F000BFA501010835
:10015000B901010833010108330101083301010825
:1001600033010108B9010108330101083301010815
:100170003301010833010108C1020108E30101084C
:10018000730201083301010833010108E302010889
:1001900033010108E30101083301010833010108BB
:1001A0007B02010833681A1D1B68326004F14206A5
:1001B00084F842300123A1E033682068191D3160C2
:1001C000060601D51D6803E04506FBD5B3F90050CE
:1001D000002D03DA2D236D4284F843305B480A2357
:1001E00011E021683368080653F8045B02D449061D
:1001F00048BFADB23360237E54486F2B5CD10823D7
:10020000002184F843106668A660002E05DB216893
:100210002E4321F00401216050D01646B5FBF3F1C6
:1002200003FB115C10F80CC006F801CDAC46634529
:100230000D46F3D9082B0BD12368DB0708D52369BA
:1002400061689942DEBF302306F8013C06F1FF36B3
:10025000921B2261CDF80090434603AA21463846FE
:10026000FFF7E4FE01304ED14FF0FF3005B0BDE89E
:10027000F083236843F0200323603548782584F811
:1002800045502368316813F0800F51F8045B03D1A7
:1002900013F0400F18BFADB23160D90744BF43F02F
:1002A000200323601DB11023AAE72848E7E723684D
:1002B00023F020032360F6E70A23A1E71646B9E7F7
:1002C000336825686169181D30602E061B6801D5EA
:1002D000196002E06806FBD51980002323611646E9
:1002E000B8E733681A1D32601E6862680021304624
:1002F000EFF76EFF08B1801B606063682361002325
:1003000084F84330A6E72369324641463846C84759
:100310000130A9D023689B0713D4E068039B98425F
:10032000B8BF1846A2E70123324641463846C847BF
:10033000013099D00135E36803995B1AAB42F2DCD6
:10034000EBE7002504F11906F5E700BFC0A301089B
:10035000D1A301082DE9F04F87B0914603938B6834
:100360005A1EB2F5AE7F81BF6FF4AE7503EB050B7D
:1003700040F25D138B600B680A464FF0000543F4B2
:10038000F06342F81C3BCDE9045580460C4698BF0B
:100390004FF0000B01921646AA462F460295A2681E
:1003A0005AB1D9F800301B784E2B63D8402B3BD87C
:1003B000A3F12B01C8B20E2839D91FB1236823F449
:1003C000807323600AF1FF3ABAF1010F00F2148141
:1003D000019B9E4200F20581012007B0BDE8F08F2D
:1003E000A3F161020D2AE8D801A151F822F000BF63
:1003F00039050108BB030108BB030108BB03010861
:10040000950501086F050108BB030108BB0301083E
:1004100047050108BB030108BB030108BB03010832
:10042000BB03010803050108A3F14102DAE70E2925
:10043000C3D801A050F821F0F3040108BB03010860
:10044000F304010883050108BB03010895040108B2
:10045000D9040108D9040108D9040108D904010804
:10046000D9040108D9040108D9040108D9040108F4
:10047000D90401086E2B09D8602BB1D8542B7BD03E
:10048000592B9AD1072D98D108252FE0742B73D0C2
:10049000792BF6E72168C8051ED521F0800121607F
:1004A0000137BBF1000F03D001320BF1FF3BA2601B
:1004B000A368013BA360236901332361D9F80430A9
:1004C000013B002BC9F8043040F38280D9F800309A
:1004D0000133C9F8003062E71AEB05017FF46DAF14
:1004E000226822F4C07222600D468A4606F8013B5B
:1004F000DEE7226810067FF560AF22F080022260FE
:10050000F4E7BAF1000F0CD177B9226802F4E06188
:10051000B1F5E06F08D122F4F06222604FF0010AD9
:10052000E4E7BAF1020F50D0012D02D0042D7FF480
:1005300044AF0135EDB2D9E7BAF1010F7FF43DAF19
:100540004FF0020AD2E775B9002F7FF437AF226867
:1005500002F4E061B1F5E06F40F0028122F4F06254
:1005600022600125C2E7032DE3D0052DDFE7022D30
:100570007FF423AF0325B9E7062D7FF41EAF0725CF
:10058000B4E7226891057FF518AF22F4207222604B
:100590000297ABE7226802F4A061B1F5806F05D045
:1005A00050057FF50AAF002F00F0DA80910558BFA3
:1005B000029922F4F06258BF791A42F4C07258BF0F
:1005C000CDE904162260002790E74FF0030A8DE77B
:1005D000D4F8803149464046984700283FF4DFAEC2
:1005E000EBE6D4F87C3116F8011D4A4640469847A0
:1005F0002369013B2361EBE66B1E062B24D8022DF9
:1006000036D8019B9E427FF6E7AED4F87C3116F8CF
:10061000011D4A46404698472369013B2361F0E7A4
:10062000D4F87C311BF8011D4A464046984723699F
:10063000013B23610AF1FF3A5FFA8AFABAF1020F2D
:10064000EED1033DEDB2761B2368DA0530D55D05AA
:1006500011D5019B9E427FF6BFAED4F87C3116F8CF
:10066000011D4A46404698472369013B2361F0E754
:10067000AA46B346DEE716F8011C2369652903F193
:10068000FF3306F1FF3523610CD045290AD0D4F899
:100690007C314A4640469847236916F8021C013BC4
:1006A000B51E2361D4F87C314A46404698472E4611
:1006B000226812F0100201D000208EE6327023680A
:1006C00003F4C063B3F5806F24D1029B9F420AD02C
:1006D000DA1B04F26F139E4228BF04F5B776214956
:1006E000304600F09BF9019900224046FFF7C4F91B
:1006F000039B21681B68880757EC106B03F1040209
:1007000015D503990A601B68C3E90067E3680133E4
:10071000E360D1E7049B002BE5D005990A23013162
:10072000404602F0A1FB049B059EC21AD1E711F0DE
:10073000040F03990A60E6D11D6832463B463046F5
:100740003946F0F7F3F928B1074800F085FB85ED4D
:10075000000ADBE730463946F0F746FA2860D5E76D
:1007600000272FE6E2A301089BA40108002310B58F
:100770000446C0E90033C0E90433836081814366E5
:10078000C2818361194608225C3000F03FFA0D4BAC
:1007900063620D4BA3620D4BE3620D4B23630D4B64
:1007A00024629C4206D003F16802944202D0D03306
:1007B0009C4205D104F15800BDE8104000F030BB68
:1007C00010BD00BF610A0108830A0108BB0A0108C5
:1007D000E10A010808310020024A0349034800F0F9
:1007E0006BB800BFD00000203D3201084C02002051
:1007F00041680C4B994210B5044601D002F01EFD31
:10080000A168094B994202D0204602F017FDE16829
:10081000064B994204D02046BDE8104002F00EBDC0
:1008200010BD00BF0831002070310020D8310020F9
:100830000C4B0D4A0D4810B504211A600022FFF739
:1008400095FF0A4B01221C46092103F16800FFF7BE
:100850008DFF04F1D0000222BDE810401221FFF705
:1008600085BF00BF40320020D907010808310020B1
:10087000014800F0D6BA00BF49320020014800F01C
:10088000D1BA00BF4932002010B50446FFF7F0FF8F
:10089000236A1BB1BDE81040FFF7F0BF044B236291
:1008A000044B1B68002BF5D1FFF7C2FFF2E700BF36
:1008B000F1070108403200202DE9F8430746884639
:1008C00014460026D4E90195B9F1010905D524683B
:1008D000002CF7D13046BDE8F883AB89012B07D94E
:1008E000B5F90E30013303D029463846C0470643D8
:1008F0006835E9E7036A70B5846805460E460BB9AA
:10090000FFF7C2FF636EDB0705D4A389980502D405
:10091000A06D00F086FAA389190702D52369002B80
:1009200035D12146284600F01DF980B34FF0FF3540
:10093000636EDA0705D4A3899B0502D4A06D00F08D
:1009400071FA284670BD002B04DAA269934217DBC6
:100950000A2915D023685A1C22601970A36816F85A
:10096000011F013BA3600029EDD1002B11DA2246C3
:100970000A21284600F0B8F80130D7D00A25D7E779
:100980002246284600F0B0F80130E7D1CEE7013E1C
:10099000E4E723685A1C22600A221A70EEE700007E
:1009A000024B01461868FFF7A5BF00BF48020020B0
:1009B0000CB430B5184B0C1E1D689DB008DA8B23A3
:1009C0002B604FF0FF301DB0BDE8304002B07047E3
:1009D0004FF40273ADF814304FF000031B9314BFB3
:1009E00004F1FF332346049307934FF6FF730290FD
:1009F0000690ADF81630209A21AB02A92846019343
:100A000002F0A2FA431CBCBF8B232B60002CDAD06F
:100A1000029B00221A70D6E7480200200EB410B5DF
:100A20009DB01FAB029006906FF000410A480791FD
:100A300004910A4953F8042B0591002402A9006887
:100A400001931B9402F080FA029B1C701DB0BDE85C
:100A5000104003B0704700BF480200200802FFFFAB
:100A600010B50C46B1F90E1000F08CF90028ABBFA0
:100A7000636DA3891B1823F48053ACBF6365A38106
:100A800010BD2DE9F0411F468B89DB0505460C465C
:100A9000164605D5B1F90E100223002200F060F9C8
:100AA000A389B4F90E1023F48053A38132463B4648
:100AB0002846BDE8F04100F077B910B50C46B1F911
:100AC0000E1000F04DF9B4F90C30421C0BBF23F4AA
:100AD000805343F48053A381A38118BF606510BD88
:100AE000B1F90E1000F02CB9F8B50E4614460546C3
:100AF00018B1036A0BB9FFF7C7FEA369A360A38906
:100B00001A0701D5236943B92146284600F02AF87F
:100B100018B14FF0FF373846F8BD23682269981A9C
:100B20006369F6B28342374605DC2146284602F067
:100B300085FB0028EDD1A368013BA36023685A1C04
:100B400022601E706269431C9A4204D0A389DB07AD
:100B5000E1D50A2EDFD12146284602F06FFB00289E
:100B6000D9D0D6E738B5284B054618680C4618B1D9
:100B7000036A0BB9FFF788FEB4F90C301A0721D4C9
:100B8000D80607D409222A6043F04003A3814FF01E
:100B9000FF3030E0590712D5616B41B104F14403D5
:100BA000994202D0284600F0DFFF00236363002251
:100BB000B4F90C3062602269226023F0240343F010
:100BC0000803A38122693AB99A0501D5180603D50D
:100BD0002146284602F090FBB4F90C3013F00102D4
:100BE0000AD00022A26062695242A261226942B91F
:100BF00013F08000C8D138BD990758BF6269A26060
:100C0000F4E70020F7E700BF480200200244034653
:100C1000934200D1704703F8011BF9E710B56AB1A0
:100C20000139841810F8012B11F8013F9A4203D1C1
:100C3000A04201D0002AF5D1D01A10BD1046FCE721
:100C40001B4B2DE9F0411C68656C06460F463DBB09
:100C5000502001F00FFB0246606420B9154B164886
:100C60005B2100F0FFF88560626CC0E90055C2E9C5
:100C70000355626CC2E90555626CC2E90A55626CA3
:100C8000C2E90C55626CC2E90E55626CC2E910559E
:100C9000626CC2E91255626C15772B46656C6B620B
:100CA0002A46394630460123BDE8F04100F006B837
:100CB00048020020E7A30108FEA30108F0B504469E
:100CC00008B9146844B1204614F8015B0F4617F8C0
:100CD000016B1EB965B91560002005E0B542F6D17B
:100CE000002BF0D114600370F0BD1C460CE01DB960
:100CF000274614F8013B0E4616F8015BAB42F6D1CD
:100D0000002BF2D000233B701460EDE70A7870B539
:100D10006AB970BD9A4209D10C46054614F8013FE4
:100D2000002BF6D015F8016F9E42F7D00130037802
:100D3000002BEFD11846ECE700487047CC010020AB
:100D400038B5064D0023044608462B60F8F7FEF937
:100D5000431C02D12B6803B1236038BD443200200C
:100D600038B5074D04460846114600222A601A4647
:100D7000F8F713FA431C02D12B6803B1236038BD86
:100D80004432002038B5074D04460846114600227B
:100D90002A601A46F8F7A1F9431C02D12B6803B167
:100DA000236038BD4432002038B5074D044608465C
:100DB000114600222A601A46F8F7ACF9431C02D10A
:100DC0002B6803B1236038BD44320020014B186802
:100DD000704700BF4802002070B50D4B0D4D5B1BE6
:100DE0009C100026A64209D106F0BCFB0A4D0B4B15
:100DF0005B1B9C100026A64205D170BD55F8043B34
:100E000098470136EEE755F8043B98470136F2E77C
:100E1000A0AE0108A0AE0108A0AE0108A4AE010872
:100E20007047704770470A44914200F1FF3300D188
:100E3000704710B511F8014B03F8014F9142F9D1F9
:100E400010BD0000000000009FED010B704700BFC7
:100E5000000000000000F87F9FED010A704700BF0E
:100E60000000C07F1FB514461A46094B1B68054693
:100E7000D8684CB1074B0091CDE9013406492B46A7
:100E800002F004FA02F0BCFA044B1C46F3E700BF80
:100E90004802002060A401086DA401089BA4010879
:100EA0002DE9F74F03690C69A34207467EDB013C3D
:100EB00001F11408A30000F11405009305EB84036D
:100EC000019358F8243055F8242001339A4208EB56
:100ED0008409B2FBF3F62ED34FF0000AC446AE46A7
:100EE000D3465CF8043B98B206FB00A0020C1B0C36
:100EF00006FB0323DEF8002080B292B2121A5A4495
:100F0000DEF800004FEA134A9BB2C3EB224303EB27
:100F1000104392B242EA0342E1454EF8042B4FEAF5
:100F2000234BDED2009BEB582BB9019B043B9D4227
:100F30001A462FD33C61384601F02AFD002825DBF4
:100F40002946002058F8042BD1F800C01FFA82FE71
:100F50001FFA8CF3A3EB0E030344120CC2EB2342E3
:100F600002EB1C429BB243EA0243C14541F8043BF9
:100F70004FEA2240E6D255F8242005EB840322B93B
:100F8000043B9D421A460BD33C610136304603B008
:100F9000BDE8F08F1268043B002ACBD1013CC6E7C4
:100FA0001268043B002AEFD1013CEAE70020EEE79B
:100FB0002DE9F04F99B08DED0E0B0C92C269229C79
:100FC0000A9157EC106B8146139382B9102001F0FF
:100FD00051F90246C9F81C0020B9AB4BEF21AB48D0
:100FE000FFF740FF0023C0E901330360C3601168CD
:100FF00059B152684A60012393408B60484601F022
:101000003FFAD9F81C3000221A60B7F10008B5BFCA
:1010100001230023236023609D4BBCBF28F00048C0
:10102000CDF83C8033EA08031AD1139AC8F31308A9
:1010300042F20F7358EA0608136000F06885239B9C
:1010400053B9944B21E0944B00930833239A1360D7
:10105000009819B0BDE8F08F8E4B00930333F5E78D
:101060009DED0E7B002251EC170B00238DED067BCE
:10107000EFF72AFD824650B1139A01231360239B98
:1010800013B1239A854B1360854B0093E0E79DEDE8
:10109000060B16AA17A9484601F09EFD5FEA1854F0
:1010A000169D019079D0079BCDF850A0C3F3130390
:1010B000DDE9060143F07F5343F44013A4F2FF340B
:1010C00019460022774BEFF7DFF869A3D3E9002335
:1010D000EFF792FA68A3D3E90023EFF7D7F80646B3
:1010E00020460F46EFF71EFA65A3D3E90023EFF77A
:1010F00083FA02460B4630463946EFF7C7F80646F4
:101100000F46EFF729FD002280460023304639467E
:10111000EFF7E4FC48B14046EFF704FA32463B46AD
:10112000EFF7D2FC08B908F1FF38B8F1160F51D823
:101130005D4B03EBC803D3E90023DDE90601EFF7BC
:10114000CDFC002848D008F1FF38002312932D1B56
:101150006B1E089343BF0023C5F1010708930027C6
:10116000B8F1000F3ADB089BCDF834804344089374
:10117000002309930A9B092B62D8052BC4BF043BAB
:101180000A930A9BA3F10203CCBF00240124032B82
:1011900062D8DFE803F05153362B179C2C4404F23D
:1011A0003243202BC1BFC3F1400308FA03F804F215
:1011B000124326FA03F3D6BFC3F1200348EA030023
:1011C00006FA03F0EFF79EF90122A1F1F873013C52
:1011D000149275E70123B9E71290B8E7C8F100034C
:1011E00009930023A7EB08070D93C3E701230B9393
:1011F0000C9B434405930133012B0493B8BF012397
:1012000006E001230B930C9B002B28DDCDE9043372
:10121000D9F81C000021042202F114059D4223D9B3
:101220004160484601F0EEF80090002840D11F4B85
:10123000024640F2AF11D2E60023E3E70023D6E7EF
:1012400001240023CDE90A344FF0FF33CDE9043304
:10125000002212230C92DBE701230B93F4E7012316
:10126000CDE904331A46F5E701315200D4E700BF57
:1012700061436F63A787D23FB3C8608B288AC63F9C
:10128000FB799F501344D33FE7A30108A9A40108A9
:101290000000F07FA5A401089CA40108BFA30108D9
:1012A000BEA301080000F83F68A6010801A50108D7
:1012B000D9F81C30009A1A60049B0E2B00F2A18012
:1012C000002C00F09E80B8F1000F36DD9E4B08F038
:1012D0000F0203EBC20318F4807FD3E900AB4FEA9F
:1012E000281516D0994BDDE90601D3E90823EFF75D
:1012F000ADFACDE9020105F00F050324934E75B94F
:10130000DDE9020152465B46EFF7A0FA82468B46C2
:101310002DE09DED067B02248DED027BEEE7E907D3
:1013200008D550465946D6E90023EFF765F9013450
:1013300082468B466D100836E1E700F0AD80C8F1BB
:101340000005814B814E05F00F0203EBC203D3E988
:101350000023DDE90601EFF74FF92D1182468B4698
:1013600000230224002D40F08C80002BCED1129B54
:10137000002B00F09580764B002250465946EFF73F
:10138000ADFB002800F08C80049B002B00F08880CF
:10139000059B002B35DD08F1FF330293504659467B
:1013A0006C4B0022EFF728F9059E82468B460134EC
:1013B0002046EFF7B7F852465B46EFF71DF9664B4C
:1013C0000022EEF763FF0446A1F15075CDE9104508
:1013D000002E69D1614B002250465946EEF754FF6A
:1013E00022462B4682468B46EFF796FB002840F0BC
:1013F0009482224605F1004350465946EFF76EFBB2
:1014000020BB179B002BC0F26081B8F10E0F00F3D8
:101410005C814D4B03EBC803D3E900AB0C9B002B65
:1014200080F2EE80049B002B00F3EA800ED14B4B40
:10143000002250465946EFF7DFF802460B46DDE939
:101440000601EFF755FB002800F06A8200252C46C4
:101450000C9B009EDB430293274600242946484606
:1014600001F00EF8002F00F0C1802CB1BC4203D077
:101470002146484601F004F83946484601F000F894
:10148000B4E0EA0705D5D6E90023EFF7B5F8013453
:1014900001236D10083665E7DDE906AB022466E737
:1014A000049ECDF8088083E7274B03EBC60353E97E
:1014B00002010B9B002B55D002460B460020284909
:1014C000EFF7C4F9DDE91023EEF7DEFE009BCDE96E
:1014D00010019D191E4659465046EFF73DFB044644
:1014E000EFF720F802460B4650465946EEF7CCFE81
:1014F0003034DDE9102306F8014B82468B46EFF7C6
:10150000EDFA002872D152465B4611490020EEF7F1
:10151000BBFEDDE91023EFF7E1FA002840F0B680CA
:10152000AE423FF46EAFDDE910010A4B0022EFF747
:1015300063F8084BCDE91001002250465946EFF7F9
:101540005BF882468B46C6E768A6010840A60108FC
:101550000000F03F0000244000001C400000144048
:101560000000E03FDDE91023EFF746F8009B009D07
:10157000CDE910013344159359465046EFF7ECFA84
:101580000446EEF7CFFF30340B460246594650462C
:10159000EEF77AFE05F8014B159B9D4282468B467D
:1015A00027D1009B0022DDE910011E44B34BEEF76A
:1015B0006DFE02460B4650465946EFF7ADFA00283D
:1015C00064D1DDE91023AD490020EEF75DFE02464F
:1015D0000B4650465946EFF781FA00283FF411AF09
:1015E000334616F8012D302AFAD01E46DDF8088061
:1015F0003AE0A34B0022EEF7FFFF82468B46BBE7A3
:10160000009E52465B46DDE90601EFF71FF9EFF752
:10161000A3FA0746EEF786FF52465B46EEF7ECFF6D
:1016200002460B46DDE90601EEF72EFE07F1300C0F
:10163000009C06F801CBA6EB040C049C6445024612
:101640000B4633D1EEF722FE52465B4604460D466A
:10165000EFF762FAC0B952465B4620462946EFF7DB
:1016600033FA08B1FB070FD40199484600F008FF90
:101670000023139A337008F101031360239B002B9E
:101680003FF4E6AC1E60E3E4CDF8088033461E4626
:1016900013F8012D392A06D1009A9A42F7D1029AFD
:1016A00001320292302201321A709FE7744B0022FD
:1016B000EEF7A2FF02460B46CDE9062300220023E7
:1016C000EFF702FA00289CD0CEE70B9A002A00F030
:1016D000E3800A9A012A00F3C280149A002A00F0DB
:1016E000BA8003F23343099D3E46089A01211A4409
:1016F00048461F44089200F0C1FF044656B1089BBB
:10170000002B07DDB342089AA8BF3346FF1AF61A2A
:10171000D31A0893099B0BB30B9B002B00F0C380DB
:10172000002D00F0BD8021462A46484601F066F8AB
:10173000019A01460446484600F0B6FF01998246E8
:10174000484600F09DFE099B5B1B099300F0AE80AC
:10175000099A5146484601F051F801900121484646
:1017600000F08CFF0D9B0546002B00F0D7811A4638
:101770000146484601F042F80A9B012B054600F35A
:101780009D800E9B002B40F094800F9BC3F31303AE
:10179000002B40F08E800F9B23F000431B0D1B0598
:1017A000002B00F08980089B0133013708934FF02C
:1017B000010A0D9B002B00F0B7812B6905EB830319
:1017C000186900F00FFFC0F12000089B184410F0CA
:1017D0001F007ED0C0F12003042B72DD089BC0F1F6
:1017E0001C000344074406440893002F05DD0199BB
:1017F0003A46484601F05EF80190089B002B05DD53
:1018000029461A46484601F055F80546129B002B1A
:1018100061D00198294601F0BBF800285BDA08F195
:10182000FF330293019900230A22484600F04AFE42
:101830000B9B0190002B00F07981002321460A22A6
:10184000484600F03FFE059B002B044672DC0A9BD5
:10185000022B49DC6EE0169BC3F1360343E7049B81
:101860005D1E099BAB420DDB5D1B049B002BBFF68D
:101870003BAF049BFE1A002337E700BF0000E03FA8
:1018800000002440099B0D9A0995EB1A1A440D9209
:10189000049B3E46002528E7099D0B9C3E462DE70C
:1018A000DDF804A054E7099A019953E7CDF804A0A4
:1018B00054E74FF0000A7CE79A467AE74FF0000AB7
:1018C0007BE792D0089A1C331A441F441E440892A6
:1018D0008BE70346F6E7049BCDF80880002B23DC5A
:1018E00005930A9B022B21DD059B002B7FF4B0ADF5
:1018F00029460522484600F0E5FD014605460198C7
:1019000001F046F800287FF7A3AD009E312306F8CA
:10191000013B029B013302939EE535462C46F4E7DA
:10192000049DCDF80880F9E7049B05930B9B002BE1
:1019300000F00081002E05DD21463246484600F0C9
:10194000B9FF0446BAF1000F5AD06168484600F06A
:1019500059FD064628B9824B024640F2EF21FFF7B7
:101960003EBB22690232920004F10C010C30FFF7F9
:101970005AFA01223146484600F09CFF0746009B78
:10198000009A03F1010B059B134406930E9B03F091
:10199000010308930BF1FF33294601980493FFF7E5
:1019A0007FFA2146059000F1300A019800F0F0FF1F
:1019B0003A4680462946484601F006F8C26806467F
:1019C00002BB0146019800F0E3FF0246314648465B
:1019D000099200F055FDDDE9092342EA0301089B65
:1019E00019435E4610D1BAF1390F2BD0B8F1000F70
:1019F00002DD059B03F1310A049B83F800A02DE56D
:101A00002746BCE70122E1E7B8F1000F06DB0A9B9D
:101A100048EA0308089B58EA030820D1002AEBDDB6
:101A200001990122484600F045FF2946019000F047
:101A3000AFFF002803DCDFD11AF0010FDCD0BAF1D0
:101A4000390FD6D1049A3923137033461E46013B11
:101A500016F8012C392A52D001321A70FEE4002AFD
:101A600007DDBAF1390FEDD0049A0AF101031370C2
:101A7000F4E4069B0BF801AC5B452AD001990023E6
:101A80000A22484600F01EFDBC4201904FF00003C0
:101A90004FF00A022146484606D100F013FD0446E5
:101AA00007460BF1010B75E700F00CFD39460446C3
:101AB00000230A22484600F005FD0746F1E7059B92
:101AC0005E1E002B009BD8BF00265A1C27461644DA
:101AD000002401990122484600F0ECFE29460190BD
:101AE00000F056FF0028B0DC02D11AF0010FACD193
:101AF00033461E4613F8012D302AFAD0AEE4009A80
:101B00009A42A3D1029B013302933123AFE7239B77
:101B1000002B7FF498AA134BFFF7B7BA0A9B012B4F
:101B20007FF72FAEDDF834A001204EE6059B002B99
:101B30007FF7D7AE009E01982946FFF7B1F900F173
:101B4000300A009B06F801ABF21A059B9342B6DD02
:101B5000019900230A22484600F0B4FC0190EAE70C
:101B600001A501089CA4010838B50546002941D00B
:101B700051F8043C0C1F002BB8BFE41800F036FCF1
:101B80001D4A136833B9636014602846BDE83840C5
:101B900000F032BCA34208D9206821188B4201BF53
:101BA00019685B6809182160EDE71A465B680BB19C
:101BB000A342FAD911685018A0420BD12068014401
:101BC000501883421160E0D118685B685360084484
:101BD0001060DAE702D90C232B60D6E720682118C1
:101BE0008B4204BF19685B68636004BF09182160F9
:101BF0005460CAE738BD00BF503200200369B3EB20
:101C0000611F2DE9F0434FEA611200F1140445DD34
:101C100011F01F0104EB830604EB82050CD100F1E7
:101C200010072946B14234D39B1A9B00EA1E964204
:101C300038BF0023234415E054F82270C1F1200876
:101C4000CF4005F1040EA1467645F44615D89A1A00
:101C50009200043A0135AE4238BF0022A318A750C3
:101C600007B104331A1BA3424FEAA20208BF0023A4
:101C7000026108BF4361BDE8F083DCF800C00CFAE4
:101C800008FC4CEA070749F8047B5EF8047BCF4068
:101C9000DAE751F804CB47F804CFC3E72346E1E77E
:101CA000A0F13003092B02D82038C0B27047A0F150
:101CB0006103052B01D84738F7E7A0F14103052B55
:101CC00001D82738F1E70020704700002DE9F04FD8
:101CD00085B08A4602930B68019090469C1CA146F1
:101CE00014F8010B3028FAD0A9EB0303A3F1020B7F
:101CF000FFF7D6FF0546002868D1A04901224846D3
:101D0000FEF78CFF0746002867D199F801002646A8
:101D1000FFF7C6FF002862D023461878302899467E
:101D200003F10103F9D0FFF7BBFFB0FA80F56D09AD
:101D30004FF0010B4A46164601323078FFF7B0FFEC
:101D40000028F8D18D4901223046FEF767FF0028B0
:101D50003FD144B9741C2246164601323078FFF751
:101D60009FFF0028F8D1A41BA700337803F0DF03FE
:101D7000502B3ED173782B2B33D02D2B34D0711CAC
:101D800000240878FFF78CFF431EDBB2182B30D8F5
:101D9000A0F1100211F8010FFFF782FF00F1FF3CE4
:101DA0005FFA8CFCBCF1180F4FF00A031ED904B186
:101DB00052421744CAF80010EDB1BBF1000F0CBF3E
:101DC00006250025284605B0BDE8F08F00252C46E5
:101DD000B0E7002CC7D12746C7E74E462F4601255E
:101DE000C3E70024B11CCCE70124FBE703FB02009E
:101DF000CEE73146DEE7A6EB0903013B2946072B78
:101E00000ADC019800F0FEFA044640B95C4B024639
:101E1000E4215C48FFF726F801315B10EFE700F1A1
:101E2000140A002355469B46B14537D345F804BBF9
:101E3000A5EB0A05AD102561584600F0D3FB6D01F6
:101E4000D8F800602D1AB54254DDAD1B2946204656
:101E500000F06FFF814678B16B1E591103F01F022D
:101E60005AF821104FF0010909FA02F20A4203D090
:101E70004B4536DC4FF0020929462046FFF7BEFEEF
:101E80002F44D8F80830BB4242DA0198214600F0CE
:101E9000F7FA0E9A00231360A32593E716F8012D95
:101EA0002E2A12D0202B04D145F804BB4FF0000B92
:101EB0005B4630780393FFF7F3FE039B00F00F00BF
:101EC00098404BEA000B0433AEE7B145EAD82B4902
:101ED000039301223046FEF7A1FE039B0028E1D1C7
:101EE000A2E7A91E204600F024FF0028C2D04FF030
:101EF0000309C1E709DA751B214601982A4600F05B
:101F0000D9FC7F1B044600F1140A4FF00009B8E722
:101F1000D8F80450BD426FDDED1BAE4234DCD8F87A
:101F20000C30022B22D0032B24D0012B15D1AE4232
:101F300013D1012E0BD1029AD8F80430136001237B
:101F40002361CAF800300E9B62251C603AE7711EBF
:101F5000204600F0EEFE0028EDD10198214600F069
:101F60008FFA0E9A0023136050252BE70F9B002B4E
:101F7000F3D1E0E70F9B002BDDD1EEE7ACA3010826
:101F800001A5010812A501086F1EB9F1000F30D19B
:101F900027B13946204600F0CCFE81467A11012354
:101FA0005AF8222007F01F07BB401342294620465B
:101FB00018BF49F00209FFF721FED8F80470761B1C
:101FC0000225B9F1000F47D0D8F80C30022B15D0FC
:101FD000032B17D0012B09D119F0020F06D0DAF824
:101FE000003049EA030919F0010F0ED145F0100540
:101FF00032E04FF00109D1E70125E2E70F9BC3F181
:1020000001030F930F9B002BF0D0D4F810B004F114
:1020100014034FEA8B0A03EB8B014FF0000C1846B8
:1020200053F8042BB2F1FF3F1BD001320260022DA6
:1020300004F114033CD1D8F80020013AB24209D18E
:102040007111012253F8213006F01F0602FA06F63C
:102050001E423AD145F020050E9B1C60029B1F607A
:10206000B0E6994243F804CCD9D8A3689B4517DB66
:1020700061680198013100F0C5F9814618B91A4B21
:1020800002468421C5E62269023204F10C01920065
:102090000C30FEF7C8FE2146019800F0F1F94C46DD
:1020A00023695A1C04EB8303226101225A61BEE7B3
:1020B00022695A450BDD01212046FFF79FFDD8F824
:1020C00008300137BB42FFF6E0AE0125C2E716F04B
:1020D0001F06FAD05344C6F1200653F8040C00F052
:1020E00081FAB042E7DBF0E701A50108C2F108027E
:1020F000920070B5C2F120064368046803FA06F541
:102100002C43D340046040F8043F8842F4D370BDB0
:1021100030B50368013311F8014B14B90360012095
:1021200030BD13F8012BA2F14105192D98BF2032C3
:10213000A242F0D00020F3E72DE9F04F0B680168D0
:102140005E1102EB860613F01F0387B018BF04363A
:102150000025371F82469046019346F8045CB94635
:102160003C460295AB464A784B1C039342B310465B
:1021700005910492FFF794FD002853D1049A059924
:10218000202A18D8029B9B4513DD4C4506D2072D0B
:1021900004DC2A4649462046FFF7A8FF444554D9A7
:1021A0000023A4F1040944F8043CCDF808B04C46DF
:1021B0001D460399D7E7292A59D10231CAF80010E0
:1021C000BBF1000F53D04C4506D2072D04DC2A4644
:1021D00049462046FFF78AFF444538D9A8F1040252
:1021E000234653F8041B42F8041F9F42F9D23B1BBD
:1021F00023F003030134033EB44288BF002308F1F7
:102200000402134400211A4604339F421160FAD29B
:102210003B681BB9474528D101233B60052007B027
:10222000BDE8F08F0135082D0BF1010B06DD4445AB
:10223000BFD9002344F8043C0125043C226800F087
:102240000F0040EA02102060B3E70825B1E7019BC8
:10225000002BDDD0C3F120034FF0FF32DA4056F8F7
:10226000043C134046F8043CD2E7043FD0E7042086
:10227000D5E70000024B0146186800F025B800BF02
:102280004802002070B50F4E0C463168054611B962
:1022900001F0A6F830602146284601F0A1F8431C61
:1022A00003D14FF0FF34204670BDC41C24F003045A
:1022B000A042F8D0211A284601F092F80130F2D15C
:1022C000EFE700BF4C3200202DE9F843CD1C25F08C
:1022D000030508350C2D38BF0C25002D064601DB03
:1022E000A94204D90C2333600020BDE8F883DFF84D
:1022F000D48000F07BF8D8F800301C4644BB294657
:102300003046FFF7BFFF431C044658D1D8F80040C1
:102310002746002F43D1002C4BD023683946304646
:1023200004EB030901F05CF8814542D121686D1A84
:1023300029463046FFF7A6FF01303AD023682B44E8
:102340002360D8F800305A6862BBC8F800700FE00C
:102350002268521B20D40B2A17D96119A342256089
:1023600018BF5960636808BFC8F8001062514B601D
:10237000304600F041F804F10B00231D20F0070067
:10238000C21A1CBF1B1AA350AFE76268A3420CBF5E
:10239000C8F800205A60EBE723466468AEE73C4685
:1023A0007F68B6E71A465B68A342FBD100235360FF
:1023B000DEE70C233360304600F01EF894E705603A
:1023C000D6E700BF5032002082B001B901A942B166
:1023D0004BB113780B601278101E18BF012002B0A9
:1023E00070471046FBE76FF00100F8E70148FEF781
:1023F00018BD00BF483200200148FEF713BD00BFE2
:102400004832002070B5C46905460E4684B91020D4
:10241000FFF730FF0446E86128B90246164B17481B
:102420006B21FEF71FFD0023C0E901330360C36089
:10243000E36853B921220421284600F0E8FFEB6944
:10244000E060DB680BB9002070BD53F8260030B1A6
:10245000026843F826200023C0E90333F4E7012192
:1024600001FA06F4621D9200284600F0D0FF002811
:10247000E9D0C0E90164EEE7E7A3010872A501080D
:1024800070B5C66905460C4676B91020FFF7F2FE16
:102490000246E86120B9094B09488F21FEF7E2FCAA
:1024A000C0E901660660C6603CB1EB696268DB6842
:1024B00053F82210216043F8224070BDE7A30108C1
:1024C00072A501082DE9F0410D6907460C461E462C
:1024D00001F1140C0020DCF8003099B202FB01611C
:1024E0001E0C0B0C02FB063389B2013001EB0341D9
:1024F00085424CF8041B4FEA1346ECDC0EB3A3688C
:10250000AB4219DC616838460131FFF77BFF80463A
:1025100028B902460C4B0D48BA21FEF7A3FC2269EC
:10252000023204F10C0192000C30FEF77CFC2146D3
:102530003846FFF7A5FF444604EB850301355E618D
:1025400025612046BDE8F08101A5010872A50108BA
:102550002DE9F8430C4615461F4609220833064666
:1025600093FBF2F3002101229A4209DB3046FFF788
:1025700049FF40B90246194B1948D321FEF772FCB6
:1025800052000131F0E7089B4361092D4FF0010330
:10259000036116DD04F10908C1462C4419F8013B1A
:1025A0000146303B0A223046FFF78CFFA145F5D1AA
:1025B000A844A8F108042D1B63199F4204DCBDE860
:1025C000F8830A340925F6E714F8013B0146303B4D
:1025D0000A223046FFF776FFEEE700BF01A50108AB
:1025E00072A50108B0F5803F034636BF0304002002
:1025F0001020B3F1807F3CBF1B020830B3F1805F35
:102600003CBF1B010430B3F1804F3CBF9B00023044
:10261000002B05DB13F0804F00F1010008BF2020E4
:1026200070470368024613F007000BD0D90721D486
:10263000980749BF5B089B08012013605CBF1360CB
:102640000220704799B209B91B0C1020D9B209B900
:1026500008301B0A190704BF1B090430990704BF7F
:102660009B080230D90703D45B0800F1010003D0B6
:1026700013607047002070472020704710B50C464B
:102680000121FFF7BFFE024628B9054B054840F27D
:102690004511FEF7E7FB01234461036110BD00BF54
:1026A00001A5010872A501082DE9F04FD1F810909D
:1026B000D2F810A0D14585B08846144604DB5346B5
:1026C0000C46CA4690469946A36861680AEB09061B
:1026D000B342B8BF0131FFF795FE30B90246454B12
:1026E00045484FF4B171FEF7BDFB00F1140505EB51
:1026F00086072B460022BB421FD304F1140C08F1BD
:1027000014010CEB8A0301EB890202921A1B153AA1
:1027100022F0030215349C4288BF00220192029AE3
:1027200003918A420CD8002E03DD57F8043D002B9C
:102730005DD0066105B0BDE8F08F43F8042BDAE701
:10274000B1F800A0BAF1000F24D0E046A9464FF03E
:10275000000E58F8042BD9F800401FFA82FBA4B2EF
:102760000AFB0B444FEA124BD9F8002074444FEA9D
:10277000124E0AFB0BE202EB1442A4B244EA0244FA
:10278000434549F8044B4FEA124EE2D8019AAA1881
:10279000C2F804E0039AB2F802800431B8F1000FE5
:1027A00023D02A68E6469146AA464FF0000BBEF8B1
:1027B000004008FB04B404EB194492B242EA04421C
:1027C0004AF8042B5EF8042BDAF800904FEA124B1B
:1027D0001FFA89F208FB0B2202EB144273454FEA01
:1027E000124BE4D8019C2C196260043597E7013E36
:1027F00099E700BF01A5010872A501082DE9F8437A
:10280000174612F0030280460D4607D0264C013AC7
:10281000002354F82220FFF755FE0546BF103FD095
:10282000D8F81C4094B91020FFF724FD0446C8F8DE
:102830001C0030B902461D4B1D4840F2B311FEF793
:1028400011FB0023C0E901330360C360A66846B9E9
:1028500040F271214046FFF711FF0023A0600646B9
:1028600003602C464FF0000907F001037F1053B1BD
:10287000294632464046FFF717FF214605464046A7
:10288000FFF7FEFD67B1306838B932463146404641
:10289000FFF70AFF3060C0F8009006462C46E3E7D9
:1028A0002846BDE8F88300BF30A60108E7A3010869
:1028B00072A501082DE9F84F0C464968236903EB1E
:1028C0006218A368074615464FEA621A08F1010923
:1028D0004B450BDB3846FFF795FD064648B90246E7
:1028E000294B2A484FF4EF71FEF7BCFA01315B0027
:1028F000EEE7002300F1140C00F1100219465345D5
:1029000035DB22692AEAEA7A0CEB8A0C04F114031B
:1029100015F01F0E614603EB82022CD0CEF1200A87
:10292000002518688B4600FA0EF02843CBF800000B
:1029300053F8045B9A4201F1040125FA0AF5F0D834
:10294000131B153B23F0030304F115018A4238BF22
:1029500000239C44CCF8045005B9C1463846C6F85B
:1029600010902146FFF78CFD3046BDE8F88F42F805
:10297000041F0133C3E753F8045B0D609A4201F171
:102980000401F8D8E9E700BF01A5010872A5010814
:102990000A6903460069801A30B50ED11433143128
:1029A00003EB820401EB820154F8045D51F8042D1D
:1029B000954203D005D24FF0FF3030BDA342F3D390
:1029C000FBE70120F9E700002DE9F74F8A460646AC
:1029D000114650461446FFF7DBFF051E12D129466B
:1029E0003046FFF70FFD024628B9414B40F2372130
:1029F0004048FEF737FA0123C0E90435104603B01A
:102A0000BDE8F08FBCBF5346A2463046DAF804104A
:102A1000BABF1C4601250025FFF7F4FC024618B991
:102A2000334B40F24521E3E7DAF810702669C560C0
:102A30000AF1140904F1140E00F114050AF110034F
:102A400009EB87080EEB86060193AB464FF0000CAE
:102A5000019B5EF8040B53F804AF01931FFA8AF34D
:102A6000194683B2CB1A000C6344C0EB1A4000EB4A
:102A700023409BB243EA004376454BF8043B4FEAC0
:102A8000204CE5D8331B153B153423F00303A64235
:102A900038BF0023E8184B441C1D04302646A5EB24
:102AA0000905464506EB050E0ED308F10301091B87
:102AB00021F003010133984538BF0021014451F84A
:102AC000043D9BB1176199E756F8041BE2464FEAB3
:102AD00011491CFA81FC514409EB2C4989B241EAA5
:102AE00009414FEA294CCEF80010DAE7013FE6E74A
:102AF00001A5010872A5010882B08DED000B019AB5
:102B00000F4B1340A3F15073002B08DC5B42B3F171
:102B1000A07F4FEA235204DA4FF40023134100222E
:102B200008E0A2F114031E2BDABF4FF00042DA4096
:102B3000012200231946104641EC100B02B07047E9
:102B40000000F07F2DE9F041066900F1140808EB60
:102B50008606371F56F8042C1046FFF743FDC0F1D8
:102B600020030A280B601B4915DCC0F10B0C22FA6C
:102B70000CF3B84543EA010534BF56F8083C00237E
:102B8000153002FA00F023FA0CF303431C4645EC1F
:102B9000104BBDE8F081B8453ABF56F8083CA6F1A5
:102BA000080700230B3812D0C0F1200123FA01F4EA
:102BB00082402243474542F07F558CBF57F8042C92
:102BC00000228340CA4045F440151343DEE742EA41
:102BD0000105DBE70000F03F2DE9F7430F46012137
:102BE00059EC108B1646FFF70DFC044630B902462F
:102BF000234B244840F20F31FEF734F9C9F30A554C
:102C0000C9F313030DB143F480130193B8F100032A
:102C100023D068460093FFF704FD0099D8B1019ACC
:102C2000C0F1200302FA03F30B43C2406361019237
:102C3000019BA361002B0CBF012202222261A5B1DE
:102C4000A5F2334505443D60C0F1350030602046B3
:102C500003B0BDE8F0836161EAE701A8FFF7E1FC9A
:102C6000019B636120300122E8E704EB8203A0F2BC
:102C7000324038601869FFF7B5FCC0EB4210E5E759
:102C800001A5010872A501082DE9F04F85B0CDE935
:102C9000001002A9FFF756FF009803A955EC104B4E
:102CA000FFF750FF019B1969009B1B69C91ADDE9F9
:102CB00002329B1A5BEC10AB03EB4113002BCEBF2F
:102CC0002A46C3EB03335A462F46D946CCBF02EB04
:102CD000035702EB03594B46524620463946EDF75F
:102CE000B5FD41EC100B05B0BDE8F08F013970B5B2
:102CF00049111469013102F1140300EB810103EB66
:102D00008404051FA3420CD3A31A113B23F0030331
:102D10001132944238BF002318440023884205D35F
:102D200070BD53F8046B45F8046FEBE740F8043BC3
:102D3000F4E700F1140200694B11984210B511DB61
:102D40000ADD11F01F0107D052F8234024FA01F0E8
:102D500000FA01F18C420BD102EB8303934203D8BA
:102D6000002010BD0346F7E753F8041D0029F5D0F5
:102D70000120F6E7242B2DE9F0478646904601D83E
:102D8000012B06D1FEF722F8162303600020BDE8D0
:102D9000F08734480D462A4615F8014B065D16F0BB
:102DA0000806F8D12D2C10D12C780126951C33F073
:102DB000100215D1302C0DD12A7802F0DF02582AEA
:102DC00008D16C78023510230AE02B2C04BF2C7834
:102DD000951CECE7002BF6D1302C14BF0A230823F6
:102DE00006F1004C0CF1FF3C0022BCFBF3F910464D
:102DF00003FB19CAA4F13007092F0FD83C46A342A0
:102E00001BDD571C07D0814514D301D1A24511DB2E
:102E100000FB0340012215F8014BEBE7A4F1410749
:102E2000192F01D8373CEAE7A4F16107192F04D81C
:102E3000573CE4E74FF0FF32EDE7531C08D1222363
:102E4000CEF800306046B8F1000FA0D0691E06E051
:102E500006B14042B8F1000F99D0002AF6D1C8F867
:102E6000001094E731A70108FFF784BF0346084626
:102E700041B1FF2A04D98A221A604FF0FF3070470F
:102E80000A70012070472DE9F0478E681F46BE4248
:102E900082460C469046334653D8B1F90C0010F4E4
:102EA000906F2BD065692368096905EB4505A3EB95
:102EB000010905EBD5757B1C6D104B44AB422A46CE
:102EC00084BF1D462A46430527D511465046FFF7C5
:102ED000FBF9064658B321694A46FDF7A4FFA389CA
:102EE00023F4906343F08003A381266165614E441F
:102EF000A5EB09052660A5603E463B461F462068B7
:102F00003A46414600F031FAA3689B1BA360236850
:102F10003B4423600020BDE8F087504600F08BFA68
:102F200006460028E1D121695046FEF71DFE0C231C
:102F3000CAF80030A38943F04003A3814FF0FF306B
:102F4000E9E73E46DBE700002DE9F0471F468B89A5
:102F50001B069CB006460D46144610D50B6973B986
:102F60004021FFF7B1F92860286130B90C233360A4
:102F70004FF0FF301CB0BDE8F08740236B610023A9
:102F8000099320238DF8293003973023654F8DF85E
:102F90002A304FF001082346994613F8012B0AB155
:102FA000252AF9D1B9EB040A0BD05346224629460B
:102FB0003046FFF768FF013000F0A480099A5244C0
:102FC000099299F80030002B00F09C8000234FF00C
:102FD000FF32CDE9052309F10109049307938DF828
:102FE00053301A934C464F4814F8011B0522EDF755
:102FF000EFF8049BD0B9D80644BF20228DF85320A7
:10300000190744BF2B228DF8532099F800202A2A53
:1030100013D0079A4C4600204FF00A0C214611F8B5
:10302000013B303B092B49D968B913E0C01B08FAB2
:1030300000F018430490A146D4E7039A111D1268CA
:103040000391002A01DB079204E0524243F002039D
:103050000792049323782E2B0AD163782A2B32D13E
:10306000039B1A1D1B68039243EAE3730234059322
:10307000DFF8C090217803224846EDF7A9F838B16F
:10308000049BA0EB090040228240134301340493C7
:1030900014F8011B24488DF828100622EDF798F843
:1030A000002835D0214818BB039B073323F00703C2
:1030B00008330393099B034409936CE70CFB02322A
:1030C0000C460120AAE700230134059319464FF06E
:1030D0000A0C204610F8012B303A092A03D9002B9C
:1030E000C6D00591C4E70CFB012104460123F0E79B
:1030F00003AB00932A460E4B04A93046FCF76EFD45
:10310000421CD7D1AB895B063FF532AF099831E756
:1031100003AB00932A46064B04A93046FCF7F4FFA4
:10312000EEE700BFCBA50108D5A50108DDFB00082F
:10313000872E0108D1A50108B1F90C202DE9F04135
:10314000160705460C4651D44B68002B02DC0B6C6D
:10315000002B49DDE66A002E46D0002312F480528F
:103160002F682B6031D0626DA389590705D563683C
:10317000D21A636B0BB1236CD21A0023E66A216A60
:103180002846B047421CB4F90C3006D129681D29E5
:1031900046D8294ACA40D60742D500226260D904DF
:1031A0002269226004D5421C01D12B6803B96065F5
:1031B000616B2F60C1B104F14403994202D02846EB
:1031C000FEF7D2FC002363630EE0216A0123284648
:1031D000B0470246501CC7D12B68002BC4D01D2B12
:1031E00001D0162B1AD12F6000201EE00F69002F8E
:1031F000FAD093070E6808BF4B690F6018BF002311
:10320000A6EB07088B60B8F1000FEDDD216AA66A16
:1032100043463A462846B047002808DCB4F90C304B
:1032200043F04003A3814FF0FF30BDE8F081074435
:10323000A8EB0008E7E700BF0100402038B50B69A4
:1032400005460C4613B90025284638BD18B1036A57
:103250000BB9FDF719FBB4F90C30002BF3D0626EFB
:10326000D00704D4990502D4A06DFDF7DAFD2846F5
:103270002146FFF761FF636EDA070546E4D4A389B0
:103280009B05E1D4A06DFDF7CDFDDDE70EB403B5E0
:10329000014603AB054853F8042B0068019300F086
:1032A00021F902B05DF804EB03B07047480200203A
:1032B00070B50C46B1F90E10002996B015461E46A1
:1032C0000ADAA18911F0800113D14FF48062002045
:1032D00031602A6016B070BD6A4600F05FF80028C1
:1032E000EFDB019901F47041A1F5005359425941B6
:1032F000EBE700214022EAE78B8973B59E0705467C
:103300000C4607D504F14703236023610123636161
:1033100002B070BD01AB6A46FFF7CAFF009E2846A7
:103320003146FEF7D1FFB4F90C3038B99A05EFD425
:1033300023F0030343F00203A381E3E743F0800398
:10334000A381019B2060C4E90406002BE0D0B4F9FE
:103350000E10284600F034F80028D9D0A38923F0B5
:10336000030343F00103A381D2E7884210B501EBC8
:10337000020402D98442234607D8431EA14207D043
:1033800011F8012B03F8012FF8E70244824200D123
:1033900010BD13F8011D02F8011DF7E738B5074D00
:1033A00000230446084611462B60F5F7DBFE431C5C
:1033B00002D12B6803B1236038BD00BF4432002026
:1033C00038B5064D0023044608462B60F5F7DAFEB3
:1033D000431C02D12B6803B1236038BD4432002066
:1033E00038B5064D0023044608462B60F5F7E2FE8B
:1033F000431C02D12B6803B1236038BD4432002046
:1034000008B5062000F0AAF90120F5F75BFE70B5BB
:10341000A1FB025434B92946FEF756FF064628B9E7
:10342000304670BD0C2202600026F9E72A4621468C
:10343000FDF7ECFBF4E72DE9F041074614460D4695
:1034400021B9BDE8F0411146FEF73EBF2AB9FEF7AB
:103450008BFB25462846BDE8F08100F09BF98442AD
:10346000064602D8B4EB500FF4D821463846FEF792
:103470002BFF804608B94546ECE7B4422246294670
:1034800028BF3246FDF7CFFC29463846FEF76CFBD5
:10349000F1E79368013B002B10B4936008DA94695C
:1034A000A34201DB0A2903D15DF8044BFDF71CBBE5
:1034B0001368581C1060197008465DF8044B70477B
:1034C000F8B506460F461446D518AC4201D1002087
:1034D00007E014F8011B3A463046FFF7DAFF431CB9
:1034E000F3D1F8BD2DE9F0470D469CB014461F46B8
:1034F000064618B1036A0BB9FDF7C6F96B6ED9071A
:1035000005D4AB899A0502D4A86DFDF78AFCAB8976
:103510001B0701D52B699BB929463046FDF722FBD5
:1035200070B16B6EDC0704D54FF0FF301CB0BDE806
:10353000F087AB899805F7D4A86DFDF773FCF3E726
:103540000023099320238DF82930039730236A4FF5
:103550008DF82A304FF001082346994613F8012BC5
:103560000AB1252AF9D1B9EB040A0BD053462246F9
:1035700029463046FFF7A4FF013000F0A480099AE5
:103580005244099299F80030002B00F09C800023EF
:103590004FF0FF32CDE9052309F1010904930793A8
:1035A0008DF853301A934C46534814F8011B0522EA
:1035B000ECF70EFE049BD0B9D90644BF20228DF84B
:1035C00053201A0744BF2B228DF8532099F800206E
:1035D0002A2A13D0079A4C4600204FF00A0C2146A5
:1035E00011F8013B303B092B49D968B913E0C01BE6
:1035F00008FA00F018430490A146D4E7039A111D7D
:1036000012680391002A01DB079204E0524243F062
:1036100002030792049323782E2B0AD163782A2B76
:1036200032D1039B1A1D1B68039243EAE3730234F1
:103630000593DFF8D490217803224846ECF7C8FDC3
:1036400038B1049BA0EB09004022824013430134AF
:10365000049314F8011B29488DF828100622ECF772
:10366000B7FD00283ED0264818BB039B073323F044
:10367000070308330393099B034409936CE70CFB8E
:1036800002320C460120AAE70023013405931946B3
:103690004FF00A0C204610F8012B303A092A03D9C2
:1036A000002BC6D00591C4E70CFB01210446012381
:1036B000F0E703AB00932A46124B04A93046FCF70F
:1036C0008DFA431CD7D16B6ED90705D4AB899A0507
:1036D00002D4A86DFDF7A6FBAB895B063FF524AFCE
:1036E000099823E703AB00932A46064B04A930460A
:1036F000FCF70AFDE5E700BFCBA50108D5A5010849
:10370000DDFB0008C1340108D1A501081F2938B527
:1037100005460C4604D9162303604FF0FF3038BD30
:10372000C26B12B152F821304BB9284600F030F884
:10373000224601462846BDE8384000F017B8012B64
:103740000AD0591C03D1162303600120E7E70021AA
:1037500042F82410204698470020E0E7024B01463B
:103760001868FFF7D3BF00BF4802002038B5074DE7
:1037700000230446084611462B60F5F793FC431CD2
:1037800002D12B6803B1236038BD00BF4432002052
:10379000F5F780BC51F8043C181F002BBCBF0B5838
:1037A000C018704700F014BD38B52DED028B55ECF4
:1037B000104B00F0E5FD22462B4620462946B0EE90
:1037C000408AF0EE608AEDF7B1F998B90022002343
:1037D00020462946EDF7A0F960B9002200232046D3
:1037E0002946EDF771F960B1FDF7F0FA9FED0C8B0A
:1037F00022230360B0EE480AF0EE680ABDEC028BAB
:1038000038BDFDF7E3FABDEC028B034621221A60B6
:103810000548BDE83840FDF717BB00BFAFF3008097
:10382000000000000000F0FF34A8010800000000C4
:10383000F8B52DED028B55EC114B57EC106B00F0E9
:103840007BFF22462B4620462946B0EE408AF0EE0A
:10385000608AEDF76BF978B90022002330463946CB
:10386000EDF732F9F0B10022002320462946EDF7AA
:103870002BF940B19FED288BB0EE480AF0EE680AB4
:10388000BDEC028BF8BD45EC104B00F09BF9002815
:10389000F2D00022002320462946EDF71FF9002828
:1038A000EAD02EE0B0EE480AF0EE680A00F08AF99D
:1038B000A0B151EC180B00220023EDF705F9002808
:1038C000DAD047EC106B00F07DF90028D4D045EC3D
:1038D000104B00F077F90028CED012E047EC106BC7
:1038E00000F070F90028E4D045EC104B00F06AF9C4
:1038F0000028DED053EC182B51EC180BEDF716F91D
:1039000020B9FDF763FA22230360B5E7FDF75EFAFD
:1039100021230360B0E700BF000000000000F03F7B
:1039200038B52DED028B55EC104B00F057F92246BF
:103930002B4620462946B0EE408AF0EE608AEDF72D
:10394000F5F830B90022002320462946EDF7C6F8E5
:1039500030B9B0EE480AF0EE680ABDEC028B38BD13
:10396000FDF734FA00220023212101601046194698
:10397000ECF76CFF41EC180BB0EE480AF0EE680A69
:10398000BDEC028B38BD00BF51EC100B1E4A21F07C
:10399000004393421DD900B51C4A934285B007D914
:1039A00002460B46ECF770FC41EC100B05B000BD75
:1039B000684601F001FD00F0030001289DED000BB9
:1039C0009DED021B13D0022807D098B900F004FA2D
:1039D000ECE79FED0B1B00F0FFB900F0FDF953EC95
:1039E000102B03F1004300EE903A05B000BD00F04B
:1039F0002BFBF4E7012000F027FBD7E7AFF30080B3
:103A00000000000000000000FB21E93FFFFFEF7F06
:103A100051EC100B1E4A21F0004393421ED900B511
:103A20001C4A934285B007D902460B46ECF72CFCA2
:103A300041EC100B05B000BD684601F0BDFC00F084
:103A4000030001289DED000B9DED021B16D00228FE
:103A500009D0B0B9012000F0F7FAEBE79FED0A1B9F
:103A6000002000F0F1BA012000F0EEFA53EC102B28
:103A700003F1004300EE903A05B000BD00F0ACF950
:103A8000D8E700F0A9F9F1E700000000000000000D
:103A9000FB21E93FFFFFEF7F02F020B908B52DEDD4
:103AA000028BB0EE408A00F091F9B4EE488AF1EE54
:103AB00010FA06D6DFED098AB4EEE88AF1EE10FAC4
:103AC00002D4BDEC028B08BDFDF780F988EEA80A90
:103AD000BDEC028B2123036008BD00BF0000000085
:103AE00010EE103A184923F000428A4219D9B2F177
:103AF000FF4F02D330EE400A704700B583B06846EE
:103B000002F092F900F0030001289DED000ADDEDBE
:103B1000010A0FD0022808D088B902F015F803B0C6
:103B200000BDDFED0A0A02F00FB802F00DF8B1EEA9
:103B3000400AF4E702F08AF8B1EE400AEFE701200C
:103B400002F084F8EBE700BFD80F493F0000000007
:103B500010EE103A194923F000428A421AD9B2F104
:103B6000FF4F02D330EE400A704700B583B068467D
:103B700002F05AF900F0030001289DED000ADDED86
:103B8000010A12D002280AD090B9012002F05EF892
:103B900003B000BDDFED0A0A002002F057B8012093
:103BA00002F054F8B1EE400AF2E701F0CDFFEFE782
:103BB00001F0CAFFB1EE400AEAE700BFD80F493F63
:103BC0000000000082B08DED000B019840F0004035
:103BD00000F58010C00F02B0704700BF2DE9F84F0C
:103BE000774955EC104BA94300F0AE80002D2A46D2
:103BF000234655DD2C1562D0C2F31302E107A4F26F
:103C0000FF3742F4801203D4520002EBD3725B0000
:103C10005200002602EBD3727F105B001624B446DC
:103C20004FF400110CEB010090424FEAD3754FEABC
:103C3000430303DC00EB010C121A0E44013C05EBBC
:103C400042024FEA5101EDD1A04620254FF000403D
:103C50000AE043D0510001EBD371013D0A464FEA1F
:103C600043034FEA500045D0624500EB080EF0DDFB
:103C7000BEF1000F0EEB00080CDBE146A2EB0C01DD
:103C80009E4588BF01F1FF314900CC46A3EB0E03EE
:103C90000444E0E7B8F1000FEFDB0CF10109EDE7B8
:103CA00025F00041214346D0002D74D1D90A153AA0
:103CB0005B050029FAD0CE0214467DD40A460021C5
:103CC0005200D502084601F10101F9D5C1F12005E4
:103CD00023FA05F52A438B40241A8DE79E4502D925
:103CE0004FEA4C01B7E7BEF1000F0EEB000824DBF2
:103CF0000021CBE7194312D0DFF8C8A0DFF8C8B025
:103D0000DAE90001DBE90023ECF7BEFADAE9008921
:103D100002460B4640464946ECF7EAFE10BB6508F2
:103D2000711001F17F5101F5001101EB075345EAD4
:103D3000C67243EC102BBDE8F88FB8F1000FD7DB4B
:103D40000CF1010C0021A1E722462B462046294612
:103D5000ECF752FC22462B46ECF798FA41EC100B9C
:103D6000BDE8F88FB4F1FF3FDAE90001DBE9002399
:103D70001ED0ECF78BFADAE9008902460B46404682
:103D80004946ECF7ABFEA8B1A31C04F1020508BF3D
:103D900001366D08C4E722462B4620462946ECF73B
:103DA00073FA02460B46ECF751FD41EC100BC2E7EB
:103DB0000136B5E70134B2E74FF0FF300A468BE732
:103DC0000000F07F40A8010838A80108B1EEC00A41
:103DD000704700BF000000002DE9F04F57EC106B5A
:103DE00027F00048B8F1795F5BEC11AB85B071D278
:103DF00030463946ECF7B0FE002800F0F480324639
:103E00003B4630463946ECF7F7FB79A3D3E900236C
:103E100004460D46ECF7F0FB77A3D3E90023ECF75B
:103E200035FA22462B46ECF7E7FB75A3D3E90023CE
:103E3000ECF72AFA22462B46ECF7DEFB72A3D3E915
:103E40000023ECF723FA22462B46ECF7D5FB70A3B0
:103E5000D3E90023ECF718FA22462B46ECF7CCFB0B
:103E60006DA3D3E90023ECF711FA22462B46ECF7B9
:103E7000C3FBCDE900016E4B002220462946ECF73A
:103E8000BBFBDDE900238046894620462946ECF746
:103E9000B3FB44464D468046894652465B46304613
:103EA0003946ECF7A9FB02460B4640464946ECF77B
:103EB000EBF902460B4620462946ECF7E5F90246A7
:103EC0000B4600205B49ECF7DFF941EC100B05B025
:103ED000BDE8F08F32463B4630463946ECF78CFB66
:103EE00043A3D3E9002304460D46ECF785FB42A328
:103EF000D3E90023ECF7CAF922462B46ECF77CFB0A
:103F00003FA3D3E90023ECF7BFF922462B46ECF799
:103F100073FB3DA3D3E90023ECF7B8F922462B4607
:103F2000ECF76AFB3AA3D3E90023ECF7ADF922469C
:103F30002B46ECF761FB38A3D3E90023ECF7A6F995
:103F40002B462246ECF758FB3B4B9845CDE9000148
:103F500091D93A4B98453DD8A8F500130022354930
:103F6000002090469946ECF78FF9CDE90201304BDD
:103F7000002220462946ECF73FFB42464B46ECF731
:103F800083F9DDE900238046894620462946ECF77F
:103F900033FB44464D468046894652465B46304692
:103FA0003946ECF729FB02460B4640464946ECF7FA
:103FB0006BF902460B4620462946ECF765F90246A6
:103FC0000B46DDE90201ECF75FF941EC100B05B09F
:103FD000BDE8F08F9FED127BDFF864908DED027BE2
:103FE0004FF00008C3E79FED100B05B0BDE8F08F60
:103FF000D43888BEE9FAA8BDC4B1B4BD9EEE213E56
:10400000AD529C804F7E923E9015CB19A001FA3E96
:104010007751C1166CC1563F4C5555555555A53F66
:10402000000000000000E73F000000000000F03F3B
:104030000000E03F0000F03F3233D33F0000E93F93
:104040000000D23F000000002DE9F04F55EC104B6E
:1040500025F0004385B0B3F1795F8DED001B8246FA
:1040600006D220462946ECF777FD002800F08C8028
:1040700022462B4620462946ECF7BEFA06460F4656
:1040800032463B4620462946ECF7B6FA45A3D3E92B
:104090000023CDE9020130463946ECF7ADFA43A3DF
:1040A000D3E90023ECF7F0F832463B46ECF7A4FAEC
:1040B00040A3D3E90023ECF7E9F832463B46ECF79E
:1040C0009BFA3EA3D3E90023ECF7DEF832463B46E9
:1040D000ECF792FA3BA3D3E90023ECF7D7F880463C
:1040E0008946BAF1000F37D0DDE900012C4B0022E0
:1040F000ECF782FADDE902AB42464B468046894640
:1041000050465946ECF778FA02460B464046494677
:10411000ECF7BAF832463B46ECF76EFADDE90023DD
:10412000ECF7B2F81CA3D3E9002306460F4650462D
:104130005946ECF761FA02460B4630463946ECF731
:10414000A5F802460B4620462946ECF79DF841ECBF
:10415000100B05B0BDE8F08F02460B4630463946DD
:10416000ECF74AFA0CA3D3E90023ECF78DF8DDE96C
:104170000223ECF741FA22462B46ECF787F841EC94
:10418000100B05B0BDE8F08F45EC104B05B0BDE855
:10419000F08F00BFAFF30080495555555555C53FC9
:1041A0000000E03F7CD5CF5A3AD9E53DEB9C2B8A05
:1041B000E6E55A3E7DFEB157E31DC73ED561C11904
:1041C000A0012A3FA6F810111111813F0000000044
:1041D00051EC110B43422DE9F0470343644E21F0AB
:1041E000004E4EEAD373B34255EC104B40D86342B5
:1041F000234325F0004A4AEAD373B342A046A946B6
:1042000036D801F1404303F58013034302463ED004
:104210008F1707F0020758EA0A0847EAD5772FD028
:1042200052EA0E0237D0B64544D0B24533D0AAEB9D
:104230000E0ABAF1747F4FEA2A5338DA002945DAB8
:104240003C3343DA9FED3C0B012F5DD0022F4AD067
:10425000A7B151EC100B3AA3D3E90023ECF714F803
:1042600039A3D3E90023ECF70FF841EC100B05E07C
:1042700022462B46ECF70AF841EC100BBDE8F0871C
:10428000022F0ED0032FF9D19FED310BF6E7BDE8D9
:10429000F04701F0A5BAB9F1000F05DB9FED2E0B39
:1042A000ECE79FED290BE9E79FED2D0BE6E79FED8E
:1042B0002A0BC9E7F24507F1FF372ED0022F34D879
:1042C0002C4B03EBC70393ED000BD7E702460B46DD
:1042D00020462946ECF7BAFA41EC100B01F02CFC11
:1042E00001F07EFAB0E716A3D3E9002351EC100BDE
:1042F000EBF7CAFF02460B4613A1D1E90001EBF729
:10430000C3FF41EC100BB9E710EE901A53EC102BE1
:1043100001F1004343EC102BB0E7022F08D8164BF5
:1043200003EBC70393ED000BA8E79FED030BA5E795
:104330009FED0D0BA2E700BF000000000000000091
:10434000075C143326A6A13C182D4454FB210940D8
:10435000182D4454FB2109C0182D4454FB21F93F6A
:10436000182D4454FB21F9BF182D4454FB21E93F7B
:104370000000F07F48A8010860A8010800000000C4
:104380002DE9F04F51EC100BB1F5801F87B00D46B1
:1043900080F2828021F000430343024600F0228134
:1043A0000029C0F26981DA4B0022ECF725F9D94BDC
:1043B0000D469D426FF0350273DC2C15C5F31305D5
:1043C00005F51523A4F2FF3403F66473144403F4D3
:1043D000801304EB135483F07F5383F4401343EAB8
:1043E00005010022CC4BEBF74FFFAB1CC3F31303CB
:1043F000022B82468B464FF000025BDC0023ECF779
:1044000063FB002840F0F980ADA3D3E900235046B8
:104410005946ECF7F1F802460B460020BF49EBF78E
:1044200033FF524606460F465B4650465946ECF768
:10443000E3F802460B4630463946ECF7DDF806460F
:104440000F46002C00F00D812046ECF76BF89EA380
:10445000D3E9002380468946ECF7CEF89CA3D3E944
:10446000002304460D4640464946ECF7C5F802468F
:104470000B4630463946EBF707FF52465B46EBF7F3
:1044800003FF02460B4620462946EBF7FDFE41ECB2
:10449000100B07B0BDE8F08F9E4B9D424FF000021D
:1044A0008BDD02460B46EBF7F1FE41EC100B07B03B
:1044B000BDE8F08F4FF08043EBF7E8FE02460B4675
:1044C00050465946ECF7C2F9064620460F46ECF72F
:1044D00029F83246CDE904013B4630463946CDE95C
:1044E0000267ECF789F802460B46CDE90023ECF7AA
:1044F00083F879A3D3E9002306460F46ECF77CF84E
:1045000077A3D3E90023EBF7C1FE32463B46ECF735
:1045100073F875A3D3E90023EBF7B8FE32463B46A8
:10452000ECF76AF872A3D3E90023EBF7AFFEDDE9FD
:104530000023ECF761F870A3D3E90023CDE9000173
:1045400030463946ECF758F86DA3D3E90023EBF772
:104550009DFE32463B46ECF74FF86BA3D3E90023B0
:10456000EBF794FE32463B46ECF746F8A5F5C22839
:1045700002460B46C5F5D725DDE90001EBF786FEBF
:10458000A8F27A48513545EA0805002D06460F463F
:1045900052DD624B002250465946ECF72DF8524648
:1045A0005B46ECF729F88046894630463946424654
:1045B0004B46EBF76BFEDDE90223ECF71DF80646F0
:1045C0000F46002C62D102460B4640464946EBF7A7
:1045D0005BFE02460B4650465946EBF755FE41EC52
:1045E000100B64E7002200234D490020ECF72EF960
:1045F00041EC100B07B0BDE8F08F002C00F092806A
:104600002046EBF78FFF30A3D3E9002306460F4681
:10461000EBF7F2FF2EA3D3E9002304460D46304604
:104620003946EBF7E9FF02460B4620462946EBF7F1
:104630002DFE41EC100B3AE702460B465046594618
:10464000EBF722FEDDE90223EBF7D6FF06460F4625
:104650003CB1DDE904891CA3D3E900234046494667
:10466000FAE632463B4650465946EBF70DFE41EC22
:10467000100B07B0BDE8F08F0B46EBF705FE0022EC
:104680000023ECF7E3F841EC100B10E70EA3D3E99D
:104690000023DDE90401EBF7AFFF0DA3D3E900230D
:1046A00004460D46DDE90401EBF7A6FF32463B4622
:1046B000EBF7ECFD02460B4640464946DBE600BF01
:1046C000555555555555D53F0000E0FE422EE63F65
:1046D000763C7935EF39EA3D44523EDF12F1C23F74
:1046E000DE03CB966446C73F599322942449D23FB8
:1046F000935555555555E53F9FC678D0099AC33F08
:10470000AF788E1DC571CC3F04FA97999999D93F1E
:1047100000005043FFFFEF7F0000F03F0000E03F4C
:10472000000050C39FED020BC1E600BFAFF3008055
:1047300000000000000000002DE9F04F5AEC119B32
:104740002AF0004B59EA0B0055EC104B93B012D1F4
:1047500023196D4985F4002252419842914123D298
:104760004A46534620462946EBF790FD41EC100B94
:1047700013B0BDE8F08F654B8DED000A25F00042C7
:104780009A422E46029214D9009B06F1404606F545
:1047900080161E43E4D14B46DB185B498AF40022A5
:1047A00052419E429141DBD39FED550B13B0BDE8C2
:1047B000F08FD0464F4613D09B45E5D8029B52D090
:1047C000002E15DB002F40F08980514A934540F0C0
:1047D0002384B8F1000FC0F2188545EC104BC7E7F1
:1047E000002CBDD19345BBD800F02684029BE7E79F
:1047F000484A934500F2AC83474A934500F2AD83A3
:10480000002F40F0D583B8F1804F00F00B8545ECC8
:10481000104B049301F090F9009A049B002A38D0C1
:10482000F20F013A52EA070165D0013F174300F049
:104830008A839FED337B8DED087BBBF1844F6FD96D
:10484000364B029A9B45344B40F22C849A4200F23C
:104850001085B8F1000FC0F21085002013B0BDE83C
:10486000F04F01F0A9BD002F8ED1029B009A03F1F9
:10487000404303F58013134396D0274B029A9A4284
:1048800040F29A84B8F1000FC0F220854AEC109BE8
:104890006EE71F4A26F04041914202D0029A002A58
:1048A000BED1B8F1000FC0F27D84002EBFF660AF1C
:1048B000029B03F1404A0AF5801A5AEA070A40F0BF
:1048C000BB8453EC102B10461946EBF7DDFC024677
:1048D0000B46EBF7BBFF41EC100B49E7002745EC1B
:1048E000104B049301F028F9009A049B002AD0D0C1
:1048F000F20F013A99E722462B46E4E7AFF3008036
:10490000000000000000F03F0000F0FF0000F07F1A
:104910000000F03FFFFF3F43FFFFEF3F0000F04389
:10492000D74A3240002A40F03584D64B51EC100B68
:104930000022EBF761FE41EC100B10EE903A6FF0A5
:1049400034011A15A2F2FF3202EB0108CE4AC3F37A
:10495000130343F07F54934244F4401440F30B8418
:10496000CA4A934240F375849FEDAF7B8DED0A7B7D
:104970009FEDAF7B8DED067B9FEDAB7B8DED107BCF
:1049800008F10108A4F58014002553EC102B2146F2
:104990001046DDE90623CDE90401EBF775FCDDE9FE
:1049A000062306460F46DDE90401EBF76FFC0246DD
:1049B0000B460020B649EBF749FF8C4683465A4622
:1049C000634630463946CDE90CBCEBF715FE641062
:1049D0000A460146CDE9021244F00054DDE902BC6A
:1049E00004F500235919002004460D464FF0000B32
:1049F0006146584622462B46CDE90EBCCDE9000162
:104A0000EBF7FAFD02460B4630463946EBF73CFC25
:104A1000DDE9062306460F4620462946EBF734FC1F
:104A200002460B46DDE90401EBF72EFCDDE900232D
:104A3000EBF7E2FD02460B4630463946EBF724FC25
:104A4000DDE90C23EBF7D8FDDDE90245CDE90401F2
:104A500022462B4620462946EBF7CEFD76A3D3E926
:104A6000002304460D46EBF7C7FD75A3D3E90023E9
:104A7000EBF70CFC22462B46EBF7BEFD72A3D3E905
:104A80000023EBF703FC22462B46EBF7B5FD70A3A2
:104A9000D3E90023EBF7FAFB22462B46EBF7ACFDFC
:104AA0006DA3D3E90023EBF7F1FB22462B46EBF78E
:104AB000A3FD6BA3D3E90023EBF7E8FB22460646F0
:104AC0000F462B4620462946EBF796FD02460B463D
:104AD00030463946EBF790FDDDE9006704460D46A8
:104AE0003246DDE902013B46EBF7D0FBDDE904236A
:104AF000EBF782FD22462B46EBF7C8FB3246044615
:104B00000D463B4630463946EBF776FD614B0022B9
:104B100006460F46EBF7BAFB22462B46CDE9064583
:104B2000EBF7B4FBDDE90EBC0D465A46DDE90001AA
:104B30002B46CDE90CBCEBF75FFD5C46CDE90001EF
:104B4000544B002220462946EBF79EFB32463B465B
:104B5000EBF79AFB02460B46DDE90601EBF794FB07
:104B6000DDE90223EBF748FD224606460F462B46B9
:104B7000DDE90401EBF740FD02460B4630463946BD
:104B8000EBF784FB06460F463246DDE900013B4663
:104B9000EBF77CFBDDE90CBC33A3D3E900235846DB
:104BA000CDE902BC0D46EBF727FD5C46DDE90023AD
:104BB000CDE9000120462946EBF766FB02460B468D
:104BC00030463946EBF760FB29A3D3E90023EBF726
:104BD00013FD02460B462046294614461D4626A3D1
:104BE000D3E90023EBF708FD02460B462046294691
:104BF000EBF74CFBDDE91023EBF748FB064640469C
:104C00000F46EBF78FFC324604460D463B46DDE986
:104C10000001EBF73BFBDDE90A23EBF737FB22460C
:104C20002B46EBF733FB37E00000000000000000EC
:104C3000000000000000F03FEF4E454A287ECA3FCA
:104C400065DBC9934A86CD3F01411DA96074D13F00
:104C50004D268F515555D53FFFAB6FDBB66DDB3F12
:104C6000033333333333E33F000000E009C7EE3F43
:104C7000FD033ADC09C7EE3FF5015B14E02F3EBEB1
:104C80000000F07F000040438E98030079B60B00CF
:104C90000000F03F00000840DDE902BC2246584613
:104CA0002B46CDE90201EBF7EFFADDE90A23EBF73A
:104CB000EBFADDE90023EBF7E7FA02460B46304654
:104CC0003946EBF7E1FACDE904010023CDE9009A7A
:104CD0000093DDE90067484632463B465146EBF714
:104CE000D3FADDE90223EBF787FC4A4604460D467A
:104CF0005346DDE90401EBF77FFC02460B462046F4
:104D00002946EBF7C3FA324604460D463B46DDE939
:104D10000201CDE90245EBF76FFC06460F4620463F
:104D200029463B463246EBF7B1FAD94B9942044645
:104D30000D46884640F3508101F13F4303F5E003FF
:104D4000034340F0A882BEA3D3E90023DDE90201BA
:104D5000EBF79CFA02460B462046294614461D46B0
:104D600032463B46EBF790FA02460B462046294670
:104D7000EBF7D2FE002840F08E824FF400734344DC
:104D8000C3F30A52C34CA2F2FF321441C3F3130A15
:104D9000C2F11402002004EA03014AF4801A4AFA1C
:104DA00002FA0B460246B8F1000F30463946B8BF4A
:104DB000CAF1000AEBF768FA02460B4606460F46B0
:104DC000DDE90201EBF762FA4FEA0A5B0D460024C7
:104DD0009DA3D3E9002320462946EBF70DFC32467C
:104DE000804689463B4620462946EBF74DFA024667
:104DF0000B46DDE90201EBF747FA95A3D3E900235F
:104E0000EBF7FAFB02460B462046294614461D46A0
:104E100091A3D3E90023EBF7EFFB02460B462046B4
:104E20002946EBF733FA06460F4632463B464046E4
:104E30004946EBF72BFA42464B4604460D46EBF744
:104E400023FA02460B4630463946EBF71DFA224656
:104E5000804689462B4620462946EBF7CDFB80A3AA
:104E6000D3E9002306460F46EBF7C6FB7EA3D3E942
:104E70000023EBF709FA32463B46EBF7BDFB7CA378
:104E8000D3E90023EBF702FA32463B46EBF7B4FBDB
:104E900079A3D3E90023EBF7F7F932463B46EBF76A
:104EA000ABFB77A3D3E90023EBF7F0F932463B469F
:104EB000EBF7A2FB02460B4620462946EBF7E4F946
:104EC00006460F4632463B4620462946EBF794FB02
:104ED00002460B463046394616461F4600224FF022
:104EE0008043EBF7D1F902460B4630463946EBF7E3
:104EF000ADFC424606460F464B4620462946EBF798
:104F00007BFB42464B46EBF7C1F902460B46304667
:104F10003946EBF7B9F922462B46EBF7B5F90B46C4
:104F200002465D490020EBF7AFF90B465B44B3F551
:104F3000801FC0F2A8811946DDE90823EBF75CFB6E
:104F400041EC100B14E49FED507B8DED087B74E475
:104F5000002F00F0B8810227C1E44FEA2B52A2F2E1
:104F6000FF32142A40F33681C2F1340227FA02F1EB
:104F700001FA02F2BA4200F0BA81CFB9B8F1804F1B
:104F8000049300F04F8145EC104B00F0D5FD009BE1
:104F9000002B7FF4B0AC404A26F04041914200F033
:104FA000CD81029A049B002A00F0F780002737E4A5
:104FB00045EC104B049300F0BFFD009B002B7FF4E9
:104FC0009AAC354A26F040419142EAD1B8F1000F3F
:104FD000C0F2A98100276BE4DFF8C4C021F00043D0
:104FE000634540F209812D4B0B4403430AD13246FD
:104FF0003B46EBF749F9DDE90223EBF783FD002897
:105000003FF4BBAEDDE9080100220023EBF766FDAB
:10501000003818BF012021E4B8F1804F00F0028170
:10502000A2F5801290457FF4F2AB45EC104B13B023
:10503000BDE8F04FFEF7D2BD002F7FF491AB1CE42A
:10504000FE822B654715973C00000000432EE63F8B
:10505000EF39FAFE422EE63F396CA80C615C20BEA7
:10506000D0A4BE726937663EF16BD2C541BDBB3E6E
:105070002CDE25AF6A56113F93BDBE166CC1663F4C
:105080003E5555555555C53F000000000000F0BF86
:10509000FFFF8F400000F0FF0000F03F00346F3F43
:1050A000FFCB90409A42C0F00081029ABE4B9A42D8
:1050B0004FF0000200F20E8151EC100BBA4BEBF7EF
:1050C000E3F8A7A3D3E9002304460D46EBF794FACF
:1050D000A5A3D3E9002306460F4620462946EBF751
:1050E0008BFAB24BCDE90001002220462946EBF7AE
:1050F00083FA02460B469EA1D1E90001EBF7C4F802
:1051000022462B46EBF778FA02460B460020A849C8
:10511000EBF7BAF82246CDE902012B462046294694
:10512000EBF76AFA02460B46DDE90201EBF764FA97
:1051300091A3D3E90023EBF75FFA02460B46DDE9C2
:105140000001EBF7A1F804460D4622462B463046F7
:105150003946EBF79BF8002032463B46CDE9020189
:10516000EBF792F802460B4620462946EBF78CF8FF
:10517000CDE90401A9E59FED827B8DED0A7B9FEDD2
:10518000827B8DED067B9DED0A7B00258DED107BEE
:10519000FFF7FBBB0021FFF7D4BBB8F1000FBFF650
:1051A00019AF002753EC102B7F490020EBF74EFB83
:1051B00041EC100BFFF779BBB8F1000F9FED700BBE
:1051C000BFF6D6AA0AF1004300EE109A00EE903A1C
:1051D000FFF7CEBA002F7FF4EBAEC2F114024BFA08
:1051E00002F101FA02F25A456F4A00F088809345B5
:1051F0003FF4EFAAFFF707BB6D4A934200F28B80A2
:10520000DDE9002393469246E1E567490020224606
:105210002B46EBF71BFB41EC100BFFF7A9BAB8F1DB
:10522000804F50D122462B4620462946EBF7E4F921
:1052300041EC100BFFF79CBA012F7FF499AA10EEF6
:10524000901A10EE102A01F1004343EC102BFFF7E7
:105250008FBA9FED4F7B8DED0A7B9FED4F7B8DEDE0
:10526000107B9FED4F7B4FF480258DED067BFFF784
:105270008CBBB8F1000F7FF7F0AA002013B0BDE897
:10528000F04F01F0A1B841EC100B504600F0DCFFEC
:1052900051EC100B50E6DDE9080100220023EBF78A
:1052A0001DFC003818BF0120E8E7DDE908010022F5
:1052B0000023EBF713FC003818BF0120B8F1000FF2
:1052C000BFF6CCAADAE70227FFF7A1BA9FED2C0BB5
:1052D000FFF74EBADDE908010023EBF7FFFB0038CA
:1052E00018BF0120B8F1000FC8DCFFF7B7BA002FD4
:1052F00095D001F00101C1F10207FFF7F0BA934523
:105300003FF467AAB8F1804F8CD001F00101C1F1E0
:105310000207FFF77CBA1B15A3F2FE334FF480128D
:1053200042FA03F32BE553EC102B1F490020EBF757
:105330008DFA009F41EC100BFFF7BABAB8F1000FDD
:10534000BFF648AE53EC102B17490020EBF77EFA5E
:10535000002741EC100BFFF7ABBA00BFAFF30080A2
:10536000000000604715F73F44DF5DF80BAE543E88
:10537000555555555555D53FFE822B654715F73F79
:105380000000000000000000000000000000F03FEE
:105390000000004003B8E23F06D0CF43EBFD4C3E97
:1053A000000000000000F83F0000F03F0000D03F88
:1053B0000000E03F000000002DE9F04F53EC102BFF
:1053C000994923F000458D428FB0044640F28E800B
:1053D00096498D421F462AD8002F1046194688A3A9
:1053E000D3E9002340F3A781EAF74EFF904B9D429B
:1053F00006460F4600F08E8083A3D3E90023EAF728
:1054000043FF8046894642464B4630463946EAF7D6
:105410003BFF7DA3D3E90023EAF736FFC4E9008907
:10542000C4E90201012630460FB0BDE8F08F814982
:105430008D4240F2898080498D4262D82E15A6F2B5
:105440001646A5EB0659104649469046EBF784FBF5
:10545000EBF768F802460B4640464946CDE908237B
:10546000EAF712FF754B0022EBF7C6F88946804633
:10547000EBF772FBEBF756F802460B4640464946FF
:10548000CDE90A23EAF700FF6C4B0022EBF7B4F8F2
:10549000CDE90C010DF1380A03254FF000084FF05B
:1054A00000097AE9020142464B46AB46013DEBF763
:1054B0000BFB0028F5D1624B019302230093324687
:1054C0005B46214608A800F087FF002F0646AADAAF
:1054D0006168226801F10043E168C4E90023A26821
:1054E00001F10043C4E9022346429CE70020002169
:1054F00084ED000BC4E90201002630460FB0BDE880
:10550000F08F10461946EAF7BFFEC4E90201C4E96C
:105510000001F1E73EA3D3E90023EAF7B5FE3EA37D
:10552000D3E9002306460F46EAF7AEFE80468946D9
:1055300042464B4630463946EAF7A6FE36A3D3E943
:105540000023EAF7A1FE69E700F0F6FA59EC108BA8
:1055500033A3D3E9002340464946EBF74DF8394BD6
:105560000022EAF793FEEBF7F7FA0646EAF7DAFFCE
:1055700002460B46CDE9022321A3D3E90023EBF732
:105580003BF802460B4640464946EAF77DFE1EA31D
:10559000D3E9002382468B46DDE90201EBF72CF8C4
:1055A00002460B4650465946CDE90423EAF76CFE05
:1055B0001F2E8046894649DC234B721E53F8223049
:1055C000AB4243D042464B46C4E900895046594657
:1055D000EAF75AFEDDE90423EAF756FE002FC4E994
:1055E0000201BFF620AF09F10043C4E9008301F1D5
:1055F0000043C4E90203764215E700BFAFF3008021
:1056000000004054FB21F93F3163621A61B4D03D80
:105610000000601A61B4D03D7370032E8A19A33B59
:1056200083C8C96D305FE43FFB21E93F7BD902406D
:10563000FB21F93FFB213941FFFFEF7F0000704163
:10564000F8A801080000E03F78A80108C9F30A5350
:10565000C3EB1553102B4FEA2555B3DD56A3D3E901
:105660000023DDE90201EAF7C7FF8046894642468A
:105670004B4650465946EAF707FE02460B4650464F
:105680005946CDE9062392469B46EAF7FDFD424680
:105690004B46EAF7F9FD4AA3D3E900238046894641
:1056A000DDE90201EAF7A8FF42464B46EAF7ECFDC6
:1056B0000B46024659465046CDE90423EAF7E4FD7D
:1056C000C1F30A53ED1A312D804689467FF77AAF30
:1056D0003EA3D3E90023DDE90201EAF78DFF80460E
:1056E000894642464B46DDE90601EAF7CDFD824692
:1056F0008B4652465B46DDE90601EAF7C5FD4246A8
:105700004B46EAF7C1FD33A3D3E90023804689461F
:10571000DDE90201EAF770FF42464B46EAF7B4FDC5
:1057200002460B4650465946CDE90423EAF7ACFD44
:105730008046894646E7EAF7A9FD234B9D42064687
:105740000F4618D01AA3D3E90023EAF79FFD80463D
:10575000894642464B4630463946EAF795FD14A342
:10576000D3E90023EAF792FDC4E90089C4E9020104
:105770004FF0FF3657E610A3D3E90023EAF786FD82
:105780000FA3D3E9002306460F46EAF77FFD8046C4
:10579000894642464B4630463946EAF775FD08A32E
:1057A000D3E90023EAF772FDDEE700BFAFF3008024
:1057B0003163621A61B4D03D0000601A61B4D03D1B
:1057C0007370032E8A19A33BFB21F93F0000002EC2
:1057D0008A19A33BC14920259A837B390000000028
:1057E0002DE9F84F55EC104BC94B25F000469E4271
:1057F000AA460DD9C74B9E4200F2B68000F0B18098
:10580000BAF1000F40F3F6809FEDA50BBDE8F88FCD
:10581000C14B9E4200F2C380A3F1DE739E4240F270
:10582000AD804FF0FF3B22462B4620462946EAF743
:10583000E3FE02460B4680468946EAF7DDFE9AA360
:10584000D3E9002306460F46EAF7D6FE98A3D3E92C
:105850000023EAF71BFD32463B46EAF7CDFE96A34E
:10586000D3E90023EAF712FD32463B46EAF7C4FECD
:1058700093A3D3E90023EAF709FD32463B46EAF752
:10588000BBFE91A3D3E90023EAF700FD32463B4675
:10589000EAF7B2FE8EA3D3E90023EAF7F7FC42460B
:1058A0004B46EAF7A9FE8CA3D3E90023804689463C
:1058B00030463946EAF7A0FE89A3D3E90023EAF788
:1058C000E3FC32463B46EAF797FE87A3D3E9002381
:1058D000EAF7DAFC32463B46EAF78EFE84A3D3E9C8
:1058E0000023EAF7D1FC32463B46EAF785FE82A365
:1058F000D3E90023EAF7C8FC32463B46EAF77CFED0
:1059000002460B4640464946EAF7C0FC22462B4673
:10591000EAF772FEBBF1FF3F02460B466ED07F4BAB
:105920007F4E03EBCB03D3E90023EAF7ADFC22461D
:105930002B46EAF7A9FC06EBCB0602460B46D6E956
:105940000001EAF7A1FCBAF1000F41EC100B13DAE9
:1059500010EE901A024601F1004343EC102BBDE813
:10596000F88F002C3FF44CAF22462B4620462946A8
:10597000EAF78CFC41EC100BBDE8F88F60A3D3E98B
:10598000002320462946EAF781FC664B0022EBF70C
:10599000C3F800283FF445AF45EC104BECE700F0AE
:1059A000CBF8614B9E4255EC104B2FD8A3F55023FA
:1059B0009E4258D822462B4620462946EAF766FCE6
:1059C000584B0022EAF760FC02460B462046294667
:1059D00014461D4600224FF08043EAF757FC02466A
:1059E0000B4620462946EAF731FF4FF0000B0446EC
:1059F0000D4618E79FED440BBDE8F88F2046294679
:105A0000EAF742FC41EC100BBDE8F88F474B9E4291
:105A10001ED2474B002220462946EAF735FC0246B3
:105A20000B462046294614461D460022404BEAF705
:105A3000E3FD3C4B0022EAF729FC02460B462046D8
:105A40002946EAF703FF4FF0020B04460D46EAE64B
:105A500022462B4637490020EAF7F8FE4FF0030BA9
:105A600004460D46DFE62F4B002220462946EAF782
:105A70000BFC02460B462046294614461D460022D2
:105A8000284BEAF703FC02460B4620462946EAF774
:105A9000DDFE4FF0010B04460D46C4E6AFF3008077
:105AA000182D4454FB21F93F11DA22E33AAD903F1F
:105AB000EB0D76244B7BA93F513DD0A0660DB13F45
:105AC0006E204CC5CD45B73FFF8300922449C23FAD
:105AD0000D5555555555D53F2F6C6A2C44B4A2BF72
:105AE0009AFDDE522DDEAD3F6D9A74AFF2B0B33F3A
:105AF000711623FEC671BC3FC4EB98999999C93FB2
:105B00009C7500883CE4377E182D4454FB21F9BF76
:105B1000FFFF0F440000F07FFFFFDB3F00AA0108FA
:105B200020AA01080000F03FFFFFF23F0080034081
:105B30000000F83F0000F0BF51EC100B024621F0CE
:105B4000004343EC102B704710EE103A23F0004353
:105B5000B3F1485F2CD2FDEEC07A17EE903A002BDD
:105B600060D060EE007A9FED317A9FED315ADFED23
:105B7000315A9FED316ADFED316AA7EE875A9FED0A
:105B8000307AE7EE855AA7EEA56AA7EE867AE7EEA9
:105B9000876A67EEA66A60EEC00AB6EE007AE7EEA4
:105BA000A60AB7EE000AD7EE870A30EE600A704701
:105BB00060EE007A9FED1D7A9FED1D5ADFED1D5AB4
:105BC0009FED1D6ADFED1D6A1E4AA7EE875A9342BC
:105BD0009FED1B7AE5EE275AA5EEA76AA6EE277A77
:105BE000E7EE276A66EEA76AD5D9174A934214D81A
:105BF00003F17F4307EE103AB7EE006A36EE476ACC
:105C000060EEC00AF6EE005A97EEA57AE7EEA60A15
:105C100037EE607A36EE470A7047B6EE076AB5EEA1
:105C2000027AEDE7B7EE000A704700BF4ED747ADE6
:105C3000F6740F317CF293B4010DD037ABAA2A3D34
:105C4000610BB6BA9999993E0000483F10EE103AA0
:105C500023F00043B3F1485F04D2FDEEC07A17EEA3
:105C6000903A5BB360EE007A9FED157ADFED155A3E
:105C70009FED156ADFED156AE7EE875A9FED147AFE
:105C8000A5EEA76A20EE275AE6EE276AA6EEA77AC7
:105C900030B9DFED106AE7EE876AA6EE850A704735
:105CA00027EE457AF6EE006AA0EEA67ADFED0A6AE4
:105CB000D7EE270AE5EE260A30EE600A704700BFED
:105CC000D3C92E2F342FD7B21BEF3836010D50B960
:105CD0008988083CABAA2ABEABAA2A3E10B582B07E
:105CE000CDED010A019B23F00042B2F1FF4FF0EE2F
:105CF000407A30D810EE100A20F00041B1F1FF4F89
:105D000029D8B3F17E5F3ED09C1704F0020444EA28
:105D1000D07431B37AB3B2F1FF4F3FD0B1F1FF4F3E
:105D200029D0891AB1F1F45F4FEAE15233DA002B3E
:105D300041DA3C323FDA9FED330A012C4DD0022C80
:105D400042D064B19FED307ADFED307A30EE070A51
:105D500030EE670A03E09DED017A37EE270A02B0C4
:105D600010BD022C0CD09FED2A7A032C08BFB0EE98
:105D7000470A02B010BD00280ADB9FED260AEEE7B5
:105D80009FED220AEBE702B0BDE8104000F082B9B7
:105D90009FED210AE3E79FED1F0ACEE7B1F1FF4F28
:105DA00004F1FF3420D0022C26D81C4B03EB8403D3
:105DB00093ED000AD3E79DED017A87EE870A00F0A4
:105DC0003BFA00F067F9B8E79FED0F7ADFED0F7A45
:105DD00030EE070A37EEC00AC1E710EE103A03F1C1
:105DE000004300EE103ABAE7022C08D80C4B03EB44
:105DF000840393ED000AB2E79FED020AAFE79FED3F
:105E0000090AACE7000000002EBDBB33DB0F4940A0
:105E1000DB0F49C0DB0FC93FDB0FC9BF40AA010838
:105E20004CAA0108DB0F493F70B510EE103A8B4ABF
:105E300023F00044944286B0054671D9884A9442C2
:105E40001E4624D823F00042002BDFED867A8649D7
:105E500022F00F02B0EE407A40F3E6808A4270EE04
:105E6000677A09BF9FED817ADFED816ADFED816A94
:105E700077EEC77A37EEE67A77EEC77A80ED007A6A
:105E800077EEE67AC0ED017A012006B070BD7A4A5D
:105E9000944253D9B4F1FF4F49D2E215863AA4EBAC
:105EA000C25307EE903ABDEEE77ADFED746AB8EEC2
:105EB000C77A77EEC77A8DED037A67EEA67ABDEEE4
:105EC000E77AB8EEC77A77EEC77A8DED047A67EE97
:105ED000A67AF5EE407AF1EE10FACDED057A40F0B3
:105EE0008E80B5EE407AF1EE10FA40F08A80012300
:105EF000634901910221009103A8294600F0B0FEF8
:105F0000002EC2DA95ED007AD5ED017AB1EE477A2E
:105F1000F1EE677A85ED007AC5ED017A4042B4E78B
:105F2000002285ED000A4260002006B070BD70EED0
:105F3000407AC0ED017AC0ED007AF5E700F07CF917
:105F40009FED507A9FED476AF6EE007AE0EE077A11
:105F50009FED477AFDEEE77AF8EEE76A17EE900AD2
:105F6000A6EEC60A1F2866EE877AB1EE666A30EEA4
:105F7000677A1EDC444A411E26F0004352F8212075
:105F800023F0FF03934214D085ED007A30EE470AE8
:105F9000002E30EE670A85ED010ABFF676AFB1EE4E
:105FA000477AB1EE400A85ED007A85ED010A40425C
:105FB0006BE717EE103AC3F3C753C3EBD453082B68
:105FC0004FEAE452E0DD9FED297A9FED2A5AF0EE88
:105FD000405AE6EE075A70EE657AE6EE077AD6EE9C
:105FE000857A35EEE77A17EE103AC3F3C753D21A23
:105FF000192A08DCB0EE650A85ED007AC6E70323AE
:1060000076E7022374E79FED217A9FED215AB0EEE7
:10601000650AA6EE070A75EEC07AE6EE077AD6EEB6
:10602000857A30EE677AAFE78A4270EE277A09BF49
:106030009FED0E7ADFED0E6ADFED0E6A77EE877A5E
:1060400037EEA67A77EEC77A80ED007A77EEA67AF9
:10605000C0ED017A4FF0FF3017E700BFD80F493F7E
:10606000E3CB1640800FC93FD00FC93F00443537FE
:106070004344353708A3852E800F494300008043F1
:10608000D8AA010884F9223F58AA010800A3852E46
:1060900032318D2438B510EE105A25F00044B4F199
:1060A000A14FF0EE407A07D3B4F1FF4F55D8002D41
:1060B00077DD9FED4E0A38BD4D4B9C425CD8B4F164
:1060C000445F4DD34FF0FF3327EEA76A9FED495A47
:1060D0009FED497ADFED495ADFED494A66EE066ADF
:1060E0005A1CA6EE857AE6EEA54A9FED465ADFEDEC
:1060F000465AA7EE265AE4EEA65A9FED447ADFED03
:10610000444AA5EE267AE5EEA64A9FED425ADFED17
:10611000425AA7EE265A9FED417AA4EEA67AE5EE02
:10612000265A27EE267AA5EE867A27EE877A3BD086
:106130003B493C4A01EB8301D1ED006A37EE667AB8
:1061400002EB8303D3ED006A37EE677A002D36EE5B
:10615000C70AB0DAB1EE400A38BD30EE000A38BDE9
:106160009FED317A30EE077AF7EE006AB4EEE67A08
:10617000F1EE10FAA6DD38BD00F05EF82B4B9C4224
:1061800015D8A3F5D0039C4226D8F0EE007ABFEED6
:10619000007AA0EE277A002330EE270AC7EE007AB5
:1061A00092E79FED230A38BD37EEC70A38BD214B71
:1061B0009C420BD8F7EE087AB7EE007AA0EE277A69
:1061C000022330EE670AC0EE077A7DE7BFEE007A61
:1061D000C7EE007A032377E7F7EE007A30EE677AAE
:1061E00030EE270A0123C7EE007A6DE7DB0FC93FC7
:1061F000FFFFDF3ED769853C59DA4B3D21A215BD33
:106200006BF16EBD356B883D95879DBD6E2EBA3D99
:10621000388EE3BD2549123EABAAAA3ECDCC4CBE7A
:10622000F0AD010800AE0108CAF24971FFFF973FC7
:10623000DB0FC9BFFFFF1B4010EE103A23F00043F5
:1062400000EE103A704700BF70B555EC104BC5F327
:106250000A5206462B4672BB25F00043234329D041
:106260003B4B204629460022EAF7C6F9394B9E42AD
:1062700004460D4652DBC1F30A520B46363A4CF245
:1062800050318E4223DC164440F2FE7296421EDCF0
:10629000002E34DC16F1350F38DB6FF31E53363623
:1062A00043EA065520462C4B29460022EAF7A4F97A
:1062B00041EC100B70BD40F2FF718A42DFD12246E3
:1062C00020462946E9F7E2FF41EC100B70BD002D96
:1062D00017A1D1E9000107DB15A3D3E90023EAF7F1
:1062E0008BF941EC100B70BD13A1D1E9000110A393
:1062F000D3E90023EAF780F941EC100BF3E76FF3E1
:106300001E5343EA065545EC104B70BD002D0CA101
:10631000D1E9000102DA0CA1D1E9000108A3D3E917
:106320000023EAF769F941EC100B70BDAFF3008070
:106330009C7500883CE4377E9C7500883CE437FE01
:1063400059F3F8C21F6EA50159F3F8C21F6EA5815B
:1063500000005043B03CFFFF0000903C10B52DED15
:10636000028BB0EE408AF0EE608A0446FAF72EFD0A
:10637000B0EE480AF0EE680ABDEC028B046010BD76
:1063800000B5034683B051EC100B83B1024601F116
:106390000043CDE90023DDE90023EAF72DF941ECC4
:1063A000100B222003B05DF804EBFFF7D7BF0246C5
:1063B0000B46EEE7000000009FED010BFFF7E0BF8A
:1063C00000000000000000109FED010BFFF7D8BF98
:1063D00000000000000000702DE9F04FADF5197DC0
:1063E0009C460A91B04BA299039053F82130049334
:1063F00012F1140F0CF1FF330293C0F2C182AB49CA
:10640000D31E81FB0301DB17C3EBA1030793013309
:10641000A3EB8303DB00D318079A0B930CF1FF3334
:10642000D41A049AD7181CD40137A39E274420AD50
:106430004FF000084FF00009E24608E056F824004B
:10644000EAF770F80134BC42E5E8020108D0002CFC
:10645000F4DA013440464946BC42E5E80201F6D18F
:10646000D446049B002BB8BF4FEACC061BDB039934
:10647000029A049B0DF1800901EBCC0809EBCC09D1
:106480000DF5E07B4FEACC069246634400200021E4
:10649000002A80F298810AF1010A9A45EBE802018C
:1064A00009F10809F4D1039B049A009299190CABE5
:1064B00003EB8203043B08930CAB03EB82063746E5
:1064C0000B9ECDF824C08B46009A0DEBC203002A28
:1064D000D3E970454FEAC2082CDD0DF5E07AD044CF
:1064E0000DF1300901960597714B0022204629468F
:1064F000EAF782F8EAF730FBEAF714F86D4B00226E
:1065000006460F46EAF778F802460B46204629462B
:10651000E9F7BAFEEAF720FB78E9022349F8040B11
:1065200039463046E9F7B2FED04504460D46DBD188
:10653000019E059F45EC104B3046FFF785FE55EC5C
:10654000104B00224FF07F5320462946EAF754F8BB
:1065500041EC100B00F038FF574B51EC100B0022B0
:10656000EAF74AF802460B4620462946E9F78CFE30
:106570000D460446EAF7F0FA8246E9F7D3FF0246F1
:106580000B4620462946E9F77FFE002E80468946C5
:1065900040F39480009B0CAA591EC6F1180352F8D0
:1065A000212042FA03F000FA03F3D21AC6F11704CD
:1065B00042FA04F40CAB002C43F82120824400F38F
:1065C000F0800022002340464946EAF77DFA002881
:1065D00000F02382009B049A93420CDD0CAA02EB8C
:1065E0008303002253F8041DBB4242EA0102F9D1A1
:1065F000002A40F01081049B0CAA013B52F8233082
:10660000009A501C8146002B40F0DB80089A012341
:1066100052F8041D01330029FAD0009A1344009A5D
:10662000099905960A440799019301EB000A0DF1B7
:106630008008A39906970AF1804A08EBC20870AA5D
:106640000AF1FF3A02EBC00201EB8A0A00925AF803
:10665000040FE9F767FF029B002BE8E8020120DB4B
:10666000039E47460024002577E90223F6E802014D
:10667000E9F7C2FF02460B4620462946E9F706FE27
:106680005E4504460D46EFD1009BE3E802450093CA
:10669000019B09F101099945D9DDDDE90567009301
:1066A00012E700240025EFE750AE0108ABAAAA2AA2
:1066B0000000703E000070410000204057D0B64BF3
:1066C0000022EAF71FFA044600283FF47AAF009B45
:1066D000002B0AF1010AC8BF022440F384820CABEC
:1066E000002153F8045B002D3CD0C5F1807543F8C0
:1066F000045C6FF07F4003E01A68821A43F8042BB1
:10670000009A01318A42F7DC0125002E0EDD012EB0
:1067100000F02B81022E09D1009B5A1E0CAB0CA954
:1067200053F82230C3F3150341F82230022C7FF4D2
:1067300048AF42464B4699490020E9F7A5FD8046FF
:106740008946002D3FF43DAF30469FED910BFFF79A
:106750007BFD4046494653EC102BE9F795FD8046FA
:1067600089462EE7009A01318A42BADCCDE7009BC8
:106770000CAA013B52F82340E415002C7FF721AF0F
:10678000009B002B0AF1010AA9DC022C7FF419AF4F
:1067900042464B4681490020E9F776FD804689460E
:1067A0000FE7009B002B0AF1010A98DC012E00F094
:1067B0002E82022EE9D10CABC2F3150243F8212040
:1067C000E3E703462BE7CDE9003C52460596DA465F
:1067D000CB469146039E5F460024002577E90223BD
:1067E000F6E80201E9F708FF02460B462046294673
:1067F000E9F74CFD464504460D46EFD1009B09F1F3
:1068000001099945EAE802450BF1080BE2D1DDF8F0
:1068100004C0059E47E60B9BDDF800B0A3F118020B
:10682000CDE9024A0CAB0BF1FF340B9253F8243044
:1068300063B90BF18043013B0CA901EB830353F8CF
:10684000041D013C183A0029F9D00B929FED500B22
:106850000B98FFF7F9FC002C5BEC10ABC0F2CD817C
:1068600004F101084FEAC8010DF5E0790CAB4C4F7B
:10687000009103EB8805002609EBC80855F8040DC4
:10688000E9F750FE52465B46E9F7B6FE3B4668E93B
:106890000201324650465946E9F7AEFE0CAB9D4226
:1068A00082468B46EAD10099A1F1080A48ABCA4456
:1068B000CDE905414FF000091A4607935346CA46F1
:1068C000DDF81090A346B9F1000FC0F2A380CDE926
:1068D000002BDFF8D0801F460026002400259B46B1
:1068E00010E0F7E80223F8E80201E9F785FE024626
:1068F0000B4620462946E9F7C9FC0136B145044656
:106900000D4601DBB245ECDA5B46009ADDF804B0D7
:106910000BF1FF3BBBF1FF3FE2E802450AF1010A40
:10692000A3F10803CFD1A29A079B022ADDE9054112
:1069300000F3A980002A37DC10D15C180020002168
:106940001D4674E90223E9F7A1FCA542F9D1029B97
:10695000002B40F02F810A9BC3E90001039B03F049
:1069600007000DF5197DBDE8F08F009B5A1E0CAB9A
:106970000CA953F82230C3F3160341F82230D5E6B0
:1069800000216FF01703079145E500BFAFF30080CA
:10699000000000000000F03F0000E03F0000F03F7A
:1069A0000000703E10AE0108D3E900895D18002692
:1069B00000279A4675E9022330463946E9F766FC16
:1069C000AA4506460F46F5D1029B40464946002B94
:1069D00040F0E3803B463246E9F756FC0A9BC3E9A8
:1069E00000676CB14AAE0125F6E802230135E9F7EC
:1069F0004DFCAC42F8DA029B13B101F10043194699
:106A00000A9BC3E90201039B03F007000DF5197D02
:106A1000BDE8F08F002400257AE70B9EDDF800B07A
:106A2000704249EC108BCDE9024AFFF70DFC55ECA2
:106A3000104B884B002220462946EAF763F80028CD
:106A400000F0A280844B002220462946E9F7D4FDBD
:106A5000EAF782F80746E9F765FD7E4B0022E9F781
:106A6000CBFD0B46024629462046E9F70DFCEAF726
:106A700073F80BF101040CAB183643F82B000B969E
:106A800043F82470E2E6A29A032A7FF467AF002C51
:106A900000F0CB8003EBC40595ED007B52EC171B97
:106AA000E600CDE90054CDE90465A8460C4615463C
:106AB000994678E902672046294632463B46E9F77F
:106AC000E5FBA246AB4604460D4622462B46304621
:106AD0003946E9F7D9FB52465B46E9F7D7FBC14592
:106AE000C8E90201C8E90045E3D1DDE900A4012CB1
:106AF000DDE904654B4600F09880D5E90045CDE915
:106B0000006909F1080B7AE90289204629464246C4
:106B10004B46E9F7BBFB26462F4604460D46224668
:106B20002B4640464946E9F7AFFB32463B46E9F77C
:106B3000ADFBD345CAE90201CAE90045E3D1DDE96D
:106B4000006306F108041C4403F110050020002135
:106B50001E4674E90223E9F799FBA542F9D13346B1
:106B6000D3E90045D3E90278029B3BBB0A9BC3E90A
:106B70000401C3E90045C3E90278039B03F0070061
:106B80000DF5197DBDE8F08F20462946E9F7E4FFB1
:106B90000CAB5C4643F82B0058E60A9A07F1004319
:106BA000536016603B463246E9F76EFB002C7FF4DB
:106BB00019AF22E701F100431946CCE6264605F15C
:106BC00000440A9D08F10043C5E9027301F1004346
:106BD000C5E90403039B03F00700C5E900640DF554
:106BE000197DBDE8F08F42464B461C490020E9F76D
:106BF0004BFB022480468946E3E4A29B022B0FDC78
:106C0000002B15DC7FF4AAAE002000219FE60CAB20
:106C1000C2F31602022C43F821207FF4D2ACB7E570
:106C2000A29B032B7FF49AAE48AB0020002197E78C
:106C3000029BDDE9480133B10A9C00224FF000437A
:106C4000C4E90023D9E60A9C00220023C4E90023FA
:106C5000D6E600BF000070410000703E0000F03F2B
:106C60002DE9F04F2DED048BDBB01C4694460393C9
:106C70000A46BA4B68991CF1040F53F821708246FA
:106C800004F1FF39C0F25682BCF1030348BF0CF196
:106C90000403DB10029301334FEAC30EACEB0E0387
:106CA0000593029B17EB0900A3EB090316D40130EF
:106CB0009FEDAB7A699C18441EA9002BA4BF54F821
:106CC000235007EE905A03F10103ACBFF8EEE77AC8
:106CD000F0EE477A8342E1EC017AEED1002FC0F268
:106CE000E28203991EA800EB81004FEA81087E181A
:106CF000002346AD4C460AEB8101B9F1000F80F24A
:106D0000C8800134B44245F8043B00F10400F4D1DA
:106D10000DF1280B0BEB8703CDE9062E043B9FED0D
:106D2000929ADFED908A059804930AEB080446AE28
:106D30000BEB87080097CDF820C00DEB8703002FE1
:106D400093ED460A4FEA870515DD73195A4660EE42
:106D5000097AB0EE407AFDEEE77A73ED016AF8EE5B
:106D6000E77AB342A7EEE87A37EEA60ABDEEC77A15
:106D7000A2EC017AEBD1019000F0B8FAF4EE007ABF
:106D8000B0EE408A20EE270A00F0A2FBF2EE007A75
:106D9000A0EE678A01980028FDEEC89AF8EEE97A1D
:106DA00038EE678A40F38280791EC0F108035BF8F1
:106DB00021E04EFA03FC0CFA03F3AEEB030EC0F134
:106DC000070219EE903A4EFA02F26344002A09EEE5
:106DD000903A4BF821E000F3AF80B5EE408AF1EE37
:106DE00010FA74D1009B9F420ADD5D44002355F8E0
:106DF000041D454543EA0103F9D1002B40F002810F
:106E0000009B013B5BF823207B1C9C46002A40F042
:106E1000F780049A012152F8045D0131002DFAD067
:106E20003944029D039A05EB030E0EF1804E699DD5
:106E30000EF1FF3E3A4405EB8E0E1EAD06EB8307C6
:106E400005EB8205DEED017AF8EEE77AB9F1000F85
:106E50000EF1040EE5EC017ADFED417A09DB2A46FA
:106E60005346F3EC016A32ED017AA342E6EE877AEB
:106E7000F7D10CF1010C8C45E7EC017AE2DD0F460D
:106E80005BE70134B442E5EC017A00F104003FF421
:106E90003FAFDFED337A83465346F3EC016A3BEDB7
:106EA000017A8B42E6EE877AF7D1EAE700F091802B
:106EB000F6EE007AB4EEE78AF1EE10FA80F229815C
:106EC000B5EE408AF1EE10FA4FF000028AD09246F9
:106ED000DDE9062EDDF820C00197AEEB0C00B0EE28
:106EE000480A009F009200F001FADFED1E6AB4EE3E
:106EF000E60AF1EE10FADDE90023F0EE407AC0F286
:106F00009C819FED197A059920EE077A0831BDEE34
:106F1000C77A0591B8EEC77A5C1CE7EE667ABDEEDB
:106F2000C77AFDEEE77A17EE901A4BF8231017EEAA
:106F3000103A4BF824307EE00133002F09EE903AEE
:106F400040F39D8159464FF0000E51F8043B002B51
:106F500039D0C3F5807341F8043C0CE08CAE0108D5
:106F600000000000000080430000803B0B68C3F17C
:106F7000FF0341F8043B0EF1010E7745F6DC0123D7
:106F80009E4600280BDD012800F0BB80022806D1B8
:106F9000791E5BF8213003F03F0C4BF821C0022A28
:106FA0007FF41BAFB7EE000A734630EE488A002B21
:106FB0003FF413AF0992019000F098F90198099AF3
:106FC00038EE408A09E70EF1010E7745BDDC9E469A
:106FD000D7E77B1E5BF82320D211002A7FF7FDAE96
:106FE00019EE903A002F03F1010309EE903AA9DC63
:106FF000022A7FF4F2AEF7EE007A37EEC88AECE6AA
:1070000019460EE73B469246DDE905125C1EA1F1EA
:1070100008005BF82410009F059061B903F18043DC
:10702000013B0BEB8303014653F8040D013C083987
:107030000028F9D0059105980092B7EE000A00F0FB
:1070400055F9002C009AB0EE407AC0F22281601C03
:1070500046AD5FED3B6A81000BEB800305EB8000E2
:1070600073ED017AF8EEE77A5B4567EE877A27EEF3
:10707000267A60ED017AF3D10DF1C8080E1F2E4477
:10708000C646A4460025002F7DDBDFF85C92DFEDCD
:10709000957A3046002307E0F9EC016AB0EC017AFA
:1070A0009F42E6EE877A03DB9D4203F10103F3DAA8
:1070B0000CF1FF3CBCF1FF3FEEEC017A05F101055C
:1070C000A6F10406E1D1689B022B6ADC002B36DCBA
:1070D0000ED1DFED847A414431ED017A884577EEB7
:1070E000877AF9D15346002B40F0C680C2ED007A72
:1070F00019EE903A03F007005BB0BDEC048BBDE8DD
:10710000F08F791E5BF8213003F07F0C4BF821C023
:1071100045E719EE903A002F03F1010309EE903A8A
:10712000C8BF02223FF70EAFF7EE007A37EEC88AEB
:10713000022252E600234FF0080E0293AEE5DDED89
:10714000327A9FED687A414471ED016A884537EEE5
:10715000267AF9D15346002B40F0848077EEC77A27
:1071600082ED007A64B133A90123B1EC017A0133D5
:107170009C4277EE877AF8DA53460BB1F1EE677AE4
:10718000C2ED017AB4E70CF1FF3C0023BCF1FF3FF4
:107190004EF8043B05F10105A6F104067FF473AF38
:1071A00091E7689B032BA3D1002C00F08C8008EBA7
:1071B000840595ED007AA0002B46294671ED017AF1
:1071C000F0EE476A37EE277A884577EEC77A81ED89
:1071D000007A77EEA67AC1ED017AEFD1012C72D058
:1071E00095ED007A08F1040173ED017AF0EE476A3B
:1071F00037EE277A994277EEC77A83ED007A77EEF9
:10720000A67AC3ED017AEFD1031DDFED367A434450
:1072100008F1080833ED017A984577EE877AF9D1BD
:107220005346DDED326A9DED337A73B9C2ED006AE3
:1072300082ED017AC2ED027A5AE7FDEEC07A1C4671
:1072400017EE901A4BF82310F5E6F1EE666AB1EEF0
:10725000477AF1EE677AC2ED006A82ED017AC2EDFB
:10726000027A45E7F1EE476A77EEC77AC2ED006A27
:10727000002C7FF478AF81E7F1EE677A36E70128DA
:1072800015D002287FF4B4AE0EF03F034BF8213046
:10729000AEE6689B022B12DC002B17DC7FF428AFD4
:1072A000DFED107A1EE7039B4FEA830830E50EF00E
:1072B0007F03022A4BF821307FF48FAD9BE6689B59
:1072C000032B7FF415AFDFED077AA9E75346DDED19
:1072D000327A1BB14FF0004313604FE70023136075
:1072E0004EE700BF0000000060AE010810EE103A4B
:1072F00033F000411A4625D0B1F1FF4F1FD213F0F1
:10730000FF4F20D1DFED297A294A60EE277A90429B
:1073100017EE903A31DB4CF2503CC3F3C751604555
:107320001A46A1F1190114DD002BDFED227A9FED41
:10733000210AB8BFDFED207A27EE800A704730EED1
:10734000000A704770474CF2503C60454FEAD151FB
:10735000EADC0144FE29E7DC002915DC11F1160FF7
:1073600019DB193122F0FF4242EAC15207EE902A9E
:107370009FED120A27EE800A7047DFED117A07EEC3
:10738000103A27EE270A704722F0FF4242EAC15323
:1073900000EE103A7047002BDFED097A9FED080AE6
:1073A000B8BFDFED087A27EE800A70470000004C76
:1073B000B03CFFFFCAF24971CAF249F10000003344
:1073C0006042A20D6042A28D51EC100BC1F30A5332
:1073D0002DE9F041A3F2FF35132D0C46064622DCC1
:1073E000002D41DB384B43FA05F801EA080303435B
:1073F0000F461DD032A3D3E90023E8F747FF002250
:107400000023E9F789FB40B1002C03DA4FF4801325
:107410002B411F4427EA080400262346324643EC4A
:10742000102BBDE8F081332D06DDB5F5806F2BD034
:1074300041EC100BBDE8F081A3F213434FF0FF378E
:10744000DF403842F4D01EA3D3E90023E8F71EFF43
:1074500000220023E9F760FB0028DED0002C334631
:1074600020DB23EA0706D8E715A3D3E90023E8F7D2
:107470000DFF00220023E9F74FFB0028CDD0002CA0
:1074800009DB00263446C8E702460B46E8F7FEFE55
:1074900041EC100BCEE724F0004426430DD14FF011
:1074A0000044BAE7142D06D0C5F134050122AA40E4
:1074B00013449E42D5D90134D3E7044C0026ACE7EF
:1074C0009C7500883CE4377EFFFF0F000000F0BF92
:1074D00010EE102AC2F3C7537F3B162B22F0004157
:1074E0001BDC002B10461EDB1A4919410A4223D02F
:1074F000DFED197A70EE277AF5EEC07AF1EE10FA28
:107500001ADD002A04DA4FF4000242FA03F31844A9
:1075100020EA010300EE103A7047B1F1FF4F0BD3A0
:1075200030EE000A7047DFED0C7A70EE277AF5EE48
:10753000C07AF1EE10FA00DC7047002A02DB9FED02
:10754000070A704711B99FED060A7047BFEE000A9F
:10755000F2E700BFFFFF7F00CAF2497100000000A0
:1075600000000080F8B500BFF8BC08BC9E4670471C
:0C757000F8B500BFF8BC08BC9E46704790
:107580004C61743A20252E36660000004C6E673A36
:1075900020252E36660000004D45534820444953AF
:1075A00054414E4345533A004E253032643A2564E7
:1075B0006D0000004E253032643A252E31666B0096
:1075C0004E6F206F74686572206E6F646573000083
:1075D00057616974696E6720475053202E2E2E0024
:1075E000543A20252E316620432C20483A20252E5F
:1075F00031662025252C20503A20252E31660000AA
:1076000025643A25643A256400000000252E326680
:107610003A252E32663A252E326600002566000095
:107620004D6F6E00547565005765640054687500B1
:10763000467269005361740053756E004A616E00B2
:10764000466562004D617200417072004D617900C3
:107650004A756E004A756C0041756700536570008D
:107660004F6374004E6F76004465630025303264CA
:10767000000000004461793A20257300253034640D
:107680000000000025732C25303264202573000093
:10769000253032643A2530326400000049443A0013
:1076A000543A2533647E4300483A25336425250047
:1076B00054696D653A20253032643A253032643A97
:1076C0002530326400000000446174653A202530A2
:1076D00032642F253032642F2530346400000000DE
:1076E0004E0000004500000053000000570000005D
:1076F000252E316600000000534F53005072657311
:1077000073204F4B20746F2065786974000000006F
:107710004E45000053450000535700004E570000EF
:107720004D41524B20504F494E5400004761746800
:10773000657220506F696E7400000000446F6E67C0
:1077400020790000426F2071756100004741544864
:107750004552204E41560000476174686572696E5B
:1077600067000000446973743A25646D00000000EE
:107770004272673A2025642A00000000576169744C
:1077800020475053000000004864673A2025642ACF
:10779000000000004172726976656400534F532007
:1077A0002F2048454C5000004E4F44452049443A54
:1077B0002025303264000000486F2074726F000092
:1077C000426F2071756100004E415649474154494E
:1077D0004E4700004E6F64653A2530326400000069
:1077E000446973743A25646D000000004272673A80
:1077F0002025642A00000000576169742047505317
:10780000000000004864673A2025642A0000000058
:107810004172726976656400424D453238302D3EC2
:1078200020556E646566696E6564206368697020C2
:1078300069640000424D4532383020776173207012
:10784000757420696E746F20736C656570206D6F40
:10785000646520736F2074686174207468652063A8
:107860006F6E6669672072656769737465722063FD
:107870006F756C64206265207365742E21000000B2
:10788000424D4532383020496E697469616C697ABD
:107890006174696F6E2070726F63657373206973B2
:1078A00020646F6E6521000025732A253032580D43
:1078B0000A0000002425732A253032580D0A0000E2
:1078C0005043415330332C302C302C302C302C3161
:1078D0002C302C302C302C302C302C2C2C302C30CC
:1078E000000000005043415330342C3300000000AE
:1078F0002C000000524D43003FFFFFFFFFFFFFFF42
:10790000FFFFFFFFFFFFFFC040000000000000007E
:1079100000000000000000208000000000000000C7
:1079200000000000000000108000000000000000C7
:1079300000000000000000188000000000000000AF
:10794000000000000000001880000000000000009F
:10795000000000000000001880000000000000008F
:10796000000000000000001880000000000000007F
:10797000000000000000001880000000000000006F
:10798000000000000000001880000000000000005F
:10799000000000000000001880000000000000004F
:1079A000000000000000001880000000000000003F
:1079B000000000000000001880000000000000002F
:1079C000000000000000001880000000000000001F
:1079D000000000000000001880000000000000000F
:1079E00000000000000000188000000000000000FF
:1079F00000000000000000188000000000000000EF
:107A000000000000000000188000000000000000DE
:107A100000000000000000188000000000000000CE
:107A200000000000000000187FFFFFFFFFFFFFFFC6
:107A3000FFFFFFFFFFFFFFF03FFFFFFFFFFFFFFF25
:107A4000FFFFFFFFFFFFFFE01FF8200462429011DD
:107A50008801A40583818241A24581818001A0051E
:107A600083C14BD220041FF801C0094815542222BB
:107A7000100409C872274221722709C81004222263
:107A80001554094801C0000003C007E00FF01FF8BB
:107A90001E781C381C381E780FF00FF007E007E046
:107AA00003C003C00180018078000000000000CC0A
:107AB000000000000000C078EC7C3C3C3CC0CCD610
:107AC00066666666C0CCD666066060C0CCD6663E8A
:107AD0003C3CC0CCD666660606CCCCC666666666FE
:107AE0007878C67C3E3C3C0000006000000000004E
:107AF000006000000000000078F878CCCCCCC0CC4E
:107B0000C0C0CCC0DCF878CCC00CCCC00CCCC0CC95
:107B10007CC078007800000180000000CC0060C0CC
:107B200000000000C078F9F18F87C780C0CC60C129
:107B30008CCCCCC078CC60C18CCCCC000CFC60C1AF
:107B40008CCCC7800CC060C18CCCC0C0CCCC60C118
:107B50008CC7CCC0787838718CC0C780000000001A
:107B6000000CC00000000000000780007FE08010D3
:107B7000801880188018801880107FE0C0C0C0C0B6
:107B800000000000000000000000000000000000F5
:107B90000000000000100010001000100010001085
:107BA000000000100000000000280028002800004D
:107BB000000000000000000000000000002400247D
:107BC000007C00240048007C0048004800000000C1
:107BD000003800540050003800140054005400389D
:107BE000001000000020005400580030002800540D
:107BF00000140008000000000010002800280010F9
:107C0000003400480048003400000000001000105C
:107C10000010000000000000000000000000000054
:107C2000000800100020002000200020002000207C
:107C300000100008002000100008000800080008DC
:107C40000008000800100020001000380010002874
:107C50000000000000000000000000000000000024
:107C600000100010007C0010001000000000000058
:107C700000000000000000000000000000000010F4
:107C8000001000100000000000000000000000389C
:107C900000000000000000000000000000000000E4
:107CA00000000000000000100000000000080008B4
:107CB0000010001000100010002000200000000044
:107CC000003800440044005400440044004400389C
:107CD00000000000001000300050001000100010E4
:107CE00000100010000000000038004400440004B0
:107CF000000800100020007C000000000038004454
:107D000000040018000400040044003800000000D3
:107D100000080018002800280048007C000800081F
:107D200000000000007C00400040007800040004D7
:107D30000044003800000000003800440040007893
:107D4000004400440044003800000000007C0004AF
:107D5000000800100010002000200020000000009B
:107D60000038004400440038004400440044003817
:107D7000000000000038004400440044003C0004BF
:107D80000044003800000000000000000010000067
:107D900000000000000000100000000000000000D3
:107DA0000000001000000000000000100010001093
:107DB00000000000000C003000400030000C00000B
:107DC00000000000000000000000007C0000007CBB
:107DD000000000000000000000000000006000182B
:107DE000000400180060000000000000003800449B
:107DF0000004000800100010000000100000000047
:107E000000380044004C0054005C00400040003842
:107E10000000000000100028002800280028007C36
:107E20000044004400000000007800440044007852
:107E30000044004400440078000000000038004482
:107E400000400040004000400044003800000000B6
:107E500000700048004400440044004400480070A2
:107E600000000000007C00400040007C004000401A
:107E70000040007C00000000007C004000400078D2
:107E80000040004000400040000000000038004476
:107E900000400040005C0044004400380000000046
:107EA000004400440044007C00440044004400447A
:107EB000000000000038001000100010001000103A
:107EC000001000380000000000040004000400045A
:107ED0000004000400440038000000000044004892
:107EE00000500060005000480048004400000000BE
:107EF0000040004000400040004000400040007C46
:107F0000000000000044006C006C00540044004479
:107F10000044004400000000004400640064005479
:107F20000054004C004C00440000000000380044A5
:107F300000440044004400440044003800000000B5
:107F400000780044004400440078004000400040B5
:107F50000000000000380044004400440044004495
:107F6000005400380004000000780044004400443D
:107F70000078004800480044000000000038004439
:107F800000400030000800040044003800000000F9
:107F9000007C0010001000100010001000100010F5
:107FA0000000000000440044004400440044004439
:107FB0000044003800000000004400440044002851
:107FC00000280028001000100000000000440044B9
:107FD000005400540054006C0028002800000000E9
:107FE0000044002800280010001000280028004449
:107FF0000000000000440044002800280010001089
:108000000010001000000000007C000400080010B8
:10801000001000200040007C00000000001800104C
:1080200000100010001000100010001000100018C8
:1080300000200020001000100010001000080008B0
:1080400000000000003000100010001000100010B0
:10805000001000100010003000100028002800441C
:108060000000000000000000000000000000000010
:10807000000000000000000000000000000000FE02
:1080800000200010000000000000000000000000C0
:10809000000000000000000000380044003C0044E4
:1080A000004C003400000000004000400058006414
:1080B000004400440064005800000000000000007C
:1080C0000038004400400040004400380000000038
:1080D000000400040034004C00440044004C003410
:1080E000000000000000000000380044007C004058
:1080F0000044003800000000000C0010007C00105C
:10810000001000100010001000000000000000002F
:108110000034004C00440044004C0034000400785B
:108120000040004000580064004400440044004403
:10813000000000000010000000700010001000108F
:10814000001000100000000000100000007000107F
:108150000010001000100010001000E0004000406F
:10816000004800500060005000480044000000003B
:10817000007000100010001000100010001000101F
:10818000000000000000000000780054005400547B
:10819000005400540000000000000000005800647B
:1081A00000440044004400440000000000000000BF
:1081B000003800440044004400440038000000003F
:1081C00000000000005800640044004400640058AF
:1081D00000400040000000000034004C0044004417
:1081E000004C00340004000400000000005800644B
:1081F000004000400040004000000000000000007F
:10820000003800440030000800440038000000003E
:10821000002000200078002000200020002000180E
:10822000000000000000000000440044004400443E
:10823000004C003400000000000000000044004436
:1082400000280028002800100000000000000000A6
:10825000005400540054006C002800280000000066
:108260000000000000440028001000100028004416
:108270000000000000000000004400440028002826
:10828000001000100010006000000000007C0008DA
:10829000001000200040007C0000000000180010CA
:1082A0000010001000200020001000100010001826
:1082B000001000100010001000100010001000103E
:1082C000001000100030001000100010000800081E
:1082D0000010001000100030003800440044003846
:1082E000000000000000000000000000000000008E
:1082F000000000000000000000000000000000007E
:10830000000000000000000000000000000000006D
:108310000000000C000C000C000C000C000C000C09
:10832000000C000C000C000C0000000C000C000005
:10833000000000000000001B001B001B001B001BB6
:10834000000000000000000000000000000000002D
:108350000000000000000000000080198019801952
:108360008019C07FC07F80190033C07FC07F003379
:108370000033003300330000000000000000001E46
:10838000003F807580650074003C001E000780057A
:10839000806580658075003F001E000400040000B9
:1083A0000000007000D840D8C0D880D90073000603
:1083B000000C801BC036C066C046C00680030000AB
:1083C000000000000000001E003F003300330033B7
:1083D000001E000CC03CC066806380618063C03EAC
:1083E000801C0000000000000000000C000C000CCD
:1083F000000C000C00000000000000000000000065
:1084000000000000000000000000000080000001EB
:108410000003000600060004000C000C000C000C19
:10842000000C000C000400060006000300018000A0
:10843000002000100018000C000C000400060006CC
:1084400000060006000600060004000C000C0018E0
:10845000001000200000000C002D003F001E003323
:10846000000000000000000000000000000000000C
:108470000000000000000000000000000000000CF0
:10848000000C000C000CC0FFC0FF000C000C000C26
:10849000000C0000000000000000000000000000D0
:1084A00000000000000000000000000000000000CC
:1084B000000000000000000C000C00040004000894
:1084C00000000000000000000000000000000000AC
:1084D0000000001E001E0000000000000000000060
:1084E000000000000000000000000000000000008C
:1084F0000000000000000000000000000000000C70
:10850000000C000000000000000000030003000356
:108510000006000600060006000C000C000C000C13
:108520000018001800180000000000000000001EE5
:10853000003F0033806180618061806D806D80616B
:10854000806180610033003F001E000000000000D9
:1085500000000006000E001E003600260006000681
:1085600000060006000600060006000600060000E1
:10857000000000000000001E003F807380618061E9
:10858000800100030006000C001800300060807FAE
:10859000807F0000000000000000001C003E00631F
:1085A00000630003000E000E000380018001806163
:1085B0008073003F001E0000000000000000000665
:1085C000000E000E001E001E00160036003600666B
:1085D000807F807F0006000600060000000000008B
:1085E0000000007F007F006000600060006E007F80
:1085F00080638001800180618073003F001E000065
:10860000000000000000001E003F80338061006019
:10861000006E007F80738061806180618033003FE5
:10862000001E0000000000000000807F807F8001AD
:108630000003000300060006000C000C000C0008FC
:108640000018001800180000000000000000001EC4
:10865000003F8063806180610021001E003F8061D7
:10866000806180618061003F001E0000000000000A
:108670000000001E003F0073806180618061807394
:10868000803F801D800180610073003F001E00005C
:108690000000000000000000000000000000000CCE
:1086A000000C000000000000000000000000000CB2
:1086B000000C0000000000000000000000000000AE
:1086C00000000000000C000C000000000000000092
:1086D0000000000C000C0004000400080000000072
:1086E0000000000080008003000E003800600038A9
:1086F000000E800380000000000000000000000069
:1087000000000000000000000000807F807F00006B
:108710000000807F807F000000000000000000005B
:108720000000000000000000000000000040007099
:10873000001C000780010007001C007000400000C2
:1087400000000000000000000000001F803FC0711A
:10875000C060C000C00180030007000E000C000CC8
:108760000000000C000C0000000000000000001ED3
:10877000003F803180718063806F806D806D806F7D
:10878000806700600032003E001C00000000000016
:108790000000000E000E001B001B001B001B8031A0
:1087A0008031803F803F8031C060C060C060000089
:1087B000000000000000007C007E00630063006396
:1087C0000063007E007E0063806180618063007FC3
:1087D000007E0000000000000000001E003F80310D
:1087E0008061006000600060006000600060806187
:1087F0008031003F001E0000000000000000007CEF
:10880000007F00638063806180618061806180613E
:10881000806100630063007E007C000000000000B7
:108820000000807F807F0060006000600060007F4B
:10883000007F0060006000600060807F807F00003B
:10884000000000000000807F807F0060006000600A
:108850000060007F007F00600060006000600060DA
:1088600000600000000000000000001E003F80319A
:10887000806100600060006080638063806180616F
:108880008031803F001E0000000000000000806179
:1088900080618061806180618061807F807F806194
:1088A0008061806180618061806100000000000063
:1088B0000000003F003F000C000C000C000C000CFE
:1088C000000C000C000C000C000C003F003F0000EE
:1088D0000000000000008001800180018001800113
:1088E0008001800180018001806180618073003F90
:1088F000001E0000000000000000C06080610063F6
:1089000000660066006C0078007C0066006600630C
:1089100080618061C0600000000000000000006015
:108920000060006000600060006000600060006047
:10893000006000600060807F807F00000000000019
:108940000000C071C071C07BC07AC06AC06AC06ECE
:10895000C064C060C060C060C060C060C060000033
:10896000000000000000807180718079807980793A
:10897000806D806D806D80658067806780678063B3
:1089800080630000000000000000001E003F003374
:1089900080618061806180618061806180618061CF
:1089A0000033003F001E0000000000000000007EB9
:1089B000007F80638061806180618063007F007ED2
:1089C00000600060006000600060000000000000C7
:1089D0000000001E003F0033806180618061806183
:1089E00080618061806580670033803F401E0000A9
:1089F000000000000000007E007F806380618061D5
:108A00008063007F007E0066006300638061806198
:108A1000C0600000000000000000000E001F803158
:108A2000803100300038001E0007800380618061C3
:108A30008031003F001E0000000000000000C0FF69
:108A4000C0FF000C000C000C000C000C000C000C13
:108A5000000C000C000C000C000C000000000000DA
:108A600000008061806180618061806180618061DF
:108A700080618061806180618073003F001E000022
:108A8000000000000000C060C060C0608031803124
:108A90008031001B001B001B001B000E000E000E8F
:108AA00000040000000000000000C0C0C0C0C0C042
:108AB000C0C0C0C0C0CC804C804C805E8052805210
:108AC0008073806180610000000000000000C0C071
:108AD000806080610033003B001E000C000C001E13
:108AE000001F003B80718061C0C0000000000000DA
:108AF0000000C0C08061806100330033001E001E92
:108B0000000C000C000C000C000C000C000C000011
:108B1000000000000000803F803F80010003000350
:108B20000006000C000C0018001800300060807F68
:108B3000807F000000000000000F000F000C000C00
:108B4000000C000C000C000C000C000C000C000CC5
:108B5000000C000C000C000C000F000F00000018AF
:108B600000180018000C000C000C000C0006000699
:108B700000060006000300030003000000000000E0
:108B8000001E001E00060006000600060006000685
:108B900000060006000600060006000600060006A5
:108BA000001E001E0000000C000C001E001200330E
:108BB00000338061806100000000000000000000C0
:108BC00000000000000000000000000000000000A5
:108BD0000000000000000000000000000000000095
:108BE0000000000000000000E0FF0000000000386E
:108BF0000018000C00000000000000000000000051
:108C00000000000000000000000000000000000064
:108C100000000000000000000000001F803F806195
:108C20008001801F803F80618063807FC0380000AA
:108C30000000000000000060006000600060006E46
:108C4000007F807380618061806180618073007FBC
:108C5000006E0000000000000000000000000000A6
:108C60000000001E003F8073806100600060806132
:108C70008073003F001E0000000000000000800123
:108C8000800180018001801D803F80738061806150
:108C9000806180618073803F801D000000000000C3
:108CA00000000000000000000000001E003F0073F4
:108CB0008061807F807F00608071003F001E000027
:108CC000000000000000C007C00F000C000C807FF7
:108CD000807F000C000C000C000C000C000C000C41
:108CE000000C000000000000000000000000000078
:108CF000801D803F807380618061806180618073AE
:108D0000803F801D80018063007F003E0000006086
:108D1000006000600060006F807F80718061806112
:108D200080618061806180618061000000000000DE
:108D300000000006000600000000003E003E0006A5
:108D400000060006000600060006000600060000F9
:108D5000000000000006000600000000003E003E8B
:108D600000060006000600060006000600060006D3
:108D700000060046007E003C0000006000600060CD
:108D80000060806100630066006C007C0076006318
:108D900000638061C0600000000000000000003E31
:108DA000003E00060006000600060006000600065B
:108DB0000006000600060006000600000000000095
:108DC0000000000000000000000080DDC0FFC0CEF9
:108DD000C0CCC0CCC0CCC0CCC0CCC0CCC0CC0000BF
:108DE0000000000000000000000000000000006F14
:108DF000807F80718061806180618061806180613D
:108E00008061000000000000000000000000000081
:108E10000000001E003F807380618061806180617E
:108E20008073003F001E00000000000000000000F2
:108E300000000000006E007F8073806180618061AF
:108E400080618073007F006E0060006000600060E1
:108E50000000000000000000801D803F80738061E2
:108E60008061806180618073803F801D800180010E
:108E70008001800100000000000000000000006789
:108E8000803F0039003000300030003000300030CA
:108E900000300000000000000000000000000000A2
:108EA0000000001E803F80610060007F803F8001E5
:108EB0008061007F001E0000000000000000000034
:108EC000000800180018007F007F00180018001824
:108ED000001800180018801F800F0000000000001C
:108EE00000000000000000000000806180618061DF
:108EF00080618061806180618063807F803D00004F
:108F00000000000000000000000000000000C06041
:108F1000803180318031001B001B001B000E000ED1
:108F2000000600000000000000000000000000003B
:108F3000000080DD80DD80DD0055005500550077A4
:108F40000077002200220000000000000000000066
:108F5000000000000000806100330033001E000CA0
:108F6000000C001E00330033806100000000000090
:108F7000000000000000000080618061803100334B
:108F80000033001B001B001B000E000E000E001C17
:108F9000007C007000000000000000000000C07FA6
:108FA000C07F800100030006000C00180030C07F65
:108FB000C07F00000000000080038007000600065C
:108FC000000600060006000E001C001C000E000635
:108FD0000006000600060006800780030006000663
:108FE0000006000600060006000600060006000651
:108FF0000006000600060006000600060006000641
:109000000038003C000C000C000C000C000C000EA2
:1090100000070007000E000C000C000C000C000CF8
:10902000003C0038000000000000000000000000CC
:1090300000008038807F0047000000000000000032
:109040000000000000000000000000000000000020
:109050000000000000000000000000000000000010
:109060000000000000000000000000000000000000
:10907000000000000000000000000000E003E0032A
:10908000E003E003E003E003E003E003C003C00308
:10909000C001C001C001C001C0010000000000000B
:1090A000E003E003E0030000000000000000000017
:1090B0003C1E3C1E3C1E3C1E3C1E3C1E3C1E00003A
:1090C00000000000000000000000000000000000A0
:1090D0000000000000000000000000000000000090
:1090E00000000000CE01CE03DE039E039C039C071C
:1090F000FF3FFF7F3807380F780F780F780EFFFF9C
:10910000FFFFF01EF01CE01CE03CE03DE0390000F9
:109110000000000000000000FC03FE0FEE1FE01E38
:10912000E01EE01EE01EE01FE00FE007F003FC0180
:10913000FE01FE01FE01FE01FE01FE01FE3DFC3FBF
:10914000F00FE001E001000000000000033E07F71F
:109150008FE78EE79EE3BCE3B8E7F8E7F0F7E03F80
:10916000C001FF03FF07F307F30FF31EF33CF338CF
:10917000F3787FF03FE000000000000000000000F6
:10918000E007F80F780F781F781F781F780FF00F1F
:10919000E00F801FC37FC3FBE7F3F7F1F7F0FFF0A9
:1091A0007FF03EF87F7CFF3FEF1F000000000000D3
:1091B00000000000E003E003E003E003E003C0037D
:1091C000C0010000000000000000000000000000DE
:1091D000000000000000000000000000000000008F
:1091E00000000000000000003F007C00F001E001F2
:1091F000C003C00780078007800F000F000F000F1B
:10920000000F000F000F800F80078007C007C0030A
:10921000E001F0017C003F000F000000007E001F15
:10922000C007C003E001F001F000F000F800780092
:1092300078007800780078007800F800F000F000FE
:10924000F001E001C003C007001F007E00780000AD
:10925000E003C003C001CE39FF3F7F3F200370030E
:10926000F807780F3C1F38060000000000000000DF
:1092700000000000000000000000000000000000EE
:1092800000000000000000000000000000000000DE
:10929000C001C001C001C001C001C001C001FFFF89
:1092A000FFFFC001C001C001C001C001C00100003A
:1092B00000000000000000000000000000000000AE
:1092C000000000000000000000000000000000009E
:1092D00000000000000000000000E003E003E003E5
:1092E000E003E001E001E001C001800300000000B4
:1092F000000000000000000000000000000000006E
:109300000000FE3FFE3F00000000000000000000E3
:10931000000000000000000000000000000000004D
:10932000000000000000000000000000000000003D
:10933000000000000000000000000000000000002D
:109340000000E003E003E003E00300000000000091
:10935000000000000F000F001E001E003C003C003B
:1093600078007800F000F000E001E001C003C003E5
:1093700080078007000F000F001E001E003C003C0D
:109380000078007800F00000F007F80F7C1F3E3EE8
:109390001E3C1F7C1F7C0F780F780F780F780F789A
:1093A0000F780F781F7C1F7C1E3C3E3E7C1FF80F01
:1093B000F00700000000000000000000F000F007CF
:1093C000F03FF03FF001F001F001F001F001F00199
:1093D000F001F001F001F001F001F001F001F00105
:1093E000F001FF3FFF3F0000000000000000000010
:1093F000E00FF83F7C3C3C003E003E003E003C005D
:109400003C007C00F800F001E003C0078007000F7B
:10941000001E003E003CFE3FFE3F0000000000003A
:1094200000000000F00FF81F7C1C3E003E003E00D4
:109430003C003C00F800F00FF80F7C003E001E00DE
:109440001E001E001E003E007C1CF81FE01F0000D6
:1094500000000000000000007800F800F800F801AB
:10946000F803F807F807780F781E781E783C7878AC
:109470007878FFFFFFFF78007800780078007800A8
:10948000780000000000000000000000FC1FFC1F2E
:10949000FC1F001E001E001E001E001EE01FF81F05
:1094A000FC007C003E003E001E003E003E003C00F2
:1094B0007C1CF81FE01F00000000000000000000FE
:1094C000FC01FE078E0F001F001E003E003C003C0A
:1094D000F83DFC3F3E7F1F7E0F3C0F3C0F3C0F3C96
:1094E0000F3E1F1E3E1FFC0FF00300000000000097
:1094F00000000000FF3FFF3FFF3F0F001E001E0067
:109500003C0038007800F000F000E001E001C0030A
:10951000C0038007800F800F000F001F001F000096
:109520000000000000000000F807FC0F3E1F1E1E98
:109530001E3E1E3E1E1E3C1FF80FF007F80FFC1EBD
:109540003E3E1F3C1F7C0F7C0F7C1F3C3E3FFC1FA0
:10955000F00700000000000000000000F007F80F16
:109560007C1E3E3C1E3C1F7C1F7C1F7C1F7C1F3CC6
:109570003F3EFF1FEF071F001E001E003E003C0085
:10958000F838F03FE01F000000000000000000007D
:10959000000000000000000000000000E003E00305
:1095A000E003E003000000000000000000000000F5
:1095B0000000E003E003E003E0030000000000001F
:1095C000000000000000000000000000000000009B
:1095D000E003E003E003E0030000000000000000FF
:1095E000000000000000E003E003E003E003E0010E
:1095F000E001E001C0038003000000000000000063
:109600000000000003000F003F00FC00F003C00F4B
:10961000003F00FE003FC00FF003FC003F000F00C2
:109620000300000000000000000000000000000037
:10963000000000000000000000000000000000002A
:10964000FFFFFFFF000000000000FFFFFFFF000022
:10965000000000000000000000000000000000000A
:1096600000000000000000000000000000E000F822
:10967000007E801FE007F8017E001F007E00F801D9
:10968000E007801F007E00F800E0000000000000FE
:1096900000000000F01FFC3F3E381F381F381E003E
:1096A0001E003C007800F000E001C003C003C007CA
:1096B000C007000000000000C007C007C00700008E
:1096C0000000000000000000F803FE0F1E1F0F3E08
:1096D0007F3CFF78EF79C773C7F38FF38FF38FF376
:1096E0009FF39FF3FF73FF7BF779003C1C1FFC0F78
:1096F000F80300000000000000000000000000006F
:109700000000E003E003F007F007F007780F780FA0
:109710007C0E3C1E3C1E3E3CFE3FFF3F1F780F78F8
:109720000FF007F007F0000000000000000000004C
:10973000000000000000F83FFC3F3E3C1E3C1E3C89
:109740001E3C3E3C7C3CF03FF83F7E3C1F3C1F3CB7
:109750000F3C0F3C1F3CFE3FF83F000000000000A4
:1097600000000000000000000000FF01FF07871F4D
:10977000003E003C007C007800780078007800789B
:10978000007C007C003E003F831FFF07FF010000BC
:109790000000000000000000000000000000F07F5A
:1097A000FC7F7E781F781F780F780F780F780F78FE
:1097B0000F780F780F780F781F781E787E78F87FF3
:1097C000E07F00000000000000000000000000003A
:1097D0000000FF3FFF3F003E003E003E003E003ED7
:1097E000003EFE3FFE3F003E003E003E003E003E8B
:1097F000003EFF3FFF3F00000000000000000000AF
:10980000000000000000FF1FFF1F001E001E001EC2
:10981000001E001E001EFF1FFF1F001E001E001E58
:10982000001E001E001E001E001E000000000000A2
:1098300000000000000000000000FE03FF0F871F73
:10984000003E007C007C007800F800F87FF87FF88C
:109850000F780F7C0F7C0F3E8F1FFF0FFE03000061
:1098600000000000000000000000000000001F7C5D
:109870001F7C1F7C1F7C1F7C1F7C1F7C1F7CFF7F2D
:10988000FF7F1F7C1F7C1F7C1F7C1F7C1F7C1F7C1D
:109890001F7C00000000000000000000000000002D
:1098A0000000FF3FFF3FE003E003E003E003E003CD
:1098B000E003E003E003E003E003E003E003E00390
:1098C000E003FF3FFF3F0000000000000000000039
:1098D000000000000000FC1FFC1F7C007C007C00DE
:1098E0007C007C007C007C007C007C007C007C0098
:1098F00078007800F838F03FC03F0000000000001A
:10990000000000000000000000001F3C1E3C3C3C2A
:10991000783CF03CE03DE03FC03F803FC03FE03F4F
:10992000F03DF03C783C7C3C3E3C1F3C0F3C000052
:109930000000000000000000000000000000003EE9
:10994000003E003E003E003E003E003E003E003E27
:10995000003E003E003E003E003E003E003EFF3F17
:10996000FF3F0000000000000000000000000000B9
:1099700000001FF81FFC1FFC3FFE3FFE3FFE7FFF65
:1099800077FF77FFF7F7E7F7E7F3E7F3C7F307F0BA
:1099900007F007F007F000000000000000000000E2
:1099A0000000000000000F7C0F7C0F7E0F7F0F7FF8
:1099B0008F7F8F7FCF7FEF7BEF79FF79FF78FF7805
:1099C0007F783F783F781F781F7800000000000004
:1099D00000000000000000000000F007FC1F3E3EF9
:1099E0001F7C0F780F780FF80FF80FF80FF80FF8AB
:1099F0000FF80F780F781F7C3E3EFC1FF007000029
:109A00000000000000000000000000000000FC3F1B
:109A1000FF3F1F3E0F3E0F3E0F3E0F3E1F3E3F3E9D
:109A2000FC3FF03F003E003E003E003E003E003E58
:109A3000003E0000000000000000000000000000E8
:109A40000000F007FC1F3E3E1F7C0F780F780FF8D8
:109A50000FF80FF80FF80FF80FF80F780F781F7C3A
:109A60003E3EFC1FF8077C003F000F000300000093
:109A7000000000000000F03FFC3F7E3C3E3C1E3CEE
:109A80001E3C3E3C3C3CFC3CF03FE03FF03DF83CA3
:109A90007C3C3E3C1E3C1F3C0F3C00000000000094
:109AA00000000000000000000000FC07FE1F0E3E4A
:109AB000003C003C003C003EC01FF80FFE037F004E
:109AC0001F000F000F001F203E3CFC3FF01F000056
:109AD0000000000000000000000000000000FFFF88
:109AE000FFFFE003E003E003E003E003E003E00343
:109AF000E003E003E003E003E003E003E003E0034E
:109B0000E003000000000000000000000000000072
:109B100000000F7C0F7C0F7C0F7C0F7C0F7C0F7C78
:109B20000F7C0F7C0F7C0F7C0F7C0F7C1E3C1E3C3F
:109B30003E3EFC1FF0070000000000000000000097
:109B400000000000000007F007F007F80F780F7C16
:109B50001E3C1E3C1E3E3C1E3C1F781F780FF80F1B
:109B6000F007F007F007E003E0030000000000004A
:109B70000000000000000000000003E003F003F01C
:109B800007F0E7F3E7F3E7F3E773F77BF77FFF7F90
:109B90007F7F7F7F7E7F7E3F3E3E3E3E3E3E00009B
:109BA000000000000000000000000000000007F8B6
:109BB0000F7C1E3E3E3E3C1FF80FF007E007E0031F
:109BC000E003F007F80F7C0F7C1E3E3C1F780F78F7
:109BD0000FF0000000000000000000000000000086
:109BE000000007F807780F7C1E3C1E3E3C1F780FD4
:109BF000F80FF007E003E003E003E003E003E00315
:109C0000E003E003E00300000000000000000000AB
:109C1000000000000000FF7FFF7F0F001F003E00DC
:109C20007C00F800F000E001E003C007800F000FA7
:109C3000001E003E007CFF7FFF7F00000000000050
:109C400000000000FF07800780078007800780076B
:109C500080078007800780078007800780078007CC
:109C600080078007800780078007800780078007BC
:109C70008007FF07FF07000000780078003C003CE9
:109C8000001E001E000F000F80078007C003C003E6
:109C9000E001E001F000F000780078003C003C00BA
:109CA0001E001E000F000F0007000000F07FF000F4
:109CB000F000F000F000F000F000F000F000F00024
:109CC000F000F000F000F000F000F000F000F00014
:109CD000F000F000F000F000F000F07FF07F0000F6
:109CE000C000C001C001E003E003F007F0077807FF
:109CF000780F380F3C1E3C1E1E3C1E3C0F380F7860
:109D000007780000000000000000000000000000D4
:109D10000000000000000000000000000000000043
:109D20000000000000000000000000000000000033
:109D30000000000000000000000000000000FFFF25
:109D4000FFFF000000000000F00000000000000025
:109D50000000000000000000000000000000000003
:109D600000000000000000000000000000000000F3
:109D700000000000000000000000000000000000E3
:109D80000000000000000000F80FFC3F7C3C3E009B
:109D90003E003E00FE07FE1F3E3E3E7C3E783E7C7F
:109DA0007E7CFF3FCF1F000000000000000000008D
:109DB000003C003C003C003C003C003CF83DFE3FC9
:109DC0003E3F1F3E0F3C0F3C0F3C0F3C0F3C0F3CF7
:109DD0001F3C1E3C3E3FFC3FF03B000000000000EB
:109DE0000000000000000000000000000000000073
:109DF000FE03FF0F871F003E003E003C007C007CFE
:109E0000007C003C003E003E871FFF0FFE03000069
:109E100000000000000000001F001F001F001F00C6
:109E20001F001F00FF07FF1F3F3E1F3C1F7C1F7CC2
:109E30001F7C1F781F781F7C1F7C3F3C7F3EFF1FCD
:109E4000DF0F000000000000000000000000000024
:109E50000000000000000000F803FC0F3E1F1E3E43
:109E60001F3C1F7CFF7FFF7F007C007C003C003E8E
:109E7000071FFF0FFE0300000000000000000000AD
:109E8000FF01E103C003C007C007C007FF7FFF7FDA
:109E9000C007C007C007C007C007C007C007C0078A
:109EA000C007C007C007C007C007000000000000CF
:109EB00000000000000000000000000000000000A2
:109EC000EF07FF1F7F3E1F3C1F7C1F7C1F781F7802
:109ED0001F781F7C1F7C3F3C7F3EFF1FDF0F1E0053
:109EE0001E001E007C38F83F003C003C003C003C5B
:109EF000003C003CFC3DFE3F9E3F1F3F1F3E1F3C81
:109F00001F3C1F3C1F3C1F3C1F3C1F3C1F3C1F3C79
:109F10001F3C00000000000000000000F001F00104
:109F20000000000000000000E07FE07FE001E001B1
:109F3000E001E001E001E001E001E001E001E00119
:109F4000E001E001E001000000000000000000006E
:109F5000F800F8000000000000000000F83FF83FA3
:109F6000F800F800F800F800F800F800F800F80031
:109F7000F800F800F800F800F800F800F800F00029
:109F8000F071E07F003C003C003C003C003C003CA9
:109F90001F3C3E3C7C3CF83CF03DE03DC03FC03FB8
:109FA000E03FF03DF83C7C3C3E3C1F3C1F3C000049
:109FB0000000000000000000F07FF001F001F0015F
:109FC000F001F001F001F001F001F001F001F00109
:109FD000F001F001F001F001F001F001F001F001F9
:109FE000F001000000000000000000000000000080
:109FF00000000000000000009EF7FFFFFFFFFFFFD2
:10A00000E7FBE7F9C7F1C7F1C7F1C7F1C7F1C7F13E
:10A01000C7F1C7F1C7F10000000000000000000018
:10A02000000000000000000000000000FC3DFE3FBA
:10A030009E3F1F3F1F3E1F3C1F3C1F3C1F3C1F3CC1
:10A040001F3C1F3C1F3C1F3C1F3C00000000000049
:10A050000000000000000000000000000000000000
:10A06000F007FC1F3E3E1F3C1F7C0F780F780F78D7
:10A070000F780F781F7C1F3C3E3EFC1FF00700004E
:10A0800000000000000000000000000000000000D0
:10A0900000000000F83DFE3F3E3F1F3E0F3C0F3CDE
:10A0A0000F3C0F3C0F3C0F3C1F3C1E3E3E3FFC3F15
:10A0B000F83F003C003C003C003C003C000000003D
:10A0C0000000000000000000EE07FE1F7E3E1E3C68
:10A0D0001E7C1E781E781E781E781E781E7C3E7CA4
:10A0E0007E3EFE1FDE0F1E001E001E001E001E0014
:10A0F0000000000000000000000000007F1FFF1FA4
:10A10000E71FC71F871F001F001F001F001F001F22
:10A11000001F001F001F001F001F000000000000A4
:10A12000000000000000000000000000000000002F
:10A13000FC07FE1F0E1E003E003E003FE01FFC0716
:10A14000FE003E001E001E003E3CFC3FF01F0000D3
:10A150000000000000000000000000000000800778
:10A1600080078007FF7FFF7F8007800780078007C9
:10A17000800780078007800780078007C007FF03EC
:10A18000FF010000000000000000000000000000CF
:10A1900000000000000000001E3C1E3C1E3C1E3C57
:10A1A0001E3C1E3C1E3C1E3C1E3C1E3C3E3C7E3C5F
:10A1B000FE3EFE1FDE0F0000000000000000000059
:10A1C00000000000000000000000000007F00F7811
:10A1D0000F781E3C1E3C1E3E3C1E3C1E780F780F26
:10A1E000F00FF007F007E003E003000000000000BC
:10A1F000000000000000000000000000000000005F
:10A2000003F0E3F1E3F3E7F3F7F3F7F3F77F777F97
:10A210007F7F7F7F7F7F3E3E3E3E3E3E3E3E000054
:10A22000000000000000000000000000000000002E
:10A23000000000000F7C1E3E3C3E3C1FF80FF00764
:10A24000F007E003F007F807F80F7C1E3E3E1F3CC6
:10A250001F78000000000000000000000000000067
:10A26000000000000000000007F80F780F7C1E3C83
:10A270001E3C3C1E3C1E3C1F780FF80FF007F007F9
:10A28000E003E003C003C003C0038007800F007F2A
:10A29000000000000000000000000000FF3FFF3F42
:10A2A0001F003E007C00F800F001E003C007800FB3
:10A2B000001F001E003CFF7FFF7F00000000000029
:10A2C00000000000FE01E003C003C003C003C003A0
:10A2D000E001E001E001C001C003803F803FC00316
:10A2E000C001E001E001E001C003C003C003C003FE
:10A2F000E003FE017E000000C001C001C001C001FA
:10A30000C001C001C001C001C001C001C001C00145
:10A31000C001C001C001C001C001C001C001C00135
:10A32000C001C001C001C001C0010000C03FE00386
:10A33000E001E001E001E001C001C003C003C00191
:10A34000E001FE00FE00E001C001C003C003C00147
:10A35000E001E001E001E001E003C03F003F000058
:10A3600000000000000000000000000000000000ED
:10A37000000000000000073FC77FE773FFF17EF099
:10A3800000000000000000000000000000000000CD
:10A3900000000000000000000000000001020304B3
:10A3A0000607080900000000010203042E00494EC0
:10A3B0004600696E66004E414E006E616E003000D0
:10A3C00030313233343536373839414243444546EB
:10A3D0000030313233343536373839616263646581
:10A3E000660065256C64005245454E54206D616CD5
:10A3F0006C6F6320737563636565646564002F62C9
:10A4000075696C642F676E752D746F6F6C732D6634
:10A410006F722D73746D33325F31342E332E72654B
:10A420006C312E32303235313032372D30373030DA
:10A430002F7372632F6E65776C69622F6E65776C10
:10A4400069622F6C6962632F737472696E672F7310
:10A450007472746F6B2E63004300504F5349580061
:10A460002C2066756E6374696F6E3A200061737399
:10A47000657274696F6E2022257322206661696C93
:10A4800065643A2066696C6520222573222C206C55
:10A49000696E65202564257325730A00496E666917
:10A4A0006E697479004E614E002F6275696C642F7D
:10A4B000676E752D746F6F6C732D666F722D73746C
:10A4C0006D33325F31342E332E72656C312E323063
:10A4D0003235313032372D303730302F7372632FB1
:10A4E0006E65776C69622F6E65776C69622F6C6937
:10A4F00062632F7374646C69622F64746F612E637E
:10A500000042616C6C6F632073756363656564659D
:10A5100064002F6275696C642F676E752D746F6FA0
:10A520006C732D666F722D73746D33325F31342E00
:10A53000332E72656C312E32303235313032372D58
:10A54000303730302F7372632F6E65776C69622FEE
:10A550006E65776C69622F6C6962632F7374646CCB
:10A5600069622F6764746F612D6765746865782E02
:10A5700063002F6275696C642F676E752D746F6F41
:10A580006C732D666F722D73746D33325F31342EA0
:10A59000332E72656C312E32303235313032372DF8
:10A5A000303730302F7372632F6E65776C69622F8E
:10A5B0006E65776C69622F6C6962632F7374646C6B
:10A5C00069622F6D707265632E6300232D302B201E
:10A5D00000686C4C00656667454647003400000023
:10A5E000CEFBFFFFCB0300000100000000000000D5
:10A5F00035000000CEFBFFFFCB0300000100000090
:10A600000000000000000000BC89D897B2D29C3C3A
:10A6100033A7A8D523F649393DA7F444FD0FA53249
:10A620009D978CCF08BA5B25436FAC6428066811F0
:10A6300005000000190000007D000000000000007F
:10A640000080E03779C34143176E05B5B5B893462E
:10A65000F5F93FE9034F384D321D30F94877825AFA
:10A660003CBF737FDD4F1575000000000000F03F18
:10A6700000000000000024400000000000005940DD
:10A680000000000000408F40000000000088C34030
:10A6900000000000006AF8400000000080842E41A5
:10A6A00000000000D01263410000000084D79741F1
:10A6B0000000000065CDCD41000000205FA00242F7
:10A6C000000000E876483742000000A2941A6D426C
:10A6D000000040E59C30A2420000901EC4BCD6425F
:10A6E00000003426F56B0C430080E03779C341430A
:10A6F00000A0D8855734764300C84E676DC1AB4380
:10A70000003D9160E458E143408CB5781DAF15449D
:10A7100050EFE2D6E41A4B4492D54D06CFF0804478
:10A72000F64AE1C7022DB544B49DD9794378EA448D
:10A730000020202020202020202028282828282011
:10A740002020202020202020202020202020202009
:10A750002088101010101010101010101010101071
:10A760001004040404040404040404101010101061
:10A77000101041414141414101010101010101012B
:10A78000010101010101010101010101101010107D
:10A7900010104242424242420202020202020202FD
:10A7A0000202020202020202020202021010101051
:10A7B0002000000000000000000000000000000079
:10A7C0000000000000000000000000000000000089
:10A7D0000000000000000000000000000000000079
:10A7E0000000000000000000000000000000000069
:10A7F0000000000000000000000000000000000059
:10A800000000000000000000000000000000000048
:10A810000000000000000000000000000000000038
:10A820000000000000000000000000000000000028
:10A83000000000000000000059F3F8C21F6EA501DF
:10A84000000000000000F03F000000000000008059
:10A85000182D4454FB210940182D4454FB2109C0F4
:10A86000182D4454FB21E9BFD221337F7CD902400B
:10A87000D221337F7CD902C0FB21F93FFB21094063
:10A880007CD91240FB2119407A6A1F407CD92240B2
:10A89000BBFD2540FB2129403A462C407A6A2F40D7
:10A8A0005C4731407CD932409C6B3440BBFD354025
:10A8B000DB8F3740FB2139401BB43A403A463C40DD
:10A8C0005AD83D407A6A3F404C7E40405C47414008
:10A8D0006C1042407CD942408CA243409C6B444067
:10A8E000AC344540BBFD4540CBC64640DB8F4740BE
:10A8F000EB584840FB21494083F9A200444E6E00CA
:10A90000FC291500D1572700DD34F50062DBC000BB
:10A910003C999500419043006351FE00BBDEAB00C3
:10A92000B761C5003A6E2400D24D42004906E000EE
:10A9300009EA2E001C92D100EB1DFE0029B11C007B
:10A94000E83EA700F535820044BB2E009CE9840058
:10A95000B4267000417E5F00D691390053833900E0
:10A960009CF439008B5F840028F9BD00F81F3B0080
:10A97000DEFF97000F980500112FEF000A5A8B0099
:10A980006D1F6D00CF7E360009CB2700464FB70004
:10A990009E663F002DEA5F00BA277500E5EBC70011
:10A9A0003D7BF100F739070092528A00FB6BEA0009
:10A9B0001FB15F00085D8D00300356007BFC460030
:10A9C000F0AB6B0020BCCF0036F49A00E3A91D0069
:10A9D0005E619100081BE60085996500A0145F0088
:10A9E0008D40680080D8FF0027734D0006063100B7
:10A9F000CA561500C9A873007BE260006B8CC000CA
:10AA0000E2652F227F2B7A3C075C143326A6813C1B
:10AA1000BDCBF07A8807703C075C143326A6913CC6
:10AA20004FBB610567ACDD3F182D4454FB21E93F66
:10AA30009BF681D20B73EF3F182D4454FB21F93F55
:10AA400000000080DB0F4940DB0F49C0DB0F49BF2E
:10AA5000E4CB1640E4CB16C0000FC93F000F4940BD
:10AA600000CB9640000FC9400053FB4000CB16417D
:10AA700000ED2F41000F49410031624100537B41FD
:10AA8000003A8A4100CB9641005CA34100EDAF4102
:10AA9000007EBC41000FC94100A0D5410031E24118
:10AAA00000C2EE410053FB4100F20342003A0A4269
:10AAB0000083104200CB164200141D42005C23426A
:10AAC00000A5294200ED2F4200363642007E3C426E
:10AAD00000C74242000F4942A2000000F9000000F6
:10AAE000830000006E0000004E00000044000000E3
:10AAF0001500000029000000FC00000027000000F5
:10AB000057000000D1000000F500000034000000F4
:10AB1000DD000000C0000000DB000000620000005B
:10AB200095000000990000003C0000004300000078
:10AB30009000000041000000FE00000051000000F5
:10AB400063000000AB000000DE000000BB0000005E
:10AB5000C500000061000000B700000024000000F4
:10AB60006E0000003A000000420000004D000000AE
:10AB7000D2000000E00000000600000049000000D4
:10AB80002E000000EA00000009000000D1000000D3
:10AB9000920000001C000000FE0000001D000000EC
:10ABA000EB0000001C000000B100000029000000C4
:10ABB000A70000003E000000E80000008200000046
:10ABC00035000000F50000002E000000BB00000072
:10ABD0004400000084000000E90000009C00000028
:10ABE0007000000026000000B40000005F000000BC
:10ABF0007E000000410000003900000091000000CC
:10AC0000D60000003900000083000000530000005F
:10AC100039000000F40000009C00000084000000E7
:10AC20005F0000008B000000BD000000F900000084
:10AC3000280000003B0000001F000000F80000009A
:10AC400097000000FF000000DE000000050000008B
:10AC5000980000000F000000EF0000002F0000002F
:10AC6000110000008B0000005A0000000A000000E4
:10AC70006D0000001F0000006D00000036000000A5
:10AC80007E000000CF00000027000000CB00000085
:10AC900009000000B70000004F000000460000005F
:10ACA0003F000000660000009E0000005F00000002
:10ACB000EA0000002D0000007500000027000000E1
:10ACC000BA000000C7000000EB000000E500000033
:10ACD000F10000007B0000003D00000007000000C4
:10ACE00039000000F70000008A0000005200000058
:10ACF00092000000EA0000006B000000FB00000072
:10AD00005F000000B10000001F0000008D00000087
:10AD10005D00000008000000560000000300000075
:10AD20003000000046000000FC0000007B00000036
:10AD30006B000000AB000000F0000000CF0000003E
:10AD4000BC000000200000009A000000F400000099
:10AD5000360000001D000000A9000000E300000014
:10AD600091000000610000005E000000E6000000AD
:10AD70001B000000080000006500000099000000B2
:10AD8000850000005F00000014000000A00000002B
:10AD900068000000400000008D000000FF0000007F
:10ADA000D8000000800000004D000000730000008B
:10ADB000270000003100000006000000060000002F
:10ADC0001500000056000000CA00000073000000DB
:10ADD000A8000000C900000060000000E2000000C0
:10ADE0007B000000C00000008C0000006B00000031
:10ADF0006937AC3168212233B40F14336821A23390
:10AE00003863ED3EDA0F493F5E987B3FDA0FC93F6A
:10AE100000000040FB21F93F000000002D44743E7B
:10AE2000000000809846F83C0000006051CC783B60
:10AE300000000080831BF0390000004020257A3894
:10AE4000000000802282E336000000001DF3693517
:10AE500002000000030000000400000006000000E3
:10AE60000000C93F0000F0390000DA370000A233CB
:10AE70000000842E0000502B0000C2270000D022CA
:10AE80000000C41F0000C61B00004417040000009F
:08AE90000700000009000000AA
:08AE98003853FE7F01000000A9
:04AEA000B5010008F0
:04AEA4009101000810
:10AEA800000000000000000000000000000000009A
:10AEB800000000000000803F0000803F0000803F4D
:10AEC8000000000020760108247601082876010891
:10AED8002C760108307601083476010838760108A6
:10AEE8003C76010840760108447601084876010856
:10AEF8004C76010850760108547601085876010806
:10AF08005C760108607601086476010868760108B5
:10AF1800070000009CFFFFFF9CFFFFFF9CFFFFFF57
:10AF28009CFFFFFF9CFFFFFF9CFFFFFF9CFFFFFFB5
:10AF38009CFFFFFF0E020000000000000000000060
:10AF4800000000000000000084030000070A000061
:10AF5800807B01080B120000EC820108101A000027
:10AF6800489001080024F4001000000001000000CF
:10AF7800000000000300000008310020430000002A
:10AF880000000000000000000000000000000000B9
:10AF98000000000000000000000000004300000066
:10AFA8000000000000000000000000000000000099
:10AFB8000000000000000000000000004300000046
:10AFC8000000000000000000000000000000000079
:10AFD8000000000000000000000000004300000026
:10AFE8000000000000000000000000000000000059
:10AFF8000000000000000000000000004300000006
:10B008000000000000000000000000000000000038
:10B0180000000000000000000000000043000000E5
:10B028000000000000000000000000000000000018
:10B0380000000000000000000000000043000000C5
:10B0480000000000000000000000000000000000F8
:10B058000000000000000000000000006D2E010844
:10B06800C92301080000000030A70108ACA30108AB
:10B078009BA401089BA401089BA401089BA40108A8
:10B088009BA401089BA401089BA401089BA4010898
:10B098009BA40108FFFFFFFFFFFFFFFFFFFFFFFF6C
:10B0A800FFFF000001004153434949000000000030
:10B0B8000000000000000000000000000000000088
:10B0C800000000000000415343494900000000000F
:10B0D8000000000000000000000000000000000068
:10B0E80000000000000000004C02002000000000EA
:10B0F8000831002070310020D83100200000000005
:10B108000000000000000000000000000000000037
:10B118000000000000000000000000000000000027
:10B128000000000000000000000000000000000017
:08B1380000000000000000000F
:040000050800924518
:00000001FF
